# VSOP87E (barycentric rectangular, ecliptic and equinox J2000.0), body=earth
# Source: Bretagnon P., Francou G. 1988, Astron. Astrophys. 202, 309 (VSOP87 original theory, Bureau des Longitudes/IMCCE), via SunPosition_VSOP87 v2.0.0 (Meysam Mahooti, BSD-3-Clause), file vsop87e.ear.mat
# term contribution to coordinate `var` (1=X,2=Y,3=Z, AU): T^pow * A * cos(B + C*T), T = (JD-2451545.0)/365250 (Julian millennia from J2000.0)
var,pow,A,B,C
1,0,0.99982624851,1.75348568475,6283.0758499914
1,0,0.00835254761,1.71034539458,12566.1516999828
1,0,0.00590518455,0.0,0.0
1,0,0.00493120585,3.74115834452,529.6909650946
1,0,0.00271650686,4.01601440281,213.299095438
1,0,0.0015543422,2.17052065758,38.1330356378
1,0,0.00083789104,2.33967726393,74.7815985673
1,0,0.00011821467,4.04599151293,1059.3819301892
1,0,0.00010466596,1.66722645223,18849.2275499742
1,0,7.614486e-05,3.2405253591,426.598190876
1,0,3.110838e-05,0.66875185215,83996.84731811189
1,0,1.940284e-05,1.01236647756,206.1855484372
1,0,1.941229e-05,4.79891913828,149.5631971346
1,0,1.887816e-05,3.89254735986,220.4126424388
1,0,2.137256e-05,1.09235189672,1577.3435424478
1,0,1.709103e-05,0.49540223397,6279.5527316424
1,0,1.707882e-05,6.15315547484,6286.5989683404
1,0,1.427281e-05,3.8690127711,522.5774180938
1,0,1.399119e-05,0.47619416596,536.8045120954
1,0,1.186109e-05,0.77647243459,76.2660712756
1,0,1.445242e-05,3.4727278376,2352.8661537718
1,0,1.091006e-05,3.68984782465,5223.6939198022
1,0,9.34429e-06,6.07389922585,12036.4607348882
1,0,8.13685e-06,3.25483611884,36.6485629295
1,0,7.67074e-06,4.22743731914,39.6175083461
1,0,6.84416e-06,1.30699021227,5753.3848848968
1,0,7.34455e-06,4.3550019653,398.1490034082
1,0,7.2238e-06,3.17571010919,10213.285546211
1,0,6.81437e-06,2.21821534685,4705.7323075436
1,0,6.11238e-06,5.38479234323,6812.766815086
1,0,6.24814e-06,0.27936466811,73.297125859
1,0,4.51836e-06,6.08768280868,5884.9268465832
1,0,4.51953e-06,1.27933728354,6256.7775301916
1,0,4.49517e-06,5.36923831714,6309.3741697912
1,0,4.3002e-06,4.27132872598,1589.0728952838
1,0,4.04057e-06,0.54520082887,6681.2248533996
1,0,5.40957e-06,0.78677364655,775.522611324
1,0,5.47004e-06,1.46146650376,14143.4952424306
1,0,5.20484e-06,4.43295799975,7860.4193924392
1,0,3.17027e-06,5.15642699057,7.1135470008
1,0,3.15448e-06,6.15822972778,419.4846438752
1,0,3.14535e-06,2.49150428438,639.897286314
1,0,2.78283e-06,4.9294990634,110.2063212194
1,0,2.1496e-06,4.50213844573,11506.7697697936
1,0,2.27892e-06,1.23941482802,7058.5984613154
1,0,2.25878e-06,3.27244306207,4694.0029547076
1,0,2.5582e-06,2.26556277246,12168.0026965746
1,0,2.56182e-06,1.4547411619,709.9330485583
1,0,2.1588e-06,5.80308851749,316.3918696566
1,0,2.20723e-06,5.28296138948,103.0927742186
1,0,1.7812e-06,2.96205424204,796.2980068164
1,0,1.61205e-06,1.47337718956,5486.777843175
1,0,1.78325e-06,6.24374704602,6283.14316029419
1,0,1.78325e-06,0.40466470869,6283.0085396886
1,0,1.55487e-06,1.62409309523,25132.3033999656
1,0,2.09024e-06,5.85207528073,11790.6290886588
1,0,1.99971e-06,4.07209938245,17789.845619785
1,0,1.28933e-06,5.2169331415,7079.3738568078
1,0,1.28099e-06,4.80182882228,3738.761430108
1,0,1.36024e-06,2.00155312383,1.4844727083
1,0,1.15751e-06,2.42719613583,632.7837393132
1,0,1.0592e-06,3.12238967563,433.7117378768
1,0,9.9041e-07,3.01619631297,1052.2683831884
1,0,9.4483e-07,4.60187620729,10977.078804699
1,0,1.06729e-06,3.15526562554,1162.4747044078
1,0,7.7801e-07,1.844447972,8827.3902698748
1,0,7.7277e-07,3.58396027325,5507.5532386674
1,0,6.8586e-07,0.77840084573,1066.49547719
1,0,6.5359e-07,3.6515634797,11769.8536931664
1,0,6.324e-07,2.24124130944,6262.300454499
1,0,6.2961e-07,4.40729381941,6303.8512454838
1,0,8.587e-07,3.0243077314,167283.7615876655
1,0,7.9201e-07,2.49366716519,6069.7767545534
1,0,6.0048e-07,3.39951805979,4136.9104335162
1,0,7.5601e-07,4.15956023781,6496.3749454294
1,0,5.603e-07,1.32365571358,949.1756089698
1,0,6.7771e-07,4.03416283669,9437.762934887
1,0,5.3715e-07,1.56222706033,1194.4470102246
1,0,5.7574e-07,2.6788176695,6282.0955289232
1,0,5.7574e-07,3.96971590315,6284.0561710596
1,0,5.1129e-07,1.3125552235,6290.1893969922
1,0,6.5337e-07,0.27633556843,846.0828347512
1,0,5.0529e-07,5.34827650648,6275.9623029906
1,0,4.9613e-07,2.64370071484,6127.6554505572
1,0,6.3189e-07,5.79436684832,148.0787244263
1,0,6.314e-07,0.73615138189,224.3447957019
1,0,4.8085e-07,4.0088619738,6438.4962494256
1,0,5.734e-07,3.79459979103,3154.6870848956
1,0,4.7378e-07,6.10705175562,3128.3887650958
1,0,4.8104e-07,4.77180566934,801.8209311238
1,0,4.1149e-07,3.3272630219,8429.2412664666
1,0,5.2309e-07,5.30571599873,13367.9726311066
1,0,5.1321e-07,5.78450026632,12352.8526045448
1,0,5.0648e-07,2.05206551992,11856.2186514245
1,0,4.3381e-07,3.64501749522,17260.1546546904
1,0,3.9554e-07,4.93022392385,5481.2549188676
1,0,4.8969e-07,0.45418080759,9225.539273283
1,0,4.7568e-07,3.16123585999,5856.4776591154
1,0,4.7271e-07,0.62147119447,2544.3144198834
1,0,3.2481e-07,0.8095726352,3930.2096962196
1,0,3.2559e-07,1.97427864771,2146.1654164752
1,0,3.7824e-07,4.58891701161,35.1640902212
1,0,3.115e-07,1.37429681895,63.7358983034
1,0,3.2521e-07,2.84566871337,4164.311989613
1,0,3.0675e-07,4.21800166059,11.0457002639
1,0,3.2546e-07,3.01796808307,5088.6288397668
1,0,2.8515e-07,6.10933021271,12569.6748183318
1,0,3.6898e-07,2.91097134183,18073.7049386502
1,0,3.3986e-07,6.17599336585,3340.6124266998
1,0,2.8741e-07,3.71398829023,151.0476698429
1,0,2.858e-07,2.84721981555,41.1019810544
1,0,2.4936e-07,2.17935828787,26.2983197998
1,0,3.0322e-07,1.99340330773,4535.0594369244
1,0,2.8166e-07,0.4812732525,12562.6285816338
1,0,2.188e-07,5.1263508859,11371.7046897582
1,0,2.3782e-07,3.76207354349,227.5261894396
1,0,2.1642e-07,4.63524156478,12559.038152982
1,0,2.048e-07,1.46713660207,7084.8967811152
1,0,2.3267e-07,0.46827104623,85.8272988312
1,0,2.2744e-07,1.67012539714,71.8126531507
1,0,1.993e-07,4.38335547038,2118.7638603784
1,0,2.6112e-07,0.30447108865,71430.69561812909
1,0,2.2867e-07,4.76437399404,8031.0922630584
1,0,1.8593e-07,3.3841579586,1748.016413067
1,0,2.325e-07,6.19030311409,18319.5365848796
1,0,2.2286e-07,3.93734569173,2.9689454166
1,0,2.1992e-07,0.11232184552,77.7505439839
1,0,1.7104e-07,0.58684867006,4933.2084403326
1,0,2.0026e-07,4.02923197304,209.3669421749
1,0,2.1687e-07,4.30348901447,10447.3878396044
1,0,1.9681e-07,0.87544248531,217.2312487011
1,0,2.1065e-07,3.80028088787,7477.522860216
1,0,1.9075e-07,5.91973929854,202.2533951741
1,0,1.6444e-07,2.55185354475,735.8765135318
1,0,1.5582e-07,5.27513963301,742.9900605326
1,0,1.8299e-07,3.06814130824,323.5054166574
1,0,1.736e-07,3.01137661271,138.5174968707
1,0,1.5488e-07,4.00542220967,515.463871093
1,0,1.4285e-07,1.2952860784,2942.4634232916
1,0,1.3898e-07,4.59171958613,8635.9420037632
1,0,1.922e-07,0.49428010004,17298.1823273262
1,0,1.8884e-07,2.42694414831,156137.47598479927
1,0,1.7889e-07,0.15750451509,1592.5960136328
1,0,1.6952e-07,1.82073561882,853.196381752
1,0,1.3605e-07,5.19721055627,13095.8426650774
1,0,1.5049e-07,3.1208409605,16496.3613962024
1,0,1.3852e-07,6.16243027421,7632.9432596502
1,0,1.4942e-07,1.41788930965,20426.571092422
1,0,1.3247e-07,3.60768174652,12139.5535091068
1,0,1.1583e-07,5.46076026245,5331.3574437408
1,0,1.4329e-07,6.02791958133,7342.4577801806
1,0,1.1229e-07,1.18029367551,199.0720014364
1,0,1.2375e-07,3.10941923273,6279.4854213396
1,0,1.2366e-07,3.53911446434,6286.6662786432
1,0,9.951e-08,1.25735916596,7234.794256242
1,0,1.0836e-07,0.34161370756,543.9180590962
1,0,1.2425e-07,1.06396563046,15110.4661198662
1,0,1.1587e-07,0.61075744193,525.7588118315
1,0,1.1004e-07,2.1927672324,10988.808157535
1,0,1.1447e-07,3.7270425577,533.6231183577
1,0,1.1583e-07,4.05256206393,5729.506447149
1,0,9.046e-08,5.43016645841,9623.6882766912
1,0,8.869e-08,5.04690941813,6148.010769956
1,0,1.0507e-07,2.6275802506,6836.6452528338
1,0,1.1129e-07,4.17728063171,15720.8387848784
1,0,8.614e-08,1.60161176919,6418.1409300268
1,0,8.532e-08,2.46198384967,14712.317116458
1,0,1.0546e-07,4.79503596728,1349.8674096588
1,0,1.048e-07,2.95288908781,5999.2165311262
1,0,7.456e-08,5.42522643084,6040.3472460174
1,0,7.968e-08,3.42892246372,1692.1656695024
1,0,7.469e-08,2.41048728829,1478.8665740644
1,0,7.185e-08,3.51955509534,216.4804891757
1,0,9.82e-08,3.69556194245,6566.9351688566
1,0,7.015e-08,1.38855213071,210.1177017003
1,0,9.171e-08,3.92216439653,5643.1785636774
1,0,7.018e-08,1.23420199826,6525.8044539654
1,0,7.12e-08,2.46055859947,415.5524906121
1,0,9.797e-08,1.91951822764,21228.3920235458
1,0,9.06e-08,4.61643194755,4690.4798363586
1,0,6.867e-08,4.39735582882,117.3198682202
1,0,7.545e-08,1.23604549224,12539.853380183
1,0,8.227e-08,0.32929613711,10973.55568635
1,0,7.202e-08,5.88391543785,6245.0481773556
1,0,7.144e-08,0.76464650349,6321.1035226272
1,0,6.998e-08,4.03899647772,1265.5674786264
1,0,6.625e-08,0.70112927898,5327.4761083828
1,0,6.681e-08,2.82477610388,956.2891559706
1,0,7.412e-08,5.03197290869,23543.23050468179
1,0,6.16e-08,0.94570829909,12964.300703391
1,0,6.378e-08,6.20903842618,951.7184062506
1,0,6.359e-08,5.03541261021,1990.745017041
1,0,7.016e-08,5.01568204778,14.2270940016
1,0,7.409e-08,3.19745179103,1581.959348283
1,0,6.656e-08,2.37523372802,647.0108333148
1,0,5.777e-08,6.1016405996,955.5997416086
1,0,6.393e-08,3.97543391449,24072.9214697764
1,0,7.793e-08,4.30411864972,22003.9146348698
1,0,6.346e-08,3.50687769075,5230.807466803
1,0,7.534e-08,3.51457135016,18422.62935909819
1,0,6.953e-08,2.74384548965,155.4203994342
1,0,6.224e-08,2.24416723229,18451.07854656599
1,0,6.244e-08,5.44473078234,70.8494453042
1,0,6.258e-08,5.30284030996,95.9792272178
1,0,5.762e-08,3.49866583471,1551.045222648
1,0,6.251e-08,4.45479090841,6288.5987742988
1,0,6.251e-08,2.19374266424,6277.552925684
1,0,5.074e-08,4.24610777191,526.5095713569
1,0,4.978e-08,0.09070559075,532.8723588323
1,0,6.278e-08,0.64265846614,5216.5803728014
1,0,5.875e-08,2.3690711315,78.7137518304
1,0,6.405e-08,2.25334669847,5650.2921106782
1,0,4.737e-08,3.74210997787,14314.1681130498
1,0,4.646e-08,1.33492108974,553.5694028424
1,0,6.109e-08,5.6799009541,111.4301614968
1,0,6.196e-08,2.58704269072,84672.47584450469
1,0,6.16e-08,4.78249950381,239424.39025435288
1,0,4.988e-08,0.73122576373,77713.7714681205
1,0,5.414e-08,2.9996195788,6179.9830757728
1,0,5.414e-08,3.6542482069,6386.16862421
1,0,4.863e-08,3.76722340488,90279.92316810328
1,0,5.711e-08,4.32714492993,6915.8595893046
1,0,4.269e-08,2.38367994999,7875.6718636242
1,0,4.017e-08,3.78580907612,6254.6266625236
1,0,4.067e-08,2.42033776129,3634.6210245184
1,0,3.993e-08,2.86272124248,6311.5250374592
1,0,4.272e-08,0.55411909769,1375.7737998458
1,0,4.712e-08,4.78612693635,114.3991069134
1,0,5.305e-08,3.3435917292,25158.6017197654
1,0,5.185e-08,1.85847454376,222.8603229936
1,0,4.288e-08,1.51938558324,277.0349937414
1,0,3.701e-08,1.00270889275,1596.1864422846
1,0,4.804e-08,2.82827032932,5760.4984318976
1,0,4.349e-08,5.62752376053,7238.6755916
1,0,4.598e-08,0.7640556722,146.594251718
1,0,4.119e-08,3.29663921982,6709.6740408674
1,0,4.024e-08,0.55473527406,11015.1064773348
1,0,4.409e-08,3.80563977803,6805.6532680852
1,0,3.348e-08,3.54433469125,12592.4500197826
1,0,3.532e-08,3.92898013298,9917.6968745098
1,0,3.58e-08,4.19680692038,11926.2544136688
1,0,3.336e-08,1.79793376416,10575.4066829418
1,0,3.149e-08,6.21487368875,4292.3308329504
1,0,2.979e-08,6.20067573402,12566.2190102856
1,0,3.981e-08,1.19685195313,13341.6743113068
1,0,3.025e-08,3.18620101831,18052.9295431578
1,0,3.624e-08,5.60981856994,6208.2942514241
1,0,3.754e-08,1.04640420137,490.3340891794
1,0,3.581e-08,1.0399523122,6357.8574485587
1,0,3.698e-08,5.22105764023,5966.6839803348
1,0,2.793e-08,4.13369432245,3.523118349
1,0,3.626e-08,1.42632163253,6599.467719648
1,0,3.625e-08,3.00192353938,6019.9919266186
1,0,2.821e-08,3.43414737256,299.1263942692
1,0,2.611e-08,2.43263787635,6702.5604938666
1,0,2.535e-08,1.58310693201,31415.379249957
1,0,3.52e-08,5.37986364075,250570.6758572191
1,0,3.418e-08,2.52366884638,351.8165923087
1,0,2.593e-08,4.91225714775,16730.4636895958
1,0,3.434e-08,3.64656881585,6546.1597733642
1,0,2.788e-08,3.30835728306,12721.572099417
1,0,3.383e-08,1.74748489437,14945.3161735544
1,0,2.655e-08,2.90453219642,625.6701923124
1,0,2.653e-08,4.42220751136,5863.5912061162
1,0,3.049e-08,0.02765893726,4732.0306273434
1,0,2.378e-08,3.62936279948,2388.8940204492
1,0,2.982e-08,0.59289983624,109.9456887885
1,0,2.979e-08,0.36159339669,12566.08438968
1,0,2.716e-08,3.06935305016,12029.3471878874
1,0,2.221e-08,5.26072022037,13362.4497067992
1,0,3.014e-08,4.76640877174,29088.811415985
1,0,2.742e-08,5.06666852445,13916.0191096416
1,0,2.265e-08,5.95706192557,6076.8903015542
1,0,2.529e-08,5.94709040579,12043.574281889
1,0,2.015e-08,2.48432243402,6262.7205305926
1,0,2.218e-08,0.69324011482,6489.2613984286
1,0,2.005e-08,4.164238891,6303.4311693902
1,0,2.009e-08,4.09759324685,4701.1165017084
1,0,2.336e-08,5.79016324229,33.6796175129
1,0,2.105e-08,4.63993587835,5746.271337896
1,0,1.937e-08,0.22112768064,13521.7514415914
1,0,2.464e-08,4.36724603517,10021.8372800994
1,0,2.602e-08,4.28001549113,4590.910180489
1,0,1.893e-08,5.66795892365,6286.9571853494
1,0,1.893e-08,0.980574649,6279.1945146334
1,0,2.549e-08,0.03994924305,1169.5882514086
1,0,2.156e-08,2.00898711721,18139.2945014159
1,0,1.962e-08,0.25060934155,4686.8894077068
1,0,1.884e-08,5.27011523204,242.728603974
1,0,2.289e-08,2.7883660093,1045.1548361876
1,0,2.436e-08,4.40772141072,95143.1329209781
1,0,1.759e-08,0.19888470443,13517.8701062334
1,0,2.163e-08,1.41797947214,6037.244203762
1,0,2.167e-08,4.72612563566,23013.5395395872
1,0,2.25e-08,2.39728930597,12669.2444742014
1,0,2.052e-08,5.23006568302,6528.9074962208
1,0,1.774e-08,2.08484497348,6819.8803620868
1,0,1.842e-08,0.34675193374,65147.6197681377
1,0,1.945e-08,3.2910248568,1155.361157407
1,0,1.549e-08,0.71612589777,20.7753954924
1,0,1.859e-08,2.69741164079,4.4534181249
1,0,1.646e-08,3.01660183388,440.8252848776
1,0,1.543e-08,5.96098287839,6272.4391846416
1,0,1.543e-08,0.68755069426,6293.7125153412
1,0,1.539e-08,5.57331447211,65.2203710117
1,0,1.727e-08,4.5067465969,17654.7805397496
1,0,1.433e-08,1.48123692595,942.062061969
1,0,1.427e-08,1.68851809181,13119.72110282519
1,0,1.395e-08,3.25347392533,10177.2576795336
1,0,1.819e-08,3.18848907826,18875.525869774
1,0,1.74e-08,5.48710781556,19651.048481098
1,0,1.794e-08,5.74176427744,25934.1243310894
1,0,1.8e-08,6.18908014275,33019.0211122046
1,0,1.349e-08,5.75097793699,6016.4688082696
1,0,1.477e-08,4.14004787537,12779.4507954208
1,0,1.251e-08,1.50045769848,3894.1818295422
1,0,1.492e-08,6.2297509057,9411.4646150872
1,0,1.471e-08,5.75783391755,18635.9284545362
1,0,1.672e-08,5.43726223249,16200.7727245012
1,0,1.263e-08,0.9172897135,12573.2652469836
1,0,1.39e-08,6.12238564495,412.3710968744
1,0,1.413e-08,1.64650599332,42.5864537627
1,0,1.366e-08,1.09160445123,2379.1644735716
1,0,1.272e-08,0.89738866811,6549.6828917132
1,0,1.156e-08,1.38847609016,11499.6562227928
1,0,1.543e-08,4.26237609038,18209.33026366019
1,0,1.483e-08,1.40459440941,210.8514148832
1,0,1.423e-08,5.98922157377,225.8292684102
1,0,1.472e-08,3.48774945967,215.7467759928
1,0,1.46e-08,4.97233669659,245.8316462294
1,0,1.09e-08,2.83082031323,422.6660376129
1,0,1.253e-08,1.41164782,6993.0088985497
1,0,1.047e-08,0.50899510052,309.2783226558
1,0,1.228e-08,2.83750345253,24356.7807886416
1,0,1.369e-08,5.12813131118,79.2350166922
1,0,1.022e-08,0.96352485877,145.6310438715
1,0,1.422e-08,2.40975714524,152.5321425512
1,0,1.028e-08,2.51030023881,6112.4029793722
1,0,1.034e-08,3.22353796512,1795.258443721
1,0,1.268e-08,4.67217109478,5429.8794682394
1,0,1.312e-08,1.10091569645,12491.3701014155
1,0,9.92e-09,4.138177171,6453.7487206106
1,0,9.88e-09,0.98006619973,8273.8208670324
1,0,1.191e-08,3.43008039922,6290.1220866894
1,0,1.191e-08,3.21845317343,6276.02961329339
1,0,9.78e-09,4.73852763851,6247.04798331399
1,0,9.79e-09,2.33360006154,84.3428261229
1,0,9.71e-09,1.91000718426,6319.1037166688
1,0,1.192e-08,4.42856842639,2648.454825473
1,0,9.66e-09,6.19909761751,1272.6810256272
1,0,9.62e-09,2.63568544853,12565.1713789146
1,0,1.09e-08,2.86573865299,70.3281804424
1,0,1.025e-08,2.21768401152,12545.3763044904
1,0,1.075e-08,0.57961253778,212.3358875915
1,0,1.07e-08,4.31120526838,214.2623032845
1,0,1.244e-08,2.87441597074,184.7272873558
1,0,9.44e-09,0.78473810598,6306.9542877392
1,0,9.44e-09,5.86379546667,6259.1974122436
1,0,1.092e-08,3.92002105501,17796.9591667858
1,0,8.86e-09,5.23132430543,6172.869528772
1,0,1.098e-08,2.95983802473,137.0330241624
1,0,8.89e-09,3.98790631605,213.2509113282
1,0,8.89e-09,0.90251570889,213.3472795478
1,0,1.211e-08,4.04154480615,82576.9812209953
1,0,1.132e-08,0.96198039943,17782.7320727842
1,0,9.42e-09,1.42062620155,6267.82337880639
1,0,9.42e-09,5.2279073711,6298.3283211764
1,0,1.045e-08,0.46337213067,15508.6151232744
1,0,8.5e-09,1.45204280805,6393.2821712108
1,0,8.95e-09,2.40085098648,3903.9113764198
1,0,9.67e-09,4.5324638902,437.6438911399
1,0,8.19e-09,0.57163728715,529.6427809848
1,0,8.19e-09,3.76946397274,529.7391492044
1,0,8.11e-09,2.26915207928,288.0806940053
1,0,1.037e-08,4.27554240329,527.2432845398
1,0,9.17e-09,2.47015034331,149854.4001348079
1,0,1.031e-08,0.06363683037,532.1386456494
1,0,7.97e-09,4.06306935733,203.7378678824
1,0,8.59e-09,2.39272132973,74.6697239827
1,0,8.58e-09,5.4282017878,74.8934731519
1,0,1.085e-08,1.32862144392,36949.2308084242
1,0,1e-08,0.24880432,11403.676995575
1,0,9.62e-09,3.92658368218,12567.132021051
1,0,7.7e-09,6.20173754399,4804.209275927
1,0,7.34e-09,5.35841388096,112.9146342051
1,0,9.86e-09,4.62897469531,22805.7355659936
1,0,9.31e-09,2.22558469426,2787.0430238574
1,0,7.09e-09,1.92302056629,628.8515860501
1,0,7.43e-09,3.79903933428,7834.1210726394
1,0,9.05e-09,2.83314540925,6281.5913772831
1,0,9.05e-09,3.81538816339,6284.5603226997
1,0,7.15e-09,5.50312651042,17256.6315363414
1,0,7.98e-09,2.62501077543,12410.7313005486
1,0,8.28e-09,1.54060095214,10969.9652576982
1,0,9.26e-09,2.97025862788,160.6088973985
1,0,8.21e-09,0.52122150189,12416.5885028482
1,0,8.26e-09,3.32684274495,838.9692877504
1,0,6.4e-09,2.73696788768,2008.557539159
1,0,8.26e-09,4.78071938299,10984.1923516998
1,0,6.39e-09,3.07427988266,2111.6503133776
1,0,7.54e-09,3.82898538792,4061.2192153944
1,0,7.23e-09,3.06755247513,161000.6857376741
1,0,6.92e-09,2.83117936839,9.5612275556
1,0,6.24e-09,0.50120316917,430.5303441391
1,0,8.32e-09,2.20242516999,380.12776796
1,0,6.62e-09,4.47978464665,1063.3140834523
1,0,6.16e-09,5.14603483362,1368.660252845
1,0,7.82e-09,0.8767675308,4907.3020501456
1,0,7.07e-09,3.28533306159,5849.3641121146
1,0,6.23e-09,2.94730498294,5333.9002410216
1,0,6.96e-09,4.89623582044,11712.9553182308
1,0,6.16e-09,1.47727208161,5573.1428014331
1,0,5.95e-09,1.30546777768,12323.4230960088
1,0,6.11e-09,1.31321200457,11933.3679606696
1,0,5.7e-09,4.54665961586,12586.9270954752
1,0,7.78e-09,1.57590278073,8662.240323563
1,0,6.39e-09,3.15793381912,12.5301729722
1,0,5.99e-09,0.38463092695,423.4167971383
1,0,6.48e-09,3.43475812975,528.7277572481
1,0,6.46e-09,0.90574398043,530.6541729411
1,0,5.97e-09,4.6931603842,9779.1086761254
1,0,5.42e-09,3.49258842674,2221.856634597
1,0,5.36e-09,6.06660590951,18852.7506683232
1,0,5.32e-09,4.58762153412,18842.11400297339
1,0,5.99e-09,2.11793250999,6151.533888305
1,0,5.4e-09,3.40440707564,6279.7894925736
1,0,5.4e-09,3.24412649701,6286.3622074092
1,0,5.38e-09,6.0410203897,127.4717966068
1,0,5.42e-09,0.91953382373,1055.4497769261
1,0,5.13e-09,3.70291605445,12455.9453787634
1,0,6.23e-09,5.52546598759,5326.7866940208
1,0,6.49e-09,4.90568768794,11764.330768859
1,0,5.82e-09,4.53092407532,6414.6178116778
1,0,6.72e-09,3.08200615608,221.3758502853
1,0,6.1e-09,3.9432083222,10419.9862835076
1,0,6.79e-09,0.26045226696,6133.5126528568
1,0,5.31e-09,3.00684541494,3496.032826134
1,0,5.66e-09,2.70414246898,728.762966531
1,0,5.36e-09,3.70224967645,7232.2514589612
1,0,4.9e-09,2.97472409276,71.6002048296
1,0,5.1e-09,4.38198402315,11513.8833167944
1,0,6.43e-09,6.0638258906,26735.9452622132
1,0,6.49e-09,1.32346646305,22.0914005278
1,0,6.65e-09,2.75085842376,40879.4405046438
1,0,4.71e-09,4.83320292258,77.962992305
1,0,6.23e-09,2.85969660852,330.6189636582
1,0,5.49e-09,0.63911798007,22483.84857449259
1,0,4.79e-09,1.33580595339,5547.1993364596
1,0,6.52e-09,2.72637797985,388.4651552382
1,0,5.64e-09,3.92025647347,4171.4255366138
1,0,4.62e-09,1.96611775944,3104.9300594238
1,0,4.68e-09,0.69788003422,1073.6090241908
1,0,5.51e-09,4.03874430699,6503.4884924302
1,0,5.35e-09,6.12277226234,173566.83743765688
1,0,5.45e-09,2.61441075819,6062.6632075526
1,0,4.77e-09,3.50657951584,9388.0059094152
1,0,5.74e-09,5.66932742997,87.3117715395
1,0,4.48e-09,5.09815034585,4274.5183108324
1,0,6.05e-09,1.98317483331,984.6003316219
1,0,5.41e-09,3.08246188636,72.3339180125
1,0,5.32e-09,0.22623731981,283.8593188652
1,0,5.27e-09,6.24827316267,24602.61243487099
1,0,5.02e-09,0.97407194728,12489.8856287072
1,0,6.03e-09,0.85487083482,322711.30452390644
1,0,4.67e-09,5.34128135139,212.7778305762
1,0,4.66e-09,5.83324087524,213.8203602998
1,0,4.93e-09,6.1192029035,29296.6153895786
1,0,5.3e-09,0.4349120389,18845.7044316252
1,0,4.31e-09,5.3114594756,7018.9523635232
1,0,4.18e-09,2.75937640828,429.7795846137
1,0,5.84e-09,0.07135689258,72850.56171524568
1,0,4.62e-09,1.6617462209,860.3099287528
1,0,5.69e-09,2.95236791425,97238.62754448749
1,0,4.05e-09,5.39493918596,10873.9860304804
1,0,4.01e-09,4.50443000854,17267.26820169119
1,0,3.89e-09,3.21806007009,6321.2088856292
1,0,3.89e-09,3.43047350256,6244.9428143536
1,0,3.88e-09,1.13963224225,6297.302943993
1,0,3.88e-09,5.5089013304,6268.8487559898
1,0,5.15e-09,1.67075193318,12320.3200537534
1,0,3.93e-09,4.37184659923,14919.0178537546
1,0,3.94e-09,6.10411050787,4157.1984426122
1,0,5.05e-09,4.66096327599,17157.0618804718
1,0,5.28e-09,5.62841514056,135.0650800354
1,0,5.11e-09,4.91405448075,77.2292791221
1,0,4.39e-09,4.82558161657,233141.3144043615
1,0,4.17e-09,3.74443512826,13760.5987102074
1,0,4.19e-09,5.08318905121,15671.0817594066
1,0,3.93e-09,1.56711153414,7872.1487452752
1,0,3.84e-09,0.64251152112,340.7708920448
1,0,3.65e-09,2.11020607854,6922.9731363054
1,0,4.19e-09,0.62417554081,5642.1982426092
1,0,3.87e-09,0.68719040069,17253.04110768959
1,0,3.71e-09,5.76233828697,13625.533630172
1,0,3.79e-09,0.81831291068,3185.1920272656
1,0,4.99e-09,2.7256335059,161710.6187862324
1,0,4.14e-09,3.32204347851,22779.4372461938
1,0,4.85e-09,1.35444198321,12528.018664345
1,0,3.58e-09,3.15737999738,6271.3464971554
1,0,3.58e-09,3.49115357527,6294.8052028274
1,0,3.51e-09,2.21887707287,11616.976091013
1,0,3.54e-09,2.5486831652,62.2514255951
1,0,3.95e-09,3.9399918655,52.6901980395
1,0,4.51e-09,0.9183667758,29864.334027309
1,0,4.21e-09,4.82745120825,7445.5505543992
1,0,4.06e-09,2.27584736071,350.3321196004
1,0,3.96e-09,1.99989177453,145.1097790097
1,0,3.27e-09,3.9523222391,20995.3929664494
1,0,3.36e-09,1.4133066775,6279.1436967283
1,0,3.36e-09,5.23522689515,6287.0080032545
1,0,3.58e-09,0.81490874525,21393.5419698576
1,0,4.5e-09,0.23149923655,1385.5615749511
1,0,3.85e-09,6.13244198192,909.8187330546
1,0,3.2e-09,0.03172757569,16858.4825329332
1,0,3.63e-09,4.29069778349,7335.3442331798
1,0,3.3e-09,3.68113867113,38.0276726358
1,0,3.95e-09,5.39428043096,5905.7022420756
1,0,3.13e-09,3.62090724113,234.6397364404
1,0,4.14e-09,4.1940257589,44809.6502008634
1,0,3.82e-09,1.81523910449,186.2117600641
1,0,3e-09,3.87083875051,640.8776073822
1,0,3.04e-09,0.15986036979,5749.8617665478
1,0,3.51e-09,5.93395455459,12345.739057544
1,0,3.07e-09,5.30261033229,5120.6011455836
1,0,3.04e-09,4.93657040735,29826.3063546732
1,0,2.97e-09,6.0166488958,20597.2439630412
1,0,4e-09,1.3875243454,454.9093665273
1,0,3.72e-09,4.82853244691,3.1813937377
1,0,3.95e-09,0.07726910331,4176.041342449
1,0,2.88e-09,0.91857388482,1905.4647649404
1,0,3.2e-09,2.49799253183,10818.1352869158
1,0,3.65e-09,1.25425297875,6660.4494579072
1,0,3.39e-09,6.10828911901,6923.9534573736
1,0,2.74e-09,1.11162071728,26709.6469424134
1,0,3.86e-09,2.29044623019,2636.725472637
1,0,3.67e-09,1.18722914434,30666.1549584328
1,0,3.08e-09,2.68902321898,362.8622925726
1,0,2.68e-09,4.9583513753,10454.5013866052
1,0,3.35e-09,0.71030115582,200.7689224658
1,0,2.65e-09,5.11010291991,19378.9185150688
1,0,3.25e-09,2.49277998223,12359.9661515456
1,0,3.11e-09,4.44573637765,297.6419215609
1,0,2.64e-09,3.8145619515,1485.9801210652
1,0,3.26e-09,4.24702233173,16522.6597160022
1,0,2.89e-09,1.92464337356,529.1697002328
1,0,3.66e-09,2.92406939426,604.4725636619
1,0,2.88e-09,2.41719522186,530.2122299564
1,0,2.69e-09,0.20537129126,6816.289933435
1,0,3.14e-09,1.8435751869,108.4612160802
1,0,2.98e-09,5.15059518785,10344.2950653858
1,0,2.62e-09,4.15566435137,1258.4539316256
1,0,3.44e-09,3.51559745333,6147.4505249814
1,0,3.34e-09,3.13303102229,6418.7011750014
1,0,3.16e-09,5.5420536673,6055.5997172024
1,0,2.74e-09,1.54026728979,565.1156877467
1,0,2.68e-09,0.19545433539,140.001969579
1,0,3.16e-09,0.36194124996,21954.15760939799
1,0,2.43e-09,4.10172883526,6310.4774060882
1,0,2.43e-09,2.54680473739,6255.6742938946
1,0,3.14e-09,4.99359717889,17996.0311682222
1,0,3.2e-09,0.3222995842,703.6331846174
1,0,2.43e-09,0.44342371962,1062.5633239269
1,0,2.48e-09,0.09445957496,210.3783341312
1,0,2.48e-09,4.79327801971,216.2198567448
1,0,2.96e-09,0.07899534657,6129.2970395066
1,0,2.41e-09,3.24545153339,37.611770776
1,0,2.55e-09,4.90697050745,153.4953503977
1,0,2.37e-09,3.72326482255,212.5483359126
1,0,3.01e-09,1.10648000281,6510.5519827804
1,0,3.29e-09,1.15676558971,377.3736079158
1,0,2.36e-09,1.16575065097,214.0498549634
1,0,2.67e-09,3.42007125342,24705.70520908959
1,0,2.85e-09,2.50494681053,5469.5255660316
1,0,2.36e-09,4.23871934676,38.6543004996
1,0,3.11e-09,3.23911937497,11720.0688652316
1,0,2.52e-09,4.61065643475,209.106309744
1,0,2.86e-09,0.28647339668,6436.8546604762
1,0,2.47e-09,0.27272991614,217.491881132
1,0,2.73e-09,4.29648399498,28286.9904848612
1,0,3.19e-09,4.71062528834,169379.25621117488
1,0,2.25e-09,3.38119852586,223.5940361765
1,0,2.24e-09,5.51904045547,38.084851528
1,0,2.23e-09,1.96313876697,38.1812197476
1,0,2.34e-09,3.36893910039,4487.8174062704
1,0,2.52e-09,0.5130141103,4377.611085051
1,0,2.45e-09,4.21060733239,173.9422195228
1,0,2.17e-09,1.51605950497,2125.8774073792
1,0,2.13e-09,3.79431896643,30355.9973197678
1,0,2.34e-09,0.55106604784,74.2603337055
1,0,2.33e-09,0.98887023825,75.3028634291
1,0,2.63e-09,6.11317571912,9380.9596727172
1,0,2.39e-09,1.33165763648,10440.2742926036
1,0,2.89e-09,0.55454156939,6206.8097787158
1,0,2.47e-09,0.56642494969,252.6559713532
1,0,2.59e-09,3.43127382595,6282.83203250789
1,0,2.59e-09,3.2172597467,6283.3196674749
1,0,2.04e-09,0.84533704687,18.1592472647
1,0,2.82e-09,1.41766310537,563.6312150384
1,0,2.43e-09,4.14346390349,7096.6261339512
1,0,2.46e-09,5.83734028861,8671.9698704406
1,0,2.07e-09,5.75479453376,142.4496501338
1,0,1.99e-09,0.93488663037,11216.284290324
1,0,2.04e-09,0.27721513871,417.0369633204
1,0,1.95e-09,4.23402090499,66.70484372
1,0,2.11e-09,5.13588313603,37.1698277913
1,0,2.15e-09,0.35886038032,1699.2792165032
1,0,2.65e-09,5.61985831637,48739.859897083
1,0,2.07e-09,3.06628694399,12562.561271331
1,0,2.12e-09,1.7547160672,7129.1586847426
1,0,2.69e-09,1.52668826951,70755.06709173629
1,0,2.25e-09,4.01656879083,5636.0650166766
1,0,1.92e-09,2.04748658291,17271.8840075264
1,0,2.4e-09,5.09605084016,15906.7641266826
1,0,2.27e-09,5.15751336106,207.8824694666
1,0,2.03e-09,2.35104519506,39.0962434843
1,0,2.02e-09,4.05217682796,207.6700211455
1,0,1.87e-09,0.15192842664,11609.8625440122
1,0,1.82e-09,3.89203001563,1898.3512179396
1,0,2.19e-09,6.03807342488,218.7157214094
1,0,2.06e-09,5.35930784504,88.865680217
1,0,2.5e-09,4.24183292428,5934.1514295434
1,0,1.88e-09,2.43290559306,1471.7530270636
1,0,1.85e-09,4.15018423748,508.3503240922
1,0,1.95e-09,0.82662766477,218.9281697305
1,0,2.2e-09,0.73345029623,11087.2851259184
1,0,1.75e-09,5.41174539523,11614.4332937322
1,0,1.75e-09,4.582125793,3744.8273457378
1,0,2.41e-09,0.2878832148,8390.1103575338
1,0,2.34e-09,2.61192358068,34596.3646546524
1,0,1.74e-09,2.8520790096,263.0839233728
1,0,2.24e-09,4.06529944699,1056.2005364515
1,0,1.9e-09,6.26917436708,394.6258850592
1,0,1.87e-09,5.5882538287,401.6721217572
1,0,1.78e-09,3.72578587318,12132.439962106
1,0,2.3e-09,2.40692341132,6632.0002704394
1,0,1.72e-09,2.9615554216,526.7702037878
1,0,1.86e-09,0.73069210814,554.0699874828
1,0,1.94e-09,2.50663265946,28.5718080822
1,0,1.69e-09,1.38093325803,532.6117264014
1,0,1.92e-09,3.08542976535,1574.8458012822
1,0,2.17e-09,3.59114151623,124.433415221
1,0,1.76e-09,1.20681960915,525.4981794006
1,0,1.72e-09,5.60194767636,211.8146227297
1,0,1.77e-09,4.73089168144,4797.0957289262
1,0,1.67e-09,3.97388034335,5714.253975964
1,0,2.14e-09,4.34116392416,24492.40611365159
1,0,2.17e-09,4.52620284574,3097.88382272579
1,0,1.72e-09,5.38973312367,6332.8328754632
1,0,1.72e-09,1.25880044898,6233.3188245196
1,0,2.21e-09,4.98998061605,266.6070417218
1,0,1.59e-09,3.90246086071,13198.935439296
1,0,1.88e-09,3.44598602635,569.0478410098
1,0,1.58e-09,0.33551046271,528.9402055692
1,0,1.57e-09,4.00545168863,530.44172462
1,0,2.07e-09,3.49598218672,12569.7421286346
1,0,1.76e-09,4.05199455874,12012.5822971404
1,0,1.77e-09,0.70756419313,32.1951448046
1,0,1.57e-09,5.43302098132,16840.67001081519
1,0,1.7e-09,0.63813817825,6272.0301497275
1,0,1.7e-09,6.0103953944,6294.1215502553
1,0,1.91e-09,4.1231488639,183.2428146475
1,0,1.79e-09,1.49110102879,5.9378908332
1,0,2.13e-09,4.21609963122,19804.8272915828
1,0,1.7e-09,5.83704197169,305.3461693927
1,0,1.67e-09,5.54070880349,17686.7528455664
1,0,2.07e-09,1.8165611606,73.8183907208
1,0,1.75e-09,1.28027815287,217.964961884
1,0,1.87e-09,5.70099962642,20452.8694122218
1,0,1.48e-09,4.39633643688,519.3960243561
1,0,1.47e-09,3.63497942528,82.8583534146
1,0,2.03e-09,2.5456920993,453.424893819
1,0,1.91e-09,5.96603240618,425.1137181677
1,0,1.48e-09,3.53096991388,414.0680179038
1,0,1.47e-09,4.99188388936,16737.5772365966
1,0,2e-09,0.25134097583,1439.5096981492
1,0,1.65e-09,5.22234420384,231.4583427027
1,0,1.48e-09,2.67465318849,6851.8977240188
1,0,1.46e-09,0.23801153618,17370.3609759098
1,0,1.43e-09,0.85202449839,5618.3198048614
1,0,1.41e-09,5.69421526925,408.4389436113
1,0,1.93e-09,3.57442994352,33326.5787331742
1,0,1.55e-09,0.27598891874,20199.094959633
1,0,1.91e-09,6.04625942487,75.7448064138
1,0,1.82e-09,5.69212378196,28766.924424484
1,0,1.84e-09,3.48483358167,5540.0857894588
1,0,1.62e-09,4.78754155685,12551.9246059812
1,0,1.43e-09,2.32151913243,5010.3948243642
1,0,1.78e-09,3.84899225076,1685.0521225016
1,0,1.9e-09,0.66924538276,23581.2581773176
1,0,1.49e-09,3.15621899577,533.8837507886
1,0,1.35e-09,0.07815962516,12431.0866199474
1,0,1.34e-09,3.03203004875,11925.2740926006
1,0,1.57e-09,3.61532012746,208.633228992
1,0,1.79e-09,1.07503153366,16460.33352952499
1,0,1.53e-09,4.99836680146,47.6942631934
1,0,1.84e-09,2.16301573772,1021.2488945514
1,0,1.39e-09,5.84452648935,373.9079928365
1,0,1.82e-09,3.66470209346,28.4491874678
1,0,1.38e-09,5.61172177506,214.7835681463
1,0,1.29e-09,1.5439076208,203.0041546995
1,0,1.28e-09,5.24161490581,479.2883889155
1,0,1.46e-09,1.55848605346,12701.2167800182
1,0,1.67e-09,1.26986508714,17473.4537501284
1,0,1.25e-09,5.28169583835,3.9321532631
1,0,1.7e-09,0.76594212114,52670.0695933026
1,0,1.24e-09,5.79650915048,6947.8318951214
1,0,1.35e-09,3.38698681678,3531.5282502998
1,0,1.72e-09,4.94248686856,167959.3901140583
1,0,1.3e-09,2.26702486739,654.1243803156
1,0,1.22e-09,5.69264255527,3583.3410306738
1,0,1.7e-09,1.45223415923,333857.59012677264
1,0,1.55e-09,4.05744056379,6058.7310542895
1,0,1.2e-09,1.1914090758,12808.8803039568
1,0,1.41e-09,5.52534979149,162420.55183479068
1,0,1.44e-09,1.54442458059,4.192785694
1,0,1.39e-09,1.2251040797,251.4321310758
1,0,1.6e-09,5.11540883899,265.9892934775
1,0,1.24e-09,1.37398060221,8982.810669309
1,0,1.2e-09,5.84076902832,12528.124027347
1,0,1.21e-09,5.05113331022,56.6223513026
1,0,1.19e-09,1.19695856457,19247.3765533824
1,0,1.17e-09,0.73795877914,11610.5519583742
1,0,1.54e-09,4.06475922223,38526.574350872
1,0,1.63e-09,3.11560982847,661.232926781
1,0,1.63e-09,4.35848910377,9929.4262273458
1,0,1.15e-09,2.14676232906,19402.7969528166
1,0,1.19e-09,4.28708216617,12249.7598303262
1,0,1.45e-09,2.74250030398,6360.7496204194
1,0,1.45e-09,3.90603326867,6205.4020795634
1,0,1.15e-09,6.22459411775,539.9859058331
1,0,1.59e-09,4.18513291774,228278.1046514866
1,0,1.56e-09,2.57788957454,4307.5833041354
1,0,1.16e-09,0.601461417,24065.80792277559
1,0,1.18e-09,1.23925579836,6302.74561089119
1,0,1.18e-09,5.40927777429,6263.4060890916
1,0,1.14e-09,0.09813992796,213.1872208534
1,0,1.14e-09,4.7911677336,213.4109700226
1,0,1.1e-09,2.33480621176,16062.1845261168
1,0,1.37e-09,4.10438279102,6250.5432992
1,0,1.37e-09,2.54415078163,6315.6084007828
1,0,1.11e-09,2.27442358208,6339.974224927
1,0,1.11e-09,4.37410999057,6226.1774750558
1,0,1.5e-09,0.96205875343,19800.9459562248
1,0,1.23e-09,2.37616666242,24734.1543965574
1,0,1.23e-09,5.10501021239,98.8999885246
1,0,1.16e-09,0.64506154486,524.0618908021
1,0,1.07e-09,2.16622176546,12463.0589257642
1,0,1.23e-09,1.00594418221,6305.8510514422
1,0,1.23e-09,5.64258939044,6260.3006485406
1,0,1.06e-09,1.67655703852,11190.377900137
1,0,1.15e-09,3.69498632982,535.3200393871
1,0,1.31e-09,3.61185299316,18415.51581209739
1,0,1.27e-09,0.63003020942,540.7366653585
1,0,1.1e-09,4.8866712738,6276.44729109139
1,0,1.1e-09,1.76186229885,6289.70440889141
1,0,1.03e-09,2.75809551865,6324.6266409762
1,0,1.03e-09,3.890438054,6241.5250590066
1,0,1.03e-09,5.76083420502,23937.856389741
1,0,1.07e-09,1.72027333824,83973.83535572988
1,0,1.07e-09,2.75882604296,84019.8592804939
1,0,1.18e-09,0.24752969879,983.1158589136
1,0,1.13e-09,2.65508166498,24336.0053931492
1,0,1.06e-09,3.27680652019,12772.33724842
1,0,1.43e-09,1.51199781479,2069.0068349066
1,0,1.43e-09,0.91985752497,18772.9614786986
1,0,1.15e-09,3.78220330855,3641.7345715192
1,0,1.18e-09,0.19804778544,525.0250986486
1,0,1e-09,3.71645704441,529.851023789
1,0,1e-09,0.62422783083,529.5309064002
1,0,1.26e-09,1.19294266238,18822.9292301744
1,0,1.02e-09,1.31527898088,963.4027029714
1,0,9.9e-10,1.87542989608,198.321241911
1,0,1.15e-09,4.66544469064,12570.0838532459
1,0,9.8e-10,5.07674655291,16310.9790457206
1,0,1.38e-09,2.08935051421,6356.3729758504
1,0,1.38e-09,4.55918305844,6209.7787241324
1,0,1.2e-09,4.95740945799,9814.6041002912
1,0,1.35e-09,0.57059381593,18699.6643528396
1,0,1.04e-09,2.15061044327,12560.6287756754
1,0,1.11e-09,1.30109743855,80.1982245387
1,0,9.8e-10,5.57514710248,5815.11085963699
1,0,9.6e-10,4.1715256913,213.5115437591
1,0,9.6e-10,0.71778197027,213.0866471169
1,0,1.06e-09,1.77919890262,23539.7073863328
1,0,9.9e-10,0.19873228449,551.031606097
1,0,1.12e-09,3.45345978303,2324.9494088156
1,0,1.11e-09,4.13924061941,534.3568315406
1,0,1.17e-09,1.76475239313,524.2743391232
1,0,1.14e-09,3.75372093481,6155.057006654
1,0,1.14e-09,2.89481263784,6411.0946933288
1,0,1.25e-09,4.8523676116,21.3406410024
1,0,9.5e-10,5.28465176922,327.4375699205
1,0,1.15e-09,2.57406093768,535.107591066
1,0,9.7e-10,6.03825791149,27043.5028831828
1,0,1e-09,2.94090698274,195.1398481733
1,0,9.5e-10,5.63307798614,11300.5842213564
1,0,1.1e-09,3.85733099272,6253.6463414554
1,0,1.1e-09,2.79120257993,6312.5053585274
1,0,9.1e-10,2.99457476326,12829.2356233556
1,0,1.28e-09,5.41337210078,1293.4842235826
1,0,9.6e-10,0.06385619665,35.685355083
1,0,1.13e-09,1.72263005108,114.1384744825
1,0,9.6e-10,5.97584747761,2699.7348193176
1,0,1.19e-09,5.98882616741,17892.93839400359
1,0,1.26e-09,0.25750574604,311565.0189210402
1,0,9.1e-10,0.0859816168,1802.3719907218
1,0,1.2e-09,2.08798412726,14158.7477136156
1,0,8.9e-10,3.1690825834,1382.8873468466
1,0,1e-09,4.30344030661,16627.3709153772
1,0,9.9e-10,3.61958161583,6432.639047126
1,0,1.02e-09,4.42228976166,219.891377577
1,0,1.24e-09,0.48010020247,178430.0471905317
1,0,8.9e-10,1.07338604948,6751.0408403458
1,0,9.6e-10,2.64494034094,7349.5713271814
1,0,8.6e-10,2.85915032438,228.276948965
1,0,1.17e-09,5.44811650549,42456.7840470916
1,0,1e-09,3.39323367399,96.8729990951
1,0,1.03e-09,4.37748903957,18202.21671665939
1,0,9.9e-10,0.58169736416,6313.9899756264
1,0,9.9e-10,6.06683620849,6252.1617243564
1,0,9e-10,0.38965081024,58864.5439181463
1,0,9.7e-10,0.27231106216,10557.5941608238
1,0,1.01e-09,3.42372783781,19004.6479494084
1,0,9.8e-10,3.23381285207,6126.675129489
1,0,9.8e-10,3.41472072058,6439.4765704938
1,0,8.4e-10,2.61330768505,74.7334144575
1,0,8.4e-10,5.20716850754,74.8297826771
1,0,8.6e-10,1.34149823513,23123.74586080659
1,0,1.14e-09,1.15232105885,177.8743727859
1,0,1.18e-09,3.73846259947,13951.7132749339
1,0,8.4e-10,3.13824782,8858.3149443206
1,0,1.17e-09,4.10879972365,89569.990119545
1,0,1.01e-09,0.2300906889,18429.742906099
1,0,8.8e-10,3.76745959676,17053.96910625319
1,0,1.13e-09,2.05049922518,12985.636343858
1,0,8.2e-10,0.19375634761,5483.254724826
1,0,8.7e-10,1.13401038923,40.5807161926
1,0,8.4e-10,4.23745405632,6379.0550772092
1,0,8.4e-10,2.41107951633,6187.0966227736
1,0,9.7e-10,4.02159784443,10239.5838660108
1,0,1.05e-09,3.87374571694,6131.1785689062
1,0,1.05e-09,2.77478785571,6434.9731310766
1,0,1.14e-09,4.07080498725,8258.5683958474
1,0,8.2e-10,3.82704107824,3958.1264411758
1,0,8.1e-10,3.33902328234,191.2076949102
1,0,9.3e-10,1.35189028328,18216.443810661
1,0,1.02e-09,2.89783593458,5767.6119788984
1,0,1.02e-09,3.75069763806,6798.5397210844
1,0,9.3e-10,1.06738164563,74.5209661364
1,0,1.1e-09,2.19234510205,56600.2792895222
1,0,1.12e-09,5.48905138227,12188.778092067
1,0,9.3e-10,0.46802035326,75.0422309982
1,0,8e-10,3.59070813227,24080.03501677719
1,0,7.9e-10,4.31891477024,38.0211610532
1,0,7.9e-10,3.16332905605,38.2449102224
1,0,8e-10,1.40233563562,191.9584544356
1,0,8.8e-10,3.00398297222,1573.8204240988
1,0,9.2e-10,4.36461689094,101426.20877096949
1,0,7.9e-10,4.46070108071,278.5194664497
1,0,8e-10,3.95392779576,175.1660598002
1,0,8.7e-10,2.32187773582,1580.8666607968
1,0,1.1e-09,0.37009059115,78423.70451667879
1,0,8.3e-10,2.35608099285,300.6108669775
1,0,9.9e-10,2.40898854628,33794.5437235286
1,0,7.8e-10,0.92843223712,30.0562807905
1,0,9.7e-10,5.32653372215,259.5088859231
1,0,8e-10,3.27906531246,6485.3292451655
1,0,8e-10,3.36946826019,6080.8224548173
1,0,8.9e-10,5.20240793768,17363.24742890899
1,0,7.7e-10,2.50991636518,205.2223405907
1,0,7.9e-10,4.53817935583,36109.38220466459
1,0,8.8e-10,0.8707053518,16943.7627850338
1,0,8.8e-10,3.2490126448,12537.702512515
1,0,8.7e-10,1.75120977431,28237.2334593894
1,0,8.5e-10,0.43515691954,44.070926471
1,0,9.6e-10,6.24127646307,131.4039498699
1,0,8e-10,3.62211320521,3956.5080160194
1,0,9.1e-10,3.88112259566,80.7194894005
1,0,8.3e-10,0.01677699839,21424.4666443034
1,0,9.9e-10,4.35778148149,5017.508371365
1,0,7.8e-10,2.59112277976,74.6215398729
1,0,7.8e-10,5.22948432343,74.9416572617
1,0,7.9e-10,4.50777133706,5621.8429232104
1,0,9.6e-10,1.98497858569,5888.4499649322
1,0,9.6e-10,4.66355498696,6677.7017350506
1,0,7.5e-10,2.21732650708,302.164775655
1,0,7.4e-10,5.98124271909,6304.4114904584
1,0,7.4e-10,0.66729085356,6261.7402095244
1,0,7.3e-10,2.6212933964,6695.4469468658
1,0,7.3e-10,4.02724017625,5870.704753117
1,0,8.5e-10,3.65241534932,12850.011018848
1,0,7.6e-10,1.33659857866,40796.33892267419
1,0,7.5e-10,4.65930914063,3178.1457905676
1,0,7.2e-10,4.8169886315,213.5597278689
1,0,7.2e-10,0.07231943414,213.0384630071
1,0,9.7e-10,0.92251430623,24383.0791084414
1,0,7.2e-10,0.32356695638,6312.8972881402
1,0,7.2e-10,0.04178130909,6253.25441184259
1,0,9.5e-10,0.62289841825,11080.1715789176
1,0,1e-09,5.37794668456,5316.1049725558
1,0,9.6e-10,4.24511131293,483.2205421786
1,0,8.5e-10,2.90983978106,12282.2923811176
1,0,7.1e-10,6.13573135109,41194.4879260824
1,0,7.2e-10,4.76869158882,15141.390794312
1,0,7.5e-10,1.96590126974,24422.3703514073
1,0,7.3e-10,1.29002951973,45892.73043315699
1,0,7.6e-10,1.98229485596,63658.8777508376
1,0,8.7e-10,3.63418769958,18106.2374894416
1,0,7e-10,2.01720588184,6442.0193677746
1,0,7e-10,4.63132769081,6124.1323322082
1,0,9.7e-10,4.76857001908,92747.68916682259
1,0,7.8e-10,4.94336223185,23550.34405168259
1,0,7.6e-10,3.43423122344,5237.9210138038
1,0,6.9e-10,3.45966511571,529.4785167735
1,0,6.9e-10,0.88102053266,529.9034134157
1,0,9.4e-10,3.68180477512,248.7238180901
1,0,7.7e-10,3.59376629306,518.6452648307
1,0,7.8e-10,4.98905027033,9924.8104215106
1,0,8.2e-10,5.48703292615,6774.7391424502
1,0,6.7e-10,0.17045052997,7082.8969751568
1,0,6.7e-10,4.81312573338,6171.8892077038
1,0,6.7e-10,1.83540783927,6394.262492279
1,0,8e-10,5.36760004078,22380.755800274
1,0,7e-10,2.04678665255,6175.4123260528
1,0,7e-10,4.6017469201,6390.73937393
1,0,6.6e-10,2.02327672376,635.9651330509
1,0,9.1e-10,2.47526506655,6652.7756659318
1,0,9.1e-10,4.1732685061,5913.376034051
1,0,6.7e-10,0.13241010748,6300.8883721094
1,0,6.7e-10,0.23293815799,6265.2633278734
1,0,6.7e-10,1.43864813435,5959.570433334
1,0,8e-10,0.77942675353,23646.32327890039
1,0,6.8e-10,3.64312434743,4897.1805736552
1,0,6.9e-10,2.14076204045,6944.3087767724
1,0,6.4e-10,3.46792160676,2214.7430875962
1,0,8.9e-10,1.97945887866,10660.6869350424
1,0,6.3e-10,3.22324471895,20.6069278195
1,0,8.4e-10,0.70408445885,424.1505103212
1,0,7.3e-10,4.53414425046,6195.76764545159
1,0,7.3e-10,2.11438932219,6370.3840545312
1,0,6.6e-10,3.95274142218,6251.1035441746
1,0,6.6e-10,2.69579215047,6315.0481558082
1,0,8.2e-10,1.17323562782,154.0166152595
1,0,6.5e-10,5.99619164093,284.1485407422
1,0,7.6e-10,3.59374291647,831.8557407496
1,0,6.3e-10,4.27995423229,11823.1616394502
1,0,8.1e-10,3.70025004502,37.8724032069
1,0,6.4e-10,0.09094709813,28774.0379714848
1,0,8.6e-10,4.32355291567,12341.8069042809
1,0,6.9e-10,2.58402361347,275.5505210331
1,0,8.1e-10,0.47769423835,31441.6775697568
1,0,7.1e-10,3.88813675038,835.0371344873
1,0,7.1e-10,5.70281660725,16207.886271502
1,0,8e-10,3.78188046031,38.3936680687
1,0,7.3e-10,0.88865626886,115.8835796217
1,0,6.1e-10,0.43078256287,35050.00027447539
1,0,6.6e-10,2.78136130877,17576.546524347
1,0,7.2e-10,0.54355547965,18100.00325845
1,0,7.2e-10,1.59783293112,245707.4661043443
1,0,6.4e-10,1.93356156446,23006.42599258639
1,0,6.8e-10,2.90815872826,28759.81087748319
1,0,6.2e-10,0.67966053291,3855.0336669572
1,0,7.3e-10,6.18334008725,23440.1377304632
1,0,6e-10,3.22950754418,13088.7291180766
1,0,7.8e-10,4.56094059497,12564.6672272745
1,0,6e-10,4.47214922427,7548.6433286178
1,0,7.5e-10,4.42126467141,18624.8827542723
1,0,6.9e-10,2.49762583501,511.5317178299
1,0,6.9e-10,5.82409328726,167993.69463622378
1,0,5.9e-10,0.42392189557,41990.7859328988
1,0,8.1e-10,1.27058672695,7250.046727427
1,0,5.9e-10,3.96273011871,6289.1417656212
1,0,5.9e-10,2.68580345394,6277.0099343616
1,0,6.3e-10,4.91003104939,5436.9930152402
1,0,5.9e-10,2.73782977803,8584.6616659008
1,0,5.8e-10,0.25471831888,46.2097904851
1,0,6.8e-10,1.09479629612,643.8294395771
1,0,7.4e-10,2.2955600889,28313.288804661
1,0,5.7e-10,0.01221429824,10027.9031957292
1,0,5.7e-10,4.8729936965,792.7748884674
1,0,7.9e-10,5.72688311333,531.1754378029
1,0,5.6e-10,4.47895058873,15265.8865193004
1,0,7.2e-10,4.16398251563,4598.0237274898
1,0,7.9e-10,0.46444983025,404.5067903482
1,0,7.7e-10,4.08353330283,618.5566453116
1,0,5.6e-10,1.44522132533,842.1506814881
1,0,6.3e-10,1.27506758028,5.5229243074
1,0,6.8e-10,2.71579728238,3166.4164377316
1,0,7.4e-10,3.23404191447,82534.40362061159
1,0,5.6e-10,1.96997381249,6339.8791121612
1,0,5.6e-10,4.67855976016,6226.2725878216
1,0,6.9e-10,1.89738325082,23536.11695768099
1,0,5.6e-10,2.52728721608,12303.06777661
1,0,5.5e-10,3.89144240866,22345.2603761082
1,0,6.2e-10,0.8877165736,99.1606209555
1,0,6.5e-10,1.8446048539,547.8502123593
1,0,5.7e-10,3.55801157684,6702.000248892
1,0,5.7e-10,3.09052199581,5864.1514510908
1,0,6.2e-10,4.06674027154,68.8437077341
1,0,6.4e-10,5.42433316705,14169.7935622304
1,0,7.5e-10,5.93374782872,32217.2001810808
1,0,6.1e-10,0.01100073598,121.2520214833
1,0,5.9e-10,2.17826568386,18003.144715223
1,0,5.9e-10,3.38504946794,67589.08744705719
1,0,7.6e-10,4.86986651697,528.2064923863
1,0,7.5e-10,4.7149875591,227.3137411185
1,0,7.6e-10,2.34884503279,23226.8386350252
1,0,7.3e-10,6.00950734574,30348.883772767
1,0,7e-10,1.56579326622,12299.544658261
1,0,6e-10,0.37221954582,12171.5258149236
1,0,5.8e-10,3.15618940951,6716.7875878682
1,0,7.4e-10,5.91246929008,3684.3780499902
1,0,6.7e-10,2.65177830926,22743.4093795164
1,0,6.2e-10,2.47017142882,16193.65917750039
1,0,5.9e-10,2.60023110979,15.252471185
1,0,5.9e-10,1.05069387628,12164.4795782256
1,0,6.1e-10,3.81064825215,650.9429865779
1,0,6.4e-10,4.29409388919,159.1244246902
1,0,6.3e-10,3.66056370325,5219.7617665391
1,0,6.1e-10,2.96999279527,429.0458714308
1,0,6.3e-10,0.58993036842,5227.6260730653
1,0,7.1e-10,3.61897462493,60530.4889857418
1,0,7.2e-10,1.05408545034,4583.7966334882
1,0,5.2e-10,5.67741459488,3627.5074775176
1,0,5.2e-10,1.7749513803,6155.1243169568
1,0,5.2e-10,4.87358219235,6411.027383026
1,0,7.3e-10,4.405435881,80181.53746683979
1,0,5.7e-10,3.4622712627,92.940845832
1,0,6.8e-10,0.4323378747,219.4494345923
1,0,5.9e-10,5.80351575464,33.9402499438
1,0,5.8e-10,4.2930851208,30775.481963643
1,0,6.2e-10,5.86330508473,2.4476805548
1,0,6.2e-10,6.09623774456,425.6349830295
1,0,6.8e-10,1.86654756299,35371.8872659764
1,0,5.1e-10,5.10012533555,1048.3362299253
1,0,6.2e-10,4.46845874247,6908.7460423038
1,0,6.2e-10,2.18007483018,5657.405657679
1,0,5.4e-10,3.07019079387,59.8037450403
1,0,5e-10,1.48104982763,960.2213092337
1,0,5.9e-10,5.90527689512,72.0732855816
1,0,5e-10,1.538981208,2575.2390943292
1,0,5e-10,0.12167728428,426.6463749858
1,0,6.4e-10,4.78297114148,269.9214467406
1,0,5e-10,4.78368432558,514.7131115676
1,0,5.1e-10,5.96112457648,387.2413149608
1,0,5.5e-10,1.61378048542,42.3258213318
1,0,5.2e-10,1.8284243193,5244.049239201
1,0,5e-10,4.69455799921,5881.4037282342
1,0,5e-10,1.95397557344,6684.7479717486
1,0,5.3e-10,5.33677558065,12146.6670561076
1,0,6.8e-10,6.19033473088,96677.8988630422
1,0,5.1e-10,3.43355246408,2641.3412784722
1,0,6.3e-10,1.40789341724,750.1036075334
1,0,6.4e-10,5.16841754323,24279.10701821359
1,0,5e-10,3.20702872042,426.5500067662
1,0,6.3e-10,3.98505374586,494.2662424425
1,0,5e-10,3.21675900656,43738.8023459658
1,0,5e-10,1.95435790721,23141.5583829246
1,0,5.3e-10,2.43583780027,2428.0421830342
1,0,5.9e-10,4.28456134455,3981.490034082
1,0,5.8e-10,2.65359377943,40077.61957352
1,0,5.4e-10,3.56564135998,15664.03552270859
1,0,6.1e-10,2.88962487651,40398.189919266
1,0,5.1e-10,3.00540767523,7668.9711263276
1,0,4.8e-10,4.80656273565,3646.3503773544
1,0,4.7e-10,5.83569926578,544.6688186216
1,0,4.8e-10,2.00982466333,39.3568759152
1,0,4.8e-10,2.80573655186,170.6728706192
1,0,5.5e-10,5.26856872787,81.8951455681
1,0,5.9e-10,2.11187321665,488.8496164711
1,0,6.5e-10,6.08902325889,47162.5163546352
1,0,5.6e-10,4.19093499866,799.8211251654
1,0,4.9e-10,3.72443814803,96562.99901809469
1,0,6.3e-10,4.17349551052,1364.7280995819
1,0,5e-10,5.17709552474,17583.6600713478
1,0,5.4e-10,3.62421804697,427.5613987225
1,0,5.2e-10,4.38844382678,210.5907824523
1,0,4.9e-10,5.165667313,5490.300961524
1,0,5.8e-10,5.40778008235,6076.3751126948
1,0,5.8e-10,1.2407534903,6489.776587288
1,0,5.1e-10,0.50117453824,216.0074084237
1,0,4.6e-10,4.79961635192,106.2741679563
1,0,5.9e-10,1.72439508836,44034.1275895394
1,0,5e-10,4.62538441124,1056.9342496344
1,0,4.5e-10,1.62661962717,4480.7038592696
1,0,4.8e-10,1.32358795195,501.3797894433
1,0,6.1e-10,5.10264428859,491.6632924588
1,0,5e-10,1.09462754777,355.7487455718
1,0,4.4e-10,1.10033696885,2301.58581590939
1,0,5.4e-10,3.85123315789,6559.8216218558
1,0,5.4e-10,2.79730041476,6006.330078127
1,0,4.4e-10,5.16479782395,74.0308390419
1,0,5.2e-10,5.42245980619,244287.60000722768
1,0,4.8e-10,1.42585982742,36147.4098773004
1,0,4.4e-10,3.40081468635,2538.2485042536
1,0,4.4e-10,0.8138981043,5113.4875985828
1,0,5.5e-10,2.70454523909,14.977853527
1,0,4.5e-10,4.229540779,533.2140834436
1,0,4.6e-10,2.27703250571,4384.7246320518
1,0,4.8e-10,6.20173890368,35579.69123957
1,0,5.7e-10,3.17248775727,491.8185618877
1,0,4.3e-10,0.99595677376,213.4591541324
1,0,4.3e-10,3.89366939283,213.1390367436
1,0,4.3e-10,2.65544175682,75.5323580927
1,0,4.3e-10,0.76354191371,220.4608265486
1,0,5.1e-10,0.20646603354,18326.65013188039
1,0,4.3e-10,3.1893950364,27832.0382192832
1,0,4.6e-10,4.72419541485,16703.062133499
1,0,5.2e-10,4.17179726389,11919.140866668
1,0,5.2e-10,0.71926561105,46386.9937433112
1,0,4.7e-10,0.82248881139,5209.4668258006
1,0,4.6e-10,4.04752097938,12555.1059997189
1,0,5.2e-10,0.43326734132,6574.0487158574
1,0,5.2e-10,6.21526623133,5992.1029841254
1,0,4.4e-10,5.37918791865,69941.95360082899
1,0,5.8e-10,0.36325356715,74673.9842281724
1,0,5.6e-10,1.50089021543,27707.5424942948
1,0,5.4e-10,0.68459749075,187.6962327724
1,0,4.5e-10,6.22182195617,46360.6954235114
1,0,4.3e-10,3.11608101277,8401.8397103698
1,0,5.7e-10,0.63863230611,1061.829610744
1,0,4.7e-10,2.39687793686,143571.32428481648
1,0,4.3e-10,1.13301289185,30639.856638633
1,0,5e-10,5.56308110598,296.1574488526
1,0,4.9e-10,1.97844011728,22030.2129546696
1,0,4.5e-10,4.79114307475,71519.2971432768
1,0,5.1e-10,4.52703512787,7761.9424240558
1,0,4.7e-10,0.24841658475,1279.794572628
1,0,4.1e-10,0.43156447693,3735.238311759
1,0,4.1e-10,4.51930257295,128.9562693151
1,0,4.1e-10,1.66415755313,44136.951349374
1,0,5.6e-10,5.4545826458,1057.8974574809
1,0,4.7e-10,4.45924253669,4708.2300487092
1,0,5.3e-10,1.93518633525,601.7642506762
1,0,5.6e-10,0.65498687965,28663.8316502654
1,0,4.7e-10,5.03443210464,679.2541622292
1,0,5.5e-10,3.26682599355,39302.096962196
1,0,4.9e-10,5.40929899528,27511.4678735372
1,0,4.7e-10,0.89791015009,316428.22867391503
1,0,4e-10,0.05000438602,18208.349942592
1,0,5.6e-10,2.85120720656,83659.27687239899
1,0,5.4e-10,4.48267339963,207.1487562837
1,0,4e-10,4.11879245377,1059.430114299
1,0,5.3e-10,3.02524199997,38650.173506199
1,0,4.2e-10,3.87088947499,220.364458329
1,0,4.8e-10,2.50261741205,12662.1309272006
1,0,4.6e-10,4.69192941021,10.2949407385
1,0,5.2e-10,4.41165168727,12571.6746242902
1,0,4.3e-10,4.69793306978,7322.1024607818
1,0,4.1e-10,3.56541409677,664.75604513
1,0,4.4e-10,5.20087497624,6140.8972229552
1,0,4.4e-10,1.44765859641,6425.2544770276
1,0,5.1e-10,5.74770428324,344.7030453079
1,0,3.9e-10,0.38207420659,22594.05489571199
1,0,5.4e-10,1.04857075083,188.9200730498
1,0,3.9e-10,4.22033276864,27278.4688164408
1,0,4.1e-10,2.70677059989,67.6680515665
1,0,4.5e-10,4.12311427457,44007.8292697396
1,0,5.4e-10,1.95689060462,6560.1108437328
1,0,5.4e-10,4.69164296803,6006.04085625
1,0,4.5e-10,5.54498349441,142861.39123625818
1,0,4.7e-10,1.12159858858,24499.5196606524
1,0,4.3e-10,1.36615498859,7026.065910524
1,0,4e-10,0.90738693747,26880.3198130326
1,0,4.4e-10,0.29252718625,179.3588454942
1,0,4.7e-10,4.50830744099,24485.29256665079
1,0,4.4e-10,1.83547130154,289.5651667136
1,0,4.3e-10,5.81439105801,6359.341921267
1,0,4e-10,4.83551999164,149.45132255
1,0,4.2e-10,4.70083045322,6231.79551212899
1,0,4.2e-10,1.94770311943,6334.35618785381
1,0,3.7e-10,5.3998280011,23020.65308658799
1,0,4e-10,0.02735864866,436.1594184316
1,0,5.2e-10,3.53311914292,11904.9187732018
1,0,4e-10,1.50947925293,7075.8507384588
1,0,4.7e-10,2.80270200743,1038.0412891868
1,0,3.7e-10,3.31019033964,1788.1448967202
1,0,4.9e-10,3.73016699917,32243.4985008806
1,0,4.3e-10,4.45265815492,40000.04091585779
1,0,4.5e-10,2.39073394193,358.9301393095
1,0,4e-10,0.07156369559,7122.0451377418
1,0,4e-10,0.29378456988,5444.106562241
1,0,3.8e-10,2.24527247949,44933.2493561904
1,0,4.7e-10,1.00325671943,523.5406259403
1,0,3.7e-10,0.09116813653,6850.7944877218
1,0,3.7e-10,0.27418012894,5715.357212261
1,0,3.9e-10,2.88920508037,20.3553193988
1,0,5.1e-10,5.82785362503,84111.7471630594
1,0,3.6e-10,2.92998162283,68.1893164283
1,0,3.7e-10,1.90653942815,16723.350142595
1,0,4.2e-10,3.79031051907,6328.217069628
1,0,4.2e-10,2.85822305358,6237.9346303548
1,0,3.6e-10,2.35204592553,20760.4270331914
1,0,4.9e-10,4.54040658078,11293.4706743556
1,0,3.6e-10,4.28412749882,2751.5475996916
1,0,4e-10,3.64328287226,3215.1363806432
1,0,4e-10,0.92098132614,1059.3337460794
1,0,5e-10,1.62788844152,84334.4177638248
1,0,4e-10,0.78396796338,71980.63357473118
1,1,0.00122106982,0.0,0.0
1,1,0.000515,6.00266267204,12566.1516999828
1,1,1.290723e-05,5.95943124583,18849.2275499742
1,1,1.068627e-05,2.01554176551,6283.0758499914
1,1,8.98976e-06,1.12887038368,426.598190876
1,1,7.76634e-06,2.70605024384,206.1855484372
1,1,7.53346e-06,2.19132598402,220.4126424388
1,1,5.65656e-06,3.22349285267,1059.3819301892
1,1,5.70555e-06,5.57003898297,522.5774180938
1,1,5.59385e-06,5.05751993763,536.8045120954
1,1,2.12689e-06,1.73380190491,6279.5527316424
1,1,2.12515e-06,4.91489371033,6286.5989683404
1,1,8.8507e-07,3.47757021691,7.1135470008
1,1,7.355e-07,0.3635757043,639.897286314
1,1,8.7568e-07,1.6632738761,419.4846438752
1,1,6.226e-07,0.36239798178,4705.7323075436
1,1,5.3855e-07,1.32730357021,433.7117378768
1,1,5.7347e-07,4.2437758213,213.299095438
1,1,5.9822e-07,3.81195369871,6256.7775301916
1,1,5.9514e-07,2.8363416015,6309.3741697912
1,1,4.8841e-07,5.21419389335,775.522611324
1,1,4.6286e-07,0.01839494103,7860.4193924392
1,1,3.5675e-07,1.45279327264,5884.9268465832
1,1,3.6061e-07,2.16002201071,5753.3848848968
1,1,3.5367e-07,4.47243820095,6812.766815086
1,1,3.196e-07,5.19645600029,6681.2248533996
1,1,3.1267e-07,4.87970239848,1052.2683831884
1,1,3.2346e-07,1.00156514807,529.6909650946
1,1,3.8757e-07,3.44658477283,1589.0728952838
1,1,2.9717e-07,5.44950931785,1066.49547719
1,1,3.2144e-07,2.85116756808,149.5631971346
1,1,2.8763e-07,5.91618989512,25132.3033999656
1,1,2.8447e-07,1.14976253807,6127.6554505572
1,1,2.7573e-07,5.50119104683,6438.4962494256
1,1,2.4815e-07,2.92204909812,5486.777843175
1,1,2.1371e-07,0.56918433581,316.3918696566
1,1,2.0611e-07,3.71790880968,7079.3738568078
1,1,1.9565e-07,2.89351924469,5507.5532386674
1,1,1.899e-07,2.06104675595,227.5261894396
1,1,1.8308e-07,1.46954314992,11790.6290886588
1,1,1.6471e-07,6.22682639292,11506.7697697936
1,1,1.6757e-07,3.81935015812,7058.5984613154
1,1,1.4555e-07,5.97554823531,6290.1893969922
1,1,1.4388e-07,0.68157599309,6275.9623029906
1,1,1.3858e-07,4.17419232578,110.2063212194
1,1,1.3921e-07,1.44156172409,796.2980068164
1,1,1.5841e-07,5.77523709799,76.2660712756
1,1,1.2374e-07,5.70562636316,515.463871093
1,1,1.3243e-07,5.16075891864,36.6485629295
1,1,1.1845e-07,4.15246503623,4694.0029547076
1,1,1.1759e-07,3.04881045275,632.7837393132
1,1,1.2487e-07,2.32002507803,39.6175083461
1,1,1.0073e-07,3.28940171828,3738.761430108
1,1,9.513e-08,4.62657118532,6069.7767545534
1,1,1.0425e-07,4.26610810148,6282.0955289232
1,1,1.0425e-07,2.38242547117,6284.0561710596
1,1,9.565e-08,1.89315044337,4136.9104335162
1,1,1.0223e-07,2.19747174258,73.297125859
1,1,9.044e-08,2.00977420682,6496.3749454294
1,1,9.014e-08,2.8687275429,199.0720014364
1,1,8.667e-08,4.924197114,543.9180590962
1,1,8.543e-08,0.0556387921,1194.4470102246
1,1,7.682e-08,3.01488506505,949.1756089698
1,1,7.535e-08,2.70484475866,103.0927742186
1,1,6.181e-08,3.36235656603,8827.3902698748
1,1,6.252e-08,4.75560512125,8429.2412664666
1,1,5.657e-08,6.00342322432,853.196381752
1,1,5.525e-08,5.36960259598,4933.2084403326
1,1,7.312e-08,0.49039562572,4535.0594369244
1,1,7.074e-08,4.39447155183,5088.6288397668
1,1,5.158e-08,1.94900517603,209.3669421749
1,1,5.168e-08,5.1570058649,11769.8536931664
1,1,5.079e-08,2.96229494906,217.2312487011
1,1,4.878e-08,0.63279675325,6040.3472460174
1,1,5.339e-08,5.63168593753,3154.6870848956
1,1,4.985e-08,4.62777616911,12569.6748183318
1,1,4.653e-08,1.72782369127,216.4804891757
1,1,4.902e-08,4.14599178687,3930.2096962196
1,1,4.709e-08,3.96401482904,5331.3574437408
1,1,4.601e-08,6.02376082863,6525.8044539654
1,1,4.541e-08,3.17727011849,210.1177017003
1,1,4.456e-08,0.76977956324,323.5054166574
1,1,4.331e-08,1.32999081524,7632.9432596502
1,1,4.233e-08,3.49063898076,63.7358983034
1,1,5.607e-08,2.55800588736,5729.506447149
1,1,4.095e-08,0.51793431422,647.0108333148
1,1,4.989e-08,3.32377727482,14.2270940016
1,1,3.968e-08,2.72696169781,7234.794256242
1,1,4.394e-08,0.04709283876,12559.038152982
1,1,4.32e-08,4.2884518892,735.8765135318
1,1,5.262e-08,6.19471325132,8031.0922630584
1,1,5.1e-08,4.10862449537,6836.6452528338
1,1,5.075e-08,2.30582917471,7477.522860216
1,1,3.445e-08,4.34972240938,85.8272988312
1,1,3.338e-08,2.34738225115,11.0457002639
1,1,3.244e-08,6.04240714038,526.5095713569
1,1,3.287e-08,5.41013501104,10977.078804699
1,1,3.366e-08,0.28947921379,11371.7046897582
1,1,3.341e-08,1.6498805663,5223.6939198022
1,1,3.181e-08,4.57837074085,532.8723588323
1,1,3.495e-08,3.7357104957,4164.311989613
1,1,4.294e-08,4.93755825416,1592.5960136328
1,1,3.408e-08,2.40593164878,3128.3887650958
1,1,2.903e-08,4.79566936964,525.7588118315
1,1,2.864e-08,5.82538312855,533.6231183577
1,1,2.876e-08,2.6926572353,117.3198682202
1,1,2.997e-08,4.86533819655,1748.016413067
1,1,2.75e-08,5.24429623672,7342.4577801806
1,1,2.833e-08,2.05576755359,202.2533951741
1,1,2.669e-08,3.42836090012,2146.1654164752
1,1,3.313e-08,1.92016526057,801.8209311238
1,1,2.991e-08,2.26433580653,8635.9420037632
1,1,3.39e-08,4.23836515895,155.4203994342
1,1,2.488e-08,3.49719268728,2118.7638603784
1,1,2.384e-08,5.74836325186,7084.8967811152
1,1,2.514e-08,0.74093420826,95.9792272178
1,1,2.288e-08,4.5108894657,17260.1546546904
1,1,2.405e-08,5.96195251565,4690.4798363586
1,1,2.055e-08,5.42893438245,138.5174968707
1,1,2.052e-08,1.42012676041,951.7184062506
1,1,1.996e-08,3.76028525032,742.9900605326
1,1,2.049e-08,3.53634954129,1990.745017041
1,1,2.778e-08,1.4615134875,5481.2549188676
1,1,2.656e-08,5.71405746008,26.2983197998
1,1,2.529e-08,0.00975556739,1349.8674096588
1,1,1.877e-08,2.82846563483,553.5694028424
1,1,1.858e-08,0.74657310664,398.1490034082
1,1,1.91e-08,1.96850101416,956.2891559706
1,1,1.721e-08,5.77917332978,1596.1864422846
1,1,1.904e-08,4.23263119723,9437.762934887
1,1,1.708e-08,0.29065876129,10988.808157535
1,1,1.853e-08,1.84012190435,5230.807466803
1,1,1.668e-08,3.43481125656,70.8494453042
1,1,1.857e-08,2.34009177634,5216.5803728014
1,1,1.57e-08,4.37765395011,78.7137518304
1,1,1.543e-08,5.14512865944,10447.3878396044
1,1,1.555e-08,3.67004205114,13095.8426650774
1,1,1.491e-08,1.26055544534,440.8252848776
1,1,1.779e-08,1.80817581905,12562.6285816338
1,1,1.45e-08,5.64890887043,6303.4311693902
1,1,1.45e-08,0.99962470222,6262.7205305926
1,1,1.88e-08,1.74872544631,10973.55568635
1,1,1.837e-08,4.94810307591,1581.959348283
1,1,1.561e-08,4.53702050944,1045.1548361876
1,1,1.447e-08,1.95238298727,74.7815985673
1,1,1.372e-08,0.89279228106,7875.6718636242
1,1,1.645e-08,3.97870726126,224.3447957019
1,1,1.231e-08,4.10277044176,18319.5365848796
1,1,1.373e-08,4.83873686423,12721.572099417
1,1,1.127e-08,6.04843564608,5643.1785636774
1,1,1.136e-08,2.83389341769,2942.4634232916
1,1,1.161e-08,4.49256510074,625.6701923124
1,1,1.071e-08,3.7751142244,242.728603974
1,1,1.133e-08,0.06024843139,35.1640902212
1,1,1.165e-08,5.90779831262,15720.8387848784
1,1,9.99e-09,5.674434652,1265.5674786264
1,1,9.73e-09,1.30526267473,4292.3308329504
1,1,9.93e-09,3.20822379065,10575.4066829418
1,1,9.64e-09,2.1352164939,2388.8940204492
1,1,9.29e-09,1.06241249364,16496.3613962024
1,1,9.34e-09,5.73801908186,20426.571092422
1,1,8.89e-09,0.06581239696,6288.5987742988
1,1,8.89e-09,0.29953586851,6277.552925684
1,1,1.018e-08,4.23379398746,12539.853380183
1,1,1.033e-08,1.04793549544,5760.4984318976
1,1,1.017e-08,5.59172649862,6805.6532680852
1,1,8.82e-09,1.12105057835,41.1019810544
1,1,9.38e-09,4.56608679745,1169.5882514086
1,1,8.01e-09,5.36423767778,14314.1681130498
1,1,9.43e-09,1.78153635749,151.0476698429
1,1,9.65e-09,1.55576378944,412.3710968744
1,1,7.69e-09,3.16951506066,942.062061969
1,1,7.95e-09,4.97031461103,6279.7894925736
1,1,7.95e-09,1.67821896162,6286.3622074092
1,1,7.23e-09,3.87714868475,9623.6882766912
1,1,8e-09,4.75445675725,12029.3471878874
1,1,6.98e-09,0.23124375738,6148.010769956
1,1,6.75e-09,5.56136235734,12964.300703391
1,1,6.78e-09,0.13408273301,6418.1409300268
1,1,6.71e-09,1.28940504615,6709.6740408674
1,1,7.68e-09,4.99147918103,1155.361157407
1,1,8.98e-09,2.2635297734,13367.9726311066
1,1,7.16e-09,4.07157593048,16730.4636895958
1,1,7.11e-09,3.39057215594,71.8126531507
1,1,6.51e-09,5.31876664276,5856.4776591154
1,1,7.44e-09,4.25820617142,12043.574281889
1,1,6.5e-09,3.96082074858,14712.317116458
1,1,7.19e-09,4.52061983489,77.7505439839
1,1,6.43e-09,6.14575788122,2352.8661537718
1,1,6.66e-09,6.18664331112,5746.271337896
1,1,5.88e-09,3.24442116878,13119.72110282519
1,1,6.27e-09,1.85323853183,4686.8894077068
1,1,5.84e-09,1.78420561597,13517.8701062334
1,1,5.72e-09,2.30412060804,309.2783226558
1,1,6.1e-09,0.48716946879,6819.8803620868
1,1,7.24e-09,3.25902076369,1162.4747044078
1,1,6.66e-09,3.29946942274,3634.6210245184
1,1,5.85e-09,0.14860338726,12036.4607348882
1,1,6.2e-09,5.87390167695,31415.379249957
1,1,5.53e-09,2.36074148933,6306.9542877392
1,1,5.53e-09,4.28779208332,6259.1974122436
1,1,5.27e-09,4.65845256725,10177.2576795336
1,1,5.23e-09,5.55991825992,12139.5535091068
1,1,5.14e-09,2.30343678959,4701.1165017084
1,1,5.1e-09,3.90147691268,277.0349937414
1,1,4.95e-09,3.58067041581,13362.4497067992
1,1,6.88e-09,0.4116031281,13916.0191096416
1,1,4.81e-09,4.14197696514,6286.9571853494
1,1,4.81e-09,2.50655660751,6279.1945146334
1,1,4.86e-09,0.82245463791,422.6660376129
1,1,4.65e-09,0.81901657744,14143.4952424306
1,1,4.4e-09,2.91975126929,3894.1818295422
1,1,4.31e-09,3.09968854047,11499.6562227928
1,1,4.52e-09,5.55409870988,12573.2652469836
1,1,4.99e-09,1.08746978287,12410.7313005486
1,1,4.4e-09,2.14902528642,24072.9214697764
1,1,4.31e-09,2.74190891091,1692.1656695024
1,1,4.35e-09,4.7694552879,9917.6968745098
1,1,3.91e-09,5.30832534377,1073.6090241908
1,1,3.98e-09,5.77181168519,8273.8208670324
1,1,3.79e-09,4.62464502982,6386.16862421
1,1,3.79e-09,2.02388854283,6179.9830757728
1,1,3.77e-09,5.90355422208,7872.1487452752
1,1,4.19e-09,5.62219999256,5327.4761083828
1,1,3.83e-09,0.40420536338,6319.1037166688
1,1,3.83e-09,6.24432820927,6247.04798331399
1,1,4.86e-09,3.05618432546,12592.4500197826
1,1,3.74e-09,1.92168872074,234.6397364404
1,1,4.57e-09,2.45652916518,6489.2613984286
1,1,4.57e-09,4.19200440747,6076.8903015542
1,1,5.12e-09,1.88365818219,11015.1064773348
1,1,3.84e-09,0.93539249733,330.6189636582
1,1,3.71e-09,5.54353838421,415.5524906121
1,1,3.53e-09,1.18721605495,846.0828347512
1,1,3.44e-09,0.28667648401,18451.07854656599
1,1,3.4e-09,2.75068444234,12323.4230960088
1,1,3.35e-09,6.0540115814,860.3099287528
1,1,4.54e-09,0.72878821246,2787.0430238574
1,1,3.37e-09,4.75525977824,71.6002048296
1,1,3.64e-09,2.25070711701,6321.1035226272
1,1,3.64e-09,4.39782645564,6245.0481773556
1,1,3.24e-09,2.28921417158,423.4167971383
1,1,3.42e-09,6.10019640486,6303.8512454838
1,1,3.42e-09,0.54833716779,6262.300454499
1,1,3.9e-09,2.72203516881,10021.8372800994
1,1,3.24e-09,2.66245548691,77713.7714681205
1,1,3.16e-09,0.14807870151,11926.2544136688
1,1,3.18e-09,1.32350341546,6311.5250374592
1,1,3.18e-09,5.32503015719,6254.6266625236
1,1,3.24e-09,3.05393333292,77.962992305
1,1,3.84e-09,3.06685995823,1478.8665740644
1,1,3.16e-09,0.91375113764,429.7795846137
1,1,3.61e-09,2.21089537404,2.9689454166
1,1,3.05e-09,5.5579164932,145.6310438715
1,1,3.04e-09,2.00970548291,12779.4507954208
1,1,3.43e-09,2.93550529951,6267.82337880639
1,1,3.43e-09,3.71302827314,6298.3283211764
1,1,3.98e-09,0.12276624389,1551.045222648
1,1,3.74e-09,4.41343415577,728.762966531
1,1,3e-09,1.77610616438,90279.92316810328
1,1,2.97e-09,0.51546903036,5429.8794682394
1,1,3.37e-09,2.71244267795,17782.7320727842
1,1,2.95e-09,4.05850212848,6702.5604938666
1,1,3.83e-09,6.13188528401,210.8514148832
1,1,3.8e-09,5.05058792236,215.7467759928
1,1,3.31e-09,0.94287498279,7238.6755916
1,1,3.21e-09,2.23719619346,17796.9591667858
1,1,2.68e-09,4.36573038796,2544.3144198834
1,1,3.49e-09,0.95962542267,17789.845619785
1,1,3.38e-09,5.87862918623,148.0787244263
1,1,2.55e-09,2.25536828287,437.6438911399
1,1,2.75e-09,3.67150875811,14945.3161735544
1,1,2.53e-09,2.22918080251,18073.7049386502
1,1,2.57e-09,1.04749733742,955.5997416086
1,1,3.11e-09,5.13228886176,838.9692877504
1,1,2.37e-09,2.28726007142,3.9321532631
1,1,2.82e-09,4.5026049449,13341.6743113068
1,1,2.66e-09,5.06649873732,38.1330356378
1,1,2.69e-09,6.10957634874,9779.1086761254
1,1,2.34e-09,1.6039581886,223.5940361765
1,1,3.06e-09,3.20523259534,5863.5912061162
1,1,2.21e-09,5.85413979591,508.3503240922
1,1,2.34e-09,4.87225306441,1272.6810256272
1,1,2.16e-09,5.60561646872,3185.1920272656
1,1,2.8e-09,1.91082976057,5642.1982426092
1,1,2.33e-09,3.01339621844,10984.1923516998
1,1,2.63e-09,2.16888500036,12168.0026965746
1,1,2.26e-09,4.44534966925,3496.032826134
1,1,2.6e-09,3.16564185469,10969.9652576982
1,1,2.27e-09,4.95666866168,5849.3641121146
1,1,2.11e-09,1.22111379347,19651.048481098
1,1,2.5e-09,4.61595902292,6923.9534573736
1,1,1.94e-09,2.37630770389,640.8776073822
1,1,2.03e-09,4.3949682847,6062.6632075526
1,1,2.03e-09,2.25356528795,6503.4884924302
1,1,2e-09,6.03453757404,1375.7737998458
1,1,1.84e-09,0.13859812924,18209.33026366019
1,1,1.84e-09,4.20955149479,12566.2190102856
1,1,1.9e-09,3.4292221126,2648.454825473
1,1,1.99e-09,2.84103239065,3.523118349
1,1,1.87e-09,2.05685668523,6290.1220866894
1,1,1.87e-09,4.59167688742,6276.02961329339
1,1,1.92e-09,2.99578290747,4732.0306273434
1,1,1.84e-09,4.65365446464,12566.08438968
1,1,2.3e-09,2.23774195109,12567.132021051
1,1,1.99e-09,2.97222353917,430.5303441391
1,1,1.88e-09,1.83168099087,124.433415221
1,1,1.84e-09,3.38049914956,6037.244203762
1,1,1.73e-09,0.50653444879,1368.660252845
1,1,1.66e-09,4.99522557947,1062.5633239269
1,1,1.64e-09,2.91444613296,3.1813937377
1,1,1.75e-09,3.26771507312,6528.9074962208
1,1,1.74e-09,1.61176269489,65.2203710117
1,1,1.63e-09,0.77052245905,88.865680217
1,1,1.54e-09,0.97127667708,6112.4029793722
1,1,1.54e-09,5.67725689556,6453.7487206106
1,1,1.53e-09,0.79359507111,160.6088973985
1,1,1.54e-09,6.16274455061,519.3960243561
1,1,1.66e-09,4.51313560848,12352.8526045448
1,1,1.72e-09,0.88734623011,1577.3435424478
1,1,1.44e-09,3.76179690789,18635.9284545362
1,1,1.4e-09,5.84592048082,1258.4539316256
1,1,1.46e-09,1.99164761433,13760.5987102074
1,1,1.38e-09,5.2213941063,1055.4497769261
1,1,1.36e-09,0.75192359085,11712.9553182308
1,1,1.42e-09,1.34533369944,4157.1984426122
1,1,1.33e-09,0.01824912792,18139.2945014159
1,1,1.32e-09,0.46806671232,654.1243803156
1,1,1.34e-09,3.33556330332,203.0041546995
1,1,1.24e-09,0.99880484927,17256.6315363414
1,1,1.4e-09,1.25451695814,9380.9596727172
1,1,1.2e-09,0.17691589754,1063.3140834523
1,1,1.23e-09,0.26259126301,6172.869528772
1,1,1.23e-09,0.10275700246,6393.2821712108
1,1,1.21e-09,5.40082218265,20.7753954924
1,1,1.17e-09,4.47711713051,18852.7506683232
1,1,1.18e-09,4.77280443966,551.031606097
1,1,1.2e-09,4.45697558744,539.9859058331
1,1,1.4e-09,5.86589845886,1056.2005364515
1,1,1.14e-09,2.33765655466,65147.6197681377
1,1,1.2e-09,2.2918427974,17253.04110768959
1,1,1.32e-09,4.94196827917,18875.525869774
1,1,1.11e-09,5.69390808885,222.8603229936
1,1,1.11e-09,0.03988488946,2125.8774073792
1,1,1.23e-09,4.42839393502,12565.1713789146
1,1,1.33e-09,4.62837772547,22.0914005278
1,1,1.29e-09,2.56187150433,11513.8833167944
1,1,1.21e-09,2.27781803851,10419.9862835076
1,1,1.18e-09,5.96799701373,17654.7805397496
1,1,1.44e-09,1.47900802038,299.1263942692
1,1,1.05e-09,5.26799267002,23013.5395395872
1,1,1.03e-09,0.24702432231,6271.3464971554
1,1,1.03e-09,0.11832394316,6294.8052028274
1,1,1.02e-09,2.69803619583,17267.26820169119
1,1,1.08e-09,2.49639211639,23543.23050468179
1,1,1.14e-09,2.21695343681,4171.4255366138
1,1,1.01e-09,4.42100430236,4804.209275927
1,1,1.34e-09,3.16966777445,21.3406410024
1,1,1.39e-09,2.94662252756,1485.9801210652
1,1,1.02e-09,5.67042027327,6549.6828917132
1,1,1.02e-09,0.97811329938,6016.4688082696
1,1,9.7e-10,5.41467539027,18.1592472647
1,1,1.25e-09,0.12553662943,10213.285546211
1,1,9.6e-10,3.0817040236,191.9584544356
1,1,1.2e-09,4.77545420807,1574.8458012822
1,1,9.4e-10,3.3173974237,87.3117715395
1,1,1.01e-09,1.27086316315,33.6796175129
1,1,1.21e-09,0.05336972054,13625.533630172
1,1,1.22e-09,0.24302263595,84.3428261229
1,1,9.6e-10,5.16231260208,2111.6503133776
1,1,9.7e-10,5.87982327909,217.964961884
1,1,8.6e-10,5.93949751968,12808.8803039568
1,1,8.7e-10,3.32576161903,231.4583427027
1,1,9.5e-10,1.34358559692,12345.739057544
1,1,9.7e-10,1.64179644592,72.3339180125
1,1,8.9e-10,5.45720829907,628.8515860501
1,1,1.06e-09,5.14281705612,11216.284290324
1,1,9.5e-10,2.50046439714,12012.5822971404
1,1,8.1e-10,3.84772814821,11614.4332937322
1,1,8.8e-10,5.00348782624,1699.2792165032
1,1,8.4e-10,1.14755262027,6255.6742938946
1,1,8.4e-10,5.50098095238,6310.4774060882
1,1,8.1e-10,1.26377078095,12.5301729722
1,1,8e-10,2.3450869334,3340.6124266998
1,1,1.06e-09,6.00471264495,3097.88382272579
1,1,8e-10,0.34711727404,6922.9731363054
1,1,8.5e-10,5.79536877725,5636.0650166766
1,1,8.6e-10,3.03921945697,127.4717966068
1,1,9.2e-10,0.87789019103,10818.1352869158
1,1,8e-10,4.19702650261,3583.3410306738
1,1,8.3e-10,3.709020395,5120.6011455836
1,1,8e-10,1.41939312484,13521.7514415914
1,1,8.4e-10,3.01891268791,10440.2742926036
1,1,8.5e-10,5.30523639998,208.633228992
1,1,7.7e-10,5.70306938809,6993.0088985497
1,1,1.04e-09,5.42105253386,5650.2921106782
1,1,8.6e-10,0.81273058913,12359.9661515456
1,1,8e-10,4.03019573108,1471.7530270636
1,1,7.6e-10,5.75771357218,288.0806940053
1,1,9e-10,6.02294397735,6195.76764545159
1,1,9e-10,0.6255895953,6370.3840545312
1,1,8.2e-10,0.197679481,18842.11400297339
1,1,8.3e-10,5.31994916859,18415.51581209739
1,1,1.01e-09,2.8619181197,3104.9300594238
1,1,9.6e-10,6.22255663987,203.7378678824
1,1,7.6e-10,0.40948960322,362.8622925726
1,1,7.2e-10,3.81559276845,302.164775655
1,1,7.5e-10,1.95113506965,525.0250986486
1,1,6.9e-10,4.21368560293,114.3991069134
1,1,6.8e-10,0.64071253014,153.4953503977
1,1,8.4e-10,4.35521501162,2379.1644735716
1,1,6.8e-10,0.16388050208,9.5612275556
1,1,6.8e-10,0.99582401938,73.8183907208
1,1,7.5e-10,1.62833922577,30355.9973197678
1,1,6.9e-10,3.24662354142,10454.5013866052
1,1,7.6e-10,3.9266593535,17298.1823273262
1,1,7.6e-10,4.83482959872,18429.742906099
1,1,7.1e-10,2.38708525663,534.3568315406
1,1,7.9e-10,0.06205634713,22805.7355659936
1,1,7.7e-10,2.05455640378,16858.4825329332
1,1,6.4e-10,0.53528518109,75.7448064138
1,1,8.7e-10,5.09755111164,3903.9113764198
1,1,6.6e-10,6.177864772,42.5864537627
1,1,6.1e-10,2.88776849923,207.8824694666
1,1,6.1e-10,3.70271756349,16737.5772365966
1,1,7.8e-10,4.31638741861,8671.9698704406
1,1,6.3e-10,0.99541849434,24356.7807886416
1,1,6e-10,2.02282855033,218.7157214094
1,1,7e-10,0.83559773197,52.6901980395
1,1,7.5e-10,2.14136838637,23581.2581773176
1,1,5.9e-10,1.24623136375,408.4389436113
1,1,7.3e-10,4.49527510239,9388.0059094152
1,1,5.8e-10,0.89406841198,17996.0311682222
1,1,6.7e-10,0.58534149028,152.5321425512
1,1,7.6e-10,0.10784891475,77.2292791221
1,1,6.4e-10,3.30054842989,79.2350166922
1,1,6.1e-10,0.45486168004,56.6223513026
1,1,6.2e-10,4.06342805588,11925.2740926006
1,1,6e-10,3.51548088474,34570.0663348526
1,1,5.7e-10,4.46050926275,149854.4001348079
1,1,5.6e-10,5.33393809517,12455.9453787634
1,1,5.5e-10,3.57207397234,340.7708920448
1,1,5.6e-10,2.17965993818,11764.330768859
1,1,5.5e-10,3.08168513239,200.7689224658
1,1,6.1e-10,0.15194461973,28237.2334593894
1,1,7.6e-10,2.25541605095,146.594251718
1,1,6.5e-10,5.87045161229,7335.3442331798
1,1,6e-10,5.32793915897,831.8557407496
1,1,5.4e-10,2.83216128661,1.4844727083
1,1,7.2e-10,5.87296425674,6510.5519827804
1,1,7.2e-10,0.77556931591,6055.5997172024
1,1,6.6e-10,5.83578469159,618.5566453116
1,1,7.1e-10,0.23083621209,12545.3763044904
1,1,6.1e-10,5.37705181537,6253.6463414554
1,1,6.1e-10,1.27148175728,6312.5053585274
1,1,5.5e-10,1.1860370357,2699.7348193176
1,1,5.6e-10,6.18401368339,5573.1428014331
1,1,5.8e-10,0.97037460116,4.4534181249
1,1,5.5e-10,5.94073604896,15671.0817594066
1,1,5.2e-10,0.26563539971,5326.7866940208
1,1,5.1e-10,3.56752380688,225.8292684102
1,1,5.8e-10,3.10263152972,2221.856634597
1,1,5.1e-10,4.54732927101,62.2514255951
1,1,5.3e-10,1.77739578512,26735.9452622132
1,1,6.4e-10,5.43530311047,1685.0521225016
1,1,5e-10,4.84629478021,195.1398481733
1,1,6.5e-10,2.33938496802,14919.0178537546
1,1,4.9e-10,2.64059175393,2008.557539159
1,1,4.9e-10,4.18739781015,35579.69123957
1,1,5.3e-10,5.28549359722,6357.8574485587
1,1,5.3e-10,1.36303997543,6208.2942514241
1,1,5.1e-10,0.76407742618,16522.6597160022
1,1,5.2e-10,4.61821041475,70.3281804424
1,1,4.9e-10,4.92674479666,21393.5419698576
1,1,4.9e-10,0.60525485888,7018.9523635232
1,1,4.9e-10,6.04327871377,5547.1993364596
1,1,4.9e-10,4.31351627712,350.3321196004
1,1,4.9e-10,2.59123701567,12416.5885028482
1,1,5e-10,0.07523239468,26084.0218062162
1,1,4.8e-10,5.46985443988,12132.439962106
1,1,5.1e-10,3.40683294217,23006.42599258639
1,1,5.8e-10,2.46543150418,15141.390794312
1,1,5.1e-10,1.79926614465,210.3783341312
1,1,4.8e-10,4.88190521609,16200.7727245012
1,1,5.1e-10,3.07938265367,216.2198567448
1,1,4.7e-10,0.97667389279,24279.10701821359
1,1,4.9e-10,1.66846784739,5749.8617665478
1,1,4.9e-10,4.98006572526,6816.289933435
1,1,4.6e-10,3.45134537804,19378.9185150688
1,1,4.7e-10,2.09300174029,24065.80792277559
1,1,4.9e-10,5.92307582908,963.4027029714
1,1,5.3e-10,1.27341801656,142.4496501338
1,1,4.6e-10,5.73797450552,104351.61256629678
1,1,4.9e-10,1.45701599108,8982.810669309
1,1,5e-10,4.49441848554,24602.61243487099
1,1,4.5e-10,0.12799634054,24491.4257925834
1,1,4.9e-10,2.95918505969,16460.33352952499
1,1,5.4e-10,0.03974674424,7834.1210726394
1,1,4.5e-10,5.05860612319,161000.6857376741
1,1,4.5e-10,4.8076021519,37.611770776
1,1,4.4e-10,3.92726741188,8662.240323563
1,1,4.9e-10,4.51486356794,29303.7289365794
1,1,5e-10,4.51633294079,1038.0412891868
1,1,4.4e-10,5.63991949724,524.2743391232
1,1,4.4e-10,2.6744027939,38.6543004996
1,1,4.4e-10,4.98395147244,535.107591066
1,1,5.8e-10,5.77065508757,1795.258443721
1,1,4.9e-10,4.98978743446,29289.5018425778
1,1,4.3e-10,3.34677142688,5244.049239201
1,1,4.4e-10,3.63764737159,6175.4123260528
1,1,4.4e-10,3.01088620106,6390.73937393
1,1,4.2e-10,1.47305743112,24705.70520908959
1,1,4.3e-10,4.16006907854,74.6697239827
1,1,4.3e-10,3.66062507509,74.8934731519
1,1,4.9e-10,5.77857770467,207.6700211455
1,1,4.1e-10,4.78696656856,17370.3609759098
1,1,4.1e-10,4.99610869214,22483.84857449259
1,1,5.7e-10,3.1949709553,84334.66158130829
1,1,4.1e-10,3.62603303245,23020.65308658799
1,1,4.5e-10,2.13147646951,54247.4131357504
1,1,4.9e-10,1.81278199589,131.4039498699
1,1,4e-10,3.00393229632,32243.4985008806
1,1,4e-10,0.45946989377,24336.0053931492
1,1,4.7e-10,2.28831256912,109.9456887885
1,1,4e-10,0.00254937606,8401.8397103698
1,1,3.9e-10,1.67338261788,1382.8873468466
1,1,4.1e-10,5.05922003836,26482.1708096244
1,1,4.4e-10,4.93011217974,28230.18722269139
1,1,3.9e-10,5.54872052106,45585.1728121874
1,1,4.1e-10,2.93602685311,10.2949407385
1,1,3.8e-10,4.40087475081,703.6331846174
1,1,3.8e-10,3.93561558747,6268.8487559898
1,1,3.8e-10,2.71291798518,6297.302943993
1,1,4.1e-10,4.95311845784,15508.6151232744
1,1,3.8e-10,0.10976793876,6171.8892077038
1,1,3.8e-10,0.25558032671,6394.262492279
1,1,3.9e-10,3.31511780881,29826.3063546732
1,1,4.6e-10,5.36914408518,218.9281697305
1,1,3.8e-10,4.03952051907,16062.1845261168
1,1,3.7e-10,2.07587316842,20452.8694122218
1,1,3.7e-10,4.39032344034,511.5317178299
1,1,4.9e-10,5.78169307611,18216.443810661
1,1,4.1e-10,1.35496527372,29088.811415985
1,1,3.8e-10,6.16268217428,18202.21671665939
1,1,3.6e-10,3.8431980186,39302.096962196
1,1,3.8e-10,6.14920442251,26709.6469424134
1,1,3.6e-10,6.28049708584,9924.8104215106
1,1,3.5e-10,5.85809750059,565.1156877467
1,1,3.5e-10,4.66732134451,4061.2192153944
1,1,4e-10,3.43223548088,27511.4678735372
1,1,3.5e-10,6.22608295766,547.8502123593
1,1,3.4e-10,1.38801022558,6147.4505249814
1,1,3.4e-10,5.26052334707,6418.7011750014
1,1,3.8e-10,3.93290315553,490.3340891794
1,1,3.4e-10,1.97967478962,17271.8840075264
1,1,3.4e-10,5.54907603693,750.1036075334
1,1,3.7e-10,6.26293750649,635.9651330509
1,1,3.7e-10,6.05744777692,21150.8133658836
1,1,3.4e-10,1.90509484306,29026.48522950779
1,1,3.5e-10,3.20661690466,7322.1024607818
1,1,4.4e-10,2.79017179925,3981.490034082
1,1,3.4e-10,1.21719184072,21548.9623692918
1,1,3.3e-10,4.13127114332,173566.83743765688
1,1,3.8e-10,5.99103573925,483.2205421786
1,1,3.5e-10,4.68155089578,526.7702037878
1,1,3.3e-10,3.22867201822,30666.1549584328
1,1,3.4e-10,4.95128499531,38500.2760310722
1,1,3.5e-10,5.94254789616,532.6117264014
1,1,3.2e-10,4.38302389502,17686.7528455664
1,1,3.8e-10,4.95582614524,19004.6479494084
1,1,3.3e-10,1.70921741352,34520.3093093808
1,1,4.1e-10,4.09101902227,21202.093703746
1,1,3.1e-10,0.28544969417,22003.9146348698
1,1,3.7e-10,1.21597687953,7349.5713271814
1,1,3.1e-10,1.18565768932,447.9388318784
1,1,3.1e-10,0.19462514993,27832.0382192832
1,1,3.7e-10,3.41912843249,29296.6153895786
1,1,3.5e-10,2.69261244483,11919.140866668
1,1,3.5e-10,0.83074174405,29062.5130961852
1,1,3e-10,0.44298905817,209.106309744
1,1,3e-10,2.96012497927,12489.8856287072
1,1,3e-10,1.59264152747,92.940845832
1,1,3.5e-10,4.83736876925,21228.3920235458
1,1,3e-10,4.44526322933,217.491881132
1,1,3.2e-10,6.26164802166,6231.79551212899
1,1,3.2e-10,0.38688555099,6334.35618785381
1,1,3.5e-10,1.72609608211,265.9892934775
1,1,2.9e-10,0.70432070922,49515.382508407
1,1,3.2e-10,0.44788919628,31172.650645983
1,1,3.1e-10,2.69970301246,33019.0211122046
1,1,2.9e-10,2.26256470092,27278.4688164408
1,1,3.1e-10,3.19023486538,5017.508371365
1,1,2.8e-10,3.34466525843,80.1982245387
1,1,2.8e-10,1.87849143707,24080.03501677719
1,1,3.4e-10,0.78574341965,5905.7022420756
1,1,3.4e-10,5.862790153,6660.4494579072
1,1,3.8e-10,5.12224209756,31570.7996493912
1,1,2.7e-10,4.35707854664,1279.794572628
1,1,3.1e-10,5.18940920282,424.1505103212
1,1,2.7e-10,3.7602531546,19402.7969528166
1,1,2.7e-10,0.53327304803,233141.3144043615
1,1,3e-10,2.32405719366,12586.9270954752
1,1,2.8e-10,5.54772804461,34911.412076091
1,1,2.7e-10,5.30079330746,43232.3066584156
1,1,3.3e-10,0.34449594524,269.9214467406
1,1,3.6e-10,4.81217077776,15664.03552270859
1,1,2.7e-10,0.6563741813,6360.7496204194
1,1,2.7e-10,5.99215939135,6205.4020795634
1,1,2.6e-10,3.4241373744,24383.0791084414
1,1,3.3e-10,3.45722382528,28628.3362260996
1,1,2.7e-10,4.81466818286,1802.3719907218
1,1,2.7e-10,2.32049228976,32367.0976562076
1,1,2.6e-10,1.98182489066,19804.8272915828
1,1,2.7e-10,1.77114813957,4487.8174062704
1,1,2.8e-10,2.89944615107,58953.145443294
1,1,2.8e-10,3.80331477821,10239.5838660108
1,1,2.6e-10,0.36912120822,6339.974224927
1,1,2.6e-10,6.27941236443,6226.1774750558
1,1,2.6e-10,6.01416870867,4797.0957289262
1,1,2.8e-10,2.80825729869,22476.73502749179
1,1,2.9e-10,0.17746825116,6592.3541726472
1,1,2.9e-10,0.18788001431,5973.7975273356
1,1,2.6e-10,3.93576097012,36949.2308084242
1,1,2.7e-10,5.82028492837,1898.3512179396
1,1,2.7e-10,0.64682460545,29424.634232916
1,1,2.6e-10,2.5405955204,9910.583327509
1,1,2.8e-10,2.41855003101,46386.9937433112
1,1,2.4e-10,1.22629501602,21947.1113727
1,1,2.4e-10,0.55027097678,11616.976091013
1,1,2.5e-10,2.78491065355,6302.74561089119
1,1,2.5e-10,3.8636229191,6263.4060890916
1,1,2.6e-10,4.44347824401,15110.4661198662
1,1,2.3e-10,1.56475852877,650.9429865779
1,1,2.8e-10,6.10918595816,18052.9295431578
1,1,2.3e-10,1.99242379288,30774.5016425748
1,1,2.4e-10,3.73458431258,31968.9486527994
1,1,2.3e-10,4.85605613315,35.685355083
1,1,2.3e-10,0.62347300029,17892.93839400359
1,1,2.4e-10,3.21260068222,23550.34405168259
1,1,2.3e-10,4.85338065767,28.5718080822
1,1,2.2e-10,0.71803323367,337.732510659
1,1,2.3e-10,1.36063534536,6716.7875878682
1,1,2.7e-10,0.02724821878,25158.6017197654
1,1,2.6e-10,3.57645528088,8584.6616659008
1,1,2.2e-10,3.99741791962,7445.5505543992
1,1,2.3e-10,0.11555144192,643.0786800517
1,1,2.2e-10,6.10694895695,15265.8865193004
1,1,2.3e-10,4.51155345742,284.1485407422
1,1,2.5e-10,0.81555419576,14155.2245952666
1,1,2.3e-10,3.06283945185,6272.0301497275
1,1,2.3e-10,3.5856941208,6294.1215502553
1,1,2.5e-10,2.4488007694,20199.094959633
1,1,2.3e-10,6.2229490093,191.2076949102
1,1,2.1e-10,5.78253540504,22779.4372461938
1,1,2.3e-10,2.25096306087,34115.1140692746
1,1,2.2e-10,4.67990936559,34596.3646546524
1,1,2.9e-10,0.93434607315,11933.3679606696
1,1,2.1e-10,0.34726135597,137.0330241624
1,1,2.1e-10,4.08577407328,30220.9322397324
1,1,2.1e-10,2.62420739411,40.5807161926
1,1,2.1e-10,3.37519693925,934.9485149682
1,1,2.1e-10,2.93989832001,525.4981794006
1,1,2e-10,0.47093224249,47162.5163546352
1,1,2.2e-10,1.38262024424,4379.6390374902
1,1,2.3e-10,4.92629143648,540.7366653585
1,1,2e-10,5.31355969163,40879.4405046438
1,1,2.3e-10,0.59531277141,1361.5467058442
1,1,2.2e-10,4.52226925108,28759.81087748319
1,1,2.6e-10,3.41054638032,18422.62935909819
1,1,2.5e-10,0.38304523465,96.8729990951
1,1,2.7e-10,0.67002293804,34513.2630726828
1,1,2.7e-10,6.21242304915,1905.4647649404
1,1,1.9e-10,4.7861006476,28313.288804661
1,1,2e-10,5.5473492439,251.4321310758
1,1,2.4e-10,4.91328411886,219.4494345923
1,1,2e-10,5.09152714894,8186.5126624926
1,1,2.5e-10,3.53211055104,55798.4583583984
1,1,2.5e-10,0.38024667868,9225.539273283
1,1,2e-10,1.71238700404,27433.88921587499
1,1,2.4e-10,1.20856889899,9411.4646150872
1,1,2e-10,1.65292451759,6379.0550772092
1,1,2e-10,4.99560905506,6187.0966227736
1,1,2e-10,2.94178503134,19800.9459562248
1,1,2e-10,4.32349571107,62883.3551395136
1,1,2.2e-10,4.44470422678,18326.65013188039
1,1,1.9e-10,4.37840329985,16207.886271502
1,1,2.2e-10,4.46505143635,6332.8328754632
1,1,2.2e-10,2.1834821363,6233.3188245196
1,1,1.9e-10,1.36569875427,23539.7073863328
1,1,2e-10,3.55117744188,81.8951455681
1,1,1.8e-10,4.61817062443,6593.9166488598
1,1,1.8e-10,2.03036294822,5972.235051123
1,1,1.9e-10,2.36455752682,5618.3198048614
1,1,1.9e-10,4.28397604583,6947.8318951214
1,1,1.9e-10,0.18461307728,83973.83535572988
1,1,1.9e-10,4.29574440213,84019.8592804939
1,1,2e-10,2.85390720284,9070.1188738488
1,1,2.1e-10,1.17914689008,344.7030453079
1,2,4.098432e-05,3.14159265359,0.0
1,2,2.175689e-05,4.39999849572,12566.1516999828
1,2,9.95233e-06,0.20790847155,6283.0758499914
1,2,1.60293e-06,4.40406062613,206.1855484372
1,2,1.55633e-06,0.48183983171,220.4126424388
1,2,1.18222e-06,0.99338493688,522.5774180938
1,2,1.15842e-06,3.35337160144,536.8045120954
1,2,9.2659e-07,4.1928547101,18849.2275499742
1,2,9.6063e-07,5.5670757102,213.299095438
1,2,6.5107e-07,5.63089478188,426.598190876
1,2,7.4211e-07,2.15619420586,529.6909650946
1,2,3.7796e-07,1.97621753751,1059.3819301892
1,2,1.4232e-07,5.82837756444,433.7117378768
1,2,1.3989e-07,1.76434060619,7.1135470008
1,2,1.2711e-07,3.4914979877,419.4846438752
1,2,1.3679e-07,3.37833642063,6286.5989683404
1,2,1.3668e-07,3.27271492019,6279.5527316424
1,2,9.377e-08,4.714644399,639.897286314
1,2,8.19e-08,4.4192802203,6256.7775301916
1,2,8.145e-08,2.22925093408,6309.3741697912
1,2,8.004e-08,5.92288197328,6127.6554505572
1,2,7.707e-08,0.35647823047,227.5261894396
1,2,7.746e-08,0.72469358509,6438.4962494256
1,2,6.797e-08,3.87383015136,1066.49547719
1,2,8.899e-08,5.38113427234,83996.84731811189
1,2,5.452e-08,0.48898137631,1052.2683831884
1,2,5.027e-08,1.12572622612,515.463871093
1,2,3.667e-08,4.56283602529,199.0720014364
1,2,3.523e-08,3.22103209546,543.9180590962
1,2,3.456e-08,2.36040843812,1589.0728952838
1,2,4.754e-08,6.16710003373,709.9330485583
1,2,3.737e-08,2.48724420764,5507.5532386674
1,2,2.893e-08,4.9497269746,4705.7323075436
1,2,2.937e-08,4.08160813245,25132.3033999656
1,2,3.203e-08,4.14275083744,7058.5984613154
1,2,2.254e-08,3.51957213521,775.522611324
1,2,2.17e-08,1.70495739017,7860.4193924392
1,2,2.031e-08,2.2936343897,6275.9623029906
1,2,2.031e-08,4.35489918295,6290.1893969922
1,2,1.904e-08,4.46668961834,5486.777843175
1,2,1.548e-08,2.12906745749,6040.3472460174
1,2,1.563e-08,2.18101487697,7079.3738568078
1,2,1.456e-08,3.53770823599,5753.3848848968
1,2,1.424e-08,3.16250984559,6812.766815086
1,2,1.47e-08,4.51659549398,6525.8044539654
1,2,1.429e-08,3.01998118552,5884.9268465832
1,2,1.347e-08,2.19024470415,316.3918696566
1,2,1.405e-08,6.22622304401,216.4804891757
1,2,1.32e-08,4.96541286159,647.0108333148
1,2,1.365e-08,4.95810524231,210.1177017003
1,2,1.281e-08,3.62939670157,6681.2248533996
1,2,1.687e-08,1.62553064962,14.2270940016
1,2,1.093e-08,4.21067890946,103.0927742186
1,2,1.338e-08,1.04445705185,5729.506447149
1,2,9.73e-09,4.02172041169,853.196381752
1,2,1.039e-08,5.85310113863,6282.0955289232
1,2,1.039e-08,0.79543243402,6284.0561710596
1,2,1.212e-08,5.61713170172,6836.6452528338
1,2,9.04e-09,2.43535199673,5331.3574437408
1,2,8.71e-09,3.84816000443,4933.2084403326
1,2,9.38e-09,4.4067926558,632.7837393132
1,2,8.79e-09,3.06133930098,11790.6290886588
1,2,8.48e-09,1.52469724284,526.5095713569
1,2,1.102e-08,4.59510736976,167283.7615876655
1,2,8.26e-09,2.8142597521,532.8723588323
1,2,7.69e-09,4.22812146942,7234.794256242
1,2,7.58e-09,0.02371551403,209.3669421749
1,2,7.33e-09,4.88186040762,217.2312487011
1,2,7.44e-09,0.34956564055,4136.9104335162
1,2,6.88e-09,5.79109380413,440.8252848776
1,2,9.39e-09,3.62288542048,11856.2186514245
1,2,6.75e-09,2.82587446878,7632.9432596502
1,2,6.54e-09,1.40322441961,11506.7697697936
1,2,8.54e-09,5.24328642976,4535.0594369244
1,2,6.65e-09,4.81749499447,1194.4470102246
1,2,8.34e-09,5.75118975782,155.4203994342
1,2,6.03e-09,5.14215709084,323.5054166574
1,2,6.24e-09,0.96146126905,117.3198682202
1,2,7.85e-09,5.88776299473,5088.6288397668
1,2,5.49e-09,4.81966003612,949.1756089698
1,2,7.02e-09,0.69460527884,74.7815985673
1,2,5.48e-09,6.12128965864,796.2980068164
1,2,5.46e-09,0.01597529774,1045.1548361876
1,2,6.86e-09,1.90135823927,801.8209311238
1,2,5.07e-09,5.42408029291,4694.0029547076
1,2,4.99e-09,2.9539499814,110.2063212194
1,2,5.1e-09,2.48615954177,95.9792272178
1,2,6.04e-09,6.00696167862,735.8765135318
1,2,6.77e-09,2.71965226391,3128.3887650958
1,2,4.99e-09,3.0275223585,12569.6748183318
1,2,4.9e-09,2.828895357,525.7588118315
1,2,4.88e-09,1.51375734651,533.6231183577
1,2,4.8e-09,0.01327044252,8429.2412664666
1,2,5.92e-09,1.39433962245,8031.0922630584
1,2,4.38e-09,4.38613869498,1596.1864422846
1,2,5.19e-09,6.10806295653,149.5631971346
1,2,5.62e-09,0.77105088912,7477.522860216
1,2,4.15e-09,0.0055896245,6069.7767545534
1,2,4.15e-09,0.3513122628,6496.3749454294
1,2,4.02e-09,1.7217712844,3738.761430108
1,2,5.03e-09,3.41456622371,1592.5960136328
1,2,3.9e-09,5.36711219721,26.2983197998
1,2,3.72e-09,4.35153585802,553.5694028424
1,2,4.58e-09,0.85618925594,156137.47598479927
1,2,3.25e-09,2.94948293011,951.7184062506
1,2,3.21e-09,2.01798251637,1990.745017041
1,2,3.35e-09,1.12608331535,4690.4798363586
1,2,3.66e-09,0.10449761483,12721.572099417
1,2,2.87e-09,2.26476426223,242.728603974
1,2,3.47e-09,1.3424894863,5481.2549188676
1,2,3.68e-09,3.91910931412,9437.762934887
1,2,3.53e-09,5.67450059858,63.7358983034
1,2,2.89e-09,2.73071540241,2118.7638603784
1,2,2.67e-09,6.09793545646,625.6701923124
1,2,2.7e-09,0.56801609869,1581.959348283
1,2,3.35e-09,3.28599535784,412.3710968744
1,2,2.55e-09,1.83876117314,11371.7046897582
1,2,2.42e-09,4.9232700131,8827.3902698748
1,2,3.07e-09,1.5681733016,1349.8674096588
1,2,2.3e-09,1.62446688541,70.8494453042
1,2,2.26e-09,0.21648774887,234.6397364404
1,2,2.42e-09,0.12263961387,1748.016413067
1,2,2.22e-09,4.88851960168,4164.311989613
1,2,2.57e-09,0.5514183771,956.2891559706
1,2,2.3e-09,1.05870192923,3154.6870848956
1,2,2.18e-09,6.1873288825,78.7137518304
1,2,2.16e-09,0.69406612425,11.0457002639
1,2,2.83e-09,2.17198423111,85.8272988312
1,2,2.1e-09,4.87169565788,942.062061969
1,2,2.04e-09,0.44240387853,11769.8536931664
1,2,2.27e-09,5.26494518266,73.297125859
1,2,2.35e-09,1.88541486477,36.6485629295
1,2,1.88e-09,5.6588899347,7875.6718636242
1,2,2.24e-09,5.59487510601,39.6175083461
1,2,1.89e-09,0.61654841817,2388.8940204492
1,2,2.33e-09,5.23023625373,7084.8967811152
1,2,2.28e-09,4.22772621951,202.2533951741
1,2,1.83e-09,4.10128236867,7342.4577801806
1,2,1.87e-09,2.8627940246,1169.5882514086
1,2,1.67e-09,3.64468986986,1073.6090241908
1,2,1.95e-09,0.93545523133,224.3447957019
1,2,1.73e-09,0.52511015365,10977.078804699
1,2,1.59e-09,2.72294432534,4292.3308329504
1,2,2.07e-09,2.28587256917,13367.9726311066
1,2,2.02e-09,3.21445201981,10973.55568635
1,2,1.58e-09,0.41813276311,1155.361157407
1,2,1.41e-09,2.05881354566,742.9900605326
1,2,1.45e-09,5.45882589245,398.1490034082
1,2,1.35e-09,0.93601004324,138.5174968707
1,2,1.49e-09,3.11048959872,76.2660712756
1,2,1.55e-09,5.81412827494,12410.7313005486
1,2,1.33e-09,1.27948900541,508.3503240922
1,2,1.34e-09,4.56296979111,10575.4066829418
1,2,1.45e-09,4.08945624026,309.2783226558
1,2,1.26e-09,5.33539657707,330.6189636582
1,2,1.27e-09,4.8461256756,13119.72110282519
1,2,1.26e-09,4.18511285279,860.3099287528
1,2,1.6e-09,3.7640972839,38.1330356378
1,2,1.15e-09,4.96539448045,2146.1654164752
1,2,1.25e-09,3.87814283336,12562.6285816338
1,2,1.25e-09,0.17913722961,8635.9420037632
1,2,1.22e-09,1.0501917611,12592.4500197826
1,2,1.11e-09,2.1576583524,1577.3435424478
1,2,1.34e-09,6.25201667258,3930.2096962196
1,2,1.07e-09,3.43601884429,13517.8701062334
1,2,1.15e-09,6.09545736763,223.5940361765
1,2,1.1e-09,0.21868987814,71.6002048296
1,2,1.15e-09,5.33896891891,429.7795846137
1,2,1.05e-09,1.31705960331,77.962992305
1,2,1.02e-09,4.37125144267,10988.808157535
1,2,9.5e-10,5.98656941724,17260.1546546904
1,2,1.27e-09,6.1227713124,728.762966531
1,2,1.06e-09,1.49565452639,1162.4747044078
1,2,1e-09,2.34969093002,13095.8426650774
1,2,1.1e-09,3.6376895807,5223.6939198022
1,2,1.02e-09,5.20836098548,422.6660376129
1,2,8.5e-10,4.32512089859,3894.1818295422
1,2,1.09e-09,3.99726753431,12539.853380183
1,2,8.4e-10,0.06183751259,124.433415221
1,2,7.9e-10,5.22586609526,16730.4636895958
1,2,7.9e-10,0.08497701397,10447.3878396044
1,2,7.6e-10,4.1184637433,12323.4230960088
1,2,1.05e-09,3.53845510796,5642.1982426092
1,2,7.5e-10,5.73067319226,6709.6740408674
1,2,7.5e-10,0.91786038039,5856.4776591154
1,2,8.2e-10,5.90914298142,10177.2576795336
1,2,7.4e-10,1.07138930276,1265.5674786264
1,2,7.6e-10,4.22098650571,423.4167971383
1,2,1e-09,0.66749297482,250570.6758572191
1,2,7.1e-10,3.05925118734,551.031606097
1,2,8.2e-10,1.68324374227,519.3960243561
1,2,7.1e-10,0.59970099558,14314.1681130498
1,2,6.8e-10,4.9651084623,654.1243803156
1,2,9.2e-10,1.9824056447,13916.0191096416
1,2,9.1e-10,3.10960444681,6923.9534573736
1,2,6.6e-10,2.46864705656,88.865680217
1,2,8.2e-10,4.00218490582,31415.379249957
1,2,8.3e-10,5.97854162397,95143.1329209781
1,2,7.3e-10,1.49901280909,21.3406410024
1,2,6.1e-10,4.23984291228,8273.8208670324
1,2,5.8e-10,4.77256654994,191.9584544356
1,2,6.4e-10,0.59210224706,838.9692877504
1,2,5.5e-10,1.41429091428,5643.1785636774
1,2,6.4e-10,2.62531230776,539.9859058331
1,2,5.4e-10,5.63153101737,16496.3613962024
1,2,6.4e-10,5.15957430521,203.0041546995
1,2,7.5e-10,5.01329496789,71430.69561812909
1,2,5.5e-10,3.83548544187,13341.6743113068
1,2,5.2e-10,4.39839251424,3634.6210245184
1,2,5.6e-10,1.31106242697,15720.8387848784
1,2,5e-10,4.18716262207,12573.2652469836
1,2,6.4e-10,3.35781526441,4732.0306273434
1,2,6.6e-10,5.49585898905,2787.0430238574
1,2,4.8e-10,2.02353005537,13362.4497067992
1,2,4.9e-10,2.48296676043,14143.4952424306
1,2,5.3e-10,4.12375134867,14919.0178537546
1,2,4.7e-10,3.82959048333,12964.300703391
1,2,4.5e-10,4.29961594202,846.0828347512
1,2,4.6e-10,3.88547191366,145.6310438715
1,2,4.2e-10,0.38069707842,24072.9214697764
1,2,4.7e-10,3.3181830883,1062.5633239269
1,2,5.1e-10,1.26573618407,6195.76764545159
1,2,5.1e-10,5.38279738858,6370.3840545312
1,2,4.1e-10,2.49731951011,18319.5365848796
1,2,4.1e-10,4.09328168773,3185.1920272656
1,2,5.6e-10,1.01626259839,84672.47584450469
1,2,3.8e-10,1.25489937051,1258.4539316256
1,2,3.9e-10,4.27641929836,20426.571092422
1,2,5.3e-10,3.21190793912,239424.39025435288
1,2,4e-10,6.05039617409,3496.032826134
1,2,3.5e-10,1.55855229745,1692.1656695024
1,2,3.6e-10,0.59325228587,10213.285546211
1,2,4.4e-10,1.67103342381,8662.240323563
1,2,3.6e-10,5.46623211848,302.164775655
1,2,3.4e-10,5.64744481308,277.0349937414
1,2,4.3e-10,3.69693055127,18139.2945014159
1,2,3.5e-10,3.60804630271,18875.525869774
1,2,3.5e-10,6.09077128153,10419.9862835076
1,2,3.1e-10,0.64652215197,23013.5395395872
1,2,3.5e-10,0.91150627653,9779.1086761254
1,2,3e-10,4.86335561218,2125.8774073792
1,2,3.5e-10,1.25631519996,1056.2005364515
1,2,3e-10,4.39715700541,12808.8803039568
1,2,4.2e-10,5.61217219717,82576.9812209953
1,2,3.1e-10,5.53053428232,14712.317116458
1,2,4.1e-10,5.62875780162,17789.845619785
1,2,3.1e-10,0.76672410297,22779.4372461938
1,2,3.9e-10,0.20293002946,1574.8458012822
1,2,2.8e-10,2.34481351815,5429.8794682394
1,2,2.7e-10,4.68961132588,16200.7727245012
1,2,3.6e-10,0.12982829645,437.6438911399
1,2,3.1e-10,3.39518273216,1272.6810256272
1,2,2.7e-10,3.47340764254,1055.4497769261
1,2,2.9e-10,1.32325847141,618.5566453116
1,2,2.8e-10,3.91086715449,11015.1064773348
1,2,2.6e-10,2.2939398067,9623.6882766912
1,2,2.6e-10,4.35459376595,2942.4634232916
1,2,2.8e-10,6.2463721969,1038.0412891868
1,2,2.7e-10,0.8256708548,415.5524906121
1,2,2.6e-10,1.75234208326,18209.33026366019
1,2,2.5e-10,6.04606961258,9917.6968745098
1,2,2.8e-10,1.64332966541,1485.9801210652
1,2,2.5e-10,2.68813215214,3583.3410306738
1,2,2.6e-10,5.05893496491,430.5303441391
1,2,2.4e-10,3.54369543262,18.1592472647
1,2,2.4e-10,0.77717557683,831.8557407496
1,2,2.6e-10,0.90493478768,12012.5822971404
1,2,2.3e-10,2.29788589227,9380.9596727172
1,2,2.3e-10,1.45497436681,231.4583427027
1,2,2.3e-10,2.49168005831,12559.038152982
1,2,2.3e-10,2.2672722651,26709.6469424134
1,2,2.5e-10,2.24207971146,1368.660252845
1,2,2.4e-10,3.24916661957,2648.454825473
1,2,2.1e-10,5.72791145125,447.9388318784
1,2,2.4e-10,4.92046069591,77713.7714681205
1,2,2.2e-10,5.99172814093,6993.0088985497
1,2,2.1e-10,2.38334945179,17256.6315363414
1,2,2e-10,0.71402000433,3.1813937377
1,2,2.2e-10,5.3349073995,151.0476698429
1,2,1.9e-10,1.7452825684,1063.3140834523
1,2,2.3e-10,0.80841468126,149854.4001348079
1,2,2.6e-10,3.19870156016,84334.66158130829
1,2,2e-10,3.40302634906,1699.2792165032
1,2,2e-10,2.53484218621,35.1640902212
1,2,1.8e-10,1.08092680576,10.2949407385
1,2,2.3e-10,2.53410224481,19651.048481098
1,2,2.1e-10,0.0494867586,72.3339180125
1,2,1.9e-10,1.93058658449,11926.2544136688
1,2,1.8e-10,2.28255799994,11614.4332937322
1,2,1.9e-10,3.66100662326,30639.856638633
1,2,2.2e-10,3.76382094449,17298.1823273262
1,2,1.9e-10,5.39096925285,16460.33352952499
1,2,1.8e-10,4.11934903377,3.9321532631
1,2,2.3e-10,4.78353231767,72850.56171524568
1,2,1.8e-10,3.19936496001,18073.7049386502
1,2,1.8e-10,5.63577174804,1471.7530270636
1,2,1.6e-10,2.13005908431,22.0914005278
1,2,1.7e-10,3.95703025,8982.810669309
1,2,1.6e-10,5.22446000797,1478.8665740644
1,2,2.1e-10,3.773680817,16858.4825329332
1,2,1.7e-10,2.07219008042,77.7505439839
1,2,2.1e-10,4.4704781938,12036.4607348882
1,2,1.5e-10,0.65562803693,16062.1845261168
1,2,1.5e-10,4.85349684848,1375.7737998458
1,2,1.6e-10,4.95896524219,41.1019810544
1,2,1.5e-10,5.03114029381,160.6088973985
1,2,1.4e-10,4.12927933278,2352.8661537718
1,2,1.5e-10,4.21849500083,20199.094959633
1,2,1.4e-10,0.1594751118,22483.84857449259
1,2,1.9e-10,2.81419648175,8671.9698704406
1,2,1.4e-10,0.47915039682,195.1398481733
1,2,1.6e-10,2.16860864742,56.6223513026
1,2,1.7e-10,1.59080059391,77.2292791221
1,2,1.4e-10,5.69583373076,71.8126531507
1,2,1.4e-10,1.26341547558,90279.92316810328
1,2,1.5e-10,3.19537134319,65.2203710117
1,2,1.6e-10,0.41160329502,23543.23050468179
1,2,1.2e-10,2.70990889006,17996.0311682222
1,2,1.2e-10,0.7222297509,19402.7969528166
1,2,1.2e-10,5.1703330367,337.732510659
1,2,1.3e-10,3.64691089977,131.4039498699
1,2,1.2e-10,4.37880728616,10818.1352869158
1,2,1.5e-10,0.57625721169,12567.132021051
1,2,1.3e-10,3.14880532464,408.4389436113
1,2,1.1e-10,1.78472830783,28766.924424484
1,2,1.3e-10,3.18567583228,5573.1428014331
1,2,1.2e-10,4.22650218163,963.4027029714
1,2,1.1e-10,4.93327896664,18451.07854656599
1,2,1.1e-10,0.02603069623,511.5317178299
1,2,1.1e-10,5.4358799226,14945.3161735544
1,2,1e-10,4.31465510142,547.8502123593
1,2,1.1e-10,2.2460750863,35371.8872659764
1,2,1.1e-10,5.02228901732,22805.7355659936
1,2,1.3e-10,0.73737685844,2111.6503133776
1,2,1e-10,2.16930383321,15664.03552270859
1,2,1.4e-10,1.93314444705,21228.3920235458
1,2,1e-10,6.05310595892,23141.5583829246
1,2,1e-10,4.67908297368,362.8622925726
1,2,1e-10,5.60218831936,127.4717966068
1,2,1.2e-10,0.78764611551,1685.0521225016
1,2,1e-10,2.55645282698,22345.2603761082
1,2,9e-11,1.49155179482,29826.3063546732
1,2,1e-10,0.18358815992,12779.4507954208
1,2,1.3e-10,4.91836873304,84.3428261229
1,2,1.1e-10,4.05473090705,23581.2581773176
1,2,1e-10,5.07263788261,934.9485149682
1,2,1.1e-10,0.39656469738,25158.6017197654
1,2,1.2e-10,2.66109784913,148.0787244263
1,2,9e-11,2.44042399381,153.4953503977
1,3,1.73206e-06,3.14159265359,0.0
1,3,7.2337e-07,2.89303952476,12566.1516999828
1,3,2.2035e-07,6.11822426048,206.1855484372
1,3,2.1482e-07,5.03368299703,220.4126424388
1,3,1.6291e-07,2.71940457791,522.5774180938
1,3,1.5934e-07,1.63320186413,536.8045120954
1,3,8.364e-08,3.85500954096,6283.0758499914
1,3,5.04e-08,2.53152989786,18849.2275499742
1,3,3.063e-08,3.8020122552,426.598190876
1,3,2.563e-08,4.04702837579,433.7117378768
1,3,2.101e-08,4.9278699675,227.5261894396
1,3,1.706e-08,0.42316599671,1059.3819301892
1,3,1.481e-08,2.23672235234,6438.4962494256
1,3,1.481e-08,4.41181122031,6127.6554505572
1,3,1.375e-08,2.83821817426,515.463871093
1,3,1.266e-08,5.3750910608,419.4846438752
1,3,1.038e-08,2.26994057258,1066.49547719
1,3,1e-08,6.26567671131,199.0720014364
1,3,9.64e-09,1.50782014667,543.9180590962
1,3,1.275e-08,0.02482955002,7.1135470008
1,3,8.45e-09,2.83708264275,639.897286314
1,3,6.78e-09,2.36507413871,1052.2683831884
1,3,6.44e-09,4.8856790478,6279.5527316424
1,3,6.44e-09,1.76285452485,6286.5989683404
1,3,3.44e-09,1.24961127281,213.299095438
1,3,3.82e-09,6.20559320688,14.2270940016
1,3,3.18e-09,3.63840310183,6040.3472460174
1,3,3.18e-09,3.01013047082,6525.8044539654
1,3,2.91e-09,3.14472957178,647.0108333148
1,3,2.49e-09,1.14107482666,1589.0728952838
1,3,2.14e-09,4.03956747124,440.8252848776
1,3,2.3e-09,4.42377888159,216.4804891757
1,3,2.19e-09,0.47150010549,210.1177017003
1,3,2.2e-09,2.34166945312,25132.3033999656
1,3,2.01e-09,0.8271476081,6836.6452528338
1,3,2.01e-09,5.82138596455,5729.506447149
1,3,1.29e-09,1.79919042809,1045.1548361876
1,3,1.23e-09,2.08253199617,853.196381752
1,3,9.2e-10,4.79503944157,234.6397364404
1,3,8.6e-10,6.10758245301,103.0927742186
1,3,9.1e-10,5.48002372488,117.3198682202
1,3,9.3e-10,5.08172811528,529.6909650946
1,3,7.5e-10,2.87101566525,1596.1864422846
1,3,6.9e-10,4.27897139677,95.9792272178
1,3,7.3e-10,6.0290546595,632.7837393132
1,3,7.7e-10,5.0314221715,412.3710968744
1,3,6.4e-10,3.9499332579,316.3918696566
1,3,5.6e-10,2.99558443348,508.3503240922
1,3,5.5e-10,3.29709092103,323.5054166574
1,3,4.8e-10,1.97191764285,1073.6090241908
1,3,5.6e-10,1.48325794833,735.8765135318
1,3,4.2e-10,1.41375480258,625.6701923124
1,3,3.9e-10,0.30611138474,942.062061969
1,3,3.6e-10,1.41202770454,12569.6748183318
1,3,3.6e-10,4.59308117276,209.3669421749
1,3,3.1e-10,2.46171091539,1581.959348283
1,3,3.1e-10,1.3207237303,551.031606097
1,3,3.2e-10,0.26519734656,217.2312487011
1,3,3.3e-10,2.32289510783,860.3099287528
1,3,3.3e-10,4.23554585611,12410.7313005486
1,3,2.8e-10,3.48885797103,330.6189636582
1,3,2.7e-10,3.92096513265,149.5631971346
1,3,2.9e-10,6.05526972992,70.8494453042
1,3,2.7e-10,1.63715408955,2118.7638603784
1,3,2.8e-10,1.74838965252,78.7137518304
1,3,2.9e-10,0.48147029137,949.1756089698
1,3,2.5e-10,4.58797131637,124.433415221
1,3,3.3e-10,4.30649710462,223.5940361765
1,3,3.2e-10,1.93089098387,110.2063212194
1,3,2.7e-10,6.0224395444,21.3406410024
1,3,2.5e-10,1.161079001,1169.5882514086
1,3,2.4e-10,1.53395713354,63.7358983034
1,3,2.8e-10,1.56238914694,728.762966531
1,3,2.4e-10,3.16134826622,654.1243803156
1,3,2.3e-10,0.20728622886,191.9584544356
1,3,2.2e-10,2.15937343363,1155.361157407
1,3,1.9e-10,0.03186061495,85.8272988312
1,3,1.9e-10,0.95260076413,73.297125859
1,3,2.2e-10,5.27304712373,956.2891559706
1,3,1.8e-10,2.32709487755,12721.572099417
1,3,2.4e-10,5.89117970906,309.2783226558
1,3,2.5e-10,3.51115533622,429.7795846137
1,3,2.4e-10,3.5302702369,519.3960243561
1,3,2e-10,1.86650914141,71.6002048296
1,3,1.7e-10,4.13765972175,88.865680217
1,3,1.9e-10,5.95485140431,77.962992305
1,3,1.6e-10,0.00550329231,202.2533951741
1,3,2e-10,0.77024887951,539.9859058331
1,3,1.5e-10,5.02720184968,224.3447957019
1,3,1.3e-10,0.64071359315,76.2660712756
1,3,1.6e-10,0.70623098744,203.0041546995
1,3,1.2e-10,0.84507236712,302.164775655
1,3,1e-10,5.28489326618,11.0457002639
1,3,1e-10,3.98008913039,36.6485629295
1,3,1.2e-10,3.35651610375,422.6660376129
1,3,9e-11,3.50226842635,39.6175083461
1,3,9e-11,1.66650203128,1038.0412891868
1,3,9e-11,3.97946790815,447.9388318784
1,3,1.1e-10,6.27313981891,12592.4500197826
1,3,9e-11,3.09433206743,618.5566453116
1,3,8e-11,2.36406802666,838.9692877504
1,3,8e-11,0.38739265309,423.4167971383
1,3,9e-11,1.90795498674,1574.8458012822
1,3,7e-11,2.999832737,1258.4539316256
1,3,7e-11,2.49966387854,831.8557407496
1,3,8e-11,3.95391486424,74.7815985673
1,3,6e-11,2.56028859854,242.728603974
1,3,6e-11,2.58853517839,138.5174968707
1,3,7e-11,0.08989351607,742.9900605326
1,3,6e-11,3.39896707822,2125.8774073792
1,3,5e-11,2.18119549382,145.6310438715
1,3,7e-11,0.58812910406,38.1330356378
1,4,3.932e-08,0.0,0.0
1,4,2.272e-08,1.5636483818,206.1855484372
1,4,2.236e-08,3.28143366276,220.4126424388
1,4,1.927e-08,1.18746233453,12566.1516999828
1,4,1.682e-08,4.46996330708,522.5774180938
1,4,1.638e-08,6.17513895178,536.8045120954
1,4,4.91e-09,5.29890244491,6283.0758499914
1,4,4.3e-09,3.20713267334,227.5261894396
1,4,3.48e-09,2.26681787351,433.7117378768
1,4,2.91e-09,4.56956279775,515.463871093
1,4,2.1e-09,3.74319530048,6438.4962494256
1,4,2.1e-09,2.90533827217,6127.6554505572
1,4,2.29e-09,0.88072621187,18849.2275499742
1,4,2.06e-09,6.05364860885,543.9180590962
1,4,2.02e-09,1.69320982304,199.0720014364
1,4,1.23e-09,0.67135155073,1066.49547719
1,4,9.9e-10,0.99265774704,419.4846438752
1,4,1.13e-09,1.85695441801,426.598190876
1,4,8e-10,4.55016686641,7.1135470008
1,4,6.2e-10,4.48609878362,14.2270940016
1,4,5.3e-10,4.951039756,1059.3819301892
1,4,6.6e-10,4.20375595982,1052.2683831884
1,4,5e-10,2.28699829686,440.8252848776
1,4,6e-10,0.97558287548,639.897286314
1,4,4.9e-10,1.31593641965,647.0108333148
1,4,4.4e-10,4.59638160457,709.9330485583
1,4,3.1e-10,6.26226050601,213.299095438
1,4,2.4e-10,3.05754167589,234.6397364404
1,4,2.3e-10,3.61004405073,1045.1548361876
1,4,2.1e-10,0.18140710246,6286.5989683404
1,4,2.1e-10,0.18394116301,6279.5527316424
1,4,1.4e-10,4.76472781912,508.3503240922
1,4,1.3e-10,6.04976474685,1589.0728952838
1,4,1.1e-10,0.54626079593,412.3710968744
1,4,1.2e-10,0.15818608564,853.196381752
1,4,1e-10,0.31907502124,1073.6090241908
1,4,1e-10,1.35560891851,1596.1864422846
1,4,1.3e-10,3.81035106449,83996.84731811189
1,4,9e-11,4.24672231397,21.3406410024
1,4,1.1e-10,0.6555293119,25132.3033999656
1,4,1.1e-10,3.71353247018,117.3198682202
1,4,8e-11,1.50012562224,103.0927742186
1,4,7e-11,6.08752157484,95.9792272178
1,4,7e-11,6.27374846424,529.6909650946
1,4,7e-11,5.71854398962,551.031606097
1,4,9e-11,5.19374498802,11856.2186514245
1,4,6e-11,1.40413206867,654.1243803156
1,4,7e-11,6.16589776486,167283.7615876655
1,4,5e-11,2.81686507397,124.433415221
1,4,5e-11,3.21271191075,625.6701923124
1,4,6e-11,0.43509868093,860.3099287528
1,4,5e-11,2.68915538708,12410.7313005486
1,4,4e-11,1.552134841,632.7837393132
1,4,5e-11,3.17881881452,728.762966531
1,4,6e-11,5.56853736836,156137.47598479927
1,4,4e-11,1.76651819729,330.6189636582
1,4,5e-11,2.10225977593,942.062061969
1,4,4e-11,5.76705671645,88.865680217
1,4,4e-11,3.27648798915,735.8765135318
1,4,3e-11,4.78415680549,618.5566453116
1,4,3e-11,0.90449193126,110.2063212194
1,4,3e-11,2.1739521456,447.9388318784
1,4,3e-11,4.27605231904,1581.959348283
1,4,3e-11,1.69135933489,323.5054166574
1,4,2e-11,5.71553727369,1169.5882514086
1,4,3e-11,2.34507379864,191.9584544356
1,4,2e-11,3.94362184472,1155.361157407
1,5,1.68e-09,3.28069809842,206.1855484372
1,5,1.67e-09,1.52399958265,220.4126424388
1,5,1.26e-09,0.07122523863,522.5774180938
1,5,1.21e-09,4.30466267493,536.8045120954
1,5,1.08e-09,0.0,0.0
1,5,6.4e-10,1.46493444949,227.5261894396
1,5,4.7e-10,0.05687052745,515.463871093
1,5,4.3e-10,6.08789652058,12566.1516999828
1,5,3.7e-10,0.48304760543,433.7117378768
1,5,3.2e-10,4.26961178617,543.9180590962
1,5,2.8e-10,3.41370273509,199.0720014364
1,5,2.5e-10,5.33779665346,6438.4962494256
1,5,2.5e-10,1.31073691919,6127.6554505572
1,5,2e-10,0.94333339828,6283.0758499914
1,5,1.1e-10,2.75798781903,14.2270940016
1,5,1.1e-10,5.3349988396,1066.49547719
1,5,1e-10,0.51443337467,440.8252848776
1,5,8e-11,5.52588061142,18849.2275499742
1,5,7e-11,5.80467663011,647.0108333148
1,5,4e-11,0.20088280204,1052.2683831884
1,5,4e-11,3.59221465704,419.4846438752
1,5,3e-11,5.43212710597,639.897286314
1,5,3e-11,1.37528056638,234.6397364404
1,5,2e-11,0.38337547624,191.9584544356
1,5,2e-11,5.49829989028,426.598190876
1,5,2e-11,4.89397151114,1073.6090241908
1,5,2e-11,6.21263006019,1045.1548361876
1,5,1e-11,1.31653362066,88.865680217
1,5,1e-11,5.40855784676,405.2575498736
2,0,0.99988907017,0.18265890456,6283.0758499914
2,0,0.02408829501,3.14159265359,0.0
2,0,0.00835289774,0.13952879005,12566.1516999828
2,0,0.00492966037,2.170524584,529.6909650946
2,0,0.00272033033,2.44443635549,213.299095438
2,0,0.00155442849,0.59927021065,38.1330356378
2,0,0.0008375191,0.76880010707,74.7815985673
2,0,0.00011819755,2.47524448851,1059.3819301892
2,0,0.00010466933,0.09641690558,18849.2275499742
2,0,7.623032e-05,1.66896617535,426.598190876
2,0,3.110838e-05,5.38114091484,83996.84731811189
2,0,1.962913e-05,5.70756734336,206.1855484372
2,0,1.940704e-05,3.22808267633,149.5631971346
2,0,1.890481e-05,2.32098683748,220.4126424388
2,0,2.147473e-05,2.66253538905,1577.3435424478
2,0,1.709219e-05,5.20780401071,6279.5527316424
2,0,1.707987e-05,4.58232858766,6286.5989683404
2,0,1.429933e-05,2.30184513257,522.5774180938
2,0,1.398661e-05,5.18874483163,536.8045120954
2,0,1.185789e-05,5.4884596691,76.2660712756
2,0,1.440265e-05,1.90068164664,2352.8661537718
2,0,1.135092e-05,5.2731341522,5223.6939198022
2,0,9.34539e-06,4.50301201844,12036.4607348882
2,0,8.13077e-06,1.68393442622,36.6485629295
2,0,7.67125e-06,2.65620459324,39.6175083461
2,0,7.44932e-06,2.80728871886,398.1490034082
2,0,6.39316e-06,6.02923915017,5753.3848848968
2,0,7.23524e-06,1.60560698821,10213.285546211
2,0,6.81324e-06,0.64729627497,4705.7323075436
2,0,6.11347e-06,3.81381495286,6812.766815086
2,0,6.28788e-06,4.99295631526,73.297125859
2,0,4.50435e-06,4.52785572489,5884.9268465832
2,0,4.52018e-06,5.99167242707,6256.7775301916
2,0,4.49968e-06,3.79880375595,6309.3741697912
2,0,5.5139e-06,3.96125249369,5507.5532386674
2,0,4.30002e-06,2.70052997175,1589.0728952838
2,0,4.04146e-06,5.25775211904,6681.2248533996
2,0,5.41273e-06,5.49902805917,775.522611324
2,0,5.4636e-06,6.17311131785,14143.4952424306
2,0,5.07084e-06,2.87025193381,7860.4193924392
2,0,3.19364e-06,3.5602262,7.1135470008
2,0,3.17653e-06,4.53488042414,419.4846438752
2,0,3.14951e-06,0.9199934667,639.897286314
2,0,2.86693e-06,3.35830049094,110.2063212194
2,0,2.19504e-06,2.95216139568,11506.7697697936
2,0,2.62993e-06,0.28803097515,103.0927742186
2,0,2.27937e-06,5.95179248814,7058.5984613154
2,0,2.27792e-06,4.84547074733,4694.0029547076
2,0,2.55845e-06,0.69454231563,12168.0026965746
2,0,2.56132e-06,6.16722512388,709.9330485583
2,0,2.13096e-06,4.22106062967,316.3918696566
2,0,1.79242e-06,1.40003446021,796.2980068164
2,0,1.7828e-06,5.11717552231,6283.0085396886
2,0,1.7828e-06,4.67307255246,6283.14316029419
2,0,1.55454e-06,0.05340525434,25132.3033999656
2,0,2.06257e-06,4.28366728882,11790.6290886588
2,0,1.49769e-06,6.07429023278,5486.777843175
2,0,2.00005e-06,2.5014408812,17789.845619785
2,0,1.29006e-06,3.64623708634,7079.3738568078
2,0,1.28211e-06,3.23254821381,3738.761430108
2,0,1.38816e-06,0.43047773659,1.4844727083
2,0,1.11114e-06,0.85403021572,632.7837393132
2,0,1.06045e-06,1.55087419808,433.7117378768
2,0,1.18725e-06,5.45361490488,9437.762934887
2,0,9.9046e-07,1.4495461861,1052.2683831884
2,0,1.06628e-06,1.58474270218,1162.4747044078
2,0,7.8419e-07,0.28253093914,8827.3902698748
2,0,6.8578e-07,5.49084675578,1066.49547719
2,0,6.5694e-07,2.08898587059,11769.8536931664
2,0,6.324e-07,0.6704449157,6262.300454499
2,0,6.2961e-07,2.83649755996,6303.8512454838
2,0,8.587e-07,1.45351152151,167283.7615876655
2,0,8.074e-07,0.922258054,6069.7767545534
2,0,6.0039e-07,1.82878888713,4136.9104335162
2,0,7.5626e-07,2.58860726122,6496.3749454294
2,0,5.5765e-07,6.03101173028,949.1756089698
2,0,5.8089e-07,0.55165509745,10977.078804699
2,0,5.3747e-07,6.27553948416,1194.4470102246
2,0,5.7574e-07,1.1080213427,6282.0955289232
2,0,5.7574e-07,2.39891957636,6284.0561710596
2,0,5.1141e-07,6.02458046766,6290.1893969922
2,0,6.5279e-07,4.98927111441,846.0828347512
2,0,5.0679e-07,3.77133779892,6275.9623029906
2,0,4.9613e-07,1.07290390127,6127.6554505572
2,0,6.3109e-07,4.22325583135,148.0787244263
2,0,6.3109e-07,5.44811820644,224.3447957019
2,0,4.7934e-07,2.43176952238,6438.4962494256
2,0,6.1133e-07,5.34335721244,3154.6870848956
2,0,4.8425e-07,0.0583318371,801.8209311238
2,0,4.7359e-07,4.53607945311,3128.3887650958
2,0,4.8379e-07,0.25856696781,7084.8967811152
2,0,5.1293e-07,4.21367834558,12352.8526045448
2,0,5.063e-07,0.48144269678,11856.2186514245
2,0,3.7539e-07,1.60040603609,8429.2412664666
2,0,4.9347e-07,2.15740113992,2544.3144198834
2,0,3.9555e-07,3.35943284176,5481.2549188676
2,0,4.8913e-07,5.1653104904,9225.539273283
2,0,4.2135e-07,2.0653256004,17260.1546546904
2,0,3.114e-07,3.61579568733,2146.1654164752
2,0,3.2603e-07,4.41806626166,4164.311989613
2,0,3.9728e-07,4.70048863454,5856.4776591154
2,0,3.4784e-07,3.0311366542,35.1640902212
2,0,3.0359e-07,2.64775002249,11.0457002639
2,0,2.8515e-07,4.53853388964,12569.6748183318
2,0,3.6368e-07,1.33416490018,18073.7049386502
2,0,3.4601e-07,4.63240700311,3340.6124266998
2,0,2.8582e-07,1.27599593473,41.1019810544
2,0,2.8733e-07,2.14315245629,151.0476698429
2,0,2.5032e-07,3.74982021361,26.2983197998
2,0,2.7688e-07,5.44433605847,63.7358983034
2,0,3.0329e-07,0.42324614391,4535.0594369244
2,0,2.6741e-07,5.97172882162,3930.2096962196
2,0,2.8166e-07,5.19366222912,12562.6285816338
2,0,2.3815e-07,2.19051967809,227.5261894396
2,0,2.4843e-07,1.00265326013,5088.6288397668
2,0,2.1642e-07,3.06444526478,12559.038152982
2,0,2.5701e-07,0.75895390818,13367.9726311066
2,0,2.0498e-07,3.44435384536,11371.7046897582
2,0,2.3457e-07,0.09576335036,71.8126531507
2,0,2.3256e-07,5.18050538435,85.8272988312
2,0,1.9931e-07,2.8125436842,2118.7638603784
2,0,2.5997e-07,1.87312778491,71430.69561812909
2,0,1.7888e-07,5.01504194498,1748.016413067
2,0,2.3246e-07,4.61910038205,18319.5365848796
2,0,2.2104e-07,2.36649230999,2.9689454166
2,0,2.1981e-07,4.82484958838,77.7505439839
2,0,2.0052e-07,2.45637769313,209.3669421749
2,0,1.7077e-07,5.29722216277,4933.2084403326
2,0,1.9691e-07,5.58713076986,217.2312487011
2,0,2.107e-07,2.22959477131,7477.522860216
2,0,1.7512e-07,6.16192589291,10447.3878396044
2,0,1.5517e-07,3.70546925724,742.9900605326
2,0,2.0024e-07,2.96823180998,8031.0922630584
2,0,1.8552e-07,4.31061638297,202.2533951741
2,0,1.8291e-07,1.49785845895,323.5054166574
2,0,1.7492e-07,1.45131471586,138.5174968707
2,0,1.5492e-07,1.06568154314,735.8765135318
2,0,1.5545e-07,2.44244738845,515.463871093
2,0,1.3831e-07,3.02450528624,8635.9420037632
2,0,1.4095e-07,6.03707103538,2942.4634232916
2,0,1.8884e-07,0.85614789376,156137.47598479927
2,0,1.7861e-07,4.86809570283,1592.5960136328
2,0,1.6966e-07,0.24919778633,853.196381752
2,0,1.3605e-07,3.6264114503,13095.8426650774
2,0,1.5078e-07,1.55132224732,16496.3613962024
2,0,1.7985e-07,2.07741211308,17298.1823273262
2,0,1.4909e-07,6.12895641025,20426.571092422
2,0,1.2227e-07,4.38359423735,7632.9432596502
2,0,1.3376e-07,2.03616887071,12139.5535091068
2,0,1.1583e-07,3.88971333608,5331.3574437408
2,0,1.3558e-07,1.44666331503,16730.4636895958
2,0,1.4332e-07,4.45678693729,7342.4577801806
2,0,1.1595e-07,5.83451477433,199.0720014364
2,0,1.2375e-07,1.53862289477,6279.4854213396
2,0,1.2366e-07,1.96831814872,6286.6662786432
2,0,1.0833e-07,5.05422968004,543.9180590962
2,0,1.2446e-07,5.78094918529,15110.4661198662
2,0,1.1585e-07,5.32336141881,525.7588118315
2,0,1.0989e-07,0.62040343662,10988.808157535
2,0,1.2556e-07,2.59194808538,15720.8387848784
2,0,1.1435e-07,2.15573411853,533.6231183577
2,0,1.1583e-07,2.48165809843,5729.506447149
2,0,9.023e-08,3.85655029499,9623.6882766912
2,0,9.121e-08,5.83006047147,7234.794256242
2,0,8.869e-08,3.4761126529,6148.010769956
2,0,8.614e-08,0.03081589303,6418.1409300268
2,0,8.293e-08,0.85407021371,14712.317116458
2,0,1.0219e-07,0.1307517954,1349.8674096588
2,0,1.0126e-07,0.9963000863,6836.6452528338
2,0,1.048e-07,1.38209301929,5999.2165311262
2,0,7.353e-08,3.83220307326,6040.3472460174
2,0,7.963e-08,1.85811815388,1692.1656695024
2,0,7.46e-08,0.839111113,1478.8665740644
2,0,7.196e-08,1.94802350337,216.4804891757
2,0,9.82e-08,2.12476655144,6566.9351688566
2,0,7.036e-08,6.09743344991,210.1177017003
2,0,7.148e-08,0.89057242152,415.5524906121
2,0,7.018e-08,5.94659180519,6525.8044539654
2,0,6.899e-08,2.82570489004,117.3198682202
2,0,6.874e-08,4.57503512461,7238.6755916
2,0,7.545e-08,5.9484344443,12539.853380183
2,0,9.54e-08,3.49613271706,21228.3920235458
2,0,7.202e-08,4.31311898936,6245.0481773556
2,0,7.144e-08,5.47703560836,6321.1035226272
2,0,7.016e-08,2.47820281371,1265.5674786264
2,0,6.627e-08,5.41373102778,5327.4761083828
2,0,8.544e-08,1.82829301857,11015.1064773348
2,0,6.687e-08,1.25257611175,956.2891559706
2,0,8.602e-08,5.4395357531,5643.1785636774
2,0,6.158e-08,5.65852675233,12964.300703391
2,0,7.414e-08,3.46720433621,23543.23050468179
2,0,6.352e-08,3.46461304398,1990.745017041
2,0,7.085e-08,3.42541681943,14.2270940016
2,0,7.401e-08,1.62945495419,1581.959348283
2,0,6.251e-08,1.52860898333,951.7184062506
2,0,6.663e-08,0.80373241909,647.0108333148
2,0,5.828e-08,1.37555383064,955.5997416086
2,0,6.389e-08,2.40580071461,24072.9214697764
2,0,6.976e-08,4.76626361488,10973.55568635
2,0,7.459e-08,2.7113389887,22003.9146348698
2,0,5.376e-08,2.349685055,14314.1681130498
2,0,6.852e-08,4.33781274406,155.4203994342
2,0,7.527e-08,1.94392127074,18422.62935909819
2,0,6.896e-08,0.4830735573,95.9792272178
2,0,6.33e-08,3.87859376833,70.8494453042
2,0,6.222e-08,0.67296135144,18451.07854656599
2,0,6.487e-08,2.22135874272,5216.5803728014
2,0,6.251e-08,2.88399458161,6288.5987742988
2,0,6.251e-08,0.62294633745,6277.552925684
2,0,5.078e-08,2.67641304277,526.5095713569
2,0,5.337e-08,1.97127813671,4690.4798363586
2,0,5.605e-08,1.92150700481,1551.045222648
2,0,4.977e-08,4.80328860665,532.8723588323
2,0,5.879e-08,0.79782511263,78.7137518304
2,0,6.21e-08,0.81866451118,5650.2921106782
2,0,6.064e-08,5.1970877987,5230.807466803
2,0,4.596e-08,2.92936593195,553.5694028424
2,0,5.386e-08,5.40633950052,77713.7714681205
2,0,6.103e-08,4.10884733063,111.4301614968
2,0,6.196e-08,4.15787078176,84672.47584450469
2,0,6.16e-08,3.21170435536,239424.39025435288
2,0,5.016e-08,1.46006858313,4732.0306273434
2,0,5.414e-08,1.428823252,6179.9830757728
2,0,5.413e-08,2.08325983447,6386.16862421
2,0,4.863e-08,2.19642746549,90279.92316810328
2,0,5.711e-08,2.75630374926,6915.8595893046
2,0,4.27e-08,0.81269903423,7875.6718636242
2,0,4.017e-08,2.21501265909,6254.6266625236
2,0,4.071e-08,3.99159158863,3634.6210245184
2,0,3.993e-08,1.29192500625,6311.5250374592
2,0,4.274e-08,5.26697629294,1375.7737998458
2,0,4.423e-08,6.24070525621,277.0349937414
2,0,4.713e-08,3.21489250017,114.3991069134
2,0,4.858e-08,1.27914374675,5760.4984318976
2,0,5.274e-08,4.91687036691,25158.6017197654
2,0,5.182e-08,0.28726404719,222.8603229936
2,0,3.701e-08,5.71514424825,1596.1864422846
2,0,4.577e-08,5.47618219772,146.594251718
2,0,4.12e-08,1.72568521475,6709.6740408674
2,0,4.41e-08,2.2353626421,6805.6532680852
2,0,3.064e-08,2.46605561478,5863.5912061162
2,0,3.083e-08,5.68731909779,9917.6968745098
2,0,3.385e-08,3.81076637101,13916.0191096416
2,0,2.979e-08,4.62987940723,12566.2190102856
2,0,3.98e-08,5.90917210624,13341.6743113068
2,0,3.29e-08,0.95752698537,16200.7727245012
2,0,3.06e-08,1.63142398497,18052.9295431578
2,0,2.83e-08,5.36742188515,309.2783226558
2,0,3.745e-08,3.65023712104,5966.6839803348
2,0,3.761e-08,5.75801604585,490.3340891794
2,0,3.592e-08,4.03843804285,6208.2942514241
2,0,3.581e-08,5.75234129258,6357.8574485587
2,0,3.626e-08,6.13871061291,6599.467719648
2,0,2.927e-08,1.79201822142,12721.572099417
2,0,3.625e-08,1.43112641053,6019.9919266186
2,0,2.589e-08,2.27559640821,12592.4500197826
2,0,2.82e-08,1.86334392833,299.1263942692
2,0,2.558e-08,6.08151329647,10575.4066829418
2,0,2.67e-08,2.64370887209,3.523118349
2,0,2.611e-08,0.86180315523,6702.5604938666
2,0,2.535e-08,0.01231078888,31415.379249957
2,0,3.52e-08,3.80906746266,250570.6758572191
2,0,3.425e-08,0.95244785238,351.8165923087
2,0,3.434e-08,2.07577333297,6546.1597733642
2,0,2.378e-08,2.05651519036,2388.8940204492
2,0,2.597e-08,5.8091991991,3.9321532631
2,0,2.979e-08,5.07398237708,12566.08438968
2,0,2.716e-08,1.49855840728,12029.3471878874
2,0,2.922e-08,5.30505468617,109.9456887885
2,0,2.22e-08,3.69012746334,13362.4497067992
2,0,2.471e-08,1.29713026645,625.6701923124
2,0,3.049e-08,0.05228873308,29088.811415985
2,0,2.784e-08,3.37954165171,14945.3161735544
2,0,2.284e-08,4.38146814547,6076.8903015542
2,0,2.529e-08,4.37629589914,12043.574281889
2,0,2.015e-08,0.91352603582,6262.7205305926
2,0,2.218e-08,5.40562909521,6489.2613984286
2,0,2.005e-08,2.5934426377,6303.4311693902
2,0,2.681e-08,5.85620039558,4590.910180489
2,0,2.011e-08,5.69828891426,4701.1165017084
2,0,2.454e-08,2.79445983744,10021.8372800994
2,0,2.6e-08,3.93109819647,19651.048481098
2,0,2.197e-08,5.22411628121,13517.8701062334
2,0,1.893e-08,4.09716259686,6286.9571853494
2,0,1.893e-08,5.69296362938,6279.1945146334
2,0,2.547e-08,4.75277405496,1169.5882514086
2,0,2.156e-08,0.43826128691,18139.2945014159
2,0,1.778e-08,2.79119893202,4292.3308329504
2,0,1.966e-08,1.82224928185,4686.8894077068
2,0,2.285e-08,1.22344285748,1045.1548361876
2,0,2.436e-08,2.8368987328,95143.1329209781
2,0,2.163e-08,6.13036765564,6037.244203762
2,0,1.841e-08,3.6794737319,242.728603974
2,0,1.672e-08,0.33097080655,13119.72110282519
2,0,2.25e-08,0.82649282051,12669.2444742014
2,0,1.627e-08,4.77445737868,13521.7514415914
2,0,1.888e-08,2.87850805387,8662.240323563
2,0,2.052e-08,3.65927016475,6528.9074962208
2,0,1.774e-08,0.51400448882,6819.8803620868
2,0,1.84e-08,1.91711006767,65147.6197681377
2,0,1.913e-08,1.75777087654,1155.361157407
2,0,1.82e-08,4.24734832675,33.6796175129
2,0,1.756e-08,2.96482886554,5746.271337896
2,0,1.649e-08,1.44498561983,440.8252848776
2,0,1.844e-08,1.12596393242,4.4534181249
2,0,1.543e-08,4.39018655159,6272.4391846416
2,0,1.543e-08,5.39993967465,6293.7125153412
2,0,1.952e-08,3.09643550846,23013.5395395872
2,0,1.439e-08,6.16071128287,942.062061969
2,0,1.484e-08,2.15301976837,20.7753954924
2,0,1.487e-08,4.35858219478,412.3710968744
2,0,1.558e-08,2.79679951671,17654.7805397496
2,0,1.795e-08,1.47161886169,33019.0211122046
2,0,1.349e-08,4.18018072818,6016.4688082696
2,0,1.477e-08,2.56925128481,12779.4507954208
2,0,1.428e-08,4.17962469716,65.2203710117
2,0,1.252e-08,6.26830198321,11499.6562227928
2,0,1.491e-08,4.65893645946,9411.4646150872
2,0,1.471e-08,4.1869545653,18635.9284545362
2,0,1.263e-08,5.62967869388,12573.2652469836
2,0,1.385e-08,2.65776727703,2379.1644735716
2,0,1.413e-08,0.07531190902,42.5864537627
2,0,1.272e-08,5.60977857361,6549.6828917132
2,0,1.578e-08,4.10046385407,25934.1243310894
2,0,1.557e-08,4.78614835776,18875.525869774
2,0,1.358e-08,0.33781842226,5120.6011455836
2,0,1.505e-08,2.70837129901,18209.33026366019
2,0,1.485e-08,6.11611294959,210.8514148832
2,0,1.473e-08,1.91659379347,215.7467759928
2,0,1.422e-08,4.41813139873,225.8292684102
2,0,1.46e-08,3.40156973977,245.8316462294
2,0,1.091e-08,1.25744389434,422.6660376129
2,0,1.252e-08,6.12407876457,6993.0088985497
2,0,1.242e-08,1.27359177098,24356.7807886416
2,0,1.368e-08,3.5574035986,79.2350166922
2,0,1.019e-08,5.67612773072,145.6310438715
2,0,1.421e-08,0.83890525684,152.5321425512
2,0,1.188e-08,1.28708061167,70.3281804424
2,0,1.028e-08,0.93950338023,6112.4029793722
2,0,1.014e-08,4.3607292663,17256.6315363414
2,0,1.031e-08,1.65365925948,1795.258443721
2,0,1.312e-08,5.8133049646,12491.3701014155
2,0,9.92e-09,2.56738139157,6453.7487206106
2,0,9.88e-09,5.69171453384,8273.8208670324
2,0,1.191e-08,1.64765684664,6276.02961329339
2,0,1.191e-08,1.85928407242,6290.1220866894
2,0,9.78e-09,3.16773119822,6247.04798331399
2,0,1.223e-08,6.22694723537,5429.8794682394
2,0,9.71e-09,0.33921097188,6319.1037166688
2,0,9.77e-09,0.76357046359,84.3428261229
2,0,1.192e-08,2.85757763157,2648.454825473
2,0,9.64e-09,4.63043034198,1272.6810256272
2,0,9.62e-09,1.06488912173,12565.1713789146
2,0,1.025e-08,0.64688768472,12545.3763044904
2,0,1.076e-08,5.29118995114,212.3358875915
2,0,1.234e-08,2.50427756599,22483.84857449259
2,0,1.071e-08,2.73962355675,214.2623032845
2,0,1.134e-08,5.76287831677,17782.7320727842
2,0,1.243e-08,1.3034374492,184.7272873558
2,0,9.44e-09,5.49712708636,6306.9542877392
2,0,9.44e-09,4.29299913988,6259.1974122436
2,0,1.092e-08,2.35048657695,17796.9591667858
2,0,8.91e-09,2.41639607024,213.2509113282
2,0,8.9e-09,5.61419511254,213.3472795478
2,0,9.95e-09,1.11794413013,10177.2576795336
2,0,1.216e-08,5.61396859194,82576.9812209953
2,0,9.42e-09,6.13301518193,6267.82337880639
2,0,9.42e-09,3.6571110443,6298.3283211764
2,0,1.045e-08,5.17292899506,15508.6151232744
2,0,8.5e-09,6.16443178844,6393.2821712108
2,0,8.96e-09,0.83013691514,3903.9113764198
2,0,8.56e-09,1.36181993943,4804.209275927
2,0,1.041e-08,4.2368554784,137.0330241624
2,0,1.033e-08,3.31340063953,5573.1428014331
2,0,9.68e-09,2.96119647882,437.6438911399
2,0,8.17e-09,3.58855573226,6172.869528772
2,0,8.12e-09,0.69907573293,288.0806940053
2,0,8.19e-09,5.28403120371,529.6427809848
2,0,8.19e-09,2.19867289777,529.7391492044
2,0,1.037e-08,2.70514798372,527.2432845398
2,0,9.17e-09,0.8991999371,149854.4001348079
2,0,1.029e-08,4.77626567802,532.1386456494
2,0,1.081e-08,2.89245979526,36949.2308084242
2,0,8.59e-09,0.82190799976,74.6697239827
2,0,8.58e-09,3.85737061744,74.8934731519
2,0,7.76e-09,2.50668810243,203.7378678824
2,0,9.62e-09,2.35578735539,12567.132021051
2,0,9.9e-09,4.97210778261,11403.676995575
2,0,7.34e-09,3.78800004602,112.9146342051
2,0,7.39e-09,3.39896198161,11926.2544136688
2,0,9.29e-09,0.64994792213,2787.0430238574
2,0,9.73e-09,6.19358824421,22805.7355659936
2,0,7.11e-09,0.35309558162,628.8515860501
2,0,7.43e-09,2.22828430376,7834.1210726394
2,0,9.05e-09,1.26234908246,6281.5913772831
2,0,9.05e-09,2.2445918366,6284.5603226997
2,0,7.98e-09,1.05421393588,12410.7313005486
2,0,9.25e-09,1.39948133634,160.6088973985
2,0,6.63e-09,3.47906442185,1368.660252845
2,0,8.13e-09,5.23283372183,12416.5885028482
2,0,6.4e-09,1.16666859771,2008.557539159
2,0,8.69e-09,1.74785663537,6133.5126528568
2,0,6.39e-09,1.50357516119,2111.6503133776
2,0,7.42e-09,1.23961445295,9.5612275556
2,0,7.56e-09,5.40063116731,4061.2192153944
2,0,8.75e-09,3.776475304,380.12776796
2,0,7.24e-09,1.49651873854,161000.6857376741
2,0,6.19e-09,5.21680002932,430.5303441391
2,0,6.61e-09,2.90920830849,1063.3140834523
2,0,6.12e-09,5.89184406078,16858.4825329332
2,0,8.14e-09,3.82004246488,3894.1818295422
2,0,7.85e-09,2.44918664136,4907.3020501456
2,0,6.63e-09,2.1281881267,838.9692877504
2,0,5.7e-09,2.97586328906,12586.9270954752
2,0,5.61e-09,5.85814246596,12323.4230960088
2,0,5.98e-09,5.09026310864,423.4167971383
2,0,6.33e-09,1.58661078881,12.5301729722
2,0,6.47e-09,1.86412144751,528.7277572481
2,0,6.46e-09,5.61853780158,530.6541729411
2,0,5.9e-09,0.47736597307,15671.0817594066
2,0,5.42e-09,1.92142092432,2221.856634597
2,0,5.55e-09,2.86698301793,11513.8833167944
2,0,5.36e-09,4.49580958272,18852.7506683232
2,0,7.37e-09,5.41358302312,23581.2581773176
2,0,5.32e-09,3.01682571392,18842.11400297339
2,0,5.52e-09,6.08260944683,11933.3679606696
2,0,5.99e-09,0.54713576844,6151.533888305
2,0,5.4e-09,1.83361074884,6279.7894925736
2,0,5.4e-09,1.67333017022,6286.3622074092
2,0,5.41e-09,5.63219919123,1055.4497769261
2,0,5.13e-09,2.13211972766,12455.9453787634
2,0,6.49e-09,3.33488856037,11764.330768859
2,0,5.82e-09,2.96012819576,6414.6178116778
2,0,6.72e-09,1.51129840313,221.3758502853
2,0,6.08e-09,2.37588807672,10419.9862835076
2,0,6.2e-09,0.83937590497,5326.7866940208
2,0,5.36e-09,2.13145334966,7232.2514589612
2,0,4.9e-09,1.40385202337,71.6002048296
2,0,5.38e-09,1.33481115516,5333.9002410216
2,0,5.96e-09,0.99065349155,6062.6632075526
2,0,6.64e-09,4.31358012484,40879.4405046438
2,0,6.07e-09,4.79849916312,5849.3641121146
2,0,4.73e-09,3.26277772078,77.962992305
2,0,6.48e-09,6.03788509546,22.0914005278
2,0,6.24e-09,1.28974618222,330.6189636582
2,0,6.29e-09,1.34455816041,26735.9452622132
2,0,4.79e-09,6.04755907663,5547.1993364596
2,0,6.53e-09,1.15486761496,388.4651552382
2,0,5.65e-09,5.49238261982,4171.4255366138
2,0,4.72e-09,3.8118180473,10969.9652576982
2,0,4.62e-09,3.53729128828,3104.9300594238
2,0,4.68e-09,5.41054107443,1073.6090241908
2,0,5.51e-09,2.4679479802,6503.4884924302
2,0,5.35e-09,4.55197627124,173566.83743765688
2,0,5.32e-09,1.20297674206,728.762966531
2,0,5.74e-09,4.09850700417,87.3117715395
2,0,4.5e-09,0.38613288324,4274.5183108324
2,0,6.04e-09,0.41299096165,984.6003316219
2,0,5.41e-09,1.50869067477,72.3339180125
2,0,5.27e-09,4.67747327047,24602.61243487099
2,0,5.02e-09,5.68646136646,12489.8856287072
2,0,6.03e-09,5.5672595424,322711.30452390644
2,0,4.68e-09,3.76982493207,212.7778305762
2,0,4.66e-09,4.26202338577,213.8203602998
2,0,4.32e-09,5.22277533085,9388.0059094152
2,0,5.3e-09,5.14730101928,18845.7044316252
2,0,4.31e-09,3.7406631488,7018.9523635232
2,0,4.19e-09,1.18672277137,429.7795846137
2,0,4.23e-09,5.23795043183,340.7708920448
2,0,5.84e-09,4.7838079249,72850.56171524568
2,0,4.62e-09,0.09066955654,860.3099287528
2,0,4.08e-09,4.98636538552,3496.032826134
2,0,5.69e-09,1.38164944312,97238.62754448749
2,0,4.78e-09,4.5827555012,29296.6153895786
2,0,3.89e-09,1.6472637433,6321.2088856292
2,0,3.89e-09,1.85967717576,6244.9428143536
2,0,3.88e-09,5.85202122263,6297.302943993
2,0,3.88e-09,3.93810500361,6268.8487559898
2,0,5.15e-09,0.0999570364,12320.3200537534
2,0,3.95e-09,1.39225625253,4157.1984426122
2,0,4.23e-09,2.45281376602,9779.1086761254
2,0,5.11e-09,3.34354440535,77.2292791221
2,0,4.39e-09,3.25487944876,233141.3144043615
2,0,5.01e-09,3.08355690853,17157.0618804718
2,0,4.16e-09,2.17399987974,13760.5987102074
2,0,5.03e-09,4.02857067171,135.0650800354
2,0,3.93e-09,6.27884951137,7872.1487452752
2,0,4.91e-09,3.39044076994,3.1813937377
2,0,3.65e-09,0.53940975175,6922.9731363054
2,0,4.09e-09,6.14577564379,10984.1923516998
2,0,3.71e-09,4.19153897517,13625.533630172
2,0,3.7e-09,2.79623025524,14919.0178537546
2,0,4.99e-09,1.15482230725,161710.6187862324
2,0,3.79e-09,5.5265043053,3185.1920272656
2,0,4.2e-09,1.76851201552,22779.4372461938
2,0,4.85e-09,6.0668309636,12528.018664345
2,0,3.58e-09,1.58658367058,6271.3464971554
2,0,3.58e-09,1.92035724848,6294.8052028274
2,0,3.54e-09,2.96580857786,17267.26820169119
2,0,3.51e-09,0.64808322427,11616.976091013
2,0,4.09e-09,2.03946298626,21954.15760939799
2,0,4.13e-09,0.42041417925,145.1097790097
2,0,3.69e-09,3.36327405725,5436.9930152402
2,0,3.36e-09,5.60932577353,127.4717966068
2,0,4.21e-09,3.25654135729,7445.5505543992
2,0,4.09e-09,0.70233676711,350.3321196004
2,0,3.61e-09,5.53538077166,21393.5419698576
2,0,3.36e-09,6.12569565789,6279.1436967283
2,0,3.36e-09,3.66443056835,6287.0080032545
2,0,4.5e-09,1.80230243402,1385.5615749511
2,0,3.83e-09,4.56297720194,909.8187330546
2,0,3.15e-09,3.47678894225,10873.9860304804
2,0,3.75e-09,0.23620758788,108.4612160802
2,0,3.63e-09,2.7199014567,7335.3442331798
2,0,3.47e-09,5.27040068469,17253.04110768959
2,0,3.95e-09,3.8234829317,5905.7022420756
2,0,3.13e-09,2.04966851954,234.6397364404
2,0,3.82e-09,0.24418522119,186.2117600641
2,0,3.08e-09,2.54337606421,20995.3929664494
2,0,3.19e-09,5.30613709521,38.0276726358
2,0,3.04e-09,4.87224757874,5749.8617665478
2,0,4.14e-09,5.73458482925,44809.6502008634
2,0,2.98e-09,2.28443357697,640.8776073822
2,0,3.51e-09,4.36315900786,12345.739057544
2,0,3.04e-09,3.36893995706,29826.3063546732
2,0,3.95e-09,4.78955929514,4176.041342449
2,0,2.88e-09,5.63178266285,1905.4647649404
2,0,3.74e-09,5.15697532254,5642.1982426092
2,0,3.2e-09,0.92923666608,10818.1352869158
2,0,3.65e-09,5.96664322939,6660.4494579072
2,0,3.39e-09,4.53749520696,6923.9534573736
2,0,3.57e-09,1.12153755723,16460.33352952499
2,0,3.86e-09,0.71941423743,2636.725472637
2,0,2.73e-09,5.79109432105,26709.6469424134
2,0,3.08e-09,1.11858229845,362.8622925726
2,0,2.65e-09,3.53930695872,19378.9185150688
2,0,3.25e-09,0.92198442483,12359.9661515456
2,0,3.11e-09,2.87485251647,297.6419215609
2,0,2.89e-09,0.35271915498,529.1697002328
2,0,2.64e-09,2.24237848599,1485.9801210652
2,0,2.78e-09,3.86335874809,20597.2439630412
2,0,2.89e-09,0.84527308658,530.2122299564
2,0,2.94e-09,2.59935512947,28286.9904848612
2,0,3.66e-09,1.3541242166,604.4725636619
2,0,2.82e-09,0.0683283499,62.2514255951
2,0,2.69e-09,4.91776226798,6816.289933435
2,0,3.57e-09,2.74654149425,30666.1549584328
2,0,2.63e-09,4.77643040513,52.6901980395
2,0,3.44e-09,1.94480070409,6147.4505249814
2,0,2.57e-09,2.63966270921,1258.4539316256
2,0,3.08e-09,5.40069482744,29864.334027309
2,0,3.34e-09,1.56223513612,6418.7011750014
2,0,3.24e-09,5.37496427957,200.7689224658
2,0,3.16e-09,3.97125662279,6055.5997172024
2,0,2.75e-09,6.25194576299,565.1156877467
2,0,2.69e-09,4.90534085198,140.001969579
2,0,3.21e-09,5.03461670419,703.6331846174
2,0,2.43e-09,2.53093250846,6310.4774060882
2,0,2.43e-09,0.9760084106,6255.6742938946
2,0,2.49e-09,4.80534758404,210.3783341312
2,0,2.48e-09,3.22187918056,216.2198567448
2,0,2.43e-09,5.15609899738,1062.5633239269
2,0,3.36e-09,6.10975677385,454.9093665273
2,0,2.96e-09,4.79138384974,6129.2970395066
2,0,2.4e-09,1.67381717935,37.611770776
2,0,2.37e-09,2.15132956903,212.5483359126
2,0,2.55e-09,3.33122871209,153.4953503977
2,0,3.01e-09,5.81886973641,6510.5519827804
2,0,3.29e-09,5.86928788098,377.3736079158
2,0,2.36e-09,5.87788994285,214.0498549634
2,0,2.82e-09,3.64505853337,263.0839233728
2,0,2.67e-09,1.84936252726,24705.70520908959
2,0,2.85e-09,0.93414827012,5469.5255660316
2,0,2.36e-09,2.66792286959,38.6543004996
2,0,2.34e-09,0.33992064306,5017.508371365
2,0,2.52e-09,3.0398888356,209.106309744
2,0,2.86e-09,4.99886287753,6436.8546604762
2,0,3.09e-09,0.574955925,27511.4678735372
2,0,2.48e-09,4.9851301617,217.491881132
2,0,3.19e-09,3.13977654412,169379.25621117488
2,0,2.63e-09,6.04953863141,11712.9553182308
2,0,2.25e-09,1.81041528541,223.5940361765
2,0,2.85e-09,5.85104532566,16522.6597160022
2,0,2.24e-09,3.9482441124,38.084851528
2,0,2.23e-09,0.39234241482,38.1812197476
2,0,2.35e-09,4.94143074133,4487.8174062704
2,0,2.53e-09,2.08490293021,4377.611085051
2,0,3.12e-09,1.61150992635,11720.0688652316
2,0,2.2e-09,6.00356459702,20199.094959633
2,0,2.16e-09,6.22908327759,2125.8774073792
2,0,2.44e-09,2.64604748092,173.9422195228
2,0,2.13e-09,2.22365237019,30355.9973197678
2,0,2.34e-09,5.26336192114,74.2603337055
2,0,2.33e-09,5.70130722395,75.3028634291
2,0,2.47e-09,5.27605423414,252.6559713532
2,0,2.59e-09,1.86047749915,6282.83203250789
2,0,2.59e-09,1.64646341991,6283.3196674749
2,0,2.03e-09,5.54978754111,18.1592472647
2,0,2.82e-09,6.12964546434,563.6312150384
2,0,2.43e-09,2.57267015777,7096.6261339512
2,0,2.21e-09,4.65757923242,5540.0857894588
2,0,2.24e-09,0.66388865647,88.865680217
2,0,2.46e-09,4.26495076165,8671.9698704406
2,0,2.08e-09,3.10897679499,10440.2742926036
2,0,1.99e-09,5.64807046697,11216.284290324
2,0,2.05e-09,4.98750840184,417.0369633204
2,0,2.11e-09,3.56508711838,37.1698277913
2,0,2.15e-09,5.07155551847,1699.2792165032
2,0,2.07e-09,1.4954906172,12562.561271331
2,0,2.12e-09,0.1839197404,7129.1586847426
2,0,2.69e-09,6.23907991227,70755.06709173629
2,0,1.92e-09,2.70968461449,66.70484372
2,0,2.24e-09,5.58680388524,5636.0650166766
2,0,1.92e-09,0.47333599881,17271.8840075264
2,0,2.04e-09,2.47411750627,207.6700211455
2,0,2.28e-09,3.58367417249,207.8824694666
2,0,2.41e-09,3.52161359834,15906.7641266826
2,0,2.03e-09,0.77682463263,39.0962434843
2,0,1.86e-09,2.34538148826,1898.3512179396
2,0,2.57e-09,0.87147328095,48739.859897083
2,0,1.84e-09,3.83487369725,9380.9596727172
2,0,2.2e-09,4.46432405157,218.7157214094
2,0,2.5e-09,2.67103537581,5934.1514295434
2,0,1.85e-09,1.51386870105,19800.9459562248
2,0,1.86e-09,2.59788381829,508.3503240922
2,0,1.95e-09,5.53819155539,218.9281697305
2,0,1.89e-09,2.52919302388,16062.1845261168
2,0,1.75e-09,3.8409362824,11614.4332937322
2,0,1.75e-09,6.15313646522,3744.8273457378
2,0,2.41e-09,5.00040455119,8390.1103575338
2,0,1.93e-09,4.71506547135,394.6258850592
2,0,1.78e-09,4.08297672654,211.8146227297
2,0,2.24e-09,2.49436555659,1056.2005364515
2,0,1.95e-09,0.90841744066,28.5718080822
2,0,1.89e-09,4.03411872458,401.6721217572
2,0,1.9e-09,4.35107066119,142.4496501338
2,0,2.3e-09,0.83612842798,6632.0002704394
2,0,1.71e-09,1.38853028989,526.7702037878
2,0,2.27e-09,4.16811397278,34596.3646546524
2,0,1.65e-09,0.39341190294,10454.5013866052
2,0,2.21e-09,2.07224292531,6206.8097787158
2,0,1.86e-09,5.42678326989,554.0699874828
2,0,2.01e-09,6.23059857608,3097.88382272579
2,0,1.69e-09,6.09402587013,532.6117264014
2,0,2.17e-09,2.01707572818,124.433415221
2,0,2.05e-09,2.5653347335,16627.3709153772
2,0,1.78e-09,0.01807925983,4797.0957289262
2,0,1.75e-09,5.92248308601,525.4981794006
2,0,2.25e-09,3.43883654828,266.6070417218
2,0,1.67e-09,2.40308228314,5714.253975964
2,0,1.67e-09,1.16660958168,10344.2950653858
2,0,1.72e-09,3.81893679688,6332.8328754632
2,0,1.72e-09,5.97118942936,6233.3188245196
2,0,2.14e-09,2.77237801335,24492.40611365159
2,0,1.87e-09,1.52481751621,1574.8458012822
2,0,1.59e-09,2.33166453392,13198.935439296
2,0,1.58e-09,5.04734034343,528.9402055692
2,0,1.69e-09,0.93171590629,1471.7530270636
2,0,1.57e-09,2.43465536306,530.44172462
2,0,2.07e-09,1.92518585993,12569.7421286346
2,0,1.88e-09,1.87050370857,569.0478410098
2,0,1.94e-09,2.5516685558,183.2428146475
2,0,1.76e-09,2.48119329994,12012.5822971404
2,0,1.96e-09,5.41851032427,11087.2851259184
2,0,1.99e-09,2.28730999946,1685.0521225016
2,0,1.61e-09,2.18455666842,12132.439962106
2,0,1.7e-09,5.35052715864,6272.0301497275
2,0,1.7e-09,4.4395990676,6294.1215502553
2,0,1.68e-09,3.97617357428,17686.7528455664
2,0,1.78e-09,6.20228633181,5.9378908332
2,0,2.07e-09,0.24572465192,73.8183907208
2,0,1.85e-09,3.34815986923,265.9892934775
2,0,1.75e-09,5.99371438486,217.964961884
2,0,1.48e-09,2.8310165378,519.3960243561
2,0,1.99e-09,5.15620822027,33326.5787331742
2,0,1.46e-09,2.06659470489,82.8583534146
2,0,1.92e-09,4.39395898967,425.1137181677
2,0,1.94e-09,2.13712729333,28.4491874678
2,0,1.44e-09,2.03929994576,16737.5772365966
2,0,1.49e-09,1.961573921,414.0680179038
2,0,1.65e-09,3.65136085639,231.4583427027
2,0,2.01e-09,4.11002299299,453.424893819
2,0,2e-09,4.96476307548,1439.5096981492
2,0,1.48e-09,1.10385881777,6851.8977240188
2,0,1.46e-09,4.95201849548,17370.3609759098
2,0,1.43e-09,5.56441147227,5618.3198048614
2,0,1.4e-09,4.10887314023,408.4389436113
2,0,1.91e-09,4.47590456732,75.7448064138
2,0,1.62e-09,3.21674523006,12551.9246059812
2,0,1.43e-09,3.89365374642,5010.3948243642
2,0,1.49e-09,1.58541955295,533.8837507886
2,0,1.61e-09,1.75025798421,31441.6775697568
2,0,1.51e-09,4.72729575304,16723.350142595
2,0,1.35e-09,4.79054860554,12431.0866199474
2,0,1.58e-09,2.03821572977,208.633228992
2,0,1.53e-09,3.42669369028,47.6942631934
2,0,1.31e-09,6.22770537067,203.0041546995
2,0,1.83e-09,0.59231255504,1021.2488945514
2,0,1.39e-09,4.27354999851,373.9079928365
2,0,1.39e-09,4.04425486837,214.7835681463
2,0,1.48e-09,3.93657905776,28766.924424484
2,0,1.46e-09,6.27087503385,12701.2167800182
2,0,1.67e-09,5.98371371124,17473.4537501284
2,0,1.66e-09,1.38695682715,305.3461693927
2,0,1.61e-09,1.02898808001,20452.8694122218
2,0,1.24e-09,4.22571513469,6947.8318951214
2,0,1.35e-09,4.9583891447,3531.5282502998
2,0,1.72e-09,0.23035302794,167959.3901140583
2,0,1.3e-09,0.69748880175,654.1243803156
2,0,1.22e-09,4.12184077581,3583.3410306738
2,0,1.7e-09,6.16462338453,333857.59012677264
2,0,1.44e-09,6.2638142156,4.192785694
2,0,1.55e-09,5.62826239458,6058.7310542895
2,0,1.2e-09,5.90379805618,12808.8803039568
2,0,1.41e-09,3.95455987291,162420.55183479068
2,0,1.39e-09,5.93780077355,251.4321310758
2,0,1.21e-09,3.73123340759,479.2883889155
2,0,1.19e-09,5.90821338773,114.1384744825
2,0,1.2e-09,4.26997270152,12528.124027347
2,0,1.19e-09,5.90934719297,19247.3765533824
2,0,1.17e-09,5.45034772919,11610.5519583742
2,0,1.63e-09,1.54432161045,661.232926781
2,0,1.61e-09,2.28994816795,52670.0695933026
2,0,1.63e-09,2.78769644779,9929.4262273458
2,0,1.19e-09,2.71628583938,12249.7598303262
2,0,1.45e-09,1.17170397718,6360.7496204194
2,0,1.45e-09,2.33523694188,6205.4020795634
2,0,1.15e-09,4.65379442884,539.9859058331
2,0,1.59e-09,2.61434351364,228278.1046514866
2,0,1.56e-09,1.0070891232,4307.5833041354
2,0,1.18e-09,5.95164477875,6302.74561089119
2,0,1.18e-09,3.83848144749,6263.4060890916
2,0,1.14e-09,3.22069040111,213.4109700226
2,0,1.14e-09,4.81084790265,213.1872208534
2,0,1.29e-09,6.17361043988,302.164775655
2,0,1.35e-09,2.80387650268,19804.8272915828
2,0,1.12e-09,3.88136222265,16840.67001081519
2,0,1.48e-09,3.55909740786,28237.2334593894
2,0,1.24e-09,5.50657775921,10239.5838660108
2,0,1.37e-09,2.53358646423,6250.5432992
2,0,1.37e-09,0.97335445483,6315.6084007828
2,0,1.11e-09,0.70362725529,6339.974224927
2,0,1.11e-09,2.80331366377,6226.1774750558
2,0,1.39e-09,4.20829691432,11609.8625440122
2,0,1.24e-09,3.12647421017,19402.7969528166
2,0,1.23e-09,0.80538262187,24734.1543965574
2,0,1.07e-09,0.59542543867,12463.0589257642
2,0,1.4e-09,5.62756230388,38526.574350872
2,0,1.16e-09,5.36019004356,524.0618908021
2,0,1.23e-09,5.71833316259,6305.8510514422
2,0,1.23e-09,4.07179306365,6260.3006485406
2,0,1.15e-09,2.12419003336,535.3200393871
2,0,1.17e-09,1.1111413126,24336.0053931492
2,0,1.31e-09,2.04122395494,18415.51581209739
2,0,1.06e-09,2.18835416515,12341.8069042809
2,0,1.1e-09,3.31587494701,6276.44729109139
2,0,1.1e-09,0.19106597205,6289.70440889141
2,0,1.03e-09,1.18729919186,6324.6266409762
2,0,1.03e-09,2.3196417272,6241.5250590066
2,0,1.26e-09,5.34406107671,540.7366653585
2,0,1.31e-09,5.93782050272,5791.4125575326
2,0,1.19e-09,4.95824095217,983.1158589136
2,0,1.07e-09,0.14948042255,83973.83535572988
2,0,1.07e-09,1.18803015964,84019.8592804939
2,0,1.06e-09,1.7060101934,12772.33724842
2,0,1.43e-09,6.22488817389,2069.0068349066
2,0,1.15e-09,0.35603129387,98.8999885246
2,0,1.43e-09,5.6322160475,18772.9614786986
2,0,1.15e-09,5.35511207484,3641.7345715192
2,0,1.21e-09,3.5343103342,17996.0311682222
2,0,1.18e-09,4.91950265277,525.0250986486
2,0,1.02e-09,1.89629804705,56.6223513026
2,0,1e-09,2.14566059864,529.851023789
2,0,1e-09,5.33661471676,529.5309064002
2,0,9.9e-10,0.29530316101,198.321241911
2,0,1.26e-09,5.90533164276,18822.9292301744
2,0,1.02e-09,6.02433300674,963.4027029714
2,0,1.15e-09,3.09464836385,12570.0838532459
2,0,1.19e-09,0.26217017763,9814.6041002912
2,0,1.38e-09,0.51855418741,6356.3729758504
2,0,1.38e-09,2.98838673165,6209.7787241324
2,0,1.09e-09,2.17221801259,175.1660598002
2,0,1e-09,3.07908951574,5.5229243074
2,0,1.35e-09,5.28292512146,18699.6643528396
2,0,1.04e-09,0.57981411648,12560.6287756754
2,0,1.11e-09,6.01414242152,80.1982245387
2,0,9.8e-10,4.00434933508,5815.11085963699
2,0,9.6e-10,3.47793123567,22743.4093795164
2,0,9.6e-10,5.43048994495,213.0866471169
2,0,9.6e-10,2.6010483588,213.5115437591
2,0,9.9e-10,4.90758830995,551.031606097
2,0,1.13e-09,1.88238867485,2324.9494088156
2,0,1.11e-09,2.56844286864,534.3568315406
2,0,1.17e-09,0.19396627342,524.2743391232
2,0,9.5e-10,3.70643398698,327.4375699205
2,0,1.14e-09,2.18292460802,6155.057006654
2,0,1.14e-09,1.32401631104,6411.0946933288
2,0,1.04e-09,5.47404374073,32.1951448046
2,0,1.27e-09,3.26672162678,21.3406410024
2,0,9.3e-10,0.34809743975,11190.377900137
2,0,1.15e-09,1.00365590687,535.107591066
2,0,9.5e-10,4.06228552408,11300.5842213564
2,0,1.17e-09,2.41831042685,24383.0791084414
2,0,1.1e-09,2.28653466592,6253.6463414554
2,0,1.1e-09,1.22040625314,6312.5053585274
2,0,9.1e-10,1.42377843647,12829.2356233556
2,0,9.6e-10,4.77567549605,35.685355083
2,0,1.2e-09,4.42365311529,17892.93839400359
2,0,9e-10,4.05016333707,15664.03552270859
2,0,1.26e-09,0.70432668892,1293.4842235826
2,0,1.03e-09,2.84917048342,219.891377577
2,0,1.26e-09,4.96989709208,311565.0189210402
2,0,9.1e-10,4.79589087629,1802.3719907218
2,0,1.2e-09,0.5171737764,14158.7477136156
2,0,9e-10,1.60104298475,1382.8873468466
2,0,1.1e-09,1.99803947181,16097.6799502826
2,0,9.2e-10,1.7588610974,21424.4666443034
2,0,9.9e-10,2.04878528903,6432.639047126
2,0,9.3e-10,4.2056530957,99.1606209555
2,0,1.24e-09,5.19244899173,178430.0471905317
2,0,8.8e-10,0.12768507477,15141.390794312
2,0,8.9e-10,5.78577662098,6751.0408403458
2,0,9.6e-10,1.07414401415,7349.5713271814
2,0,9.4e-10,1.3065202435,2699.7348193176
2,0,8.7e-10,1.63535344372,23141.5583829246
2,0,8.7e-10,1.28166497839,228.276948965
2,0,1.03e-09,2.80666225492,18202.21671665939
2,0,9.9e-10,5.29408634455,6313.9899756264
2,0,9.9e-10,4.49603988169,6252.1617243564
2,0,1e-09,1.82319423846,96.8729990951
2,0,9e-10,1.960452436,58864.5439181463
2,0,1.13e-09,3.06789441452,10557.5941608238
2,0,8.5e-10,3.6368910479,74.8297826771
2,0,8.5e-10,1.04303023325,74.7334144575
2,0,9.8e-10,1.66301652528,6126.675129489
2,0,9.8e-10,1.84392439378,6439.4765704938
2,0,8.6e-10,6.05385675766,23123.74586080659
2,0,9.4e-10,5.54106526599,23539.7073863328
2,0,1.13e-09,5.85548952542,177.8743727859
2,0,1.18e-09,2.16762826283,13951.7132749339
2,0,1.17e-09,2.5384568721,89569.990119545
2,0,8.3e-10,4.71523084157,8858.3149443206
2,0,1.01e-09,4.94270501848,18429.742906099
2,0,8.8e-10,2.19663281211,17053.96910625319
2,0,1.13e-09,0.47970289838,12985.636343858
2,0,8.2e-10,4.90614256431,5483.254724826
2,0,8.5e-10,5.99437376237,191.9584544356
2,0,8.7e-10,5.84639583938,40.5807161926
2,0,9.5e-10,0.81797133475,11925.2740926006
2,0,8.4e-10,2.66665772953,6379.0550772092
2,0,8.4e-10,0.84028318953,6187.0966227736
2,0,9.3e-10,3.10680657507,35371.8872659764
2,0,1.05e-09,2.30294939014,6131.1785689062
2,0,1.05e-09,1.20399152892,6434.9731310766
2,0,1.14e-09,2.50001433093,8258.5683958474
2,0,8.4e-10,3.8219641331,32217.2001810808
2,0,8.2e-10,5.40278723857,3958.1264411758
2,0,1.02e-09,4.67254721576,131.4039498699
2,0,1.02e-09,1.32703960779,5767.6119788984
2,0,1.02e-09,2.17990131127,6798.5397210844
2,0,9.3e-10,5.7797706969,74.5209661364
2,0,9.2e-10,6.07396273786,18216.443810661
2,0,1.12e-09,3.91825505548,12188.778092067
2,0,9.3e-10,5.18093640996,75.0422309982
2,0,8e-10,2.87647086515,278.5194664497
2,0,8.9e-10,1.46011729281,191.2076949102
2,0,8.6e-10,4.1843948684,16193.65917750039
2,0,8e-10,2.01988251452,24080.03501677719
2,0,7.9e-10,2.74811848231,38.0211610532
2,0,9.3e-10,4.66163367881,23937.856389741
2,0,7.9e-10,1.59253269036,38.2449102224
2,0,8.8e-10,4.57496913724,1573.8204240988
2,0,9.2e-10,2.79375473262,101426.20877096949
2,0,1.1e-09,5.08243853758,78423.70451667879
2,0,8.7e-10,3.89286413327,1580.8666607968
2,0,8.3e-10,0.78518936484,300.6108669775
2,0,7.8e-10,5.64618149774,30.0562807905
2,0,9.7e-10,3.75597837361,259.5088859231
2,0,8e-10,1.70826898567,6485.3292451655
2,0,8e-10,1.79867193339,6080.8224548173
2,0,7.9e-10,6.1611473858,40796.33892267419
2,0,7.9e-10,2.96735408932,36109.38220466459
2,0,8.8e-10,5.58306387433,16943.7627850338
2,0,9.3e-10,0.22422436515,283.8593188652
2,0,8.8e-10,1.678216318,12537.702512515
2,0,8.5e-10,5.14758347117,44.070926471
2,0,7.9e-10,4.76362160922,41194.4879260824
2,0,8.1e-10,5.19149105668,3956.5080160194
2,0,8.9e-10,2.2559220229,835.0371344873
2,0,7.6e-10,3.13724740029,106.2741679563
2,0,9.1e-10,2.31009109472,80.7194894005
2,0,7.5e-10,0.9328404081,205.2223405907
2,0,1.03e-09,3.71008010926,56600.2792895222
2,0,7.9e-10,1.02058994543,74.6215398729
2,0,7.8e-10,3.65920759701,74.9416572617
2,0,7.9e-10,2.9369730137,5621.8429232104
2,0,9.6e-10,0.4141822589,5888.4499649322
2,0,9.6e-10,3.09275866016,6677.7017350506
2,0,7.4e-10,4.41044639229,6304.4114904584
2,0,7.4e-10,5.37967983395,6261.7402095244
2,0,7.3e-10,1.05049706961,6695.4469468658
2,0,7.3e-10,2.45644384945,5870.704753117
2,0,7.3e-10,1.61765616896,16207.886271502
2,0,8.5e-10,2.08161902252,12850.011018848
2,0,7.5e-10,3.0891009728,3178.1457905676
2,0,7.7e-10,1.39895481144,195.1398481733
2,0,7.2e-10,4.78502700351,213.0384630071
2,0,7.2e-10,3.24651089369,213.5597278689
2,0,9.6e-10,2.6780115053,483.2205421786
2,0,8.6e-10,2.7373583377,2.4476805548
2,0,7.2e-10,5.03595593677,6312.8972881402
2,0,7.2e-10,4.75417028947,6253.25441184259
2,0,1e-09,3.80714752393,5316.1049725558
2,0,8.5e-10,1.33904345426,12282.2923811176
2,0,7.7e-10,5.07586430304,22345.2603761082
2,0,7.5e-10,0.39510451579,24422.3703514073
2,0,7.6e-10,0.41146256256,63658.8777508376
2,0,8.7e-10,2.06336091493,18106.2374894416
2,0,7e-10,0.44640955505,6442.0193677746
2,0,7e-10,3.06053136401,6124.1323322082
2,0,7.4e-10,5.61945589711,15265.8865193004
2,0,7.8e-10,3.38283383527,23550.34405168259
2,0,7.7e-10,5.00656029204,5237.9210138038
2,0,7.5e-10,3.64547243832,27832.0382192832
2,0,9.5e-10,2.11170756015,248.7238180901
2,0,6.9e-10,1.88886878891,529.4785167735
2,0,6.9e-10,5.59340951305,529.9034134157
2,0,7.6e-10,1.98904461594,518.6452648307
2,0,8.2e-10,3.91623659935,6774.7391424502
2,0,6.7e-10,4.88284279928,7082.8969751568
2,0,6.7e-10,3.24232940659,6171.8892077038
2,0,6.7e-10,0.26461151247,6394.262492279
2,0,8e-10,3.79677325613,22380.755800274
2,0,7e-10,0.47599032576,6175.4123260528
2,0,7e-10,3.0309505933,6390.73937393
2,0,6.6e-10,0.44946982323,635.9651330509
2,0,7.7e-10,0.29137018417,9924.8104215106
2,0,9.1e-10,0.90446873976,6652.7756659318
2,0,9.1e-10,2.6024721793,5913.376034051
2,0,6.7e-10,4.84479908786,6300.8883721094
2,0,6.7e-10,4.94532713838,6265.2633278734
2,0,6.6e-10,1.92154628038,2214.7430875962
2,0,7.4e-10,2.48641792134,68.8437077341
2,0,8.8e-10,3.59122542798,10660.6869350424
2,0,6.6e-10,3.01430181986,5959.570433334
2,0,8e-10,5.49178527606,23646.32327890039
2,0,6.8e-10,2.07232411643,4897.1805736552
2,0,6.9e-10,0.56996801147,6944.3087767724
2,0,8.4e-10,5.41269775901,424.1505103212
2,0,7.1e-10,1.03137133715,275.5505210331
2,0,6.6e-10,4.46930207827,33.9402499438
2,0,7.3e-10,2.96334792367,6195.76764545159
2,0,7.3e-10,0.54359299539,6370.3840545312
2,0,7.1e-10,3.5716697893,17363.24742890899
2,0,6.3e-10,1.6576700461,20.6069278195
2,0,7.4e-10,1.56614709067,27043.5028831828
2,0,6.6e-10,2.38194509538,6251.1035441746
2,0,6.6e-10,1.12499582368,6315.0481558082
2,0,8.3e-10,5.09775374255,404.5067903482
2,0,6.3e-10,2.94014383007,8.0767548473
2,0,6.8e-10,2.22365421702,831.8557407496
2,0,8.2e-10,5.88510225867,154.0166152595
2,0,7.8e-10,0.83740696355,42456.7840470916
2,0,6.3e-10,2.70916268945,11823.1616394502
2,0,6.4e-10,4.80330562067,28774.0379714848
2,0,8.1e-10,2.12955581519,37.8724032069
2,0,7.9e-10,5.66337403718,24065.80792277559
2,0,7.2e-10,2.11096843463,18100.00325845
2,0,7.3e-10,5.6015084428,115.8835796217
2,0,8e-10,2.2110840408,38.3936680687
2,0,6.4e-10,4.44827566878,284.1485407422
2,0,6.6e-10,1.21053452412,17576.546524347
2,0,7.2e-10,0.02703779211,245707.4661043443
2,0,6.8e-10,0.52464381855,18003.144715223
2,0,6.8e-10,1.33733194362,28759.81087748319
2,0,7e-10,0.48885804664,107.0249274817
2,0,6.2e-10,2.2504671782,3855.0336669572
2,0,6e-10,5.83008017266,18606.4989460002
2,0,7.9e-10,2.49476757272,22476.73502749179
2,0,7.3e-10,4.61251602377,23440.1377304632
2,0,6e-10,1.65871121739,13088.7291180766
2,0,7.8e-10,2.99014426818,12564.6672272745
2,0,6e-10,2.90135289748,7548.6433286178
2,0,6.9e-10,0.944671641,511.5317178299
2,0,5.9e-10,2.43330626408,5113.4875985828
2,0,7.5e-10,2.85043788676,18624.8827542723
2,0,6.9e-10,4.25329739931,167993.69463622378
2,0,5.9e-10,5.1362804181,41990.7859328988
2,0,8.1e-10,5.98297918907,7250.046727427
2,0,5.9e-10,2.39193379192,6289.1417656212
2,0,5.9e-10,1.11500712714,6277.0099343616
2,0,7.2e-10,4.87534601803,8982.810669309
2,0,5.8e-10,4.95419870669,46.2097904851
2,0,5.7e-10,3.30911091342,792.7748884674
2,0,5.7e-10,1.61290511224,10027.9031957292
2,0,7.9e-10,4.15336422499,531.1754378029
2,0,6.7e-10,5.81376296368,643.8294395771
2,0,7.2e-10,5.73653948228,4598.0237274898
2,0,6.6e-10,0.80721495515,5220.1708014532
2,0,5.6e-10,5.24002840662,35050.00027447539
2,0,7.7e-10,2.14165124499,46386.9937433112
2,0,5.6e-10,6.15449621937,842.1506814881
2,0,6.8e-10,1.14499338723,3166.4164377316
2,0,6.5e-10,0.26869494906,547.8502123593
2,0,5.6e-10,0.3991774857,6339.8791121612
2,0,5.6e-10,3.10776343336,6226.2725878216
2,0,5.6e-10,0.95649088929,12303.06777661
2,0,5.7e-10,1.98721525004,6702.000248892
2,0,5.7e-10,1.51972566902,5864.1514510908
2,0,6.9e-10,0.33788710387,23536.11695768099
2,0,5.9e-10,1.81421782103,67589.08744705719
2,0,6.9e-10,3.21235031019,269.9214467406
2,0,7.5e-10,3.14349504273,227.3137411185
2,0,7.6e-10,0.77801824814,23226.8386350252
2,0,6.1e-10,4.72931440223,121.2520214833
2,0,5.9e-10,1.03968301691,15.252471185
2,0,7.3e-10,4.4386805611,30348.883772767
2,0,5.4e-10,4.96201305869,36147.4098773004
2,0,7e-10,6.2781822466,12299.544658261
2,0,6e-10,5.08461088458,12171.5258149236
2,0,7.4e-10,1.19928905734,3684.3780499902
2,0,5.8e-10,1.58539308271,6716.7875878682
2,0,6.1e-10,3.25163800829,27707.5424942948
2,0,5.9e-10,5.76308524321,12164.4795782256
2,0,7e-10,0.07217173698,16833.55646381439
2,0,6.3e-10,2.16224668422,5227.6260730653
2,0,6.3e-10,5.23287718161,5219.7617665391
2,0,6.1e-10,1.41008037643,429.0458714308
2,0,6.4e-10,2.72423324964,159.1244246902
2,0,6.1e-10,2.23944425679,650.9429865779
2,0,7.2e-10,2.62702736253,4583.7966334882
2,0,5.2e-10,0.96546586882,3627.5074775176
2,0,5.2e-10,0.20415505351,6155.1243169568
2,0,5.2e-10,3.30278586555,6411.027383026
2,0,7.3e-10,3.31073272937,528.2064923863
2,0,5.7e-10,1.89137287758,92.940845832
2,0,6e-10,0.48342399631,5244.049239201
2,0,6.8e-10,5.14472869299,219.4494345923
2,0,5.8e-10,2.72226132172,30775.481963643
2,0,5.1e-10,3.53345258541,1048.3362299253
2,0,5.2e-10,5.80291300969,30639.856638633
2,0,5.3e-10,5.75258856716,37724.7534197482
2,0,6.2e-10,4.52301275304,425.6349830295
2,0,6.5e-10,1.1717484077,14.977853527
2,0,6.2e-10,2.89766241568,6908.7460423038
2,0,6.2e-10,0.60927850338,5657.405657679
2,0,5.8e-10,4.32481237367,72.0732855816
2,0,5e-10,6.18510990638,960.2213092337
2,0,5e-10,3.11011154958,2575.2390943292
2,0,5.4e-10,1.15676928987,18208.349942592
2,0,5.5e-10,0.04281344157,42.3258213318
2,0,5e-10,4.83446941002,426.6463749858
2,0,4.9e-10,3.21271029936,514.7131115676
2,0,6.5e-10,2.4133735888,494.2662424425
2,0,5e-10,3.12376167242,5881.4037282342
2,0,5e-10,0.38317924664,6684.7479717486
2,0,6.7e-10,2.57317423197,618.5566453116
2,0,5.2e-10,1.85871885411,2641.3412784722
2,0,6.8e-10,4.61950794623,96677.8988630422
2,0,5.4e-10,0.77163765121,41654.9631159678
2,0,6.2e-10,6.11167050077,750.1036075334
2,0,5.3e-10,0.86945819735,2428.0421830342
2,0,6.6e-10,5.13003693613,60530.4889857418
2,0,5e-10,1.64593222191,43738.8023459658
2,0,4.8e-10,5.44674337925,25685.872802808
2,0,5e-10,1.63663518288,426.5500067662
2,0,5.9e-10,2.71376008731,3981.490034082
2,0,5.8e-10,0.74658643142,14169.7935622304
2,0,5.1e-10,1.43461659855,7668.9711263276
2,0,4.8e-10,3.23576011756,3646.3503773544
2,0,4.7e-10,4.26489760399,544.6688186216
2,0,5.4e-10,4.50803792908,39302.096962196
2,0,5.7e-10,2.62704971421,799.8211251654
2,0,4.7e-10,4.45256678947,387.2413149608
2,0,5.5e-10,3.70101890767,81.8951455681
2,0,6e-10,0.53980789709,488.8496164711
2,0,6.4e-10,2.60081517768,1364.7280995819
2,0,6.1e-10,3.28745263972,44034.1275895394
2,0,4.9e-10,2.15365169571,96562.99901809469
2,0,5e-10,3.60626874009,17583.6600713478
2,0,5.1e-10,1.16028405425,38650.173506199
2,0,5.2e-10,2.81764658144,210.5907824523
2,0,5.3e-10,1.90122336672,11080.1715789176
2,0,5.3e-10,2.05896623723,427.5613987225
2,0,5.9e-10,0.68886289824,62883.3551395136
2,0,4.6e-10,0.83996053249,25287.7237993998
2,0,4.9e-10,3.59486880927,5490.300961524
2,0,5.8e-10,3.83698375555,6076.3751126948
2,0,5.8e-10,5.95314247069,6489.776587288
2,0,5.1e-10,5.21356444643,216.0074084237
2,0,4.7e-10,4.43378504018,170.6728706192
2,0,5e-10,3.05458837611,1056.9342496344
2,0,4.5e-10,5.81363953764,33318.8160624582
2,0,4.6e-10,3.19651245272,4480.7038592696
2,0,4.9e-10,6.03922030861,501.3797894433
2,0,6e-10,3.92066214096,28313.288804661
2,0,6.1e-10,3.5351068144,491.6632924588
2,0,5.1e-10,6.00904914233,3428.4354760812
2,0,6e-10,3.5128391181,50317.2034395308
2,0,4.4e-10,1.83359720481,2538.2485042536
2,0,5.4e-10,2.28043683109,6559.8216218558
2,0,5.4e-10,1.22650408797,6006.330078127
2,0,4.4e-10,3.59534331356,74.0308390419
2,0,5.2e-10,3.85271761797,244287.60000722768
2,0,4.6e-10,3.84965479184,4384.7246320518
2,0,4.5e-10,0.29195078507,44136.951349374
2,0,5e-10,5.77173682772,355.7487455718
2,0,4.4e-10,2.71274650311,2301.58581590939
2,0,4.4e-10,1.08481523531,75.5323580927
2,0,4.3e-10,5.70834575414,213.4591541324
2,0,4.3e-10,2.32287306604,213.1390367436
2,0,4.3e-10,5.47593276555,220.4608265486
2,0,4.8e-10,4.64164514773,35579.69123957
2,0,5.6e-10,1.59993474661,491.8185618877
2,0,5.1e-10,4.9188765107,18326.65013188039
2,0,4.6e-10,3.15339406184,16703.062133499
2,0,4.8e-10,2.39477993061,5209.4668258006
2,0,4.6e-10,2.47672465258,12555.1059997189
2,0,5.2e-10,5.14565632171,6574.0487158574
2,0,5.2e-10,4.64446990453,5992.1029841254
2,0,4.4e-10,3.80836113401,69941.95360082899
2,0,5e-10,3.54529295551,22030.2129546696
2,0,4.3e-10,1.20775471242,20894.77567920879
2,0,4.4e-10,2.61939991177,533.2140834436
2,0,4.5e-10,4.65113002963,46360.6954235114
2,0,5.4e-10,5.39695767554,187.6962327724
2,0,4.7e-10,2.17023181784,45585.1728121874
2,0,4.3e-10,1.54528183996,8401.8397103698
2,0,5e-10,3.9926048364,296.1574488526
2,0,5.4e-10,3.62371389676,24279.10701821359
2,0,5.7e-10,5.35044527046,1061.829610744
2,0,4.3e-10,3.24179066608,128.9562693151
2,0,4.2e-10,5.13054174413,27433.88921587499
2,0,4.7e-10,4.95696645233,1279.794572628
2,0,4.2e-10,1.32093818083,21548.9623692918
2,0,4.5e-10,3.22031193914,71519.2971432768
2,0,4.3e-10,2.75467576214,27278.4688164408
2,0,4.2e-10,2.68353478578,28230.18722269139
2,0,5.1e-10,2.95623880108,7761.9424240558
2,0,4.1e-10,5.14394847571,3735.238311759
2,0,4.2e-10,3.66392136716,26084.0218062162
2,0,5.4e-10,2.89069416534,207.1487562837
2,0,4.7e-10,6.0333863099,4708.2300487092
2,0,4.8e-10,1.44348407688,106.9767433719
2,0,5.6e-10,3.88391523095,1057.8974574809
2,0,5.6e-10,5.6744210971,88041.956859279
2,0,4.7e-10,3.45990384746,679.2541622292
2,0,5.3e-10,0.36365795711,601.7642506762
2,0,5.6e-10,5.36734540218,28663.8316502654
2,0,4e-10,1.07842393153,28628.3362260996
2,0,4.7e-10,5.61045374376,316428.22867391503
2,0,5.6e-10,1.28041118541,83659.27687239899
2,0,4e-10,2.54799612698,1059.430114299
2,0,4.5e-10,3.08256873858,10.2949407385
2,0,3.9e-10,0.71682305362,34570.0663348526
2,0,5.6e-10,1.60418809786,82534.40362061159
2,0,5.2e-10,1.15000260118,40398.189919266
2,0,5.1e-10,4.18413102003,344.7030453079
2,0,4.2e-10,2.3000953406,220.364458329
2,0,4.8e-10,0.93182108526,12662.1309272006
2,0,4.1e-10,4.95215656542,37057.5774925662
2,0,5.5e-10,5.75395220831,188.9200730498
2,0,5.2e-10,2.84085536047,12571.6746242902
2,0,4.3e-10,3.12714109961,7322.1024607818
2,0,4.1e-10,1.98689255259,664.75604513
2,0,4.3e-10,4.45441019609,19004.6479494084
2,0,4.4e-10,3.63007864944,6140.8972229552
2,0,4.4e-10,6.1600475768,6425.2544770276
2,0,4.4e-10,3.57757676616,49515.382508407
2,0,5.3e-10,0.70077978084,67.6680515665
2,0,3.9e-10,5.09443272912,22594.05489571199
2,0,5.5e-10,5.97876206707,80181.53746683979
2,0,3.9e-10,1.93706467599,1788.1448967202
2,0,5.4e-10,0.38609427782,6560.1108437328
2,0,5.4e-10,3.12084664124,6006.04085625
2,0,4.5e-10,0.83262497188,142861.39123625818
2,0,4.7e-10,5.83395711112,24499.5196606524
2,0,4.3e-10,6.07854396898,7026.065910524
2,0,4.4e-10,4.99425187685,179.3588454942
2,0,4.7e-10,2.57216284949,11919.140866668
2,0,4.7e-10,2.93748065634,24485.29256665079
2,0,4.4e-10,0.26434468297,289.5651667136
2,0,5e-10,3.13873979564,92747.68916682259
2,0,4e-10,4.73960650797,436.1594184316
2,0,4.3e-10,4.24359473122,6359.341921267
2,0,4.9e-10,2.11824959319,66813.5648357332
2,0,4.2e-10,3.13003412642,6231.79551212899
2,0,4.2e-10,0.37690679264,6334.35618785381
2,0,4e-10,3.26413558741,149.45132255
2,0,5.2e-10,1.96232281613,11904.9187732018
2,0,4e-10,6.22187276386,7075.8507384588
2,0,4.7e-10,1.2406737145,1038.0412891868
2,0,4e-10,4.78395267597,7122.0451377418
2,0,4e-10,5.00617355027,5444.106562241
2,0,3.8e-10,0.67444569484,44933.2493561904
2,0,4.4e-10,0.8233284778,358.9301393095
2,0,3.7e-10,4.80355711691,6850.7944877218
2,0,3.7e-10,4.98656910933,5715.357212261
2,0,5e-10,0.35643037555,21947.1113727
2,0,3.9e-10,2.97136332005,21150.8133658836
2,0,3.6e-10,1.35884346175,68.1893164283
2,0,4.2e-10,2.21951419227,6328.217069628
2,0,4.2e-10,1.28742672679,6237.9346303548
2,0,5.1e-10,4.4251068279,60284.4100152629
2,0,4e-10,5.21447072458,3215.1363806432
2,0,3.6e-10,2.69669701623,2751.5475996916
2,0,4.7e-10,5.73121342219,523.5406259403
2,0,3.9e-10,3.85122558089,30774.5016425748
2,0,3.6e-10,1.89385828446,59.8037450403
2,0,4e-10,5.63337030653,1059.3337460794
2,0,4.6e-10,3.45581538922,12146.6670561076
2,0,5e-10,0.05709243771,84334.4177638248
2,1,0.00093052441,0.0,0.0
2,1,0.00051506453,4.43180499286,12566.1516999828
2,1,1.290796e-05,4.3886054854,18849.2275499742
2,1,9.0027e-06,5.84057602289,426.598190876
2,1,7.81136e-06,1.12959177265,206.1855484372
2,1,7.5461e-06,0.6197061239,220.4126424388
2,1,5.65322e-06,1.65278682736,1059.3819301892
2,1,5.71251e-06,4.00106150799,522.5774180938
2,1,5.59143e-06,3.48680691788,536.8045120954
2,1,4.6455e-06,5.82729912952,6283.0758499914
2,1,2.12689e-06,0.16300556918,6279.5527316424
2,1,2.12533e-06,3.34400595407,6286.5989683404
2,1,8.9934e-07,1.86498162492,7.1135470008
2,1,7.3661e-07,5.07557169089,639.897286314
2,1,8.732e-07,0.0906528032,419.4846438752
2,1,6.2345e-07,5.07377354827,4705.7323075436
2,1,5.3924e-07,6.03901927875,433.7117378768
2,1,5.9794e-07,2.24100907272,6256.7775301916
2,1,5.9441e-07,1.26619990626,6309.3741697912
2,1,4.8987e-07,3.64166577835,775.522611324
2,1,4.7619e-07,2.15295666289,213.299095438
2,1,4.6642e-07,4.715752158,7860.4193924392
2,1,4.7112e-07,5.04021592457,529.6909650946
2,1,3.7274e-07,0.66041323804,5753.3848848968
2,1,3.5625e-07,6.15462846966,5884.9268465832
2,1,3.5373e-07,2.90052012152,6812.766815086
2,1,3.198e-07,3.62728133561,6681.2248533996
2,1,3.1263e-07,3.30956065388,1052.2683831884
2,1,3.879e-07,1.87592194521,1589.0728952838
2,1,2.9711e-07,3.87870738442,1066.49547719
2,1,3.2122e-07,1.28008455196,149.5631971346
2,1,2.8763e-07,4.34539355621,25132.3033999656
2,1,2.8447e-07,5.86215103214,6127.6554505572
2,1,2.7502e-07,3.92641632542,6438.4962494256
2,1,2.483e-07,1.35190115953,5486.777843175
2,1,2.1415e-07,5.30131509744,316.3918696566
2,1,2.0618e-07,2.14772396647,7079.3738568078
2,1,1.9019e-07,0.48946385175,227.5261894396
2,1,1.9531e-07,1.29958310594,5507.5532386674
2,1,1.8447e-07,6.17330532651,11790.6290886588
2,1,1.652e-07,4.63328039489,11506.7697697936
2,1,1.5976e-07,2.44551801692,110.2063212194
2,1,1.6754e-07,2.24862220282,7058.5984613154
2,1,1.456e-07,4.40425761361,6290.1893969922
2,1,1.4426e-07,5.39226330857,6275.9623029906
2,1,1.4186e-07,6.18547219419,796.2980068164
2,1,1.583e-07,4.20419608904,76.2660712756
2,1,1.2666e-07,5.73231393752,4694.0029547076
2,1,1.2413e-07,4.14057132118,515.463871093
2,1,1.3252e-07,3.5892518546,36.6485629295
2,1,1.172e-07,1.50209200374,632.7837393132
2,1,1.2488e-07,0.74887488462,39.6175083461
2,1,1.01e-07,1.72464513593,3738.761430108
2,1,9.427e-08,3.08115743044,6069.7767545534
2,1,1.0425e-07,2.69531177468,6282.0955289232
2,1,1.0425e-07,0.81162914438,6284.0561710596
2,1,9.576e-08,0.32459396888,4136.9104335162
2,1,1.0164e-07,0.6299231039,73.297125859
2,1,9.043e-08,0.43888880403,6496.3749454294
2,1,9.222e-08,1.25927718333,199.0720014364
2,1,8.663e-08,3.35360012494,543.9180590962
2,1,8.545e-08,4.77137497641,1194.4470102246
2,1,7.691e-08,1.12047989646,103.0927742186
2,1,7.682e-08,1.44821098204,949.1756089698
2,1,6.291e-08,3.18312019173,8429.2412664666
2,1,6.133e-08,1.78033290355,8827.3902698748
2,1,5.662e-08,4.43184042162,853.196381752
2,1,5.524e-08,3.79842135217,4933.2084403326
2,1,7.316e-08,5.20404355405,4535.0594369244
2,1,5.17e-08,0.37516758388,209.3669421749
2,1,5.146e-08,3.57146870511,11769.8536931664
2,1,5.081e-08,1.3905945573,217.2312487011
2,1,6.461e-08,2.67840586109,5088.6288397668
2,1,5.27e-08,0.94095218349,3154.6870848956
2,1,4.829e-08,5.328765385,6040.3472460174
2,1,4.985e-08,3.05697984231,12569.6748183318
2,1,4.66e-08,0.15626149972,216.4804891757
2,1,4.709e-08,2.39292099451,5331.3574437408
2,1,4.601e-08,4.4529653271,6525.8044539654
2,1,4.553e-08,1.60431626596,210.1177017003
2,1,4.447e-08,5.48065037241,323.5054166574
2,1,5.607e-08,0.98720797401,5729.506447149
2,1,4.151e-08,1.93098926861,63.7358983034
2,1,4.081e-08,5.94191743597,7632.9432596502
2,1,4.099e-08,5.22964063969,647.0108333148
2,1,5.058e-08,1.73136117173,14.2270940016
2,1,4.394e-08,4.7594818484,12559.038152982
2,1,4.293e-08,2.71452907477,735.8765135318
2,1,5.053e-08,4.55162942081,8031.0922630584
2,1,5.077e-08,0.73549620962,7477.522860216
2,1,3.779e-08,1.07385171253,7234.794256242
2,1,4.974e-08,2.50029147401,6836.6452528338
2,1,3.614e-08,2.52455299148,3930.2096962196
2,1,3.482e-08,3.82652198801,10977.078804699
2,1,3.443e-08,2.77873462243,85.8272988312
2,1,3.302e-08,0.78944659795,11.0457002639
2,1,3.576e-08,5.30219799481,4164.311989613
2,1,3.246e-08,4.47251198694,526.5095713569
2,1,3.376e-08,5.00213145251,11371.7046897582
2,1,3.18e-08,3.00772018402,532.8723588323
2,1,4.29e-08,3.36736739298,1592.5960136328
2,1,3.406e-08,0.83525752781,3128.3887650958
2,1,3.124e-08,3.17143982984,7084.8967811152
2,1,2.903e-08,3.22514351914,525.7588118315
2,1,2.896e-08,1.12069020939,117.3198682202
2,1,2.863e-08,4.25448918131,533.6231183577
2,1,2.838e-08,0.45959307618,202.2533951741
2,1,2.752e-08,3.67389621489,7342.4577801806
2,1,2.778e-08,0.26817898615,1748.016413067
2,1,2.82e-08,0.2314691432,5223.6939198022
2,1,3.334e-08,3.48823993118,801.8209311238
2,1,3.328e-08,5.83812544995,155.4203994342
2,1,3.008e-08,0.67203387304,8635.9420037632
2,1,2.863e-08,2.16989496338,95.9792272178
2,1,2.488e-08,1.92630128592,2118.7638603784
2,1,2.348e-08,5.19665664165,2146.1654164752
2,1,2.307e-08,2.98930142346,17260.1546546904
2,1,2.044e-08,3.86812530423,138.5174968707
2,1,2.778e-08,6.17392405934,5481.2549188676
2,1,2.046e-08,1.96605971472,1990.745017041
2,1,1.977e-08,2.19636388255,742.9900605326
2,1,2.67e-08,1.00151747879,26.2983197998
2,1,2e-08,3.03124266219,951.7184062506
2,1,1.83e-08,4.43806423544,553.5694028424
2,1,1.762e-08,3.84931185617,4690.4798363586
2,1,1.909e-08,0.39529260174,956.2891559706
2,1,2.43e-08,1.64090263419,1349.8674096588
2,1,1.721e-08,4.20873668375,1596.1864422846
2,1,1.902e-08,2.66567222573,9437.762934887
2,1,1.699e-08,1.87566644469,70.8494453042
2,1,1.94e-08,3.91085273629,5216.5803728014
2,1,1.708e-08,5.00417878382,10988.808157535
2,1,1.762e-08,2.39542835845,398.1490034082
2,1,1.57e-08,2.80724611689,78.7137518304
2,1,1.79e-08,3.48655562486,5230.807466803
2,1,1.555e-08,2.09924417685,13095.8426650774
2,1,1.493e-08,5.97213767442,440.8252848776
2,1,1.779e-08,0.23737949225,12562.6285816338
2,1,1.45e-08,4.07811254364,6303.4311693902
2,1,1.45e-08,5.7120136826,6262.7205305926
2,1,1.465e-08,1.19009717807,74.7815985673
2,1,1.559e-08,2.97028792257,1045.1548361876
2,1,1.838e-08,3.37688364803,1581.959348283
2,1,1.768e-08,0.08826500577,10973.55568635
2,1,1.373e-08,5.60523185373,7875.6718636242
2,1,1.646e-08,2.40413866073,224.3447957019
2,1,1.428e-08,3.29442777483,12721.572099417
2,1,1.23e-08,2.53131850803,18319.5365848796
2,1,1.14e-08,1.21410806683,2942.4634232916
2,1,1.133e-08,4.77291959539,35.1640902212
2,1,1.057e-08,0.79522639484,309.2783226558
2,1,1.112e-08,2.89652371372,625.6701923124
2,1,1.045e-08,2.1753572128,242.728603974
2,1,1e-08,4.09863557302,1265.5674786264
2,1,9.69e-09,1.29405045734,5643.1785636774
2,1,1.064e-08,4.40566643488,15720.8387848784
2,1,9.62e-09,0.55758587779,2388.8940204492
2,1,9.37e-09,4.17606834663,20426.571092422
2,1,8.69e-09,5.80860615243,16496.3613962024
2,1,8.74e-09,1.43036958888,10575.4066829418
2,1,1.088e-08,5.77656856686,5760.4984318976
2,1,9.89e-09,6.14826697847,412.3710968744
2,1,8.89e-09,4.77820137734,6288.5987742988
2,1,8.89e-09,5.01192484889,6277.552925684
2,1,1.018e-08,2.66299766067,12539.853380183
2,1,1.017e-08,4.02093017183,6805.6532680852
2,1,8.82e-09,5.83304308882,41.1019810544
2,1,9.36e-09,2.99521995909,1169.5882514086
2,1,9.43e-09,0.21048093986,151.0476698429
2,1,7.94e-09,3.7932907994,14314.1681130498
2,1,7.71e-09,1.58200018736,942.062061969
2,1,7.95e-09,3.39951828424,6279.7894925736
2,1,7.95e-09,0.10742263482,6286.3622074092
2,1,7.59e-09,4.98301749094,1577.3435424478
2,1,7.57e-09,3.81754073272,5856.4776591154
2,1,8e-09,3.18366218591,12029.3471878874
2,1,7.16e-09,2.28687269516,9623.6882766912
2,1,6.98e-09,4.94363229969,6148.010769956
2,1,9.07e-09,0.70119368826,13367.9726311066
2,1,6.72e-09,3.99153941403,12964.300703391
2,1,6.78e-09,4.84647216304,6418.1409300268
2,1,6.71e-09,6.00179402654,6709.6740408674
2,1,7.62e-09,3.4341834437,1155.361157407
2,1,6.57e-09,1.80163596347,13119.72110282519
2,1,6.62e-09,4.0403110364,11015.1064773348
2,1,7.12e-09,1.82235727085,71.8126531507
2,1,7.44e-09,2.6874116078,12043.574281889
2,1,6.73e-09,2.45322928062,14712.317116458
2,1,6.96e-09,2.53877129238,16730.4636895958
2,1,7.18e-09,2.94974266304,77.7505439839
2,1,6.71e-09,0.40543909773,13517.8701062334
2,1,6.04e-09,5.39462125376,14143.4952424306
2,1,7.54e-09,5.24655445271,13916.0191096416
2,1,6.29e-09,3.42493725594,4686.8894077068
2,1,7.18e-09,1.70498371588,1162.4747044078
2,1,6.1e-09,5.19955844918,6819.8803620868
2,1,6.67e-09,4.8715137291,3634.6210245184
2,1,6.09e-09,4.57544043999,5746.271337896
2,1,6.2e-09,4.30310535016,31415.379249957
2,1,5.53e-09,0.78994516254,6306.9542877392
2,1,5.53e-09,2.71699575652,6259.1974122436
2,1,5.24e-09,3.96543945899,12139.5535091068
2,1,5.14e-09,3.87793148429,4701.1165017084
2,1,5.53e-09,4.81568395217,12036.4607348882
2,1,4.95e-09,2.00987395637,13362.4497067992
2,1,5.04e-09,2.36012441072,277.0349937414
2,1,5.62e-09,4.76145666018,4292.3308329504
2,1,4.81e-09,2.57118063835,6286.9571853494
2,1,4.81e-09,0.93576028071,6279.1945146334
2,1,4.86e-09,5.53252452947,422.6660376129
2,1,6.35e-09,3.19879108676,84334.66158130829
2,1,4.45e-09,1.68959289911,11499.6562227928
2,1,5.96e-09,1.08038043695,10447.3878396044
2,1,4.52e-09,3.98330238308,12573.2652469836
2,1,4.99e-09,5.79985861523,12410.7313005486
2,1,4.4e-09,0.58121786395,24072.9214697764
2,1,4.3e-09,1.17248306119,1692.1656695024
2,1,5.75e-09,1.39410252291,12592.4500197826
2,1,4.04e-09,0.56451183179,5863.5912061162
2,1,3.91e-09,3.73837604066,1073.6090241908
2,1,3.98e-09,4.20035189119,8273.8208670324
2,1,4.18e-09,2.76069368004,10177.2576795336
2,1,3.79e-09,3.05384870302,6386.16862421
2,1,3.79e-09,0.45309221604,6179.9830757728
2,1,3.77e-09,4.33269290931,7872.1487452752
2,1,4.19e-09,4.05140116867,5327.4761083828
2,1,3.83e-09,5.11659434377,6319.1037166688
2,1,3.83e-09,4.67353188247,6247.04798331399
2,1,3.75e-09,0.35041804232,234.6397364404
2,1,4.57e-09,0.88573283839,6489.2613984286
2,1,4.57e-09,2.62120808067,6076.8903015542
2,1,3.73e-09,3.98254461376,415.5524906121
2,1,3.61e-09,5.90601998518,846.0828347512
2,1,3.84e-09,5.6497651674,330.6189636582
2,1,3.78e-09,5.80861101902,7238.6755916
2,1,3.44e-09,4.99907349425,18451.07854656599
2,1,3.34e-09,0.5621591799,18073.7049386502
2,1,3.35e-09,4.48297896956,860.3099287528
2,1,4.53e-09,5.43513758472,2787.0430238574
2,1,3.37e-09,3.18444650009,71.6002048296
2,1,3.64e-09,0.67991079022,6321.1035226272
2,1,3.64e-09,2.82703012884,6245.0481773556
2,1,3.24e-09,0.71684229879,423.4167971383
2,1,3.42e-09,4.52940007807,6303.8512454838
2,1,3.42e-09,5.26072614817,6262.300454499
2,1,3.86e-09,1.14024921261,10021.8372800994
2,1,3.19e-09,4.83173153249,11926.2544136688
2,1,4.33e-09,1.36147512776,3.9321532631
2,1,3.16e-09,1.1736206554,77713.7714681205
2,1,3.26e-09,1.48465704932,77.962992305
2,1,3.18e-09,6.03589239585,6311.5250374592
2,1,3.18e-09,3.75423383039,6254.6266625236
2,1,3.15e-09,1.09950918957,12323.4230960088
2,1,3.84e-09,1.50030220266,1478.8665740644
2,1,3.11e-09,5.94074472453,2352.8661537718
2,1,3.16e-09,5.62533566974,429.7795846137
2,1,3.04e-09,0.43890915612,12779.4507954208
2,1,3.04e-09,3.9876164825,145.6310438715
2,1,3.43e-09,1.36470897271,6267.82337880639
2,1,3.43e-09,2.14223194635,6298.3283211764
2,1,3.98e-09,4.83558508405,1551.045222648
2,1,3e-09,0.20527323254,90279.92316810328
2,1,3.52e-09,0.64575728139,2.9689454166
2,1,2.97e-09,4.04385751107,10213.285546211
2,1,2.97e-09,2.07974536467,5429.8794682394
2,1,3.34e-09,1.16416729842,17782.7320727842
2,1,2.95e-09,2.48770580169,6702.5604938666
2,1,3.84e-09,4.55881127062,210.8514148832
2,1,3.8e-09,3.47993786173,215.7467759928
2,1,3.21e-09,0.66776723307,17796.9591667858
2,1,3.6e-09,2.88459167183,728.762966531
2,1,3.69e-09,4.7823159787,4732.0306273434
2,1,3.38e-09,4.31589716519,148.0787244263
2,1,2.63e-09,2.60909847321,955.5997416086
2,1,2.55e-09,0.6871636125,437.6438911399
2,1,3.05e-09,0.57265325631,5642.1982426092
2,1,2.84e-09,3.67849455855,838.9692877504
2,1,2.87e-09,0.31572653335,9917.6968745098
2,1,2.61e-09,1.9378221626,16200.7727245012
2,1,2.82e-09,2.93181184874,13341.6743113068
2,1,2.62e-09,5.15409122759,14945.3161735544
2,1,2.34e-09,0.03317726903,223.5940361765
2,1,2.22e-09,4.29914928209,508.3503240922
2,1,2.76e-09,0.59107321564,12168.0026965746
2,1,2.17e-09,2.74597813026,2544.3144198834
2,1,2.33e-09,3.30440847719,1272.6810256272
2,1,2.59e-09,5.53112324599,3894.1818295422
2,1,2.65e-09,1.64615612331,3.1813937377
2,1,2.16e-09,4.02991604351,3185.1920272656
2,1,2.5e-09,3.04516511604,6923.9534573736
2,1,1.93e-09,0.7877975282,640.8776073822
2,1,2.03e-09,2.8241719579,6062.6632075526
2,1,2.03e-09,0.68276896116,6503.4884924302
2,1,2.01e-09,4.46138168832,1375.7737998458
2,1,1.88e-09,4.83298725434,18209.33026366019
2,1,1.84e-09,2.638755168,12566.2190102856
2,1,2.13e-09,4.09959554852,9779.1086761254
2,1,1.89e-09,1.85609145755,2648.454825473
2,1,2.48e-09,5.62050900898,17789.845619785
2,1,1.81e-09,2.37018594067,88.865680217
2,1,1.87e-09,0.48606035843,6290.1220866894
2,1,1.87e-09,3.02088056063,6276.02961329339
2,1,1.84e-09,3.08285813784,12566.08438968
2,1,2.3e-09,0.6669456243,12567.132021051
2,1,1.99e-09,1.40110998613,430.5303441391
2,1,1.89e-09,0.25718944825,124.433415221
2,1,1.74e-09,5.22081710422,1368.660252845
2,1,1.84e-09,1.80970202711,6037.244203762
2,1,1.59e-09,0.31775301914,3496.032826134
2,1,1.67e-09,3.42353804022,1062.5633239269
2,1,1.79e-09,1.27622455391,3.523118349
2,1,1.82e-09,0.19927362554,5849.3641121146
2,1,1.75e-09,1.69691956469,6528.9074962208
2,1,1.54e-09,5.68366565747,6112.4029793722
2,1,1.54e-09,4.10646056877,6453.7487206106
2,1,1.52e-09,5.50666765279,160.6088973985
2,1,1.62e-09,0.40509792796,18875.525869774
2,1,1.72e-09,0.02323350795,65.2203710117
2,1,1.54e-09,4.59717983879,519.3960243561
2,1,1.63e-09,2.96167567065,12352.8526045448
2,1,1.43e-09,0.06272029982,19651.048481098
2,1,1.44e-09,2.19098385924,18635.9284545362
2,1,1.41e-09,5.6357474907,10969.9652576982
2,1,1.62e-09,4.37345556932,3340.6124266998
2,1,1.46e-09,0.42084370397,13760.5987102074
2,1,1.39e-09,3.64890818066,1055.4497769261
2,1,1.38e-09,4.30414447043,1258.4539316256
2,1,1.61e-09,6.06631099179,8662.240323563
2,1,1.42e-09,2.91677439721,4157.1984426122
2,1,1.33e-09,4.73063338736,18139.2945014159
2,1,1.32e-09,5.18037129096,654.1243803156
2,1,1.36e-09,1.73632400099,203.0041546995
2,1,1.25e-09,0.78764990758,20.7753954924
2,1,1.21e-09,4.88476463619,1063.3140834523
2,1,1.23e-09,4.97498024339,6172.869528772
2,1,1.23e-09,4.81514598285,6393.2821712108
2,1,1.35e-09,4.59213390099,10984.1923516998
2,1,1.17e-09,2.90632080371,18852.7506683232
2,1,1.18e-09,3.20236689438,551.031606097
2,1,1.18e-09,5.67650820416,17256.6315363414
2,1,1.47e-09,4.60612631701,17654.7805397496
2,1,1.2e-09,2.88381733148,539.9859058331
2,1,1.4e-09,4.29359662977,1056.2005364515
2,1,1.13e-09,3.90726609167,65147.6197681377
2,1,1.11e-09,4.11806246187,222.8603229936
2,1,1.11e-09,4.75059162228,2125.8774073792
2,1,1.23e-09,2.85759760823,12565.1713789146
2,1,1.33e-09,3.06193509061,22.0914005278
2,1,1.07e-09,5.46942612515,9380.9596727172
2,1,1.36e-09,1.56582531149,21.3406410024
2,1,1.44e-09,6.19128577365,299.1263942692
2,1,1.19e-09,0.71211331875,10419.9862835076
2,1,1.03e-09,4.9594133027,6271.3464971554
2,1,1.03e-09,4.83071292354,6294.8052028274
2,1,1.08e-09,1.67634660643,302.164775655
2,1,1.02e-09,5.99360230997,4804.209275927
2,1,1.14e-09,3.78885344182,4171.4255366138
2,1,1.13e-09,4.29988480427,23013.5395395872
2,1,1.12e-09,0.61034141917,17253.04110768959
2,1,1.01e-09,1.41448120448,191.9584544356
2,1,1.13e-09,0.9798380835,16858.4825329332
2,1,1.39e-09,1.37682327925,1485.9801210652
2,1,1.02e-09,4.09962394648,6549.6828917132
2,1,1.02e-09,5.69050227976,6016.4688082696
2,1,1.06e-09,0.87687085688,23543.23050468179
2,1,9.5e-10,3.83184038977,18.1592472647
2,1,9.4e-10,1.7480159064,87.3117715395
2,1,1.19e-09,3.20779882655,1574.8458012822
2,1,1.21e-09,4.76575782873,13625.533630172
2,1,1.22e-09,4.9562733274,84.3428261229
2,1,8.8e-10,1.18967345782,17298.1823273262
2,1,9.7e-10,4.30891602532,217.964961884
2,1,8.7e-10,1.12941525302,17267.26820169119
2,1,9.6e-10,3.5950151272,2111.6503133776
2,1,9.3e-10,6.00441441624,33.6796175129
2,1,9.2e-10,1.84158032509,22805.7355659936
2,1,8.6e-10,4.36870119289,12808.8803039568
2,1,8.7e-10,1.75505290273,231.4583427027
2,1,1.11e-09,0.85102422912,11513.8833167944
2,1,9.7e-10,0.07381843439,72.3339180125
2,1,9.5e-10,6.0559745773,12345.739057544
2,1,9e-10,3.89285886336,628.8515860501
2,1,1.06e-09,3.57199937061,11216.284290324
2,1,8.7e-10,1.36534411656,8982.810669309
2,1,9.5e-10,0.9296630348,12012.5822971404
2,1,8.9e-10,3.43002043997,1699.2792165032
2,1,8.1e-10,2.27691876526,11614.4332937322
2,1,8.4e-10,5.85994160066,6255.6742938946
2,1,8.4e-10,3.93018462558,6310.4774060882
2,1,8e-10,5.05950625443,6922.9731363054
2,1,8.5e-10,1.08198764342,5636.0650166766
2,1,8.4e-10,4.64040201203,10440.2742926036
2,1,8.9e-10,6.25985265406,16723.350142595
2,1,8e-10,5.99267916099,12.5301729722
2,1,8e-10,2.6262247457,3583.3410306738
2,1,9.1e-10,5.59316682916,10818.1352869158
2,1,9.1e-10,1.4361272766,15671.0817594066
2,1,8.6e-10,3.72646183478,208.633228992
2,1,7.7e-10,4.132298013,6993.0088985497
2,1,7.6e-10,2.85409687552,11925.2740926006
2,1,7.6e-10,4.8873316164,9.5612275556
2,1,9.6e-10,1.47205677028,3097.88382272579
2,1,7.7e-10,4.73669756226,38.1330356378
2,1,1.04e-09,0.70746530546,5650.2921106782
2,1,8.6e-10,5.52511956951,12359.9661515456
2,1,7.6e-10,4.1894702217,288.0806940053
2,1,8e-10,6.03205499783,13521.7514415914
2,1,9e-10,4.45214765055,6195.76764545159
2,1,9e-10,5.33797857569,6370.3840545312
2,1,8.2e-10,4.91006846138,18842.11400297339
2,1,8.3e-10,3.74911363362,18415.51581209739
2,1,1.02e-09,4.43384315891,3104.9300594238
2,1,9.6e-10,4.64169775712,203.7378678824
2,1,7.4e-10,5.90055438198,5120.6011455836
2,1,7.6e-10,5.1245373061,362.8622925726
2,1,7.6e-10,2.48257518078,1471.7530270636
2,1,9.3e-10,2.53140640111,16460.33352952499
2,1,7.5e-10,0.38132378506,525.0250986486
2,1,8.4e-10,5.92514029201,2379.1644735716
2,1,6.9e-10,2.64295754993,114.3991069134
2,1,6.8e-10,5.35287430069,153.4953503977
2,1,6.8e-10,5.70841220182,73.8183907208
2,1,7.5e-10,0.05752343047,30355.9973197678
2,1,7.6e-10,3.26399401386,18429.742906099
2,1,7.1e-10,0.81628722181,534.3568315406
2,1,6.7e-10,4.00530001957,16062.1845261168
2,1,6.4e-10,5.24500232218,75.7448064138
2,1,6.6e-10,4.8163406413,10454.5013866052
2,1,8.7e-10,3.52675041577,3903.9113764198
2,1,6.6e-10,4.6069910944,42.5864537627
2,1,6.1e-10,1.32159131349,207.8824694666
2,1,7.8e-10,2.74560762552,8671.9698704406
2,1,6.3e-10,5.70772167485,24356.7807886416
2,1,5.9e-10,0.45173742414,218.7157214094
2,1,5.9e-10,5.95742231142,408.4389436113
2,1,6.7e-10,5.29778871808,152.5321425512
2,1,7.6e-10,4.82056450443,77.2292791221
2,1,6.3e-10,1.72943225747,79.2350166922
2,1,7.3e-10,6.08379700055,9388.0059094152
2,1,6e-10,1.94470153573,34570.0663348526
2,1,5.7e-10,2.89018663881,149854.4001348079
2,1,5.6e-10,3.76314176838,12455.9453787634
2,1,5.5e-10,1.32127703933,23539.7073863328
2,1,5.5e-10,5.60680941684,15664.03552270859
2,1,5.5e-10,1.48510731583,200.7689224658
2,1,5.5e-10,2.03729558857,340.7708920448
2,1,5.6e-10,0.60887110989,11764.330768859
2,1,7.6e-10,0.68351123517,146.594251718
2,1,6.1e-10,4.86427999867,28237.2334593894
2,1,6.5e-10,4.2996552855,7335.3442331798
2,1,6.7e-10,4.20742811531,11933.3679606696
2,1,7.2e-10,4.30216792995,6510.5519827804
2,1,7.2e-10,5.48795829629,6055.5997172024
2,1,7.2e-10,1.86379528122,127.4717966068
2,1,5.3e-10,5.64466034451,17996.0311682222
2,1,5.5e-10,3.89290884441,831.8557407496
2,1,7.1e-10,4.94322519248,12545.3763044904
2,1,6.1e-10,3.80625548858,6253.6463414554
2,1,6.1e-10,5.98387073766,6312.5053585274
2,1,5.2e-10,1.83796108842,5326.7866940208
2,1,6.6e-10,0.7963383466,14919.0178537546
2,1,5.1e-10,1.99163070525,225.8292684102
2,1,5.8e-10,1.52964509339,2221.856634597
2,1,5.7e-10,5.68632410752,4.4534181249
2,1,5.3e-10,2.81005325604,2699.7348193176
2,1,5.9e-10,4.32589692662,618.5566453116
2,1,6.4e-10,3.86347940489,1685.0521225016
2,1,5.3e-10,3.04286367857,70.3281804424
2,1,5.1e-10,2.33512659118,16522.6597160022
2,1,4.9e-10,1.07108765064,2008.557539159
2,1,4.9e-10,2.61656735675,35579.69123957
2,1,5.3e-10,3.71469727042,6357.8574485587
2,1,5.3e-10,6.07542895582,6208.2942514241
2,1,5.8e-10,6.24714677357,16737.5772365966
2,1,4.9e-10,3.35591683551,21393.5419698576
2,1,4.9e-10,5.31764383927,7018.9523635232
2,1,4.9e-10,4.47248238697,5547.1993364596
2,1,4.9e-10,1.02044068888,12416.5885028482
2,1,4.8e-10,0.93318398067,5573.1428014331
2,1,4.8e-10,2.75851599881,350.3321196004
2,1,5e-10,4.78756360288,26084.0218062162
2,1,5.2e-10,0.61376591765,45585.1728121874
2,1,5.1e-10,1.83598363802,23006.42599258639
2,1,5.8e-10,4.03624047121,15141.390794312
2,1,4.7e-10,3.55960074091,22743.4093795164
2,1,5e-10,5.52194731109,21424.4666443034
2,1,5.1e-10,0.22846885309,210.3783341312
2,1,5.1e-10,1.50810894489,216.2198567448
2,1,4.7e-10,5.68901702449,24279.10701821359
2,1,4.9e-10,0.09767152059,5749.8617665478
2,1,4.9e-10,3.40926939847,6816.289933435
2,1,4.6e-10,1.88054905125,19378.9185150688
2,1,4.7e-10,0.52217551707,24065.80792277559
2,1,4.9e-10,4.34430964617,963.4027029714
2,1,4.6e-10,4.16716226231,104351.61256629678
2,1,5e-10,2.92366135772,24602.61243487099
2,1,5.4e-10,4.75214506546,7834.1210726394
2,1,5.2e-10,5.9753200218,142.4496501338
2,1,4.5e-10,3.48834172987,161000.6857376741
2,1,4.5e-10,3.23715580244,37.611770776
2,1,4.4e-10,2.92943406327,62.2514255951
2,1,5e-10,2.96247842378,1038.0412891868
2,1,4.9e-10,2.94403678329,29303.7289365794
2,1,4.8e-10,1.95408707684,5244.049239201
2,1,4.4e-10,4.06912509984,524.2743391232
2,1,4.4e-10,1.10360628,38.6543004996
2,1,4.3e-10,3.93857315871,12132.439962106
2,1,4.4e-10,3.4131531898,535.107591066
2,1,4.7e-10,5.81677586075,18208.349942592
2,1,5.9e-10,4.20691421118,1795.258443721
2,1,4.9e-10,3.41896064981,29289.5018425778
2,1,4.4e-10,2.0668510448,6175.4123260528
2,1,4.4e-10,1.44008987426,6390.73937393
2,1,4.2e-10,6.18541909471,24705.70520908959
2,1,4.2e-10,3.2699949263,195.1398481733
2,1,4.3e-10,2.09042966596,74.8934731519
2,1,4.3e-10,2.58927275174,74.6697239827
2,1,5e-10,0.24741236723,131.4039498699
2,1,4.9e-10,4.20329151784,207.6700211455
2,1,4.1e-10,3.21613978391,17370.3609759098
2,1,4.7e-10,1.17418881008,58953.145443294
2,1,4.8e-10,0.71033320787,109.9456887885
2,1,4.1e-10,2.05518926769,23020.65308658799
2,1,4.4e-10,3.20914273688,26735.9452622132
2,1,4.5e-10,3.70228663504,54247.4131357504
2,1,4e-10,4.57474127522,32243.4985008806
2,1,4e-10,5.17182769558,24336.0053931492
2,1,4e-10,3.62816477586,19804.8272915828
2,1,3.9e-10,1.13462594128,18606.4989460002
2,1,4e-10,4.71493835645,8401.8397103698
2,1,3.9e-10,0.11315588432,1382.8873468466
2,1,4.1e-10,2.69655967341,16207.886271502
2,1,3.8e-10,5.56507429543,29088.811415985
2,1,3.8e-10,2.82768070464,703.6331846174
2,1,4e-10,1.29300189092,10.2949407385
2,1,3.8e-10,2.36481926067,6268.8487559898
2,1,3.8e-10,1.14212165839,6297.302943993
2,1,4.1e-10,3.38234777816,15508.6151232744
2,1,3.8e-10,4.82215691915,6171.8892077038
2,1,3.8e-10,4.96796930709,6394.262492279
2,1,4.6e-10,3.79813773531,218.9281697305
2,1,3.9e-10,1.7519880472,29826.3063546732
2,1,3.7e-10,3.64776861935,20452.8694122218
2,1,5.2e-10,3.98463781177,1047.7473117547
2,1,4.3e-10,6.01711305973,55022.9357470744
2,1,3.7e-10,6.18577055273,4061.2192153944
2,1,4e-10,2.02818434731,49515.382508407
2,1,3.7e-10,2.83593964107,511.5317178299
2,1,4.9e-10,4.21086629146,18216.443810661
2,1,3.8e-10,4.59185538964,18202.21671665939
2,1,3.5e-10,3.16929714068,26482.1708096244
2,1,3.5e-10,4.28290669029,565.1156877467
2,1,3.6e-10,1.56812014048,9924.8104215106
2,1,3.9e-10,0.88019393819,24889.5747959916
2,1,3.9e-10,4.63870568395,26709.6469424134
2,1,3.6e-10,6.07069720518,25287.7237993998
2,1,3.5e-10,4.65527976927,547.8502123593
2,1,3.4e-10,6.10039920596,6147.4505249814
2,1,3.4e-10,3.68972702028,6418.7011750014
2,1,3.4e-10,2.54760886649,21228.3920235458
2,1,3.4e-10,0.68922440987,33019.0211122046
2,1,3.9e-10,2.38629347866,490.3340891794
2,1,3.4e-10,0.40887359374,17271.8840075264
2,1,4.2e-10,3.87683640837,56.6223513026
2,1,3.3e-10,3.96639362427,750.1036075334
2,1,3.7e-10,4.69414299267,635.9651330509
2,1,3.4e-10,0.33424154418,29026.48522950779
2,1,3.5e-10,1.63582495302,7322.1024607818
2,1,4.4e-10,1.21937055747,3981.490034082
2,1,3.3e-10,2.56048298726,173566.83743765688
2,1,3.8e-10,4.43072611572,483.2205421786
2,1,3.5e-10,3.11075553675,526.7702037878
2,1,3.5e-10,3.00160924335,21954.15760939799
2,1,3.4e-10,3.38052068808,38500.2760310722
2,1,3.5e-10,4.37175047624,532.6117264014
2,1,3.2e-10,2.81219711037,17686.7528455664
2,1,3.3e-10,0.13837047156,34520.3093093808
2,1,4.1e-10,2.52021125438,21202.093703746
2,1,3.7e-10,5.92836585991,7349.5713271814
2,1,3.1e-10,2.79498926181,28230.18722269139
2,1,3.7e-10,0.1374321041,265.9892934775
2,1,3.8e-10,5.01277542891,9225.539273283
2,1,3.5e-10,2.49445060142,8584.6616659008
2,1,3.1e-10,5.89336305342,447.9388318784
2,1,3.8e-10,2.67041435749,15110.4661198662
2,1,3.7e-10,1.84827551648,29296.6153895786
2,1,3.5e-10,4.26342089717,11919.140866668
2,1,3.5e-10,2.59482262662,62883.3551395136
2,1,3.5e-10,5.54313072444,29062.5130961852
2,1,3.5e-10,5.96888200431,25685.872802808
2,1,3e-10,5.1524535306,209.106309744
2,1,3e-10,1.38932865248,12489.8856287072
2,1,3e-10,2.87235713038,217.491881132
2,1,3e-10,0.02207663615,92.940845832
2,1,3.9e-10,5.08202984393,1.4844727083
2,1,4.1e-10,4.39843263561,18052.9295431578
2,1,3.2e-10,4.69085169487,6231.79551212899
2,1,3.2e-10,5.09927453137,6334.35618785381
2,1,3.8e-10,0.97224853307,52.6901980395
2,1,3.3e-10,4.71041781828,5017.508371365
2,1,3.4e-10,3.82387178783,22483.84857449259
2,1,2.9e-10,0.69173791628,27278.4688164408
2,1,2.8e-10,1.77462370325,80.1982245387
2,1,2.8e-10,0.30766379271,24080.03501677719
2,1,2.8e-10,1.80200703459,21150.8133658836
2,1,3.4e-10,5.49813240003,5905.7022420756
2,1,3.4e-10,4.29199382621,6660.4494579072
2,1,3.4e-10,5.07299879866,269.9214467406
2,1,3.1e-10,0.7768538725,15265.8865193004
2,1,3.8e-10,3.55141531291,31570.7996493912
2,1,2.8e-10,2.45238897056,107.0249274817
2,1,2.8e-10,1.18666538399,106.2741679563
2,1,3.1e-10,3.61860838672,424.1505103212
2,1,2.7e-10,2.79364979031,1279.794572628
2,1,2.7e-10,2.03421614285,36949.2308084242
2,1,3e-10,0.75326086687,12586.9270954752
2,1,2.7e-10,5.24483718904,233141.3144043615
2,1,2.7e-10,4.99665333874,24383.0791084414
2,1,2.8e-10,3.97690125997,34911.412076091
2,1,2.7e-10,3.01465510733,23581.2581773176
2,1,2.8e-10,5.79946172825,16193.65917750039
2,1,2.7e-10,5.36876316169,6360.7496204194
2,1,2.7e-10,4.42136306455,6205.4020795634
2,1,3.2e-10,5.04711925057,27511.4678735372
2,1,2.7e-10,0.74966550512,32367.0976562076
2,1,2.7e-10,3.34326768159,4487.8174062704
2,1,2.7e-10,3.23525952036,1802.3719907218
2,1,2.9e-10,4.00870617495,46386.9937433112
2,1,2.6e-10,1.30285929374,4797.0957289262
2,1,2.8e-10,5.37411984168,10239.5838660108
2,1,2.6e-10,5.0815101886,6339.974224927
2,1,2.6e-10,4.70861603764,6226.1774750558
2,1,2.9e-10,4.88985723155,6592.3541726472
2,1,2.9e-10,4.90026899469,5973.7975273356
2,1,2.7e-10,4.24057714278,1898.3512179396
2,1,2.6e-10,3.80920015468,25158.6017197654
2,1,2.6e-10,4.12353757087,9910.583327509
2,1,3.1e-10,2.37034813214,24491.4257925834
2,1,2.4e-10,5.26265995716,11616.976091013
2,1,2.4e-10,4.68388215645,31172.650645983
2,1,2.9e-10,4.62741692698,19402.7969528166
2,1,2.5e-10,1.21411432675,6302.74561089119
2,1,2.5e-10,2.29282659231,6263.4060890916
2,1,2.6e-10,4.64443513632,30666.1549584328
2,1,2.7e-10,2.79813911349,19800.9459562248
2,1,2.3e-10,6.2808209037,650.9429865779
2,1,2.4e-10,2.16373217847,31968.9486527994
2,1,2.3e-10,4.99790910102,137.0330241624
2,1,2.3e-10,3.28519702781,35.685355083
2,1,2.3e-10,5.33583152283,17892.93839400359
2,1,2.3e-10,5.05383022333,29424.634232916
2,1,2.4e-10,6.12085409163,20597.2439630412
2,1,2.3e-10,3.28897425519,28.5718080822
2,1,2.2e-10,5.433328627,337.732510659
2,1,2.4e-10,1.65155411828,23550.34405168259
2,1,2.3e-10,6.07302432574,6716.7875878682
2,1,2.2e-10,2.42662159283,7445.5505543992
2,1,2.3e-10,5.16035150168,2.4476805548
2,1,2.3e-10,4.82793901796,643.0786800517
2,1,2.7e-10,1.56823801633,28628.3362260996
2,1,2.2e-10,3.39570466574,40879.4405046438
2,1,2.5e-10,5.52794317615,14155.2245952666
2,1,2.4e-10,5.25759177705,1361.5467058442
2,1,2.3e-10,1.49204312505,6272.0301497275
2,1,2.3e-10,2.01489779401,6294.1215502553
2,1,2.2e-10,1.70327289493,934.9485149682
2,1,2.3e-10,2.98215154259,284.1485407422
2,1,2.1e-10,4.21170718841,22779.4372461938
2,1,2.4e-10,3.83904364251,8186.5126624926
2,1,2.1e-10,2.51494728863,30220.9322397324
2,1,2.4e-10,4.50083076815,191.2076949102
2,1,2.1e-10,1.05341004601,40.5807161926
2,1,2.2e-10,6.09500922463,4379.6390374902
2,1,2.1e-10,1.35819574535,525.4981794006
2,1,2.4e-10,3.3780906115,540.7366653585
2,1,2.2e-10,2.95144246643,28759.81087748319
2,1,2e-10,0.07597154617,28313.288804661
2,1,2.6e-10,1.83971959567,18422.62935909819
2,1,2.2e-10,1.0628497184,27707.5424942948
2,1,2.5e-10,5.09676204562,96.8729990951
2,1,2.7e-10,5.38238146057,34513.2630726828
2,1,2e-10,3.97670500643,251.4321310758
2,1,2.7e-10,4.6354848521,1905.4647649404
2,1,2.4e-10,3.34248986355,219.4494345923
2,1,2.5e-10,1.96129048463,55798.4583583984
2,1,1.9e-10,0.75805525916,11712.9553182308
2,1,2.5e-10,4.0627160124,29864.334027309
2,1,2.4e-10,5.92086856803,9411.4646150872
2,1,2e-10,0.08212819079,6379.0550772092
2,1,2e-10,3.42481272827,6187.0966227736
2,1,1.9e-10,1.29742572058,99.1606209555
2,1,2.2e-10,2.8739355167,18326.65013188039
2,1,2e-10,4.26784309163,21548.9623692918
2,1,2.2e-10,0.61268580951,6233.3188245196
2,1,2.2e-10,2.89425510955,6332.8328754632
2,1,2.1e-10,5.43088404515,50317.2034395308
2,1,2e-10,0.38470757997,22345.2603761082
2,1,1.8e-10,3.04737429764,6593.9166488598
2,1,1.8e-10,0.45956662142,5972.235051123
2,1,1.9e-10,0.79376120003,5618.3198048614
2,1,1.9e-10,2.71317971903,6947.8318951214
2,1,2e-10,1.96622391594,81.8951455681
2,1,1.8e-10,0.28017726157,34115.1140692746
2,1,2.2e-10,2.04754590576,114.1384744825
2,1,1.9e-10,4.89700323392,83973.83535572988
2,1,1.9e-10,2.72494815105,84019.8592804939
2,1,2e-10,2.60251083721,42456.7840470916
2,1,2e-10,1.28313240949,9070.1188738488
2,1,2.1e-10,5.89651875201,344.7030453079
2,1,1.8e-10,0.4131292737,479.2883889155
2,2,5.024394e-05,0.0,0.0
2,2,2.178009e-05,2.82957544235,12566.1516999828
2,2,1.020487e-05,4.63746718598,6283.0758499914
2,2,1.60849e-06,2.83104666823,206.1855484372
2,2,1.55973e-06,5.19309730583,220.4126424388
2,2,1.18316e-06,5.70681506981,522.5774180938
2,2,1.15781e-06,1.78259431361,536.8045120954
2,2,9.2688e-07,2.6221874842,18849.2275499742
2,2,1.03382e-06,4.03695721545,213.299095438
2,2,6.5392e-07,4.05826871786,426.598190876
2,2,7.293e-07,0.61814128649,529.6909650946
2,2,3.773e-07,0.40598353877,1059.3819301892
2,2,1.4254e-07,4.25680464915,433.7117378768
2,2,1.4479e-07,0.14336346755,7.1135470008
2,2,1.2723e-07,1.91903810105,419.4846438752
2,2,1.368e-07,1.80736896884,6286.5989683404
2,2,1.3668e-07,1.70191859339,6279.5527316424
2,2,9.4e-08,3.1438531565,639.897286314
2,2,8.19e-08,2.84848380902,6256.7775301916
2,2,8.145e-08,0.65845469208,6309.3741697912
2,2,8.004e-08,4.35208516133,6127.6554505572
2,2,7.72e-08,5.06798604557,227.5261894396
2,2,7.754e-08,5.43893832496,6438.4962494256
2,2,6.795e-08,2.30303656447,1066.49547719
2,2,8.9e-08,3.80944637329,83996.84731811189
2,2,5.452e-08,5.20193437243,1052.2683831884
2,2,5.04e-08,5.84239832938,515.463871093
2,2,3.729e-08,2.96611895542,199.0720014364
2,2,3.521e-08,1.65043749771,543.9180590962
2,2,3.454e-08,0.7895553694,1589.0728952838
2,2,4.754e-08,4.59631649528,709.9330485583
2,2,2.895e-08,3.37918924673,4705.7323075436
2,2,3.73e-08,0.91975073803,5507.5532386674
2,2,2.937e-08,2.51081180566,25132.3033999656
2,2,3.203e-08,2.57193731532,7058.5984613154
2,2,2.268e-08,1.94917686677,775.522611324
2,2,2.148e-08,0.14152116438,7860.4193924392
2,2,2.031e-08,0.72283806291,6275.9623029906
2,2,2.031e-08,2.78410285615,6290.1893969922
2,2,1.904e-08,2.89589054598,5486.777843175
2,2,1.553e-08,0.56386962806,6040.3472460174
2,2,1.563e-08,0.61022183613,7079.3738568078
2,2,1.459e-08,1.88257310296,5753.3848848968
2,2,1.425e-08,1.59147859762,6812.766815086
2,2,1.436e-08,1.45357168378,5884.9268465832
2,2,1.47e-08,2.94579999718,6525.8044539654
2,2,1.351e-08,0.59351678849,316.3918696566
2,2,1.409e-08,4.65471130275,216.4804891757
2,2,1.321e-08,3.39383854482,647.0108333148
2,2,1.368e-08,3.38543777835,210.1177017003
2,2,1.281e-08,2.05865338247,6681.2248533996
2,2,1.717e-08,0.02861328541,14.2270940016
2,2,1.338e-08,5.75684444528,5729.506447149
2,2,9.74e-09,2.45036377276,853.196381752
2,2,1.039e-08,4.28230481184,6282.0955289232
2,2,1.039e-08,5.5078214144,6284.0561710596
2,2,1.191e-08,4.01917074242,6836.6452528338
2,2,9.04e-09,0.86455323243,5331.3574437408
2,2,8.71e-09,2.27688978691,4933.2084403326
2,2,9.5e-09,2.81842708673,632.7837393132
2,2,8.77e-09,1.49469829015,11790.6290886588
2,2,8.48e-09,6.23917434526,526.5095713569
2,2,8.06e-09,2.96434145307,103.0927742186
2,2,1.102e-08,3.02451706631,167283.7615876655
2,2,8.25e-09,1.24361863355,532.8723588323
2,2,7.74e-09,2.68163901032,7234.794256242
2,2,7.61e-09,4.73161044526,209.3669421749
2,2,7.33e-09,3.30972792259,217.2312487011
2,2,7.46e-09,5.06505548485,4136.9104335162
2,2,8.85e-09,0.58376168802,110.2063212194
2,2,6.89e-09,4.2195539578,440.8252848776
2,2,9.38e-09,2.05233105969,11856.2186514245
2,2,6.53e-09,6.14159854835,11506.7697697936
2,2,6.53e-09,1.20042991173,7632.9432596502
2,2,8.55e-09,3.67241064264,4535.0594369244
2,2,6.64e-09,3.2197812691,1194.4470102246
2,2,6.31e-09,5.6730897127,117.3198682202
2,2,6e-09,3.56706010534,323.5054166574
2,2,8.14e-09,1.07520259172,155.4203994342
2,2,5.79e-09,4.64690913221,796.2980068164
2,2,7.78e-09,4.32748087995,5088.6288397668
2,2,5.49e-09,3.2449557523,949.1756089698
2,2,6.06e-09,3.86357846284,95.9792272178
2,2,7.26e-09,5.43722942949,74.7815985673
2,2,5.45e-09,4.73162468373,1045.1548361876
2,2,5.11e-09,0.71257437268,4694.0029547076
2,2,6.86e-09,3.4713100018,801.8209311238
2,2,6.77e-09,1.14891148781,3128.3887650958
2,2,5.99e-09,4.43359462367,735.8765135318
2,2,4.99e-09,1.45672603171,12569.6748183318
2,2,4.9e-09,1.25898273127,525.7588118315
2,2,4.88e-09,6.22654201321,533.6231183577
2,2,4.8e-09,4.72566522648,8429.2412664666
2,2,5.98e-09,6.12701256696,8031.0922630584
2,2,4.37e-09,2.81553406247,1596.1864422846
2,2,5.19e-09,4.53503189245,149.5631971346
2,2,5.62e-09,5.4834452038,7477.522860216
2,2,4.15e-09,5.06370124318,6496.3749454294
2,2,4.14e-09,4.73489535739,6069.7767545534
2,2,4.04e-09,0.15585991312,3738.761430108
2,2,5e-09,1.8374633981,1592.5960136328
2,2,3.92e-09,0.64094689719,26.2983197998
2,2,3.66e-09,5.93255688855,553.5694028424
2,2,4.58e-09,5.56847632382,156137.47598479927
2,2,3.2e-09,0.43684109891,1990.745017041
2,2,3.18e-09,4.53872367492,951.7184062506
2,2,3.61e-09,3.78139914914,7084.8967811152
2,2,3.56e-09,4.78764157089,12721.572099417
2,2,2.79e-09,5.51531767271,4690.4798363586
2,2,3.47e-09,6.05487619509,5481.2549188676
2,2,2.79e-09,0.65072513623,242.728603974
2,2,3.49e-09,4.12933332026,63.7358983034
2,2,3.67e-09,2.35508391326,9437.762934887
2,2,2.89e-09,1.16064437719,2118.7638603784
2,2,3.37e-09,1.63942541135,412.3710968744
2,2,2.7e-09,5.28007746957,1581.959348283
2,2,2.6e-09,0.98725902772,5223.6939198022
2,2,2.55e-09,0.26797013701,11371.7046897582
2,2,2.6e-09,4.50952770985,625.6701923124
2,2,2.42e-09,3.35248006615,8827.3902698748
2,2,2.37e-09,0.07292901465,70.8494453042
2,2,2.45e-09,2.60270196816,3154.6870848956
2,2,2.27e-09,4.92862031663,234.6397364404
2,2,2.22e-09,0.17857635292,4164.311989613
2,2,2.19e-09,5.43349299793,11.0457002639
2,2,2.56e-09,5.25900695618,956.2891559706
2,2,2.18e-09,4.61617873387,78.7137518304
2,2,2.21e-09,1.83683124614,1748.016413067
2,2,2.88e-09,3.16521452041,1349.8674096588
2,2,2.83e-09,0.60090092021,85.8272988312
2,2,2.11e-09,3.29348428114,942.062061969
2,2,2.04e-09,5.15479639183,11769.8536931664
2,2,2.26e-09,3.69462756239,73.297125859
2,2,2.35e-09,0.31453942563,36.6485629295
2,2,2.13e-09,2.54349021425,309.2783226558
2,2,1.88e-09,4.08810200628,7875.6718636242
2,2,2.04e-09,5.17246322251,10977.078804699
2,2,2.24e-09,4.02383631251,39.6175083461
2,2,1.88e-09,5.32022679153,2388.8940204492
2,2,2.31e-09,2.66318410477,202.2533951741
2,2,1.83e-09,2.53020407005,7342.4577801806
2,2,1.87e-09,1.2911565383,1169.5882514086
2,2,1.96e-09,4.81306031436,3930.2096962196
2,2,1.67e-09,2.07259165182,1073.6090241908
2,2,1.96e-09,5.64541899687,224.3447957019
2,2,2.07e-09,0.71423535949,13367.9726311066
2,2,2.06e-09,1.68118727655,10973.55568635
2,2,1.58e-09,5.13689612572,1155.361157407
2,2,1.44e-09,3.12119544517,10575.4066829418
2,2,1.37e-09,0.50600690701,742.9900605326
2,2,1.35e-09,5.63458486706,138.5174968707
2,2,1.55e-09,4.24333182826,12410.7313005486
2,2,1.48e-09,1.53909219281,76.2660712756
2,2,1.33e-09,6.00639174435,508.3503240922
2,2,1.35e-09,5.62460495351,12592.4500197826
2,2,1.26e-09,3.76226961231,330.6189636582
2,2,1.26e-09,2.61435997717,860.3099287528
2,2,1.25e-09,2.30734650656,12562.6285816338
2,2,1.58e-09,2.17797348306,38.1330356378
2,2,1.18e-09,3.15911802638,13119.72110282519
2,2,1.24e-09,4.88716980692,8635.9420037632
2,2,1.11e-09,0.80973565731,398.1490034082
2,2,1.15e-09,4.52412782775,223.5940361765
2,2,1.1e-09,4.93056089704,71.6002048296
2,2,1.15e-09,3.7675461565,429.7795846137
2,2,9.9e-10,1.74904579789,13517.8701062334
2,2,9.7e-10,4.08519883679,17260.1546546904
2,2,1.06e-09,6.02834271847,77.962992305
2,2,1.02e-09,2.80042792551,10988.808157535
2,2,9.3e-10,4.87729654087,1577.3435424478
2,2,9.4e-10,4.56913615419,10177.2576795336
2,2,1.23e-09,4.57966985938,728.762966531
2,2,9.5e-10,0.58410858338,2146.1654164752
2,2,1e-09,0.77889460323,13095.8426650774
2,2,1.05e-09,6.21526366678,1162.4747044078
2,2,8.2e-10,3.65082093235,16730.4636895958
2,2,1.02e-09,3.63292130858,422.6660376129
2,2,1.09e-09,2.42647120751,12539.853380183
2,2,8.4e-10,4.77208861984,124.433415221
2,2,8e-10,2.67636202935,12323.4230960088
2,2,1.05e-09,1.96765666886,5642.1982426092
2,2,1.01e-09,0.26697958405,4292.3308329504
2,2,7.5e-10,4.15987686546,6709.6740408674
2,2,7.5e-10,5.63024936078,5856.4776591154
2,2,7.4e-10,4.08123538694,88.865680217
2,2,7.6e-10,2.6343235702,423.4167971383
2,2,7.3e-10,5.78330657332,1265.5674786264
2,2,1e-09,5.37997214401,250570.6758572191
2,2,7.1e-10,1.48891806144,551.031606097
2,2,8.1e-10,0.1337158219,519.3960243561
2,2,7.1e-10,5.31207567706,14314.1681130498
2,2,6.8e-10,3.39472444791,654.1243803156
2,2,9.2e-10,0.4115987907,13916.0191096416
2,2,9.1e-10,1.53881053794,6923.9534573736
2,2,8.2e-10,2.43138857903,31415.379249957
2,2,7.2e-10,6.15951862716,21.3406410024
2,2,6e-10,3.13717737901,191.9584544356
2,2,8.3e-10,4.40764560915,95143.1329209781
2,2,6.1e-10,2.6690586221,8273.8208670324
2,2,6.5e-10,3.55971117777,203.0041546995
2,2,5.5e-10,2.98440193981,5643.1785636774
2,2,6.4e-10,1.05451249819,539.9859058331
2,2,6.1e-10,5.33630384952,838.9692877504
2,2,5.4e-10,4.06071028317,16496.3613962024
2,2,5.5e-10,2.26469062405,13341.6743113068
2,2,7.3e-10,0.30591075918,71430.69561812909
2,2,5.2e-10,5.97085689483,3634.6210245184
2,2,6.1e-10,0.00617004446,3.1813937377
2,2,5e-10,2.61636629528,12573.2652469836
2,2,5.2e-10,6.1967230054,15720.8387848784
2,2,6.5e-10,4.92633618792,4732.0306273434
2,2,6.6e-10,3.9250563742,2787.0430238574
2,2,4.8e-10,0.45273646609,13362.4497067992
2,2,5.3e-10,2.55293773264,14919.0178537546
2,2,4.7e-10,3.46367064388,302.164775655
2,2,4.7e-10,2.25879651839,12964.300703391
2,2,4.5e-10,2.73683504159,846.0828347512
2,2,4.5e-10,2.31642282675,145.6310438715
2,2,4.7e-10,1.0689512961,3894.1818295422
2,2,4.2e-10,5.09300549015,24072.9214697764
2,2,4.7e-10,1.7473863533,1062.5633239269
2,2,5.1e-10,5.97812516445,6195.76764545159
2,2,5.1e-10,3.81200106179,6370.3840545312
2,2,4.1e-10,0.92655469135,18319.5365848796
2,2,4.1e-10,2.5224794661,3185.1920272656
2,2,5.6e-10,2.58677293772,84672.47584450469
2,2,4.6e-10,3.14760491945,3.9321532631
2,2,3.8e-10,5.98916947033,1258.4539316256
2,2,3.9e-10,2.70559904392,20426.571092422
2,2,5.3e-10,1.64080385432,239424.39025435288
2,2,4.5e-10,6.04609930388,9779.1086761254
2,2,3.5e-10,6.26763450664,1692.1656695024
2,2,4.4e-10,3.24184126256,8662.240323563
2,2,4.3e-10,2.12627080359,18139.2945014159
2,2,3.3e-10,4.03936498647,277.0349937414
2,2,3.3e-10,1.67764931937,3496.032826134
2,2,3.5e-10,5.17885502556,18875.525869774
2,2,3.5e-10,4.51995137508,10419.9862835076
2,2,3.1e-10,5.3588642681,23013.5395395872
2,2,3e-10,3.29256356524,2125.8774073792
2,2,3.5e-10,5.96755475967,1056.2005364515
2,2,3e-10,2.82636067861,12808.8803039568
2,2,4.2e-10,0.90184598337,82576.9812209953
2,2,3.1e-10,3.95971884541,14712.317116458
2,2,4e-10,4.02926744005,17789.845619785
2,2,3.1e-10,5.47911308336,22779.4372461938
2,2,3.9e-10,4.91039224856,1574.8458012822
2,2,3e-10,2.31682203487,10447.3878396044
2,2,2.8e-10,2.11876435927,14143.4952424306
2,2,3.6e-10,4.84158532799,437.6438911399
2,2,2.8e-10,3.91478954977,5429.8794682394
2,2,2.8e-10,1.90040914464,1055.4497769261
2,2,3e-10,1.17555913144,9380.9596727172
2,2,3.1e-10,1.8250253891,1272.6810256272
2,2,2.6e-10,0.7231434799,9623.6882766912
2,2,2.6e-10,2.78379743916,2942.4634232916
2,2,2.7e-10,4.68673408301,1038.0412891868
2,2,2.6e-10,0.18151529861,18209.33026366019
2,2,2.9e-10,0.0837558359,1485.9801210652
2,2,2.7e-10,6.07872663556,618.5566453116
2,2,2.6e-10,5.523800002,415.5524906121
2,2,2.5e-10,1.11733039286,3583.3410306738
2,2,3e-10,1.75812035666,10213.285546211
2,2,2.4e-10,1.36775216012,9917.6968745098
2,2,2.6e-10,3.49078871449,430.5303441391
2,2,2.4e-10,1.9982061405,18.1592472647
2,2,2.6e-10,5.61732376806,12012.5822971404
2,2,2.3e-10,6.16563076611,231.4583427027
2,2,2.3e-10,0.92088373151,12559.038152982
2,2,2.3e-10,5.58098323545,831.8557407496
2,2,2.3e-10,5.52325028212,11015.1064773348
2,2,2.3e-10,0.69647593831,26709.6469424134
2,2,2.4e-10,3.30887701069,77713.7714681205
2,2,2.5e-10,1.6739624839,2648.454825473
2,2,2.1e-10,4.15712645283,447.9388318784
2,2,2.4e-10,0.66675947895,1368.660252845
2,2,2.2e-10,4.42086856143,6993.0088985497
2,2,2.1e-10,0.81252266714,17256.6315363414
2,2,2e-10,5.70175704295,10.2949407385
2,2,2.2e-10,3.76535003503,151.0476698429
2,2,2e-10,1.82615991897,1699.2792165032
2,2,1.9e-10,0.17448576187,1063.3140834523
2,2,2.3e-10,5.52062840479,149854.4001348079
2,2,2e-10,0.96756200367,35.1640902212
2,2,2.1e-10,4.76218572464,72.3339180125
2,2,1.9e-10,0.35979025769,11926.2544136688
2,2,1.8e-10,0.71176167314,11614.4332937322
2,2,1.9e-10,4.89783197147,18073.7049386502
2,2,1.9e-10,2.09021029647,30639.856638633
2,2,2.2e-10,2.19299415984,17298.1823273262
2,2,1.9e-10,1.23251732918,19651.048481098
2,2,1.8e-10,4.04819585578,1471.7530270636
2,2,2.3e-10,3.21303801707,72850.56171524568
2,2,1.6e-10,3.64206691792,1478.8665740644
2,2,1.7e-10,2.38624204004,8982.810669309
2,2,1.6e-10,0.58395212576,22.0914005278
2,2,2.1e-10,2.20285403235,16858.4825329332
2,2,1.7e-10,0.49891545478,77.7505439839
2,2,2.1e-10,2.89968186701,12036.4607348882
2,2,1.4e-10,3.30566599775,16460.33352952499
2,2,2e-10,4.99490943445,5573.1428014331
2,2,1.6e-10,3.38818988576,41.1019810544
2,2,1.4e-10,3.27141245862,1375.7737998458
2,2,1.5e-10,3.4606724683,160.6088973985
2,2,1.5e-10,2.64766821618,20199.094959633
2,2,1.4e-10,4.87181144278,22483.84857449259
2,2,1.9e-10,1.2434168806,8671.9698704406
2,2,1.7e-10,0.0199994273,77.2292791221
2,2,1.4e-10,4.11314424872,71.8126531507
2,2,1.4e-10,5.97526530111,90279.92316810328
2,2,1.5e-10,1.62123638185,65.2203710117
2,2,1.6e-10,5.12394281212,23543.23050468179
2,2,1.2e-10,1.13908210541,17996.0311682222
2,2,1.2e-10,5.43458827343,19402.7969528166
2,2,1.3e-10,2.10315959516,131.4039498699
2,2,1.2e-10,3.60070147194,337.732510659
2,2,1.2e-10,5.16899217088,195.1398481733
2,2,1.2e-10,2.80798050151,10818.1352869158
2,2,1.5e-10,5.28864619208,12567.132021051
2,2,1.3e-10,1.57968548593,408.4389436113
2,2,1.1e-10,0.21390152319,28766.924424484
2,2,1.1e-10,0.68624711981,14945.3161735544
2,2,1.1e-10,3.36248263984,18451.07854656599
2,2,1.4e-10,5.41918866932,2111.6503133776
2,2,1.1e-10,4.73842604358,511.5317178299
2,2,1.2e-10,2.63845374146,963.4027029714
2,2,1.1e-10,4.69826436697,2352.8661537718
2,2,1e-10,2.74385211018,547.8502123593
2,2,1.1e-10,0.30993049479,22805.7355659936
2,2,1.1e-10,0.67524830165,35371.8872659764
2,2,1.4e-10,0.36237106347,21228.3920235458
2,2,1e-10,4.24006763767,127.4717966068
2,2,1e-10,4.48227917427,23141.5583829246
2,2,1e-10,3.10795031986,362.8622925726
2,2,1.2e-10,5.5029107736,1685.0521225016
2,2,1e-10,3.38695373136,934.9485149682
2,2,1e-10,0.98562604234,22345.2603761082
2,2,9e-11,6.20387541356,29826.3063546732
2,2,1e-10,4.89597714031,12779.4507954208
2,2,1.3e-10,3.34698985021,84.3428261229
2,2,9e-11,4.89802068656,1382.8873468466
2,2,1.1e-10,5.10892321991,25158.6017197654
2,2,1.2e-10,1.08976567704,148.0787244263
2,2,9e-11,2.89659186256,23581.2581773176
2,2,9e-11,0.86970882362,153.4953503977
2,3,1.25477e-06,3.14159265359,0.0
2,3,7.2366e-07,1.32019314413,12566.1516999828
2,3,2.2088e-07,4.54598360855,206.1855484372
2,3,2.1546e-07,3.46116671016,220.4126424388
2,3,1.63e-07,1.14934178921,522.5774180938
2,3,1.5923e-07,0.06221071687,536.8045120954
2,3,1.3847e-07,5.37444701633,6283.0758499914
2,3,5.044e-08,0.96001931081,18849.2275499742
2,3,3.093e-08,2.22514436528,426.598190876
2,3,2.568e-08,2.47493921494,433.7117378768
2,3,2.105e-08,3.35595521974,227.5261894396
2,3,1.7e-08,5.13510489936,1059.3819301892
2,3,1.481e-08,0.66592602555,6438.4962494256
2,3,1.481e-08,2.84101489351,6127.6554505572
2,3,1.378e-08,1.27086042787,515.463871093
2,3,1.266e-08,3.80209162712,419.4846438752
2,3,1.363e-08,4.63636570705,7.1135470008
2,3,1.013e-08,4.67704889552,199.0720014364
2,3,1.037e-08,0.69915801725,1066.49547719
2,3,9.64e-09,6.2204514585,543.9180590962
2,3,8.49e-09,1.26670686968,639.897286314
2,3,6.78e-09,0.7955478313,1052.2683831884
2,3,6.44e-09,3.314882721,6279.5527316424
2,3,6.44e-09,0.19205819806,6286.5989683404
2,3,3.92e-09,4.59101411052,14.2270940016
2,3,3.18e-09,2.06760677503,6040.3472460174
2,3,3.18e-09,1.43933414403,6525.8044539654
2,3,2.91e-09,1.57357745396,647.0108333148
2,3,2.48e-09,5.85725743749,1589.0728952838
2,3,2.14e-09,2.46865385667,440.8252848776
2,3,2.31e-09,2.85226310193,216.4804891757
2,3,2.2e-09,5.18394074276,210.1177017003
2,3,2.2e-09,0.77087312633,25132.3033999656
2,3,2.01e-09,5.53953658848,6836.6452528338
2,3,2.01e-09,4.25058963776,5729.506447149
2,3,1.29e-09,0.22762324749,1045.1548361876
2,3,1.23e-09,0.51351773704,853.196381752
2,3,1.37e-09,2.1543586326,529.6909650946
2,3,9.2e-10,3.22442461302,234.6397364404
2,3,8.7e-10,4.52965482365,103.0927742186
2,3,9.2e-10,3.90819414656,117.3198682202
2,3,8.5e-10,5.57189606315,95.9792272178
2,3,9.4e-10,2.25901632919,213.299095438
2,3,7.5e-10,1.30082808866,1596.1864422846
2,3,7.8e-10,4.96547279129,110.2063212194
2,3,7.1e-10,4.48281367743,632.7837393132
2,3,7.6e-10,3.40988387446,412.3710968744
2,3,6.4e-10,2.39566214965,316.3918696566
2,3,5.6e-10,1.44254805098,508.3503240922
2,3,5.5e-10,1.71252125469,323.5054166574
2,3,4.8e-10,0.40111970766,1073.6090241908
2,3,5.6e-10,6.19540120033,735.8765135318
2,3,4.2e-10,6.13276553266,625.6701923124
2,3,3.9e-10,5.02961841371,942.062061969
2,3,3.6e-10,6.12441668493,12569.6748183318
2,3,3.6e-10,3.01279484364,209.3669421749
2,3,3.1e-10,0.883562469,1581.959348283
2,3,3.1e-10,6.0331046314,551.031606097
2,3,3.2e-10,4.98300318004,217.2312487011
2,3,3.3e-10,0.75212348383,860.3099287528
2,3,3.3e-10,2.66474952932,12410.7313005486
2,3,3e-10,4.51763020093,70.8494453042
2,3,2.7e-10,2.35184788494,149.5631971346
2,3,2.8e-10,1.91930691377,330.6189636582
2,3,2.7e-10,0.05305218851,2118.7638603784
2,3,2.8e-10,0.17790568355,78.7137518304
2,3,2.7e-10,4.37487614145,21.3406410024
2,3,2.9e-10,5.17540731322,949.1756089698
2,3,2.5e-10,3.02081007506,124.433415221
2,3,3.3e-10,2.73570572399,223.5940361765
2,3,2.5e-10,5.88306502494,1169.5882514086
2,3,2.4e-10,6.25389986741,63.7358983034
2,3,2.4e-10,4.81432332838,191.9584544356
2,3,2.8e-10,0.01012773075,728.762966531
2,3,2.4e-10,1.59054971444,654.1243803156
2,3,3e-10,4.35202882411,309.2783226558
2,3,2.2e-10,0.58430377684,1155.361157407
2,3,2e-10,5.79574932921,88.865680217
2,3,2.3e-10,3.64404039148,956.2891559706
2,3,1.9e-10,4.74503190924,85.8272988312
2,3,1.9e-10,5.66498805054,73.297125859
2,3,1.8e-10,0.75629855075,12721.572099417
2,3,2.5e-10,1.94036276937,429.7795846137
2,3,2.4e-10,1.95947716237,519.3960243561
2,3,2e-10,0.29570924626,71.6002048296
2,3,1.8e-10,4.38365354248,77.962992305
2,3,1.6e-10,4.70914310164,202.2533951741
2,3,2e-10,5.48263393467,539.9859058331
2,3,1.6e-10,3.45867068386,224.3447957019
2,3,1.5e-10,5.26771574252,302.164775655
2,3,1.4e-10,5.35318240788,76.2660712756
2,3,1.7e-10,5.40518600219,203.0041546995
2,3,1.1e-10,3.8720682463,11.0457002639
2,3,1e-10,2.40929335654,36.6485629295
2,3,1.2e-10,1.79980409055,422.6660376129
2,3,9e-11,1.93147151515,39.6175083461
2,3,9e-11,0.16500567398,1038.0412891868
2,3,9e-11,0.79081879948,838.9692877504
2,3,9e-11,2.4086838046,447.9388318784
2,3,1.1e-10,4.70234349211,12592.4500197826
2,3,8e-11,1.59402806626,618.5566453116
2,3,9e-11,2.51756026677,74.7815985673
2,3,8e-11,5.09979031312,423.4167971383
2,3,9e-11,0.33848481291,1574.8458012822
2,3,7e-11,1.37888755215,1258.4539316256
2,3,6e-11,1.09195739886,831.8557407496
2,3,6e-11,1.00867247429,138.5174968707
2,3,6e-11,4.91543048225,742.9900605326
2,3,6e-11,1.82818120946,2125.8774073792
2,3,5e-11,0.60506372351,145.6310438715
2,3,7e-11,5.32328426995,38.1330356378
2,4,4.122e-08,3.14159265359,0.0
2,4,2.278e-08,6.2738890301,206.1855484372
2,4,2.245e-08,1.70782913671,220.4126424388
2,4,1.931e-08,5.89883838,12566.1516999828
2,4,1.682e-08,2.8998895537,522.5774180938
2,4,1.636e-08,4.60365551069,536.8045120954
2,4,5.95e-09,0.5167959084,6283.0758499914
2,4,4.31e-09,1.63508563664,227.5261894396
2,4,3.49e-09,0.69586528581,433.7117378768
2,4,2.91e-09,3.00165310731,515.463871093
2,4,2.1e-09,2.17239897368,6438.4962494256
2,4,2.1e-09,1.33454194538,6127.6554505572
2,4,2.29e-09,5.59311519226,18849.2275499742
2,4,2.06e-09,4.48461122025,543.9180590962
2,4,2.04e-09,0.11049991144,199.0720014364
2,4,1.23e-09,5.38340390628,1066.49547719
2,4,9.9e-10,5.70623543947,419.4846438752
2,4,1.17e-09,0.28020890432,426.598190876
2,4,9.6e-10,2.80306869168,7.1135470008
2,4,6.1e-10,2.82818345895,14.2270940016
2,4,5.2e-10,3.37268534533,1059.3819301892
2,4,6.6e-10,2.63263056615,1052.2683831884
2,4,5e-10,0.71576934216,440.8252848776
2,4,5.9e-10,5.6953289291,639.897286314
2,4,4.9e-10,6.02940323662,647.0108333148
2,4,4.4e-10,3.02550685011,709.9330485583
2,4,2.8e-10,0.2606415733,213.299095438
2,4,2.4e-10,1.48209397973,234.6397364404
2,4,2.3e-10,2.06131193005,1045.1548361876
2,4,2.1e-10,4.89379608284,6286.5989683404
2,4,2.1e-10,4.8963301434,6279.5527316424
2,4,1.4e-10,3.25423631036,508.3503240922
2,4,1.3e-10,4.48491117264,1589.0728952838
2,4,1.1e-10,5.24080280774,412.3710968744
2,4,1.2e-10,4.87116288717,853.196381752
2,4,1e-10,5.03146150255,1073.6090241908
2,4,1e-10,1.05727005468,95.9792272178
2,4,1e-10,6.0679955502,1596.1864422846
2,4,1e-10,5.7109180202,529.6909650946
2,4,1.3e-10,2.23957099685,83996.84731811189
2,4,1.1e-10,5.36791829228,25132.3033999656
2,4,9e-11,2.7638405123,21.3406410024
2,4,8e-11,6.23072779166,103.0927742186
2,4,1e-10,2.05522879011,117.3198682202
2,4,7e-11,3.08813888762,110.2063212194
2,4,7e-11,4.1477376535,551.031606097
2,4,9e-11,3.62304265651,11856.2186514245
2,4,6e-11,6.11652071967,654.1243803156
2,4,7e-11,4.59462394746,167283.7615876655
2,4,5e-11,1.24583749139,124.433415221
2,4,5e-11,0.40108066581,942.062061969
2,4,6e-11,5.14748397921,860.3099287528
2,4,5e-11,1.11835906029,12410.7313005486
2,4,5e-11,1.40699621378,88.865680217
2,4,4e-11,6.24919197648,632.7837393132
2,4,5e-11,1.37080964211,625.6701923124
2,4,4e-11,0.18776272435,330.6189636582
2,4,6e-11,3.99789149114,156137.47598479927
2,4,4e-11,1.88093591443,728.762966531
2,4,4e-11,0.1420477662,309.2783226558
2,4,3e-11,0.28739337099,191.9584544356
2,4,4e-11,1.69042467345,735.8765135318
2,4,3e-11,0.60316005015,447.9388318784
2,4,3e-11,0.87226207854,302.164775655
2,4,3e-11,2.70524481937,1581.959348283
2,4,2e-11,4.14482411178,1169.5882514086
2,4,3e-11,0.15041780827,323.5054166574
2,4,2e-11,2.35344419082,1155.361157407
2,5,1.68e-09,1.70751121627,206.1855484372
2,5,1.68e-09,6.23113008656,220.4126424388
2,5,1.26e-09,4.78360062168,522.5774180938
2,5,1.21e-09,2.73213408225,536.8045120954
2,5,6.5e-10,6.17991345652,227.5261894396
2,5,7.2e-10,0.0,0.0
2,5,4.7e-10,4.76645839063,515.463871093
2,5,4.3e-10,4.51710019379,12566.1516999828
2,5,3.8e-10,5.19126826175,433.7117378768
2,5,3.2e-10,2.69880941648,543.9180590962
2,5,2.7e-10,1.88223142168,199.0720014364
2,5,2.5e-10,3.76700032666,6438.4962494256
2,5,2.5e-10,6.02312589958,6127.6554505572
2,5,2.1e-10,2.56882591004,6283.0758499914
2,5,1.1e-10,1.18187733048,14.2270940016
2,5,1.1e-10,3.7642025128,1066.49547719
2,5,1e-10,5.22684912304,440.8252848776
2,5,8e-11,3.95508428463,18849.2275499742
2,5,7e-11,4.23388483049,647.0108333148
2,5,4e-11,4.91327178242,1052.2683831884
2,5,4e-11,2.02140363828,419.4846438752
2,5,3e-11,3.88823715659,639.897286314
2,5,3e-11,6.08770400766,234.6397364404
2,5,2e-11,5.07541839899,191.9584544356
2,5,2e-11,4.00021439308,426.598190876
2,5,2e-11,3.32317518434,1073.6090241908
2,5,2e-11,4.64180795349,1045.1548361876
2,5,1e-11,3.09946039705,88.865680217
2,5,1e-11,0.32868254087,7.1135470008
3,0,0.00011810174,0.46078312048,213.299095438
3,0,0.00011270511,0.41685732455,529.6909650946
3,0,4.802048e-05,4.5826472337,38.1330356378
3,0,1.131046e-05,5.75877139035,74.7815985673
3,0,1.153742e-05,3.14159265359,0.0
3,0,3.30209e-06,5.97860271259,426.598190876
3,0,2.7233e-06,0.75642153936,1059.3819301892
3,0,2.7962e-06,3.19870156017,84334.66158130829
3,0,1.01625e-06,5.42248110597,5507.5532386674
3,0,9.4247e-07,3.71017552866,206.1855484372
3,0,8.1859e-07,0.33908959552,220.4126424388
3,0,8.0461e-07,3.88027157914,5223.6939198022
3,0,4.3855e-07,3.70430347723,2352.8661537718
3,0,4.0793e-07,0.45519444489,522.5774180938
3,0,3.1695e-07,3.44538862917,536.8045120954
3,0,3.1853e-07,3.99997840986,1577.3435424478
3,0,2.4534e-07,5.66491831903,36.6485629295
3,0,2.6057e-07,1.93178628731,149.5631971346
3,0,2.3291e-07,0.36646817056,39.6175083461
3,0,2.4808e-07,3.40954687381,10213.285546211
3,0,1.973e-07,3.16782731236,76.2660712756
3,0,2.1674e-07,1.53999461728,7.1135470008
3,0,2.2724e-07,3.9847383156,1047.7473117547
3,0,1.6395e-07,3.56456162523,5856.4776591154
3,0,1.815e-07,4.98479613321,6283.0758499914
3,0,1.4512e-07,1.58375269275,110.2063212194
3,0,1.3709e-07,5.24058686986,639.897286314
3,0,1.4477e-07,3.70258423465,9437.762934887
3,0,1.0504e-07,2.26694979515,316.3918696566
3,0,1.0498e-07,2.71149033603,419.4846438752
3,0,9.895e-08,1.079811964,1589.0728952838
3,0,1.1204e-07,4.83021499098,14143.4952424306
3,0,1.0896e-07,2.08023708321,6812.766815086
3,0,9.716e-08,3.47560205064,4694.0029547076
3,0,1.0363e-07,4.05663928093,71092.88135493269
3,0,8.792e-08,4.4489072928,5753.3848848968
3,0,8.04e-08,3.7701074117,73.297125859
3,0,8.337e-08,4.99167706048,7084.8967811152
3,0,6.921e-08,4.32559054073,6275.9623029906
3,0,9.145e-08,1.14182646613,6620.8901131878
3,0,7.698e-08,5.55425745881,167621.5758508619
3,0,5.44e-08,2.41692841439,103.0927742186
3,0,4.61e-08,5.85854264972,433.7117378768
3,0,5.186e-08,6.25384533126,18073.7049386502
3,0,5.027e-08,2.49727910749,4705.7323075436
3,0,4.529e-08,2.33827747356,6309.3741697912
3,0,4.754e-08,0.71100829534,5884.9268465832
3,0,4.365e-08,1.09804624857,6681.2248533996
3,0,3.855e-08,1.8233147776,5486.777843175
3,0,5.256e-08,4.42445744523,7860.4193924392
3,0,4.025e-08,5.11990285618,13367.9726311066
3,0,4.061e-08,6.02923989849,3930.2096962196
3,0,3.798e-08,0.44370219832,3154.6870848956
3,0,3.948e-08,0.33532528162,1.4844727083
3,0,3.424e-08,5.420651917,6069.7767545534
3,0,3.67e-08,4.58210192227,12194.0329146209
3,0,2.912e-08,1.92688087702,10977.078804699
3,0,2.506e-08,0.60484952637,6496.3749454294
3,0,2.61e-08,5.41057398526,632.7837393132
3,0,2.68e-08,1.39497359287,22003.9146348698
3,0,2.454e-08,6.12024070891,1162.4747044078
3,0,2.12e-08,4.30691000285,5643.1785636774
3,0,2.235e-08,0.81363184041,8635.9420037632
3,0,2.375e-08,6.05534556046,1052.2683831884
3,0,2.23e-08,2.76407822446,12036.4607348882
3,0,1.783e-08,3.1460820881,846.0828347512
3,0,1.594e-08,3.78244334906,1066.49547719
3,0,1.945e-08,5.69949789177,11790.6290886588
3,0,1.566e-08,1.99768150464,202.2533951741
3,0,1.529e-08,1.98639348122,398.1490034082
3,0,1.581e-08,3.19976230948,5088.6288397668
3,0,1.424e-08,6.26116472313,2544.3144198834
3,0,1.473e-08,0.17358194104,35.1640902212
3,0,1.405e-08,4.69394873481,7058.5984613154
3,0,1.588e-08,0.25704624784,17298.1823273262
3,0,1.478e-08,2.81808207569,25934.1243310894
3,0,1.332e-08,4.33184702387,949.1756089698
3,0,1.693e-08,4.95689385293,156475.2902479957
3,0,1.137e-08,6.15183461939,2.9689454166
3,0,1.028e-08,0.21025596115,227.5261894396
3,0,1.123e-08,2.38605285936,3738.761430108
3,0,9.9e-09,4.29600699156,9225.539273283
3,0,9.23e-09,3.07195736431,4164.311989613
3,0,8.82e-09,0.48413591726,209.3669421749
3,0,8.62e-09,5.26762490934,41.1019810544
3,0,8.63e-09,0.55119493097,8429.2412664666
3,0,9.84e-09,5.96784225392,7079.3738568078
3,0,8.24e-09,1.50050055147,10447.3878396044
3,0,8.29e-09,3.51336978167,11506.7697697936
3,0,9.08e-09,0.12102885474,11015.1064773348
3,0,8.64e-09,2.92013522974,148.0787244263
3,0,8.5e-09,4.24120016095,29864.334027309
3,0,8.46e-09,3.60649450344,217.2312487011
3,0,7.62e-09,2.90028034892,4732.0306273434
3,0,7.79e-09,3.77257775192,63.7358983034
3,0,8.31e-09,6.2001643149,323.5054166574
3,0,7.11e-09,1.38596151724,2146.1654164752
3,0,6.93e-09,4.54324890551,853.196381752
3,0,7.66e-09,0.61397570576,796.2980068164
3,0,7.08e-09,1.91406542362,8031.0922630584
3,0,8.1e-09,5.13961498599,2942.4634232916
3,0,7.51e-09,1.67479850166,21228.3920235458
3,0,6.87e-09,2.88181717922,71.8126531507
3,0,5.89e-09,2.02193316047,775.522611324
3,0,5.13e-09,2.60734651128,12566.1516999828
3,0,5.59e-09,1.77674120898,742.9900605326
3,0,5.5e-09,1.61119298963,801.8209311238
3,0,4.59e-09,3.95268976842,77.7505439839
3,0,5.92e-09,4.59481504319,4690.4798363586
3,0,5.75e-09,3.85836565065,199.0720014364
3,0,5.19e-09,5.72925039114,8827.3902698748
3,0,5.15e-09,4.09976487552,64809.80550494129
3,0,5.03e-09,5.66433137112,33794.5437235286
3,0,4.27e-09,1.46616895111,2118.7638603784
3,0,4.21e-09,5.42036909165,11.0457002639
3,0,4.63e-09,1.24987240483,15720.8387848784
3,0,4.21e-09,3.41138490065,224.3447957019
3,0,4.11e-09,0.10769444525,3128.3887650958
3,0,5.04e-09,3.2620766916,7632.9432596502
3,0,5.52e-09,1.02926440457,239762.20451754928
3,0,4.76e-09,3.52810472421,16496.3613962024
3,0,5.03e-09,4.85802444134,6290.1893969922
3,0,5.34e-09,0.54255389653,515.463871093
3,0,3.85e-09,0.88914902748,151.0476698429
3,0,4.17e-09,0.81920713533,5216.5803728014
3,0,4.29e-09,1.40544578224,14.2270940016
3,0,3.63e-09,1.28376436579,6206.8097787158
3,0,3.53e-09,4.7005913311,7234.794256242
3,0,3.81e-09,2.61890749829,7342.4577801806
3,0,4.2e-09,0.97821135132,4136.9104335162
3,0,3.35e-09,6.2205796732,12168.0026965746
3,0,3.87e-09,3.09145061418,25158.6017197654
3,0,3.19e-09,1.05944718196,117.3198682202
3,0,3.49e-09,2.94840720073,9623.6882766912
3,0,4.18e-09,3.75759994446,5230.807466803
3,0,3.12e-09,6.24838646568,216.4804891757
3,0,3.96e-09,1.22507712354,6438.4962494256
3,0,3.22e-09,1.21162178805,8662.240323563
3,0,2.9e-09,5.11770361174,647.0108333148
3,0,3.23e-09,5.50254808471,1194.4470102246
3,0,3.14e-09,4.10256974515,210.1177017003
3,0,3.72e-09,1.72256107938,14945.3161735544
3,0,2.96e-09,1.59458223926,309.2783226558
3,0,3.05e-09,0.80429352049,37724.7534197482
3,0,2.98e-09,5.25958947836,415.5524906121
3,0,2.76e-09,3.54425558449,525.7588118315
3,0,2.65e-09,6.10358507671,6836.6452528338
3,0,2.5e-09,4.56452895547,7477.522860216
3,0,3.17e-09,3.85456671343,85.8272988312
3,0,2.66e-09,2.62926282354,7238.6755916
3,0,2.38e-09,3.69496049159,3340.6124266998
3,0,2.77e-09,0.31958662741,138.5174968707
3,0,2.62e-09,1.34297269105,11769.8536931664
3,0,2.63e-09,6.22089501237,6133.5126528568
3,0,2.41e-09,3.32660302434,543.9180590962
3,0,3.02e-09,2.81139045072,1748.016413067
3,0,3.16e-09,1.62662805006,250908.4901204155
3,0,2.26e-09,2.42346415873,11371.7046897582
3,0,2.16e-09,3.68721275185,5849.3641121146
3,0,2.76e-09,2.33399767923,19651.048481098
3,0,2.3e-09,0.36165162947,5863.5912061162
3,0,2e-09,5.86073159059,4535.0594369244
3,0,2.77e-09,4.65400292395,82239.1669577989
3,0,1.99e-09,5.05186622555,5429.8794682394
3,0,1.98e-09,2.49240240273,95.9792272178
3,0,2.06e-09,3.70556027982,10973.55568635
3,0,2.1e-09,4.50691909144,29088.811415985
3,0,1.86e-09,4.39437140248,277.0349937414
3,0,1.81e-09,6.00294783127,4292.3308329504
3,0,1.88e-09,0.20392851067,1692.1656695024
3,0,2.49e-09,0.12900984422,154379.7956244863
3,0,1.75e-09,5.39840733123,1478.8665740644
3,0,2.42e-09,0.43270824867,533.6231183577
3,0,1.67e-09,6.27348370813,10988.808157535
3,0,1.83e-09,3.19836584401,16730.4636895958
3,0,2.25e-09,3.18339652605,18875.525869774
3,0,1.92e-09,0.87192032514,77375.95720492408
3,0,1.88e-09,2.22746128596,41654.9631159678
3,0,1.79e-09,5.79528713551,956.2891559706
3,0,1.6e-09,5.20207795189,5481.2549188676
3,0,1.92e-09,3.89678943865,17789.845619785
3,0,2.14e-09,4.08171403539,337.8142631964
3,0,1.61e-09,3.79231132145,490.3340891794
3,0,1.46e-09,0.92939894424,114.3991069134
3,0,1.69e-09,5.02858629838,20426.571092422
3,0,1.7e-09,6.26857937202,1581.959348283
3,0,1.57e-09,0.79065950021,1265.5674786264
3,0,1.84e-09,3.75465072369,23581.2581773176
3,0,1.6e-09,4.5389752997,18477.1087646123
3,0,1.26e-09,1.69446958184,15110.4661198662
3,0,1.49e-09,1.55306832217,10021.8372800994
3,0,1.54e-09,0.00941929392,735.8765135318
3,0,1.29e-09,5.30043284887,351.8165923087
3,0,1.17e-09,4.81725910872,625.6701923124
3,0,1.18e-09,2.73268114062,18849.2275499742
3,0,1.23e-09,2.55361087146,12592.4500197826
3,0,1.13e-09,3.04973288935,532.8723588323
3,0,1.16e-09,0.92093201468,526.5095713569
3,0,1.13e-09,6.07178776726,6709.6740408674
3,0,1.29e-09,1.1107906312,33.6796175129
3,0,1.3e-09,3.94161517411,7330.8231617461
3,0,1.1e-09,3.51203379263,18052.9295431578
3,0,1.47e-09,4.63371971408,22805.7355659936
3,0,1.13e-09,1.20711498905,14919.0178537546
3,0,1.08e-09,3.76359880753,14314.1681130498
3,0,1.48e-09,0.65447253687,95480.9471841745
3,0,1.21e-09,3.13748782783,14712.317116458
3,0,1.07e-09,3.52070197299,1375.7737998458
3,0,1.19e-09,5.92110458985,33019.0211122046
3,0,1.24e-09,2.9363842184,32217.2001810808
3,0,1.17e-09,3.6506527164,45585.1728121874
3,0,1.27e-09,4.74596574209,49515.382508407
3,0,1.2e-09,1.04211499785,6915.8595893046
3,0,1.2e-09,5.60638811846,5650.2921106782
3,0,1.27e-09,2.70766997307,12352.8526045448
3,0,1.13e-09,5.39691616452,5235.3285382367
3,0,9.7e-10,1.07908724794,9917.6968745098
3,0,1.23e-09,5.15992792934,27511.4678735372
3,0,9.9e-10,4.45774681732,4933.2084403326
3,0,9.5e-10,4.92440852569,4.4534181249
3,0,1.06e-09,2.29924580245,111.4301614968
3,0,8.7e-10,3.9363781295,17654.7805397496
3,0,1.22e-09,2.2395606868,83997.09113559539
3,0,1.03e-09,3.99294762314,70.3281804424
3,0,8.5e-10,4.12867184796,1596.1864422846
3,0,1.02e-09,3.97386522171,10818.1352869158
3,0,8.4e-10,4.21241958885,22779.4372461938
3,0,1.03e-09,4.63519841733,1349.8674096588
3,0,8.5e-10,6.03717451925,127.4717966068
3,0,8.1e-10,4.0165524043,1592.5960136328
3,0,9.2e-10,3.24182657569,78051.5857313169
3,0,7.8e-10,1.90056477405,52175.8062831484
3,0,8.1e-10,5.75718254218,78.7137518304
3,0,9.4e-10,4.338739728,36147.4098773004
3,0,7.6e-10,2.8389755442,17260.1546546904
3,0,1e-09,6.07733097102,26735.9452622132
3,0,7.8e-10,0.72462427283,12779.4507954208
3,0,8.6e-10,5.2602963825,28313.288804661
3,0,9.3e-10,4.31900620254,44809.6502008634
3,0,7.6e-10,4.3786802151,146.594251718
3,0,7.6e-10,6.22743405935,13521.7514415914
3,0,8.1e-10,2.16420552322,13095.8426650774
3,0,1e-09,1.38002787119,28286.9904848612
3,0,7.3e-10,5.74180456867,440.8252848776
3,0,7.2e-10,1.55820597747,6256.7775301916
3,0,8.2e-10,4.95202664555,10575.4066829418
3,0,8.2e-10,1.69647647075,1990.745017041
3,0,9.6e-10,6.16038106485,24356.7807886416
3,0,9.4e-10,2.55599744292,70.8494453042
3,0,7.5e-10,2.29836095644,3634.6210245184
3,0,7.5e-10,2.66367876557,16200.7727245012
3,0,8.7e-10,0.26630214764,31441.6775697568
3,0,8e-10,5.00001604436,150192.2143980043
3,0,7.9e-10,0.01398391548,90617.7374312997
3,0,7.4e-10,6.17414394369,137.0330241624
3,0,6.5e-10,4.13140277621,210.8514148832
3,0,6.4e-10,6.2165761175,215.7467759928
3,0,6.6e-10,4.90503958113,222.8603229936
3,0,5e-10,0.8109362549,3.9321532631
3,0,5.5e-10,2.9664231455,1169.5882514086
3,0,4.6e-10,0.75603425226,214.2623032845
3,0,5.4e-10,5.59738773448,161338.5000008705
3,0,4.7e-10,5.59856718264,422.6660376129
3,0,4.3e-10,0.99886063885,437.6438911399
3,0,4.2e-10,4.06841238442,42.5864537627
3,0,4.7e-10,3.95753360395,109.9456887885
3,0,5.5e-10,5.81384971899,1045.1548361876
3,0,5.6e-10,2.60133794851,73188.3759784421
3,0,5.5e-10,5.81483150022,143233.51002162008
3,0,5.4e-10,3.38482031504,323049.11878710287
3,0,3.9e-10,4.38780950886,942.062061969
3,0,4.7e-10,3.30738241951,212.3358875915
3,0,3.9e-10,3.63042667673,213.3472795478
3,0,3.8e-10,0.54320017724,299.1263942692
3,0,3.9e-10,5.79384191199,380.12776796
3,1,0.0022782175,3.41372504278,6283.0758499914
3,1,5.56268e-05,0.0,0.0
3,1,1.903177e-05,3.37061270964,12566.1516999828
3,1,5.4463e-06,1.80421440984,213.299095438
3,1,3.8414e-06,4.65958886012,529.6909650946
3,1,3.7294e-07,5.40133589632,206.1855484372
3,1,2.8944e-07,4.9324571056,220.4126424388
3,1,2.8635e-07,3.15447649004,74.7815985673
3,1,2.5027e-07,3.65872330367,426.598190876
3,1,2.3859e-07,3.32836261978,18849.2275499742
3,1,1.884e-07,5.67845947411,1059.3819301892
3,1,1.3746e-07,1.71298046603,536.8045120954
3,1,1.2168e-07,2.31196328906,522.5774180938
3,1,8.671e-08,1.82289925035,5223.6939198022
3,1,7.767e-08,3.88787435832,5507.5532386674
3,1,8.01e-08,5.28413417446,38.1330356378
3,1,7.063e-08,5.19303169379,2352.8661537718
3,1,7.09e-08,2.3290731799,83996.84731811189
3,1,4.978e-08,4.29826949554,419.4846438752
3,1,3.894e-08,2.15568517178,6279.5527316424
3,1,4.283e-08,6.12577128204,7.1135470008
3,1,3.892e-08,1.53021064904,6286.5989683404
3,1,3.789e-08,4.90064455071,10213.285546211
3,1,2.586e-08,3.01944725018,639.897286314
3,1,2.131e-08,4.06053382034,433.7117378768
3,1,2.165e-08,6.23220223547,7860.4193924392
3,1,2.084e-08,5.84682067018,1577.3435424478
3,1,1.959e-08,1.42270916062,12036.4607348882
3,1,1.56e-08,3.28261094599,316.3918696566
3,1,1.396e-08,0.50057569258,6309.3741697912
3,1,1.584e-08,1.81185253086,5856.4776591154
3,1,1.493e-08,1.75695182457,5884.9268465832
3,1,1.713e-08,6.04661123493,398.1490034082
3,1,1.573e-08,2.20074999518,9437.762934887
3,1,1.503e-08,3.94648902715,4705.7323075436
3,1,1.041e-08,2.94815263534,6256.7775301916
3,1,1.111e-08,6.13174127393,1589.0728952838
3,1,9.83e-09,2.24865863102,6681.2248533996
3,1,1.029e-08,5.86675536556,149.5631971346
3,1,1.15e-08,2.43940396435,775.522611324
3,1,1.171e-08,0.74619691355,6812.766815086
3,1,8.81e-09,1.86103443124,3930.2096962196
3,1,7.75e-09,4.79688880139,227.5261894396
3,1,7.39e-09,2.1260045766,1066.49547719
3,1,6.96e-09,1.4589695469,11790.6290886588
3,1,6.45e-09,1.62570263847,1052.2683831884
3,1,7.32e-09,1.60348898963,4694.0029547076
3,1,5.42e-09,1.44488755125,110.2063212194
3,1,5.33e-09,2.3457917694,76.2660712756
3,1,4.87e-09,0.04282116718,11506.7697697936
3,1,6.32e-09,4.34207925908,5753.3848848968
3,1,5.84e-09,3.11517364836,709.9330485583
3,1,5.83e-09,3.92560802577,12168.0026965746
3,1,4.09e-09,4.63047700185,796.2980068164
3,1,4.03e-09,1.25691345472,36.6485629295
3,1,4.83e-09,5.74980419879,17789.845619785
3,1,4.05e-09,1.97558286872,6283.0085396886
3,1,4.05e-09,1.53147989887,6283.14316029419
3,1,3.52e-09,4.79823464785,39.6175083461
3,1,3.54e-09,3.28490469609,25132.3033999656
3,1,4.17e-09,3.63631064623,13367.9726311066
3,1,4.46e-09,5.55248874462,199.0720014364
3,1,3.67e-09,1.55081387384,18073.7049386502
3,1,3.68e-09,5.32358181908,103.0927742186
3,1,3.02e-09,5.15335876647,632.7837393132
3,1,3.43e-09,2.32388226037,515.463871093
3,1,2.84e-09,0.15061211477,3738.761430108
3,1,2.95e-09,2.75399172194,14143.4952424306
3,1,2.88e-09,2.98400521096,6275.9623029906
3,1,2.5e-09,0.42640065085,7079.3738568078
3,1,2.51e-09,2.81315684448,6290.1893969922
3,1,3.38e-09,2.55274440586,7058.5984613154
3,1,2.58e-09,5.99544147559,14.2270940016
3,1,2.3e-09,2.54182122331,7084.8967811152
3,1,2.66e-09,0.4946802772,73.297125859
3,1,2.51e-09,5.58497774438,217.2312487011
3,1,2.12e-09,4.71778046808,6496.3749454294
3,1,2.1e-09,5.87638250776,210.1177017003
3,1,2e-09,1.60953815793,543.9180590962
3,1,2.05e-09,2.38357660053,853.196381752
3,1,1.88e-09,3.17403855561,5486.777843175
3,1,2.16e-09,2.95054003179,22003.9146348698
3,1,1.86e-09,4.63128120913,209.3669421749
3,1,1.66e-09,3.25384215179,647.0108333148
3,1,1.88e-09,4.4560144698,216.4804891757
3,1,1.65e-09,1.19407165511,5643.1785636774
3,1,1.96e-09,4.68462471621,167283.7615876655
3,1,1.62e-09,2.94100342992,15720.8387848784
3,1,1.89e-09,5.09534739493,17298.1823273262
3,1,1.47e-09,4.91154015633,202.2533951741
3,1,1.49e-09,5.23057852418,11769.8536931664
3,1,1.5e-09,1.65291444016,3128.3887650958
3,1,1.48e-09,6.00943832296,949.1756089698
3,1,1.43e-09,3.70203142149,323.5054166574
3,1,1.43e-09,5.483627955,10977.078804699
3,1,1.44e-09,3.81203756929,6262.300454499
3,1,1.43e-09,5.97809021355,6303.8512454838
3,1,1.4e-09,0.83132381305,735.8765135318
3,1,1.36e-09,4.97038154072,4136.9104335162
3,1,1.63e-09,2.00627600582,5230.807466803
3,1,1.3e-09,4.41428061934,6127.6554505572
3,1,1.22e-09,3.13394683057,1194.4470102246
3,1,1.31e-09,4.24961399629,6282.0955289232
3,1,1.31e-09,5.54051222995,6284.0561710596
3,1,1.22e-09,5.67146512225,117.3198682202
3,1,1.28e-09,1.81481667421,3340.6124266998
3,1,1.61e-09,3.32421999691,6283.3196674749
3,1,1.28e-09,4.35489873365,25934.1243310894
3,1,1.13e-09,4.4257886267,19651.048481098
3,1,1.07e-09,2.9744734352,8827.3902698748
3,1,1.07e-09,0.41198538606,5481.2549188676
3,1,1.31e-09,2.29167404623,3154.6870848956
3,1,1.39e-09,0.84923405785,6069.7767545534
3,1,1e-09,2.78745027781,1.4844727083
3,1,1.09e-09,3.21932289821,801.8209311238
3,1,1.15e-09,3.71248897285,11856.2186514245
3,1,8.6e-10,2.78714560645,5216.5803728014
3,1,1.16e-09,1.07208569199,12352.8526045448
3,1,8.5e-10,4.74199868968,8429.2412664666
3,1,1.12e-09,5.29899379351,2544.3144198834
3,1,8.4e-10,4.30248448955,1162.4747044078
3,1,9.6e-10,5.20691825399,17260.1546546904
3,1,7.7e-10,4.22942639128,95.9792272178
3,1,7.9e-10,0.36636125409,11.0457002639
3,1,7.5e-10,1.47982807612,525.7588118315
3,1,7.4e-10,4.51170584596,8635.9420037632
3,1,9.7e-10,5.50959692365,29864.334027309
3,1,9.4e-10,0.25007575444,21228.3920235458
3,1,7.6e-10,1.24245643745,532.8723588323
3,1,9.6e-10,0.86129378681,63.7358983034
3,1,7.1e-10,2.75365102566,526.5095713569
3,1,8.2e-10,3.01994555641,20426.571092422
3,1,7.1e-10,0.47420303374,2146.1654164752
3,1,7.4e-10,1.27647360807,4164.311989613
3,1,7.1e-10,0.43437193243,2118.7638603784
3,1,7.5e-10,0.73893922793,9225.539273283
3,1,6.5e-10,1.39694123605,12569.6748183318
3,1,6.3e-10,3.9886854671,440.8252848776
3,1,6.1e-10,2.62473045895,533.6231183577
3,1,7.4e-10,2.20184828895,37724.7534197482
3,1,5.4e-10,1.42941204449,85.8272988312
3,1,5.7e-10,3.98493436395,309.2783226558
3,1,5.8e-10,5.36736393336,11015.1064773348
3,1,6.9e-10,3.5648387975,4535.0594369244
3,1,6.4e-10,2.05206957553,12562.6285816338
3,1,5.1e-10,0.39392917326,742.9900605326
3,1,4.9e-10,4.84482792493,956.2891559706
3,1,5.6e-10,4.14424591372,5088.6288397668
3,1,6.1e-10,0.63918772258,33794.5437235286
3,1,4.9e-10,6.20603791837,12559.038152982
3,1,5.9e-10,4.9245781062,71430.69561812909
3,1,5.8e-10,1.6820128443,25158.6017197654
3,1,5.1e-10,5.03600618727,5863.5912061162
3,1,4.7e-10,0.30276119177,11371.7046897582
3,1,5e-10,0.77635440262,26.2983197998
3,1,4.3e-10,2.55616001516,1596.1864422846
3,1,4.1e-10,1.87344929139,1748.016413067
3,1,4.1e-10,5.91861144924,23581.2581773176
3,1,5.5e-10,1.37242658028,7342.4577801806
3,1,5.3e-10,1.47750772846,18319.5365848796
3,1,4.2e-10,0.11693102263,23543.23050468179
3,1,4.5e-10,5.18332998014,16496.3613962024
3,1,4.5e-10,1.69577010458,6702.5604938666
3,1,5e-10,3.62740835096,41654.9631159678
3,1,5e-10,0.12043698146,29088.811415985
3,1,3.9e-10,2.15562950918,4933.2084403326
3,1,4.8e-10,5.3711874249,7477.522860216
3,1,4e-10,3.02033323932,10447.3878396044
3,1,4.5e-10,6.10982446357,8031.0922630584
3,1,3.6e-10,0.55224025396,625.6701923124
3,1,4.3e-10,4.08726331262,156137.47598479927
3,1,3.2e-10,6.09025731476,64809.80550494129
3,1,3.9e-10,2.77790342477,35.1640902212
3,1,3e-10,4.35442775962,412.3710968744
3,1,3.8e-10,5.38040433295,224.3447957019
3,1,3.5e-10,1.26816443678,1045.1548361876
3,1,3.1e-10,0.64597904023,70.8494453042
3,1,3.6e-10,1.74852565178,1581.959348283
3,1,2.6e-10,3.58372397053,41.1019810544
3,1,3e-10,3.31574729193,138.5174968707
3,1,2.4e-10,1.14783906654,71.8126531507
3,1,2.2e-10,1.56359401952,78.7137518304
3,1,2.2e-10,1.22800274368,1169.5882514086
3,1,2.4e-10,0.09566124749,277.0349937414
3,1,1.9e-10,1.46315634551,215.7467759928
3,1,1.8e-10,6.15872883408,942.062061969
3,2,9.721959e-05,5.15233725915,6283.0758499914
3,2,3.51179e-06,3.14159265359,0.0
3,2,6.7136e-07,0.64403888586,12566.1516999828
3,2,3.7478e-07,3.23028568613,213.299095438
3,2,2.7175e-07,6.14777250369,529.6909650946
3,2,8.616e-08,0.7720923931,206.1855484372
3,2,5.511e-08,3.23377546695,220.4126424388
3,2,2.969e-08,6.27419756063,536.8045120954
3,2,2.169e-08,1.07314429736,18849.2275499742
3,2,2.272e-08,4.09618627765,522.5774180938
3,2,1.982e-08,2.34242027589,426.598190876
3,2,1.212e-08,5.20410318593,1059.3819301892
3,2,1.662e-08,1.62746869551,84334.66158130829
3,2,7.43e-09,6.08844686068,419.4846438752
3,2,6.41e-09,4.8931748395,74.7815985673
3,2,6.35e-09,3.51985338656,6279.5527316424
3,2,5.27e-09,2.28325191846,433.7117378768
3,2,4.97e-09,4.39514302236,7.1135470008
3,2,4.92e-09,2.41382223971,1047.7473117547
3,2,3.47e-09,6.16127984865,5223.6939198022
3,2,3e-09,3.09602587558,227.5261894396
3,2,3.22e-09,0.37660897389,6286.5989683404
3,2,3.02e-09,4.06770618987,83996.84731811189
3,2,3.14e-09,2.37089871705,5507.5532386674
3,2,2.94e-09,1.18226869992,639.897286314
3,2,2.42e-09,1.64810071161,7860.4193924392
3,2,2.29e-09,0.50869157074,2352.8661537718
3,2,1.73e-09,0.49687224658,1066.49547719
3,2,1.97e-09,0.14307235609,10213.285546211
3,2,1.84e-09,0.95286916137,199.0720014364
3,2,1.49e-09,4.90906266305,316.3918696566
3,2,1.7e-09,5.28668290523,6256.7775301916
3,2,1.25e-09,3.13799899281,5884.9268465832
3,2,1.19e-09,4.09508225076,515.463871093
3,2,1.18e-09,3.85466055344,1577.3435424478
3,2,1.06e-09,3.65846401642,1052.2683831884
3,2,1.23e-09,4.17102530625,6309.3741697912
3,2,8.9e-10,1.65074757807,4705.7323075436
3,2,9.6e-10,5.2640547016,1589.0728952838
3,2,8.5e-10,6.16812793384,543.9180590962
3,2,7.9e-10,4.29766380692,14.2270940016
3,2,9e-10,4.13333302298,5753.3848848968
3,2,6.8e-10,1.33776656115,210.1177017003
3,2,6.7e-10,0.30879908581,775.522611324
3,2,8.8e-10,2.93230657226,12036.4607348882
3,2,6.5e-10,6.02619905507,6812.766815086
3,2,6.7e-10,1.15131045651,25132.3033999656
3,2,6.5e-10,2.72055837855,6127.6554505572
3,2,6.2e-10,0.78482367183,6438.4962494256
3,2,5.7e-10,1.49017558261,11506.7697697936
3,2,6.5e-10,5.05560764351,38.1330356378
3,2,5.6e-10,4.55921214755,5486.777843175
3,2,5.8e-10,1.55728577024,103.0927742186
3,2,7.5e-10,0.84213523741,167621.5758508619
3,2,6.9e-10,1.21340931171,398.1490034082
3,2,5e-10,1.42158496561,647.0108333148
3,2,4.7e-10,5.28931662006,7079.3738568078
3,2,4.4e-10,3.09697268535,11790.6290886588
3,2,5.7e-10,6.15295833679,12194.0329146209
3,2,4.2e-10,1.14028846687,217.2312487011
3,2,5.3e-10,2.6757041376,216.4804891757
3,2,4e-10,2.70069983169,10988.808157535
3,2,3.6e-10,0.32483893578,6681.2248533996
3,2,4.6e-10,3.38617099014,156475.2902479957
3,2,3.3e-10,1.26266496002,6290.1893969922
3,2,3.3e-10,2.25067065498,6275.9623029906
3,2,3.1e-10,4.21025720942,110.2063212194
3,2,3.2e-10,2.90595681986,796.2980068164
3,2,2.9e-10,6.18539185721,632.7837393132
3,2,2.8e-10,2.23145809257,440.8252848776
3,2,3.3e-10,0.42157783312,853.196381752
3,2,2.3e-10,4.86623778952,3738.761430108
3,2,2.5e-10,3.95236444346,117.3198682202
3,2,2.5e-10,4.85403147726,709.9330485583
3,2,2.1e-10,6.22275008403,6069.7767545534
3,2,2.4e-10,5.83690442827,6282.0955289232
3,2,2.4e-10,3.95322179797,6284.0561710596
3,2,2.2e-10,3.46618662246,4136.9104335162
3,2,2.5e-10,2.784604304,209.3669421749
3,2,2.1e-10,3.58048145762,6496.3749454294
3,2,2.5e-10,5.59503085104,7058.5984613154
3,2,1.9e-10,1.62978232282,1194.4470102246
3,2,2.1e-10,5.74317740279,532.8723588323
3,2,1.8e-10,1.8706086822,323.5054166574
3,2,2.4e-10,5.40715542605,12168.0026965746
3,2,1.7e-10,4.5861573718,526.5095713569
3,2,1.7e-10,6.02623550832,95.9792272178
3,2,1.6e-10,6.02211293999,412.3710968744
3,2,1.5e-10,0.007673945,202.2533951741
3,2,1.2e-10,2.50603952514,149.5631971346
3,2,1.3e-10,5.75707842894,525.7588118315
3,2,1.1e-10,2.77607629936,73.297125859
3,2,1.1e-10,0.99969948118,1596.1864422846
3,2,1.2e-10,3.07376705363,1045.1548361876
3,2,1.1e-10,0.0187943847,309.2783226558
3,2,1e-10,4.70919553736,533.6231183577
3,3,2.76077e-06,0.5941325873,6283.0758499914
3,3,2.6789e-07,3.14159265359,0.0
3,3,1.81e-08,0.11612262117,12566.1516999828
3,3,1.302e-08,4.8480613686,213.299095438
3,3,1.364e-08,2.43564490971,206.1855484372
3,3,9.2e-09,1.65069146673,529.6909650946
3,3,7.16e-09,1.50799790954,220.4126424388
3,3,4.23e-09,4.54129218357,536.8045120954
3,3,2.82e-09,5.95440671732,522.5774180938
3,3,1.13e-09,5.66152847225,18849.2275499742
3,3,9e-10,0.51819099535,433.7117378768
3,3,9.4e-10,1.55249614896,419.4846438752
3,3,7.9e-10,1.38892285542,227.5261894396
3,3,9.4e-10,0.17438010106,426.598190876
3,3,4.8e-10,3.11903200545,1059.3819301892
3,3,5.6e-10,5.02765554835,6279.5527316424
3,3,5e-10,2.64433369691,199.0720014364
3,3,4.2e-10,2.65785543548,7.1135470008
3,3,2.8e-10,5.8939451804,515.463871093
3,3,2.7e-10,5.17159300173,1066.49547719
3,3,2.4e-10,4.43334493389,543.9180590962
3,3,2.6e-10,5.61220088462,639.897286314
3,3,2.4e-10,0.41571093398,83996.84731811189
3,3,1.9e-10,5.99007646261,6256.7775301916
3,3,1.8e-10,3.80004734567,6309.3741697912
3,3,1.8e-10,0.02154769101,74.7815985673
3,3,1.8e-10,1.21049250774,6127.6554505572
3,3,1.8e-10,2.29734567137,6438.4962494256
3,3,1.7e-10,2.57902262762,14.2270940016
3,3,1.3e-10,3.07320748125,210.1177017003
3,3,1.5e-10,4.72881467263,6286.5989683404
3,3,1.2e-10,5.68952008926,1052.2683831884
3,3,1.1e-10,0.06567554803,316.3918696566
3,3,1.1e-10,5.88691938543,647.0108333148
3,3,1.1e-10,1.4834722311,709.9330485583
3,3,9e-11,0.49541679064,440.8252848776
3,3,7e-11,4.01090297903,1589.0728952838
3,3,8e-11,0.88032790118,216.4804891757
3,3,6e-11,6.21088176821,38.1330356378
3,3,7e-11,3.28974856542,103.0927742186
3,4,5.751e-08,2.27069090892,6283.0758499914
3,4,1.315e-08,0.0,0.0
3,4,1.64e-09,4.10546661445,206.1855484372
3,4,7.2e-10,6.04348211714,220.4126424388
3,4,7e-10,6.10651561968,213.299095438
3,4,6e-10,4.26712050846,12566.1516999828
3,4,4.4e-10,2.79536133222,536.8045120954
3,4,2.6e-10,1.66128176108,522.5774180938
3,4,1.6e-10,5.95724279756,227.5261894396
3,4,1.1e-10,4.33140895473,199.0720014364
3,4,1.2e-10,5.02489197754,433.7117378768
3,4,8e-11,3.36029048603,419.4846438752
3,4,6e-11,1.39462759175,515.463871093
3,4,6e-11,4.13914011953,18849.2275499742
3,4,5e-11,2.67511593664,543.9180590962
3,4,4e-11,4.65054077397,529.6909650946
3,4,5e-11,0.84308705203,1047.7473117547
3,4,5e-11,4.82245392155,426.598190876
3,4,5e-11,0.05711572303,84334.66158130829
3,4,3e-11,0.96348403857,7.1135470008
3,4,3e-11,0.80949781331,14.2270940016
3,4,3e-11,3.63118822382,1066.49547719
3,5,1.14e-09,4.31169156923,6283.0758499914
3,5,3.9e-10,0.0,0.0
3,5,1.5e-10,5.7556312675,206.1855484372
3,5,5e-11,4.29978807671,220.4126424388
3,5,3e-11,0.96254361103,536.8045120954
3,5,2e-11,3.9677392908,522.5774180938
3,5,2e-11,4.22112932205,227.5261894396
3,5,2e-11,6.02426931559,199.0720014364
