# VSOP87E (barycentric rectangular, ecliptic and equinox J2000.0), body=jupiter
# Source: Bretagnon P., Francou G. 1988, Astron. Astrophys. 202, 309 (VSOP87 original theory, Bureau des Longitudes/IMCCE), via SunPosition_VSOP87 v2.0.0 (Meysam Mahooti, BSD-3-Clause), file vsop87e.jup.mat
# term contribution to coordinate `var` (1=X,2=Y,3=Z, AU): T^pow * A * cos(B + C*T), T = (JD-2451545.0)/365250 (Julian millennia from J2000.0)
var,pow,A,B,C
1,0,5.19167797375,0.59945079482,529.6909650946
1,0,0.3663326807,3.14159265359,0.0
1,0,0.12581924842,0.94911581432,1059.3819301892
1,0,0.01499237862,0.73175554601,522.5774180938
1,0,0.01474818211,3.61736901402,536.8045120954
1,0,0.00457316096,1.29883699143,1589.0728952838
1,0,0.00302068886,5.17370377723,7.1135470008
1,0,0.00385749947,2.01222596811,103.0927742186
1,0,0.00192562451,4.98733787115,426.598190876
1,0,0.0015078374,6.1183167133,110.2063212194
1,0,0.00144750651,5.55980048541,632.7837393132
1,0,0.00154896097,2.17051189575,38.1330356378
1,0,0.00137575946,4.0139949837,213.299095438
1,0,0.00103396684,6.19327175097,1052.2683831884
1,0,0.00114092461,0.01567031739,1162.4747044078
1,0,0.00072025988,3.96117200382,1066.49547719
1,0,0.00082181886,2.33944503932,74.7815985673
1,0,0.00059429203,4.45768709661,949.1756089698
1,0,0.00068217918,3.44053291909,846.0828347512
1,0,0.00047092829,1.43942906349,419.4846438752
1,0,0.00029905661,2.93170826549,206.1855484372
1,0,0.00026609536,4.85102664902,323.5054166574
1,0,0.00019708639,1.64891620821,2118.7638603784
1,0,0.00016318258,1.94286700529,316.3918696566
1,0,0.00016086488,0.87974686945,515.463871093
1,0,0.00014193776,2.07763165706,742.9900605326
1,0,0.00015178545,6.2587881143,735.8765135318
1,0,0.00011412363,3.4814594322,543.9180590962
1,0,0.00012143698,3.75229920148,525.7588118315
1,0,0.00011984824,0.58568596255,533.6231183577
1,0,8.644882e-05,3.44286036345,639.897286314
1,0,8.215382e-05,5.56679457251,1478.8665740644
1,0,8.685802e-05,0.38261930513,1692.1656695024
1,0,7.420564e-05,5.9837861413,956.2891559706
1,0,7.509247e-05,0.92899131174,1265.5674786264
1,0,7.648488e-05,0.14179788518,1581.959348283
1,0,5.313717e-05,1.10494056939,526.5095713569
1,0,5.213514e-05,3.23235134289,532.8723588323
1,0,5.784803e-05,5.03723192214,14.2270940016
1,0,4.618326e-05,3.75817737683,1375.7737998458
1,0,3.936106e-05,4.30892684064,1596.1864422846
1,0,4.563043e-05,2.15085906522,95.9792272178
1,0,4.327077e-05,3.89002424313,220.4126424388
1,0,2.951688e-05,3.8599585432,309.2783226558
1,0,2.857648e-05,6.00878402632,117.3198682202
1,0,2.488143e-05,4.20187706224,433.7117378768
1,0,2.672563e-05,3.18723991996,1169.5882514086
1,0,2.384137e-05,5.96358219365,1045.1548361876
1,0,1.868284e-05,0.52057031963,1155.361157407
1,0,1.936427e-05,5.91866009507,625.6701923124
1,0,1.630097e-05,4.41892602527,942.062061969
1,0,1.440172e-05,5.76918543554,853.196381752
1,0,1.516494e-05,0.81626038026,76.2660712756
1,0,1.360798e-05,1.34765113779,1368.660252845
1,0,1.663482e-05,1.94059445684,838.9692877504
1,0,1.032537e-05,0.08907922138,1795.258443721
1,0,1.067098e-05,5.07387579789,149.5631971346
1,0,9.90516e-06,3.0861229242,1272.6810256272
1,0,9.30888e-06,3.10022521384,199.0720014364
1,0,9.33612e-06,1.99938798806,2648.454825473
1,0,8.58009e-06,3.71316873719,529.6427809848
1,0,8.57915e-06,0.62779457369,529.7391492044
1,0,1.087247e-05,1.13406114807,527.2432845398
1,0,1.079612e-05,3.20528367741,532.1386456494
1,0,8.39752e-06,4.14398978456,3.9321532631
1,0,9.41768e-06,1.57467292003,412.3710968744
1,0,9.31768e-06,5.34596957134,380.12776796
1,0,6.65063e-06,6.08445124633,2008.557539159
1,0,7.47564e-06,4.70874474138,330.6189636582
1,0,6.92649e-06,1.33754227289,1063.3140834523
1,0,8.11333e-06,3.25488240013,36.6485629295
1,0,6.06163e-06,0.11412084921,2111.6503133776
1,0,6.80059e-06,0.29377298028,528.7277572481
1,0,6.78173e-06,4.04669842391,530.6541729411
1,0,7.64311e-06,4.22738498884,39.6175083461
1,0,5.72396e-06,0.74312323669,2221.856634597
1,0,5.63762e-06,4.06331552135,1055.4497769261
1,0,6.47377e-06,5.1250812867,984.6003316219
1,0,6.13227e-06,0.2798173097,73.297125859
1,0,4.59723e-06,3.82638947289,1073.6090241908
1,0,5.37449e-06,0.67271519943,1685.0521225016
1,0,5.07782e-06,6.24549107143,728.762966531
1,0,4.04919e-06,2.98797080277,909.8187330546
1,0,3.02826e-06,4.072509181,1905.4647649404
1,0,4.1291e-06,4.52688796799,454.9093665273
1,0,3.89104e-06,6.05998982226,604.4725636619
1,0,2.77414e-06,0.65881724776,1485.9801210652
1,0,3.02929e-06,5.06489509412,529.1697002328
1,0,3.02537e-06,5.56013245851,530.2122299564
1,0,3.85879e-06,4.91129214731,3.1813937377
1,0,2.54215e-06,3.58455165888,1062.5633239269
1,0,2.44625e-06,1.59356787543,1258.4539316256
1,0,2.26848e-06,4.65765215856,2125.8774073792
1,0,2.87123e-06,2.95650668065,305.3461693927
1,0,2.88864e-06,2.01288582181,1.4844727083
1,0,2.24639e-06,3.50099817325,1699.2792165032
1,0,2.05851e-06,1.03216914658,1898.3512179396
1,0,1.895e-06,1.04127882419,508.3503240922
1,0,2.35354e-06,0.92416939424,1056.2005364515
1,0,1.88745e-06,5.71463346844,99.1606209555
1,0,2.06908e-06,4.01833624142,490.3340891794
1,0,1.7891e-06,6.10221913977,526.7702037878
1,0,1.76836e-06,4.52323119656,532.6117264014
1,0,1.64532e-06,3.47714847114,528.9402055692
1,0,1.64428e-06,0.86380550119,530.44172462
1,0,1.9183e-06,0.31043364558,569.0478410098
1,0,2.1741e-06,5.68326440647,453.424893819
1,0,1.54478e-06,1.26243237737,519.3960243561
1,0,2.08112e-06,3.39287053066,1439.5096981492
1,0,1.66245e-06,3.75639965819,227.5261894396
1,0,1.5787e-06,4.32802743718,525.4981794006
1,0,1.43523e-06,3.31703643087,647.0108333148
1,0,1.55329e-06,0.01448229911,533.8837507886
1,0,1.42903e-06,2.39474928383,11.0457002639
1,0,1.94673e-06,5.30459820002,1021.2488945514
1,0,1.74912e-06,1.21651063074,1471.7530270636
1,0,1.45297e-06,4.02621175684,302.164775655
1,0,1.6293e-06,0.4907134985,2001.4439921582
1,0,1.44173e-06,1.33176686779,1788.1448967202
1,0,1.62873e-06,0.56256179898,835.0371344873
1,0,1.20463e-06,3.08300146416,539.9859058331
1,0,1.35543e-06,3.80015599161,540.7366653585
1,0,1.21698e-06,3.78870416955,524.0618908021
1,0,1.19917e-06,0.55319582506,535.3200393871
1,0,1.23931e-06,3.38834236611,983.1158589136
1,0,1.23677e-06,3.34199708319,525.0250986486
1,0,1.0433e-06,3.76551670027,529.5309064002
1,0,1.0433e-06,0.57516894884,529.851023789
1,0,1.34037e-06,0.10262313066,1574.8458012822
1,0,1.04555e-06,3.32891948747,551.031606097
1,0,1.14344e-06,3.33978613495,750.1036075334
1,0,1.16048e-06,0.99764796582,534.3568315406
1,0,1.22688e-06,4.90630336311,524.2743391232
1,0,1.02968e-06,4.41451543211,963.4027029714
1,0,1.20782e-06,5.71565359127,535.107591066
1,0,1.04648e-06,3.53719182083,224.3447957019
1,0,1.1053e-06,0.32528528527,2324.9494088156
1,0,9.3067e-07,0.02724953444,1382.8873468466
1,0,9.3733e-07,3.23721821583,1802.3719907218
1,0,9.3554e-07,3.033408025,440.8252848776
1,0,9.6331e-07,4.88712179178,21.3406410024
1,0,7.1762e-07,5.72663475912,415.5524906121
1,0,8.7496e-07,1.66679783619,831.8557407496
1,0,7.2096e-07,4.02261318625,529.9034134157
1,0,7.2096e-07,0.31807246212,529.4785167735
1,0,7.3548e-07,0.73533236562,2214.7430875962
1,0,9.5404e-07,5.93817256254,35.4247226521
1,0,7.2139e-07,0.2683305902,518.6452648307
1,0,7.2878e-07,4.4613274764,39.3568759152
1,0,7.1452e-07,5.67202354183,511.5317178299
1,0,6.0011e-07,1.64274398708,1361.5467058442
1,0,8.2322e-07,2.58316696077,531.1754378029
1,0,6.8707e-07,4.9855348886,547.8502123593
1,0,7.4277e-07,4.4192559887,173.9422195228
1,0,7.9198e-07,1.73075015296,528.2064923863
1,0,6.5451e-07,1.02004729709,2104.5367663768
1,0,6.5958e-07,0.29867934563,2317.8358618148
1,0,5.5536e-07,4.7922393626,643.8294395771
1,0,6.987e-07,5.74691938507,148.0787244263
1,0,5.5262e-07,2.27825840796,107.0249274817
1,0,5.2105e-07,4.62588942965,960.2213092337
1,0,5.2148e-07,1.98729626729,1048.3362299253
1,0,5.156e-07,1.64669499054,514.7131115676
1,0,6.6065e-07,0.59752988902,230.5645708254
1,0,5.0111e-07,3.13528773297,387.2413149608
1,0,4.9711e-07,2.69410661219,544.6688186216
1,0,6.7372e-07,1.02825832038,1364.7280995819
1,0,5.0617e-07,0.31750972006,2641.3412784722
1,0,5.2715e-07,1.48379175765,1056.9342496344
1,0,5.7133e-07,0.7223757702,92.0470739547
1,0,4.5698e-07,0.23070104259,2538.2485042536
1,0,6.012e-07,3.7802249597,1061.829610744
1,0,4.3674e-07,0.36671900326,2.4476805548
1,0,4.9748e-07,1.88152542617,679.2541622292
1,0,5.9167e-07,0.8947875433,494.2662424425
1,0,4.4499e-07,1.08024596826,430.5303441391
1,0,5.8551e-07,2.31298999222,1057.8974574809
1,0,4.7067e-07,2.35234857561,3178.1457905676
1,0,4.1687e-07,0.97719980019,1059.430114299
1,0,4.5598e-07,4.91679890859,312.4597163935
1,0,4.6173e-07,5.50676597516,2428.0421830342
1,0,4.0142e-07,1.53613009421,618.5566453116
1,0,4.8294e-07,5.47091338823,106.2741679563
1,0,4.8551e-07,5.94316336415,1038.0412891868
1,0,3.9904e-07,3.59119482737,70.8494453042
1,0,4.9105e-07,4.15096345615,523.5406259403
1,0,5.1698e-07,3.46161709042,565.1156877467
1,0,3.7509e-07,1.12992183128,2751.5475996916
1,0,4.1687e-07,4.06257397973,1059.3337460794
1,0,3.9658e-07,2.00248258969,1148.2476104062
1,0,4.1541e-07,5.44680900827,1514.2912967165
1,0,4.0916e-07,4.62466156885,10.2949407385
1,0,4.0913e-07,0.18694472876,18.1592472647
1,0,3.6012e-07,2.20109779973,1891.2376709388
1,0,4.4449e-07,0.19000018391,535.8413042489
1,0,3.6844e-07,5.73755081465,529.4303326637
1,0,3.6844e-07,4.88632014089,529.9515975255
1,0,3.4069e-07,1.16404842727,672.1406152284
1,0,3.6613e-07,4.18935208995,934.9485149682
1,0,4.1452e-07,1.77606071152,1593.0050485469
1,0,3.3e-07,3.84595186757,522.529233984
1,0,3.5445e-07,0.77567886722,522.6256022036
1,0,4.6145e-07,3.74589770529,1512.8068240082
1,0,3.485e-07,4.49564263533,1060.3451380357
1,0,3.248e-07,5.83189707139,124.433415221
1,0,4.4411e-07,4.40635138657,760.25553592
1,0,3.0459e-07,4.38569932563,1585.1407420207
1,0,3.7824e-07,4.58891701161,35.1640902212
1,0,3.4535e-07,4.91328831102,142.4496501338
1,0,2.8933e-07,1.19798110052,121.2520214833
1,0,3.4151e-07,2.93509104577,628.8515860501
1,0,2.9909e-07,3.5591889991,536.7563279856
1,0,2.7497e-07,0.49110736349,536.8526962052
1,0,2.8394e-07,0.99780388701,2420.9286360334
1,0,2.9129e-07,4.64629764448,422.6660376129
1,0,3.3061e-07,6.0846915979,567.8240007324
1,0,2.7675e-07,5.33831999428,528.4189407074
1,0,2.7586e-07,5.28551011249,530.9629894818
1,0,3.3966e-07,6.20368876731,885.4397106664
1,0,2.8696e-07,5.72932042298,746.9222137957
1,0,2.4445e-07,2.5067009049,99.9113804809
1,0,2.7889e-07,0.03859353899,2634.2277314714
1,0,3.2993e-07,0.64338422669,1058.4187223427
1,0,2.858e-07,2.84721981555,41.1019810544
1,0,2.4004e-07,5.67806719063,523.0986829556
1,0,3.0583e-07,4.71118187651,1023.9572075371
1,0,3.1118e-07,0.053974269,437.6438911399
1,0,3.0281e-07,0.86331183831,63.7358983034
1,0,2.7098e-07,0.93568939988,497.4476361802
1,0,2.6727e-07,3.20464380077,1158.5425511447
1,0,2.2304e-07,4.19158626805,491.5579294568
1,0,2.4825e-07,0.15973065561,1134.1635287565
1,0,2.187e-07,4.9449021715,536.2832472336
1,0,2.466e-07,0.71366313977,2531.1349572528
1,0,2.2284e-07,0.46679621201,521.6142102473
1,0,2.5671e-07,5.71444480895,636.7158925763
1,0,1.9591e-07,4.17431823492,1603.2999892854
1,0,2.4399e-07,6.07393779031,299.1263942692
1,0,2.1305e-07,6.08565625589,202.2533951741
1,0,2.3213e-07,3.43195395791,561.934294009
1,0,2.3267e-07,0.46827104623,85.8272988312
1,0,2.2744e-07,1.67012539714,71.8126531507
1,0,2.4685e-07,4.22056041469,621.7380390493
1,0,1.9054e-07,2.10509472382,327.4375699205
1,0,1.8867e-07,2.10875171086,5.6290742925
1,0,1.9676e-07,1.99772061272,423.4167971383
1,0,2.122e-07,0.0412604547,495.7507151508
1,0,2.4582e-07,5.14527726997,860.3099287528
1,0,2.0285e-07,2.60649643877,217.2312487011
1,0,1.8237e-07,4.59056549084,953.1077622329
1,0,1.9507e-07,1.91029017314,1098.7388061044
1,0,2.0953e-07,2.57869987681,458.8415197904
1,0,1.8009e-07,3.96639354797,24.3790223882
1,0,1.7586e-07,2.02614680916,2207.6295405954
1,0,1.7177e-07,2.03437805617,1464.6394800628
1,0,1.7286e-07,3.26937441157,191.9584544356
1,0,1.8075e-07,1.99928862686,600.5404103988
1,0,1.7873e-07,3.86678470802,537.7677199419
1,0,2.0924e-07,0.03035795063,1166.4068576709
1,0,2.2286e-07,3.93734569173,2.9689454166
1,0,1.6936e-07,4.26571329038,2435.155730035
1,0,1.8926e-07,4.29407736621,563.6312150384
1,0,1.6624e-07,3.85361101962,2228.9701815978
1,0,2.0994e-07,4.98103028185,88.865680217
1,0,1.6159e-07,0.21846540542,1049.0869894507
1,0,1.9778e-07,0.93154236594,505.3119427064
1,0,1.8387e-07,3.75284915185,1969.2006632438
1,0,1.6117e-07,1.17216875347,1677.9385755008
1,0,1.6272e-07,3.90786168126,526.9826521089
1,0,1.617e-07,0.43269852873,532.3992780803
1,0,1.5853e-07,3.02589483126,501.3797894433
1,0,1.6073e-07,0.59289977863,32.2433289144
1,0,1.5212e-07,0.95366780101,988.532484885
1,0,1.5273e-07,3.5231511102,460.5384408198
1,0,2.0643e-07,4.2137599876,209.3669421749
1,0,1.5831e-07,3.98950707166,151.0476698429
1,0,1.8342e-07,3.41235746795,554.0699874828
1,0,1.6176e-07,2.52644603855,4.665866446
1,0,1.4712e-07,5.41386260565,1058.8606653274
1,0,1.4529e-07,4.85959006178,1070.4276304531
1,0,1.8464e-07,0.16167109877,77.7505439839
1,0,1.7154e-07,0.48603059401,114.1384744825
1,0,1.8655e-07,4.97897470623,1151.4290041439
1,0,1.8715e-07,0.73543500526,523.4711899711
1,0,1.4496e-07,1.33864296077,558.0021407459
1,0,1.5859e-07,2.97884415831,138.5174968707
1,0,1.5092e-07,1.62201170536,2015.6710861598
1,0,1.3768e-07,4.48236015474,67.6680515665
1,0,1.7922e-07,3.60811042035,535.9107402181
1,0,1.3832e-07,1.07361243872,1585.8915015461
1,0,1.4583e-07,3.99010215681,28.3111756513
1,0,1.375e-07,2.09722252387,450.9772132642
1,0,1.3536e-07,0.76908575684,2737.32050569
1,0,1.3707e-07,3.60868435075,498.6714764576
1,0,1.3957e-07,3.93496730766,1592.2542890215
1,0,1.3013e-07,0.78393846491,598.8434893694
1,0,1.3524e-07,5.01956785845,2655.5683724738
1,0,1.425e-07,3.29326648288,462.0229135281
1,0,1.4315e-07,5.64097491228,1550.939859646
1,0,1.5356e-07,5.69682578495,33.9402499438
1,0,1.2263e-07,1.85125474032,635.9651330509
1,0,1.4741e-07,1.09335801256,945.2434557067
1,0,1.3719e-07,5.63893195637,113.3877149571
1,0,1.2034e-07,3.12964294602,938.1299087059
1,0,1.2616e-07,0.73397485703,560.7104537316
1,0,1.2686e-07,1.5257940487,531.387886124
1,0,1.2686e-07,2.81489159967,527.9940440652
1,0,1.1798e-07,2.4270937104,731.9443602687
1,0,1.5037e-07,4.51296688554,155.7829722581
1,0,1.3428e-07,3.15625492155,5.4166259714
1,0,1.301e-07,5.25935589736,2744.4340526908
1,0,1.4712e-07,5.90909648145,1059.903195051
1,0,1.1828e-07,2.23340715865,608.404716925
1,0,1.1471e-07,1.17828159225,0.9632078465
1,0,1.5363e-07,1.10456127711,381.6122406683
1,0,1.1186e-07,1.62250458708,528.2546764961
1,0,1.1186e-07,2.71818106129,531.1272536931
1,0,1.2032e-07,0.99005156584,597.3590166611
1,0,1.0863e-07,4.64117868734,248.7238180901
1,0,1.3322e-07,0.82171739269,944.9828232758
1,0,1.4119e-07,0.13240053257,378.6432952517
1,0,1.4298e-07,4.58560781567,1173.5204046717
1,0,1.0615e-07,6.13511053253,629.6023455755
1,0,1.1694e-07,6.10110767151,2950.619601128
1,0,1.0338e-07,4.38574439238,429.7795846137
1,0,1.0323e-07,1.24104744878,605.9570363702
1,0,1.3781e-07,4.55129649335,337.732510659
1,0,1.0145e-07,2.78138825669,210.1177017003
1,0,9.728e-08,0.58564087027,1159.2933106701
1,0,9.732e-08,2.62318310146,1251.3403846248
1,0,9.592e-08,1.71806518721,1781.0313497194
1,0,9.542e-08,1.84490363894,2524.021410252
1,0,1.3151e-07,4.43614253391,1041.2226829245
1,0,1.0946e-07,5.58575024763,46.470422916
1,0,9.005e-08,2.61830190154,1165.6560981455
1,0,9.077e-08,3.85345236239,754.0357607965
1,0,8.886e-08,1.89018107575,530.914805372
1,0,8.886e-08,2.45050457262,528.4671248172
1,0,9.816e-08,4.64751787428,69.1525242748
1,0,8.893e-08,1.64117950395,195.1398481733
1,0,9.911e-08,4.45225741623,9.5612275556
1,0,1.2109e-07,4.85223951419,1020.025054274
1,0,1.2231e-07,6.14422943214,72.0732855816
1,0,1.1861e-07,6.05937783312,721.6494195302
1,0,8.635e-08,0.16436387127,1056.4611688824
1,0,1.079e-07,0.63662383032,530.5847369719
1,0,1.079e-07,3.70406181805,528.7971932173
1,0,7.989e-08,3.82641746989,1058.6311706638
1,0,8.394e-08,2.58792092563,525.5463635104
1,0,1.0592e-07,0.63539606039,2847.5268269094
1,0,7.749e-08,1.75600352899,521.8266585684
1,0,8.309e-08,1.75332367881,533.8355666788
1,0,9.795e-08,4.81680434248,114.3991069134
1,0,9.319e-08,1.23585389267,483.2205421786
1,0,1.0339e-07,4.58616303508,319.5732633943
1,0,7.601e-08,2.58490717494,537.5552716208
1,0,1.0477e-07,3.37774704651,456.3938392356
1,0,8.635e-08,4.87197749696,1062.302691496
1,0,7.859e-08,0.38734430101,1064.7985561606
1,0,7.602e-08,0.36299136019,1063.5747158832
1,0,9.231e-08,5.431488248,8.0767548473
1,0,7.989e-08,1.21335631002,1060.1326897146
1,0,9.972e-08,2.04366896945,685.4739373527
1,0,8.026e-08,1.98667531129,405.2575498736
1,0,7.215e-08,4.30475971943,31.019488637
1,0,7.729e-08,2.97295947216,320.3240229197
1,0,6.822e-08,2.29868018477,166.828672522
1,0,6.743e-08,2.7868574307,1054.7160637432
1,0,7.685e-08,6.15668649529,334.5511169213
1,0,7.484e-08,0.64173631183,952.3570027075
1,0,8.44e-08,2.58974655797,1201.831580323
1,0,6.906e-08,3.07910623893,100.6450936638
1,0,7.169e-08,0.1349283377,842.1506814881
1,0,6.629e-08,0.53834433594,3053.7123753466
1,0,8.934e-08,0.96120225738,602.9880909536
1,0,7.767e-08,0.09155679295,408.4389436113
1,0,7.493e-08,3.51969165167,2332.0629558164
1,0,7.136e-08,0.03448152668,739.8086667949
1,0,6.677e-08,0.45441778626,1912.5783119412
1,0,6.322e-08,1.02024397349,1994.3304451574
1,0,8.709e-08,3.26440854068,576.1613880106
1,0,7.535e-08,3.00289317558,1060.8664028975
1,0,6.829e-08,2.18322886511,284.1485407422
1,0,8.6e-08,0.67499551222,2854.6403739102
1,0,6.151e-08,4.66705028005,1091.6252591036
1,0,7.341e-08,6.04359053153,6.2197751235
1,0,6.859e-08,4.99347916841,945.9942152321
1,0,6.73e-08,2.13274400504,528.0464336919
1,0,6.73e-08,2.20794164333,531.3354964973
1,0,7.602e-08,4.67235401511,1055.1891444952
1,0,6.013e-08,0.39505360832,1035.002907801
1,0,5.971e-08,4.49604367073,498.1983957056
1,0,7.321e-08,5.96564868559,2957.7331481288
1,0,5.811e-08,3.54915086435,216.4804891757
1,0,5.831e-08,0.91029898197,1276.6131788903
1,0,7.683e-08,4.78953562962,247.2393453818
1,0,5.605e-08,2.83446874702,513.2286388593
1,0,5.914e-08,5.25663173098,1053.9653042178
1,0,5.507e-08,6.11803493365,561.1835344836
1,0,5.497e-08,5.972207106,810.6581120991
1,0,5.666e-08,1.34586791176,1064.0477966352
1,0,5.378e-08,1.50621701403,546.1532913299
1,0,6.378e-08,4.76469958996,1493.093668066
1,0,5.234e-08,3.23939752237,355.7487455718
1,0,6.789e-08,4.06132305563,303.8616966844
1,0,6.815e-08,3.11788390976,1053.7528558967
1,0,5.065e-08,4.11506105627,1059.2218714948
1,0,5.099e-08,4.22926958912,1176.7017984094
1,0,4.952e-08,1.58008800266,2840.4132799086
1,0,5.422e-08,3.42310480407,757.2171545342
1,0,4.897e-08,5.68226364532,245.5424243524
1,0,5.382e-08,3.62538236868,512.4254897072
1,0,4.985e-08,3.60490329992,234.6397364404
1,0,4.765e-08,1.45902602837,2097.423219376
1,0,5.065e-08,0.92471272365,1059.5419888836
1,0,5.175e-08,5.8845345811,3267.0114707846
1,0,5.666e-08,4.11643761931,908.3342603463
1,0,4.955e-08,3.41906309446,1069.6768709277
1,0,5.153e-08,0.71530340802,546.956440482
1,0,4.76e-08,2.46960565366,415.2918581812
1,0,4.911e-08,1.51731652916,512.2824773553
1,0,4.553e-08,3.05075122003,509.2440959695
1,0,6.109e-08,5.6799009541,111.4301614968
1,0,4.324e-08,1.28993461232,550.1378342197
1,0,4.652e-08,4.74896633148,1489.9122743283
1,0,4.403e-08,2.46826855364,1127.0499817557
1,0,4.625e-08,2.09838701102,857.1285350151
1,0,4.688e-08,0.82987219835,504.561183181
1,0,4.144e-08,3.28540382801,970.5162499722
1,0,5.736e-08,4.94808815046,707.5653378805
1,0,4.256e-08,4.52622489765,512.1648572763
1,0,4.431e-08,6.20712357569,519.656656787
1,0,5.723e-08,0.80521226018,1065.0110044817
1,0,4.076e-08,0.44309694438,469.8872200543
1,0,5.654e-08,3.17912882291,280.9671470045
1,0,4.761e-08,3.08265578516,850.0149880143
1,0,5.007e-08,6.09092690792,491.8185618877
1,0,3.987e-08,2.63449604548,447.9388318784
1,0,4.311e-08,1.91087363576,416.3032501375
1,0,4.806e-08,4.82950723208,1289.9465010146
1,0,4.127e-08,2.41265579129,1578.0271950199
1,0,4.072e-08,6.09764619553,547.2170729129
1,0,4.414e-08,3.50154180015,554.8207470082
1,0,4.733e-08,2.24216539355,1087.6931058405
1,0,3.9e-08,2.34423548886,739.0579072695
1,0,4.172e-08,3.39627466227,203.0041546995
1,0,4.864e-08,0.51744939195,3163.918696566
1,0,4.002e-08,4.87046745482,916.9322800554
1,0,4.569e-08,4.91237033477,724.8308132679
1,0,4.115e-08,5.12865246696,1012.9115072732
1,0,3.715e-08,1.90541997007,479.2883889155
1,0,3.971e-08,5.21041592079,1894.4190646765
1,0,4.628e-08,4.53026378084,567.5633683015
1,0,4.155e-08,5.40151847566,782.3469364478
1,0,4.429e-08,4.90565615927,1025.4416802454
1,0,4.649e-08,4.64759909895,105.5404547734
1,0,4.166e-08,2.66734467932,1587.5884225755
1,0,4.55e-08,3.9693191689,237.6781178262
1,0,4.232e-08,4.10305254748,2042.4977891028
1,0,4.613e-08,4.23969121478,295.0512286542
1,0,3.608e-08,5.64136273905,277.0349937414
1,0,3.571e-08,3.6594791282,1080.7225711916
1,0,3.544e-08,5.95476908217,849.2642284889
1,0,4.598e-08,0.7640556722,146.594251718
1,0,3.497e-08,4.37215725203,1059.5943785103
1,0,3.507e-08,3.90044894199,589.4947101349
1,0,3.472e-08,2.42807639358,580.0935412737
1,0,4.605e-08,2.01079969091,391.1734682239
1,0,3.415e-08,0.93397733419,3067.9394693482
1,0,3.68e-08,2.78358470505,547.0994528339
1,0,3.974e-08,0.64083518043,3171.0322435668
1,0,3.446e-08,5.94538006088,1049.8207026336
1,0,3.807e-08,1.72304764409,102.1295663721
1,0,3.698e-08,4.34881325753,326.6868103951
1,0,3.345e-08,2.01843885286,103.1409583284
1,0,3.338e-08,5.11644597796,103.0445901088
1,0,3.565e-08,5.42059424242,81.7521332162
1,0,3.497e-08,0.66761652789,1059.1694818681
1,0,3.252e-08,0.25412920997,3370.1042450032
1,0,3.35e-08,5.33479619431,1077.5411774539
1,0,4.028e-08,2.14386378215,81.0013736908
1,0,3.455e-08,4.99170171719,488.8496164711
1,0,4.402e-08,4.47865911288,987.3086446076
1,0,4.179e-08,2.21527051149,373.9079928365
1,0,3.659e-08,5.44567820919,104.0559820651
1,0,3.291e-08,0.58946936691,97.6761482472
1,0,3.303e-08,4.42205069017,539.7252734022
1,0,3.982e-08,0.94891503004,986.0848043302
1,0,4.012e-08,2.19807079079,668.2084619653
1,0,3.967e-08,2.90360026128,486.4019359163
1,0,3.184e-08,2.21814040831,654.1243803156
1,0,4.191e-08,5.68692135829,351.8165923087
1,0,3.955e-08,3.61063004152,1123.1178284926
1,0,3.729e-08,5.24253765141,977.4867846211
1,0,2.958e-08,5.96791430978,527.6852275245
1,0,2.958e-08,4.65595664577,531.6967026647
1,0,3.911e-08,1.81273764385,306.830642101
1,0,2.909e-08,4.64604855654,522.6892926784
1,0,2.909e-08,5.97782239901,536.6926375108
1,0,3.893e-08,5.83260636489,812.1425848074
1,0,3.118e-08,5.63216999615,570.5323137181
1,0,3.463e-08,4.17287676793,1591.5205758386
1,0,2.836e-08,1.20731250237,1269.4996318895
1,0,3.283e-08,2.91724442703,108.7218485111
1,0,2.87e-08,1.83388013858,1586.625214729
1,0,2.796e-08,1.24128563131,3156.8051495652
1,0,2.903e-08,5.86858378208,504.4181708291
1,0,2.725e-08,1.62696049996,3281.2385647862
1,0,2.849e-08,2.52315879532,1884.124123938
1,0,3.556e-08,1.43724697553,572.9799942729
1,0,2.918e-08,1.02389618778,967.3348562345
1,0,2.702e-08,2.83822051301,78.7137518304
1,0,2.661e-08,3.41200091519,107.7586406646
1,0,3.601e-08,1.64093908538,833.552661779
1,0,2.668e-08,5.3758166781,911.3032057629
1,0,2.715e-08,4.7404360122,554.9637593601
1,0,2.622e-08,2.45936066033,134.5853436076
1,0,2.627e-08,3.82215257787,144.1465711632
1,0,3.601e-08,2.04227185598,991.7138786227
1,0,2.821e-08,2.63735750033,502.8642621516
1,0,2.566e-08,5.17871233769,93.531546663
1,0,3.142e-08,6.19570189655,539.2521926502
1,0,2.731e-08,6.2441699717,522.4655435092
1,0,2.731e-08,4.37970098385,536.91638668
1,0,3.175e-08,1.25554977339,520.129737539
1,0,3.337e-08,2.55862908493,775.233389447
1,0,2.456e-08,3.04358904051,1074.3597837162
1,0,3.083e-08,4.79549905942,3060.8259223474
1,0,2.369e-08,0.89961386019,2310.722314814
1,0,2.685e-08,1.6767701729,556.5176680376
1,0,2.456e-08,1.99618473941,1044.4040766622
1,0,3.031e-08,4.94699249364,521.0929453855
1,0,3.031e-08,5.67687846191,538.2889848037
1,0,2.647e-08,2.21150970566,611.4430983108
1,0,2.779e-08,4.06587587287,1065.6017053127
1,0,3.226e-08,6.17392127144,522.7898664149
1,0,3.226e-08,4.4499496841,536.5920637743
1,0,3.1e-08,4.48597567816,1438.0252254409
1,0,2.35e-08,4.85021460619,285.3723810196
1,0,2.947e-08,2.57601562056,1819.6374661092
1,0,2.452e-08,2.19106724331,1090.4014188262
1,0,2.323e-08,4.17904065081,529.0578256482
1,0,2.323e-08,0.16164499756,530.324104541
1,0,2.982e-08,0.59289983624,109.9456887885
1,0,2.337e-08,2.52600500225,1474.9344208013
1,0,3.159e-08,0.76090441015,457.617679513
1,0,3.023e-08,2.94123144657,526.722019678
1,0,3.023e-08,1.3994542018,532.6599105112
1,0,2.627e-08,3.80975739889,1094.8066528413
1,0,2.186e-08,2.35390986413,162.8965192589
1,0,2.177e-08,1.28491274387,2413.8150890326
1,0,2.273e-08,1.32684908668,1589.1210793936
1,0,2.362e-08,5.63895709044,3583.4033404412
1,0,2.201e-08,5.72550332247,2043.9822618111
1,0,2.35e-08,3.14771594022,902.7051860538
1,0,2.837e-08,5.4706467326,1440.9941708575
1,0,2.584e-08,2.41036745166,2122.6960136415
1,0,2.14e-08,3.00473448189,241.6102710893
1,0,2.201e-08,0.31427215056,376.1956146969
1,0,2.216e-08,4.40413629466,1053.2315910349
1,0,2.435e-08,5.80690345453,3274.1250177854
1,0,2.251e-08,3.73285596763,1067.4586850365
1,0,2.781e-08,3.62986106775,451.9404211107
1,0,2.419e-08,1.65592259758,31.492569389
1,0,2.042e-08,0.45345339204,732.6951197941
1,0,2.525e-08,5.46312983734,373.0142209592
1,0,2.747e-08,3.74658101391,1261.6353253633
1,0,2.035e-08,5.41793570571,523.849442481
1,0,2.035e-08,5.20593524984,535.5324877082
1,0,2.366e-08,2.81483964657,3707.8367556622
1,0,2.38e-08,4.1200137358,429.0458714308
1,0,2.298e-08,2.51147282142,225.8292684102
1,0,2.336e-08,5.79016324229,33.6796175129
1,0,2.407e-08,1.65593453429,824.7421937488
1,0,2.223e-08,3.54290082979,842.9014410135
1,0,2.548e-08,2.30029523646,1128.534454464
1,0,2.313e-08,3.46887757106,145.6310438715
1,0,2.358e-08,0.2870519488,3480.3105662226
1,0,1.911e-08,1.27847307998,501.2367770914
1,0,2.56e-08,5.75789982732,232.0490435337
1,0,1.903e-08,5.97222852188,1254.5217783625
1,0,2.48e-08,5.94758800259,610.6923387854
1,0,2.279e-08,5.72874534306,1482.7987273275
1,0,1.873e-08,2.16130448423,1208.9451273238
1,0,2.51e-08,3.56542524478,601.7642506762
1,0,2.186e-08,5.05662323853,1553.6481726317
1,0,1.823e-08,0.11309992342,111.1695290659
1,0,2.024e-08,0.75324302754,59.8037450403
1,0,1.958e-08,2.65760348463,109.2431133729
1,0,1.875e-08,4.96409845324,1590.0361031303
1,0,2.36e-08,2.96313117699,488.63716815
1,0,2.199e-08,2.81488304964,298.2326223919
1,0,2.128e-08,0.30012341312,821.703812363
1,0,2.046e-08,3.01987263602,1567.7322542814
1,0,1.954e-08,0.78523241391,1415.130675761
1,0,1.787e-08,5.23586420667,1059.6425626201
1,0,1.998e-08,3.65279516743,1432.3961511484
1,0,2.173e-08,0.53973434031,1065.5322693435
1,0,2.273e-08,4.41222326623,1589.024711174
1,0,1.887e-08,3.53080429283,417.0369633204
1,0,1.716e-08,4.22633880361,503.8274699981
1,0,1.787e-08,4.50113127825,56.6223513026
1,0,1.851e-08,2.94909390732,110.2545053292
1,0,1.948e-08,0.06784201686,1446.62324515
1,0,1.829e-08,0.32427522713,1578.7779545453
1,0,2.146e-08,2.12285077619,1363.2436268736
1,0,1.744e-08,5.75944789009,1051.3051753419
1,0,2.096e-08,1.34830261581,570.7447620392
1,0,1.608e-08,0.11434714708,555.5544601911
1,0,1.681e-08,5.05615470433,543.1843459133
1,0,1.681e-08,5.56771625121,516.1975842759
1,0,1.656e-08,6.18525423988,3686.4961146598
1,0,2.027e-08,1.05859637798,50.4025761791
1,0,1.607e-08,1.86217702449,465.9550667912
1,0,1.997e-08,4.09599188755,362.8622925726
1,0,1.573e-08,0.99918451715,3473.1970192218
1,0,1.62e-08,4.04604445763,683.1863154923
1,0,1.775e-08,3.68378563186,1688.2335162393
1,0,1.551e-08,2.34276361323,593.426863398
1,0,1.649e-08,2.83516671724,1354.4331588434
1,0,1.607e-08,2.36250219357,222.8603229936
1,0,1.791e-08,0.10409422402,502.6036297207
1,0,1.533e-08,0.91717120275,1052.3165672982
1,0,1.872e-08,2.94680344134,1141.1340634054
1,0,1.859e-08,2.69741164079,4.4534181249
1,0,1.597e-08,2.27829199459,2200.5159935946
1,0,1.894e-08,1.68941410908,229.0800981171
1,0,1.95e-08,2.53468264013,487.1526954417
1,0,1.486e-08,1.7496446041,1518.2234499796
1,0,1.691e-08,0.69039681436,1226.2106027112
1,0,1.539e-08,5.57331447211,65.2203710117
1,0,1.466e-08,4.96866285281,426.5500067662
1,0,1.581e-08,6.26565156779,696.5196376166
1,0,1.746e-08,4.43362462057,1467.8208738005
1,0,1.484e-08,3.98628996611,995.6460318858
1,0,1.673e-08,4.23659174125,556.7783004685
1,0,1.573e-08,1.54983748502,425.6349830295
1,0,1.613e-08,3.524942906,1268.7488723641
1,0,1.696e-08,4.04893974553,313.2104759189
1,0,1.787e-08,6.08709488043,1059.1212977583
1,0,1.459e-08,1.86680810334,426.6463749858
1,0,1.86e-08,0.59121810077,1160.027023853
1,0,1.599e-08,0.99304321709,1588.1096874373
1,0,1.645e-08,0.25602007166,630.3360587584
1,0,1.796e-08,2.27748034433,424.1505103212
1,0,1.802e-08,1.81981056283,572.2292347475
1,0,1.812e-08,1.18636472457,1340.3490771937
1,0,1.34e-08,5.68788468184,1058.109905802
1,0,1.38e-08,4.13060050591,384.0599212231
1,0,1.346e-08,0.84106067159,1066.5436612998
1,0,1.303e-08,3.84567508869,203.7378678824
1,0,1.714e-08,2.6654981626,1164.9223849626
1,0,1.547e-08,0.43253240963,1097.514965827
1,0,1.293e-08,2.98651040858,394.3548619616
1,0,1.329e-08,2.37930449726,1628.429771199
1,0,1.657e-08,2.95696862208,473.068613792
1,0,1.353e-08,4.16373125033,2498.8916283384
1,0,1.375e-08,3.98044437537,1093.322180133
1,0,1.299e-08,0.48747523459,1357.6145525811
1,0,1.302e-08,1.30247274619,494.4786907636
1,0,1.267e-08,0.0548052268,1162.5228885176
1,0,1.321e-08,5.18040372739,990.2294059144
1,0,1.569e-08,0.55945561191,827.9235874865
1,0,1.423e-08,3.96899444518,1052.2201990786
1,0,1.69e-08,0.44964896142,1696.0978227655
1,0,1.234e-08,1.89692910755,436.1594184316
1,0,1.258e-08,3.15493584077,1162.426520298
1,0,1.419e-08,3.11149524713,1138.0956820196
1,0,1.232e-08,1.13768047601,2730.2069586892
1,0,1.413e-08,1.64650599332,42.5864537627
1,0,1.393e-08,0.44415833192,958.7368365254
1,0,1.576e-08,0.31444350094,422.405405182
1,0,1.248e-08,0.03995118053,350.3321196004
1,0,1.464e-08,3.90911748945,1066.4472930802
1,0,1.194e-08,5.78013067722,774.0095491696
1,0,1.176e-08,5.65250585005,632.831923423
1,0,1.235e-08,1.2943483744,1027.1386012748
1,0,1.192e-08,3.03821340895,564.9032394256
1,0,1.337e-08,5.18329748556,427.5613987225
1,0,1.581e-08,0.42493803144,642.3449668688
1,0,1.186e-08,4.67064465062,2114.8317071153
1,0,1.34e-08,6.03068103344,1161.5114965613
1,0,1.26e-08,2.78493696942,633.7469471597
1,0,1.309e-08,3.48078253389,1163.4379122543
1,0,1.172e-08,2.47238605689,632.7355552034
1,0,1.12e-08,4.59709741934,709.0498105888
1,0,1.34e-08,5.63507440526,1060.6539545764
1,0,1.483e-08,1.40459440941,210.8514148832
1,0,1.471e-08,2.07056839465,635.231419868
1,0,1.112e-08,5.29416320994,1065.9742123282
1,0,1.108e-08,1.2651220501,1279.794572628
1,0,1.124e-08,1.88833997938,924.7965865816
1,0,1.129e-08,0.4878608071,915.235359026
1,0,1.308e-08,1.27136775865,913.7508863177
1,0,1.398e-08,1.23224313252,2627.1141844706
1,0,1.089e-08,5.17678553686,946.727928415
1,0,1.292e-08,1.34832291759,981.6313862053
1,0,1.132e-08,0.51083517505,1663.8544938511
1,0,1.259e-08,5.01927099823,1887.3055176757
1,0,1.153e-08,3.89300870077,395.105621487
1,0,1.064e-08,3.91071393639,1304.9243545416
1,0,1.202e-08,3.61933972889,269.9214467406
1,0,1.395e-08,1.40455747646,586.3133163972
1,0,1.451e-08,2.99312416234,244.318584075
1,0,1.12e-08,0.70794225879,103.6140390804
1,0,1.302e-08,4.07372257135,636.9765250072
1,0,1.369e-08,5.12813131118,79.2350166922
1,0,1.037e-08,2.10542832786,1798.4398374587
1,0,1.026e-08,0.69958665556,414.0680179038
1,0,1.069e-08,5.46748862799,3899.7952100978
1,0,1.025e-08,0.81899907032,951.6232895246
1,0,1.422e-08,2.40975714524,152.5321425512
1,0,1.018e-08,2.44177900684,623.2225117576
1,0,1.172e-08,0.11078488057,3796.7024358792
1,0,1.047e-08,3.27708819978,177.8743727859
1,0,1.076e-08,5.08119196367,1681.1199692385
1,0,1.373e-08,1.13869327899,4590.910180489
1,0,1.3e-08,5.45256830638,758.7710632117
1,0,1.04e-08,2.40822308938,313.9441891018
1,0,1.117e-08,0.21068971066,102.5715093568
1,0,9.98e-09,4.87596707271,231.4583427027
1,0,1.033e-08,2.65742933066,1028.3624415522
1,0,1.022e-08,1.3592214352,1262.3860848887
1,0,9.75e-09,1.34801883307,665.0270682276
1,0,1.358e-08,4.62267092406,448.6895914038
1,0,9.8e-09,3.55997020263,961.705781942
1,0,1.042e-08,5.48044556857,170.7608257851
1,0,9.79e-09,2.33360006154,84.3428261229
1,0,9.55e-09,3.71244576511,645.3139122854
1,0,1.229e-08,5.40835035151,2004.364753465
1,0,1.283e-08,3.4853336773,252.6559713532
1,0,1.09e-08,2.86573865299,70.3281804424
1,0,1.119e-08,1.89211462832,1901.5326116773
1,0,9.5e-09,1.31425968942,1372.5924061081
1,0,9.54e-09,4.42643015968,215.7467759928
1,0,1.075e-08,0.57961253778,212.3358875915
1,0,1.07e-08,4.31120526838,214.2623032845
1,0,1.243e-08,4.71981497526,670.916774951
1,0,1.244e-08,2.87441597074,184.7272873558
1,0,1.099e-08,2.80854803975,611.5861106627
1,0,1.033e-08,5.44057825526,631.8205314667
1,0,8.88e-09,0.32570697301,1475.6851803267
1,0,8.81e-09,6.24114441352,4002.8879843164
1,0,1.098e-08,2.95983802473,137.0330241624
1,0,1.198e-08,2.56431700661,8521.1198767086
1,0,1.005e-08,1.02223932744,3384.3313390048
1,0,8.75e-09,1.38649800785,701.936263588
1,0,1.166e-08,1.68053256043,1511.3223512999
1,0,9.67e-09,0.1941984663,828.8173593638
1,0,8.89e-09,3.98790631605,213.2509113282
1,0,8.89e-09,0.90251570889,213.3472795478
1,0,1.147e-08,5.62237625874,1390.0008938474
1,0,8.73e-09,1.78823938585,322.0209439491
1,0,1.137e-08,1.2521787875,950.6600816781
1,0,1.061e-08,5.43420240433,1014.1353475506
1,0,1.061e-08,5.91924764699,1052.7896480502
1,0,9.07e-09,5.72880202106,3590.516887442
1,0,9.01e-09,1.99031678409,1482.0479678021
1,0,1.186e-08,3.87608972833,1291.4309737229
1,0,9.39e-09,4.90767990951,1703.2113697663
1,0,1.076e-08,3.77875560329,2861.753920911
1,0,8.77e-09,2.57720864413,357.4456666012
1,0,9.88e-09,3.77402129077,7210.9158184942
1,0,8.76e-09,2.04445500328,2516.9078632512
1,0,1.109e-08,1.10717230914,347.8844390456
1,0,8.26e-09,1.26237086555,20956.2620575166
1,0,9.14e-09,1.85190163894,1031.0707545379
1,0,9.97e-09,3.8726751475,1505.6932770074
1,0,8.1e-09,0.7386618795,3789.5888888784
1,0,1.118e-08,3.02477319721,892.5532576672
1,0,8.11e-09,2.26915207928,288.0806940053
1,0,8.83e-09,5.67539794824,526.1678467456
1,0,8.83e-09,4.94847300731,533.2140834436
1,0,8.32e-09,0.30355557156,348.635198571
1,0,7.9e-09,6.20154366253,106.0135355254
1,0,9.74e-09,3.07289069716,25035.6347583858
1,0,1.094e-08,4.49536324699,447.7958195265
1,0,7.87e-09,4.25746871915,1056.6736172035
1,0,8.8e-09,6.12038037656,1215.1649024473
1,0,8.39e-09,3.46918687285,4686.8894077068
1,0,9.65e-09,0.47893715886,1519.920371009
1,0,1.017e-08,3.23009565265,1019.7644218431
1,0,9.29e-09,2.33110288801,1130.2313754934
1,0,8.59e-09,2.39272132973,74.6697239827
1,0,8.58e-09,5.4282017878,74.8934731519
1,0,9.51e-09,0.17980074695,25021.4076643842
1,0,1.003e-08,6.06276371667,112.6540017742
1,0,8.49e-09,3.78813650143,77.962992305
1,0,1.038e-08,2.60809280601,2545.3620512544
1,0,8.41e-09,3.14891407666,643.0786800517
1,0,7.78e-09,3.23372323101,1152.9134768522
1,0,7.82e-09,2.23832335246,1731.5225454176
1,0,1.032e-08,4.77018575989,3075.053016349
1,0,9.67e-09,3.36244704957,1744.8558675419
1,0,8.99e-09,1.08525568253,1053.1621550657
1,0,7.42e-09,2.00354172793,896.4854109303
1,0,9.89e-09,3.84990051274,566.3395280241
1,0,9.89e-09,0.49078513563,493.0424021651
1,0,7.42e-09,4.21703361262,948.2124011233
1,0,8.45e-09,3.59171270464,88.1149206916
1,0,9.29e-09,5.99864767246,110.1581371096
1,0,7.34e-09,5.35841388096,112.9146342051
1,0,7.77e-09,4.7641510052,5092.1519581158
1,0,7.66e-09,4.594798988,402.2191684878
1,0,7.43e-09,6.13138764518,432.0148168474
1,0,8.7e-09,2.29117581191,537.3257769572
1,0,8.7e-09,5.19110249005,522.056153232
1,0,7.89e-09,1.67092370151,950.1388168163
1,0,8.97e-09,1.28062307416,5746.271337896
1,0,7.32e-09,5.42943652152,1600.1185955477
1,0,7.27e-09,3.55588420259,6011.4455234754
1,0,7.74e-09,4.89440898129,8617.0991039264
1,0,8.21e-09,5.63594703536,98.8999885246
1,0,7.65e-09,0.45676284977,77734.01845962799
1,0,7.25e-09,5.32450233982,172.2452984934
1,0,7.8e-09,1.36195167956,949.12742486
1,0,7.36e-09,2.50442271554,23969.1392811958
1,0,7.31e-09,5.83268492223,2108.4689196399
1,0,9.76e-09,0.79158818735,806.725958836
1,0,7.05e-09,4.27106025046,259.769518354
1,0,7e-09,5.59852494874,443.8636662634
1,0,9.02e-09,2.81720087957,3259.1471642584
1,0,8.15e-09,4.18553627599,3377.217792004
1,0,7.2e-09,5.01892865631,878.3261636656
1,0,7.05e-09,6.12374436623,657.1627617014
1,0,7.07e-09,0.0384797449,2218.6752408593
1,0,9.3e-09,2.4954832346,1436.5407527326
1,0,9.61e-09,4.34057596279,6915.8595893046
1,0,8.99e-09,4.97320917926,1570.9136480191
1,0,6.82e-09,0.26050257479,2225.7887878601
1,0,7.03e-09,1.37324117306,738.3241940866
1,0,7.64e-09,0.99241506715,1542.6024723678
1,0,7.39e-09,5.16398444319,131.4039498699
1,0,8.1e-09,3.48317459389,677.7696895209
1,0,7.21e-09,4.93463062086,64.9597385808
1,0,7.6e-09,0.78917661418,297.6419215609
1,0,7.84e-09,2.54541859576,451.7279727896
1,0,8.15e-09,2.4217165225,358.9301393095
1,0,8.42e-09,0.87893029284,369.0820676961
1,0,9.26e-09,2.97025862788,160.6088973985
1,0,9.23e-09,0.04638867043,179.3588454942
1,0,7.04e-09,0.48325377506,718.6110381444
1,0,7.02e-09,0.20613245347,153.4953503977
1,0,7.66e-09,2.39202105815,1834.6153196362
1,0,6.52e-09,4.1686245555,906.849787638
1,0,8.27e-09,4.33962122071,1371.8416465827
1,0,8.42e-09,3.38856884583,157.2674449664
1,0,7.92e-09,1.49965960928,377.1588225434
1,0,7.45e-09,4.45854548235,306.0969289181
1,0,6.39e-09,0.08156310396,650.9429865779
1,0,8.45e-09,5.9310575148,388.4651552382
1,0,7.67e-09,3.60652184093,927.8349679674
1,0,6.59e-09,5.7597194808,4216.1870797544
1,0,6.66e-09,3.04814223059,2439.0878832981
1,0,6.38e-09,1.13616165325,1688.9842757647
1,0,6.99e-09,3.61170438864,999.5781851489
1,0,8.48e-09,4.72504107277,444.7574381407
1,0,7.99e-09,3.74034594619,2274.5468326365
1,0,7.87e-09,1.20457511279,2943.5060541272
1,0,7.73e-09,1.76065838643,3333.9287628257
1,0,8.09e-09,5.17024953241,2431.9743362973
1,0,7.83e-09,1.81625662691,703.6331846174
1,0,6.57e-09,0.60457512347,1724.4089984168
1,0,8.05e-09,0.09901786383,1474.6737883704
1,0,6.45e-09,0.75334618858,1751.539531416
1,0,6.61e-09,2.90178651891,700.4517908797
1,0,8.04e-09,2.63840522723,9676.4810341156
1,0,6.7e-09,1.36038705887,100.1720129118
1,0,8.66e-09,5.76540229273,10846.0692855242
1,0,6.5e-09,2.73749334371,558.1451530978
1,0,6.13e-09,2.67799935322,205.2223405907
1,0,6.11e-09,3.22738343677,4443.713269194
1,0,7.26e-09,2.09433576268,2151.0071892928
1,0,6.11e-09,0.94365715757,127.4717966068
1,0,7.92e-09,0.24370973638,3487.4241132234
1,0,7.51e-09,5.81390703713,446.3113468182
1,0,8.53e-09,4.28810731162,2964.8466951296
1,0,6.14e-09,3.69080861447,6121.6518446948
1,0,6.2e-09,0.93234202068,3046.5988283458
1,0,6.07e-09,3.04321843475,1670.8250285
1,0,6.19e-09,0.690842554,1144.3154571431
1,0,5.96e-09,2.57575578891,737.3609862401
1,0,6.19e-09,4.37152142119,325.9530972122
1,0,6.17e-09,3.74485122373,920.8644333185
1,0,5.91e-09,3.48178211131,5760.4984318976
1,0,5.9e-09,5.76615169007,3634.6210245184
1,0,5.92e-09,1.67926794472,799.6124118352
1,0,6.28e-09,3.97268935384,1408.0171287602
1,0,6e-09,0.77520117111,1909.3969182035
1,0,5.88e-09,4.88077168579,9690.7081281172
1,0,5.9e-09,4.55773138616,627.3671133418
1,0,6.11e-09,2.00459977476,392.6579409322
1,0,6.11e-09,2.33608587361,666.723989257
1,0,6.6e-09,3.23495727377,4312.1663069722
1,0,5.79e-09,0.23689221312,181.806526049
1,0,7.23e-09,3.17265641927,3333.498879699
1,0,7.15e-09,6.07739111387,3347.7259737006
1,0,6.04e-09,0.54070600496,427.1194557378
1,0,7.74e-09,3.14130625993,711.4974911436
1,0,5.78e-09,0.6838218854,881.5075574033
1,0,6.43e-09,3.30030512509,282.4516197128
1,0,7.5e-09,3.52320056595,1818.1529934009
1,0,7.33e-09,3.98414988751,344.7030453079
1,0,5.89e-09,3.85148384183,2005.3761454213
1,0,6.13e-09,2.03788975303,745.4377410874
1,0,5.82e-09,5.43181986865,2953.8009948657
1,0,7.54e-09,4.23362271932,1022.7333672597
1,0,6.94e-09,4.97705611923,1967.7161905355
1,0,7.36e-09,2.16773979972,601.5036182453
1,0,7.36e-09,2.17294584865,457.8783119439
1,0,5.85e-09,3.31295262517,1791.3262904579
1,0,7.09e-09,4.59740934441,3391.4448860056
1,0,6.39e-09,3.15793381912,12.5301729722
1,0,5.68e-09,2.97493496281,4804.209275927
1,0,7.49e-09,4.31005763443,421.93232443
1,0,6.13e-09,2.48841615646,1457.525933062
1,0,5.54e-09,4.24041493722,385.7568422525
1,0,5.6e-09,4.71045037674,420.9691165835
1,0,5.8e-09,1.24938803404,5179.5897827258
1,0,7.17e-09,1.78237513008,90.5626012464
1,0,7.43e-09,0.89577704031,1670.0742689746
1,0,5.75e-09,1.4073851993,1656.7409468503
1,0,5.59e-09,5.2799219942,388.7257876691
1,0,5.82e-09,4.78436996849,5481.7545583808
1,0,5.38e-09,0.92867899703,7564.830720738
1,0,5.49e-09,2.46772636715,6702.5604938666
1,0,5.43e-09,5.63815178398,5062.2699145056
1,0,5.66e-09,2.72633185556,5371.5482371614
1,0,5.36e-09,0.61517068874,4701.1165017084
1,0,6.57e-09,2.19780034527,464.7312265138
1,0,5.38e-09,3.89155746884,10632.7701900862
1,0,5.37e-09,4.39856777959,8734.4189721466
1,0,6.01e-09,0.02012347688,426.0769260142
1,0,5.69e-09,4.99684898069,292.0128472684
1,0,5.25e-09,2.6746062202,76674.63652943878
1,0,6.17e-09,3.05048033943,1560.6187072806
1,0,5.16e-09,0.26350469761,5599.074426601
1,0,6.53e-09,1.30320179672,10110.1927719924
1,0,5.87e-09,4.62055378117,1784.2127434571
1,0,5.16e-09,0.22590098117,104.5772469269
1,0,6.06e-09,6.05478522396,1809.4855377226
1,0,6.72e-09,3.08200615608,221.3758502853
1,0,5.07e-09,5.07346157197,615.5182639258
1,0,5.99e-09,4.14878473534,184.9879197867
1,0,6.21e-09,2.87138344478,119.767548775
1,0,5.17e-09,5.2759365553,6018.5590704762
1,0,6.13e-09,1.73072364996,607.6539573996
1,0,5.26e-09,5.52886162834,207.6700211455
1,0,5.16e-09,4.7650921109,419.4364597654
1,0,4.96e-09,5.95351653489,4319.279853973
1,0,6.02e-09,0.81687029998,680.7386349375
1,0,6.11e-09,6.04727862794,1366.2125722902
1,0,5.53e-09,5.2812464036,208.633228992
1,0,4.94e-09,0.17691775323,536.05375257
1,0,4.94e-09,1.02217524155,523.3281776192
1,0,5.79e-09,5.57316761468,4752.9915918498
1,0,6.62e-09,4.81579201904,1595.2926704073
1,0,4.9e-09,2.97472409276,71.6002048296
1,0,4.96e-09,4.41325670501,2758.6611466924
1,0,4.97e-09,4.90759130615,102.3420146932
1,0,6.57e-09,1.97073031858,2350.8129039121
1,0,4.92e-09,1.64857690604,1365.4788591073
1,0,4.95e-09,1.74700930048,419.532827985
1,0,5.36e-09,3.92709821161,340.7708920448
1,0,4.82e-09,2.36084828415,103.843533744
1,0,5.76e-09,4.33063045778,4841.8572720668
1,0,6.36e-09,0.80538758266,664.2763087022
1,0,4.95e-09,3.15151552533,398.2870152247
1,0,5.19e-09,5.14436211293,398.1440028728
1,0,4.88e-09,5.53605494571,5702.1672008196
1,0,5.89e-09,1.83918851359,2740.5018994277
1,0,6e-09,1.57258402386,634.2682120215
1,0,6.49e-09,1.32346646305,22.0914005278
1,0,5.15e-09,6.13663617559,1090.8744995782
1,0,5.07e-09,4.91055727483,2203.6973873323
1,0,4.82e-09,6.19007011658,733.428832977
1,0,4.82e-09,1.96061162795,8631.326197928
1,0,4.67e-09,0.44909285037,5282.6825569444
1,0,4.68e-09,3.39225847512,477.0007670551
1,0,4.68e-09,0.94842717325,582.3811631341
1,0,5.53e-09,0.44395214498,3995.7744373156
1,0,4.69e-09,0.6336446906,1895.1698242019
1,0,5.43e-09,1.56691595393,578.449009871
1,0,5.43e-09,2.77376969444,480.9329203182
1,0,5.73e-09,1.37924154661,1132.6790560482
1,0,5.09e-09,1.42883658876,4863.1979130692
1,0,5.43e-09,5.97469828305,383.0967133766
1,0,4.8e-09,4.52427818977,2132.99095438
1,0,4.66e-09,0.60089115861,2645.2734317353
1,0,4.68e-09,2.06138965938,2047.9144150742
1,0,4.63e-09,5.78476418255,429.5189521828
1,0,4.58e-09,3.53021126021,4127.3213995374
1,0,5.63e-09,3.95187506851,2416.9964827703
1,0,5.34e-09,4.28040929775,843.6351541964
1,0,4.71e-09,4.45725457382,2572.1887541974
1,0,5.58e-09,2.14288726656,594.6507036754
1,0,5.88e-09,1.67757095757,458.090760265
1,0,4.82e-09,4.23233218604,6114.538297694
1,0,4.49e-09,4.70271243367,1221.8485663214
1,0,6.25e-09,2.89222179667,10529.6774158676
1,0,5.74e-09,5.66932742997,87.3117715395
1,0,4.47e-09,5.40550748355,475.3562356524
1,0,4.47e-09,5.218363472,584.0256945368
1,0,4.66e-09,3.79998458212,632.2624744514
1,0,4.66e-09,1.71112241331,2833.2997329078
1,0,4.61e-09,0.39395878821,1799.1905969841
1,0,4.87e-09,2.27433915423,321.0577361026
1,0,4.76e-09,2.0616725379,5584.8473325994
1,0,5.27e-09,1.59944448425,1336.4169239306
1,0,4.47e-09,2.42457766252,18837.49819713819
1,0,4.77e-09,1.15122703256,3259.8979237838
1,0,4.45e-09,6.05106056124,2535.0671105159
1,0,5.41e-09,3.08246188636,72.3339180125
1,0,4.5e-09,3.02825599783,540.9972977894
1,0,4.5e-09,4.45402230413,518.3846323998
1,0,6.07e-09,1.47070997908,6599.467719648
1,0,5.04e-09,2.30045636564,1990.3982918943
1,0,5.95e-09,2.15046818706,1746.3403402502
1,0,4.65e-09,3.76774297614,1083.7609525774
1,0,6.02e-09,1.89096655273,354.5249052944
1,0,6.02e-09,2.44971909564,704.8570248948
1,0,5.79e-09,2.28684602417,597.5714649822
1,0,5.79e-09,2.0538396242,461.810465207
1,0,5.62e-09,0.48083792934,1858.9943420244
1,0,4.64e-09,2.03798249125,1443.4418514123
1,0,4.67e-09,5.34128135139,212.7778305762
1,0,4.8e-09,5.15413996768,1105.8523531052
1,0,4.66e-09,5.83324087524,213.8203602998
1,0,5.55e-09,2.4126425203,1379.7059531089
1,0,4.44e-09,4.31471304203,420.4478517217
1,0,5.97e-09,0.38553497717,3184.3655656911
1,0,5.2e-09,6.1291304733,5856.4776591154
1,0,4.59e-09,6.22599901288,4113.0943055358
1,0,4.42e-09,1.08908006468,1068.9431577448
1,0,4.73e-09,5.76062610155,1674.0064222377
1,0,4.15e-09,2.96228935766,4760.1051388506
1,0,4.32e-09,6.00978313661,2080.6308247406
1,0,4.48e-09,0.5335434773,10977.078804699
1,0,5.31e-09,4.97083817755,300.6108669775
1,0,4.2e-09,5.89402802331,4745.878044849
1,0,4.27e-09,5.52450878681,3906.9087570986
1,0,4.12e-09,0.43255499792,4105.980758535
1,0,5.58e-09,1.02987232016,2347.8439584955
1,0,4.13e-09,0.73884800861,3782.4753418776
1,0,5.04e-09,5.29358240575,5650.2921106782
1,0,4.32e-09,1.29567764027,1300.9922012785
1,0,5.49e-09,5.4309212071,8837.5117463652
1,0,4.63e-09,4.3205671677,633.305004175
1,0,4.65e-09,0.07680283209,207.1487562837
1,0,4.45e-09,0.71549866195,3700.7232086614
1,0,3.97e-09,0.11410695116,5333.9002410216
1,0,3.98e-09,2.9518944349,9492.1463150048
1,0,4.18e-09,6.08085042236,206.1373643274
1,0,3.99e-09,3.19412012818,1937.7080938548
1,0,4.12e-09,2.14157958735,835.7878940127
1,0,4.21e-09,3.10101017579,6224.7446189134
1,0,4.21e-09,5.74575098379,638.4128136057
1,0,4.05e-09,5.57114454703,2424.8607892965
1,0,4.35e-09,5.91785408829,4429.4861751924
1,0,5.08e-09,2.07929962372,736.8397213783
1,0,4.89e-09,5.26819416109,2424.1100297711
1,0,4.74e-09,0.35023297708,2879.0193962984
1,0,3.95e-09,3.55410546006,3693.6096616606
1,0,4.83e-09,5.61092293877,154.2984995498
1,0,4.12e-09,3.95817314793,83.3796182764
1,0,4.82e-09,6.21265016851,25028.521211385
1,0,3.84e-09,0.1002803829,673.6250879367
1,0,4e-09,2.77460424659,2755.4797529547
1,0,3.86e-09,3.30700195922,6327.837393132
1,0,5e-09,0.77202686943,1973.1328165069
1,0,4.14e-09,3.16238841274,1244.226837624
1,0,3.97e-09,5.90798757004,50586.73338786459
1,0,3.91e-09,5.34395815407,670.6561425201
1,0,4.35e-09,2.62532506647,1230.1427559743
1,0,4.68e-09,5.85278677859,1970.6851359521
1,0,4.93e-09,2.80735445681,425.1137181677
1,0,4.72e-09,5.64546266904,416.7763308895
1,0,4.91e-09,2.66311701318,601.2911699242
1,0,5.11e-09,4.91405448075,77.2292791221
1,0,3.76e-09,3.16843571095,5908.3527492568
1,0,4.51e-09,2.86326087284,2527.2028039897
1,0,4.61e-09,0.43280745403,9580.5018068978
1,0,3.73e-09,1.51273456935,9264.1099372412
1,1,0.00883685325,3.14159265359,0.0
1,1,0.00634691138,0.10662162351,1059.3819301892
1,1,0.00599147916,2.4299683255,522.5774180938
1,1,0.00588595541,1.91556289228,536.8045120954
1,1,0.00081798277,3.46668967473,7.1135470008
1,1,0.00046157824,0.45714213541,1589.0728952838
1,1,0.00032477578,1.74648870966,1052.2683831884
1,1,0.00033859106,4.10112469499,529.6909650946
1,1,0.00031204139,2.34698443027,1066.49547719
1,1,0.00021258131,4.36563858679,110.2063212194
1,1,0.00017292154,3.99214003946,426.598190876
1,1,0.00013566605,0.30040958696,632.7837393132
1,1,0.00012877132,2.57490337554,515.463871093
1,1,9.117208e-05,1.78082300783,543.9180590962
1,1,8.078237e-05,6.16137042548,949.1756089698
1,1,7.139253e-05,3.17225778048,323.5054166574
1,1,3.998647e-05,4.5758623664,206.1855484372
1,1,4.389657e-05,1.14770871584,735.8765135318
1,1,3.39592e-05,2.90091460302,526.5095713569
1,1,3.330163e-05,1.43691666191,532.8723588323
1,1,3.878456e-05,3.33647235,14.2270940016
1,1,3.041505e-05,1.65428068117,525.7588118315
1,1,2.99901e-05,2.68376980775,533.6231183577
1,1,2.984688e-05,2.59503648367,419.4846438752
1,1,2.416946e-05,3.60563658924,316.3918696566
1,1,2.799836e-05,4.89523847324,103.0927742186
1,1,2.987393e-05,0.80692150498,2118.7638603784
1,1,1.975662e-05,5.08913465136,956.2891559706
1,1,1.85191e-05,2.76941008977,1596.1864422846
1,1,1.770816e-05,0.72643844818,742.9900605326
1,1,1.810452e-05,3.84597080211,95.9792272178
1,1,1.532798e-05,4.3136930682,117.3198682202
1,1,1.735409e-05,2.18944094588,220.4126424388
1,1,1.902258e-05,1.85937281972,1581.959348283
1,1,1.572591e-05,1.43756120627,639.897286314
1,1,1.630801e-05,1.41506089245,1045.1548361876
1,1,1.042283e-05,2.52301939233,433.7117378768
1,1,1.054423e-05,2.50841911774,1265.5674786264
1,1,9.38933e-06,1.34872737253,625.6701923124
1,1,8.38948e-06,6.20525196834,942.062061969
1,1,9.84795e-06,1.42747117428,1169.5882514086
1,1,7.78368e-06,5.49327023651,309.2783226558
1,1,7.6443e-06,1.96903995155,1155.361157407
1,1,7.01397e-06,4.25771947417,213.299095438
1,1,7.33654e-06,0.11449570261,1162.4747044078
1,1,5.37282e-06,4.25576469669,853.196381752
1,1,4.98678e-06,4.79704266333,199.0720014364
1,1,4.70969e-06,5.91214343598,1692.1656695024
1,1,4.99684e-06,3.01974904728,330.6189636582
1,1,3.83401e-06,2.17144334724,1073.6090241908
1,1,4.28111e-06,3.19841041211,412.3710968744
1,1,3.9193e-06,6.21042927748,1478.8665740644
1,1,3.12643e-06,2.92393433132,838.9692877504
1,1,3.48986e-06,1.49922551387,728.762966531
1,1,2.26979e-06,2.73841550963,508.3503240922
1,1,2.44366e-06,1.76027719292,1272.6810256272
1,1,2.28533e-06,2.84897924756,1375.7737998458
1,1,2.21702e-06,3.09805705454,3.1813937377
1,1,1.80606e-06,3.64990772248,1368.660252845
1,1,1.89311e-06,1.15742191077,2648.454825473
1,1,1.73774e-06,1.85326355532,1062.5633239269
1,1,1.60702e-06,3.02745203358,519.3960243561
1,1,1.44171e-06,2.08464258695,1055.4497769261
1,1,1.31179e-06,2.97927166281,1258.4539316256
1,1,1.3321e-06,2.0575675757,227.5261894396
1,1,1.25509e-06,3.31850855112,1063.3140834523
1,1,1.24734e-06,1.62030005402,551.031606097
1,1,1.25042e-06,1.31558488548,539.9859058331
1,1,1.46566e-06,2.72430580528,1056.2005364515
1,1,1.15801e-06,3.18147754305,2125.8774073792
1,1,1.45191e-06,6.0820814973,1485.9801210652
1,1,1.18295e-06,5.96372740992,3.9321532631
1,1,1.03315e-06,2.02927559191,2111.6503133776
1,1,9.7151e-07,3.83409421799,846.0828347512
1,1,9.1896e-07,1.85946731987,1699.2792165032
1,1,9.6362e-07,5.70969597388,302.164775655
1,1,8.4324e-07,1.28706995009,440.8252848776
1,1,1.06818e-06,1.6789080398,1574.8458012822
1,1,1.02682e-06,3.17927719978,21.3406410024
1,1,7.8206e-07,5.09272772324,525.0250986486
1,1,7.6261e-07,1.5302073261,647.0108333148
1,1,7.4807e-07,5.52867791022,534.3568315406
1,1,5.8286e-07,3.06258933512,831.8557407496
1,1,6.0063e-07,6.23965180318,2221.856634597
1,1,6.6496e-07,2.2857123373,1685.0521225016
1,1,4.8729e-07,5.83820948966,2008.557539159
1,1,6.6589e-07,2.63398762312,1795.258443721
1,1,4.6409e-07,2.49832684365,524.2743391232
1,1,4.943e-07,2.75657743547,963.4027029714
1,1,5.1891e-07,1.37538181177,1038.0412891868
1,1,4.5782e-07,1.84235881885,535.107591066
1,1,4.2922e-07,3.13241373771,618.5566453116
1,1,4.0582e-07,4.83057322611,1382.8873468466
1,1,5.2158e-07,1.52495763338,750.1036075334
1,1,3.7951e-07,1.27002779619,511.5317178299
1,1,4.7715e-07,1.24588453738,1471.7530270636
1,1,3.6522e-07,3.0850035834,547.8502123593
1,1,3.5243e-07,2.80118853832,10.2949407385
1,1,3.6868e-07,1.53995824219,526.7702037878
1,1,3.6602e-07,2.80095524257,532.6117264014
1,1,3.3063e-07,3.44141312814,1361.5467058442
1,1,3.0104e-07,6.00478725838,934.9485149682
1,1,3.0315e-07,4.13626861185,124.433415221
1,1,2.7353e-07,1.68214165849,1802.3719907218
1,1,3.1803e-07,6.10002028762,76.2660712756
1,1,2.5726e-07,2.44462088413,1898.3512179396
1,1,2.8221e-07,1.23073875427,149.5631971346
1,1,2.5386e-07,5.55865505428,11.0457002639
1,1,2.4775e-07,2.99327423605,99.1606209555
1,1,2.4465e-07,3.43667769249,106.2741679563
1,1,2.7711e-07,2.73274666064,1788.1448967202
1,1,2.5167e-07,1.80443503539,540.7366653585
1,1,2.9743e-07,3.09990944853,1905.4647649404
1,1,2.2193e-07,3.59193891077,1148.2476104062
1,1,1.8077e-07,3.92504571424,909.8187330546
1,1,1.7089e-07,2.56125911732,1603.2999892854
1,1,1.8419e-07,4.58300478299,107.0249274817
1,1,1.7538e-07,6.04152156093,525.4981794006
1,1,1.7368e-07,4.58219668177,533.8837507886
1,1,1.6173e-07,4.31252210992,99.9113804809
1,1,1.6048e-07,4.96629594332,191.9584544356
1,1,1.5126e-07,1.80831479432,518.6452648307
1,1,1.7599e-07,4.42076873743,18.1592472647
1,1,1.485e-07,2.08396451995,1049.0869894507
1,1,1.7302e-07,0.4459109542,88.865680217
1,1,1.7511e-07,3.54451355704,860.3099287528
1,1,1.3243e-07,5.16075891864,36.6485629295
1,1,1.1491e-07,3.67205052579,1891.2376709388
1,1,1.4699e-07,2.8589676065,337.732510659
1,1,1.1691e-07,1.50110188157,3178.1457905676
1,1,1.1346e-07,1.83391533435,2214.7430875962
1,1,1.2487e-07,2.32002507803,39.6175083461
1,1,1.4283e-07,2.26128564985,2104.5367663768
1,1,9.845e-08,2.74625743538,422.6660376129
1,1,1.2875e-07,1.46315002246,721.6494195302
1,1,1.1042e-07,4.75800287074,604.4725636619
1,1,9.245e-08,3.98030194659,423.4167971383
1,1,1.0223e-07,2.19747174258,73.297125859
1,1,1.0028e-07,5.51845350012,497.4476361802
1,1,1.0134e-07,2.26013428987,1592.2542890215
1,1,8.977e-08,2.82550986509,224.3447957019
1,1,1.0955e-07,0.52903548097,2015.6710861598
1,1,8.621e-08,3.75608139172,1464.6394800628
1,1,8.85e-08,3.29541292431,92.0470739547
1,1,9.289e-08,5.09598221617,561.934294009
1,1,8.368e-08,2.53484402848,1585.1407420207
1,1,1.0898e-07,3.83394926407,113.3877149571
1,1,7.503e-08,2.56175173046,415.5524906121
1,1,7.458e-08,2.96758658527,1677.9385755008
1,1,8.955e-08,5.92443010693,454.9093665273
1,1,7.356e-08,1.90543398464,39.3568759152
1,1,7.358e-08,3.64822485338,2655.5683724738
1,1,7.628e-08,2.37923774129,2001.4439921582
1,1,7.56e-08,1.34359191286,636.7158925763
1,1,7.709e-08,3.65753468748,405.2575498736
1,1,7.232e-08,2.65509662329,429.7795846137
1,1,7.18e-08,1.56368302392,629.6023455755
1,1,8.09e-08,2.8758055145,1585.8915015461
1,1,7.334e-08,5.47944814706,530.44172462
1,1,7.334e-08,5.14442280849,528.9402055692
1,1,7.21e-08,2.24007083388,2228.9701815978
1,1,7.847e-08,4.72291528075,114.1384744825
1,1,7.507e-08,5.38482384423,121.2520214833
1,1,6.935e-08,1.27046739712,387.2413149608
1,1,6.688e-08,4.17557954417,1251.3403846248
1,1,6.655e-08,1.15378992395,1158.5425511447
1,1,6.413e-08,2.31530755529,1159.2933106701
1,1,6.468e-08,0.83651032579,1165.6560981455
1,1,6.44e-08,5.06323216925,1048.3362299253
1,1,6.851e-08,0.22239992232,953.1077622329
1,1,6.545e-08,0.10032284925,635.9651330509
1,1,6.447e-08,4.23801997486,983.1158589136
1,1,6.823e-08,3.41050679015,430.5303441391
1,1,5.966e-08,1.91105006886,234.6397364404
1,1,5.842e-08,2.07614752527,1166.4068576709
1,1,6.784e-08,4.34848431124,305.3461693927
1,1,6.118e-08,2.69445341538,312.4597163935
1,1,6.009e-08,0.10875806681,1041.2226829245
1,1,5.501e-08,1.96764608432,70.8494453042
1,1,5.973e-08,2.76152635468,319.5732633943
1,1,5.278e-08,3.39197523571,1781.0313497194
1,1,5.231e-08,3.55048876434,2207.6295405954
1,1,5.519e-08,3.64099685042,1593.0050485469
1,1,5.66e-08,6.06138104148,2538.2485042536
1,1,5.189e-08,0.9184095151,447.9388318784
1,1,5.286e-08,4.46265843793,505.3119427064
1,1,5.917e-08,4.12240105946,458.8415197904
1,1,5.475e-08,4.37459574652,437.6438911399
1,1,4.972e-08,6.1612127884,554.0699874828
1,1,5.942e-08,3.32585192349,512.2824773553
1,1,4.807e-08,1.83942358294,494.2662424425
1,1,5.306e-08,1.69049375604,1069.6768709277
1,1,5.203e-08,1.8796267814,498.6714764576
1,1,5.248e-08,2.37142451831,209.3669421749
1,1,4.397e-08,2.50129326038,565.1156877467
1,1,6.007e-08,0.30197494591,2751.5475996916
1,1,4.326e-08,2.93617118935,672.1406152284
1,1,4.605e-08,0.94900742336,679.2541622292
1,1,4.812e-08,2.46105930646,560.7104537316
1,1,4.305e-08,3.17292574823,1070.4276304531
1,1,4.181e-08,4.48308381498,210.1177017003
1,1,4.781e-08,0.23036668649,600.5404103988
1,1,4.547e-08,0.82938672629,628.8515860501
1,1,4.318e-08,0.82050097893,81.7521332162
1,1,4.233e-08,3.49063898076,63.7358983034
1,1,4.623e-08,6.18646661174,621.7380390493
1,1,4.227e-08,2.61562626792,2420.9286360334
1,1,4.148e-08,1.91466045368,1080.7225711916
1,1,4.118e-08,1.75036057027,216.4804891757
1,1,4.125e-08,1.85635315002,643.8294395771
1,1,3.845e-08,1.59767120137,970.5162499722
1,1,3.898e-08,5.93876139914,1064.0477966352
1,1,3.888e-08,1.98395494204,2641.3412784722
1,1,3.853e-08,2.5948558243,2317.8358618148
1,1,3.908e-08,1.83944904776,746.9222137957
1,1,3.88e-08,5.29549605002,504.561183181
1,1,3.963e-08,5.18427227117,952.3570027075
1,1,3.97e-08,2.21423593745,32.2433289144
1,1,3.965e-08,1.33979462564,501.3797894433
1,1,5.052e-08,0.57298078948,945.9942152321
1,1,4.516e-08,1.67475369251,757.2171545342
1,1,3.643e-08,5.32837517943,554.8207470082
1,1,4.896e-08,5.94004053227,295.0512286542
1,1,3.693e-08,3.00089138383,558.0021407459
1,1,3.445e-08,4.34972240938,85.8272988312
1,1,3.36e-08,2.96000036043,501.2367770914
1,1,3.474e-08,1.76083171276,739.8086667949
1,1,3.279e-08,0.44621851234,654.1243803156
1,1,3.343e-08,1.48999871352,835.0371344873
1,1,4.224e-08,0.94453455733,547.0994528339
1,1,3.838e-08,3.19193946437,1493.093668066
1,1,3.214e-08,6.21072812865,498.1983957056
1,1,3.222e-08,5.31735340028,1912.5783119412
1,1,3.214e-08,1.26884267335,74.7815985673
1,1,3.5e-08,2.37701863527,2428.0421830342
1,1,3.525e-08,3.81209327046,611.4430983108
1,1,3.077e-08,3.68524717885,416.3032501375
1,1,3.344e-08,3.60197619452,6275.9623029906
1,1,2.969e-08,4.41314329134,561.1835344836
1,1,2.931e-08,2.79773576105,1994.3304451574
1,1,3.252e-08,3.05737388484,6290.1893969922
1,1,3.128e-08,5.02441385652,10206.1719992102
1,1,2.968e-08,2.52815042649,597.3590166611
1,1,3.023e-08,5.26037767653,938.1299087059
1,1,3.194e-08,2.85805260634,483.2205421786
1,1,3.285e-08,2.77010997612,202.2533951741
1,1,2.931e-08,1.32592672247,2531.1349572528
1,1,3.496e-08,5.37662649242,1054.7160637432
1,1,2.705e-08,1.50683837108,960.2213092337
1,1,2.701e-08,1.08016229894,1151.4290041439
1,1,3.042e-08,4.48040916474,10220.3990932118
1,1,2.72e-08,2.58010430587,326.6868103951
1,1,2.672e-08,1.963246964,521.8266585684
1,1,2.672e-08,2.37743868437,537.5552716208
1,1,2.609e-08,3.40770814407,2524.021410252
1,1,2.658e-08,2.71532856876,1061.829610744
1,1,2.848e-08,2.92219851331,1176.7017984094
1,1,2.545e-08,0.06404673008,1098.7388061044
1,1,2.658e-08,0.64454112605,1056.9342496344
1,1,3.075e-08,1.56267675985,462.0229135281
1,1,2.804e-08,1.45329267833,576.1613880106
1,1,3.006e-08,2.08663728044,230.5645708254
1,1,2.926e-08,5.21865371391,203.0041546995
1,1,2.663e-08,3.13863396084,824.7421937488
1,1,2.292e-08,5.42244624952,2324.9494088156
1,1,2.33e-08,4.18275377368,849.2642284889
1,1,2.249e-08,3.18215049762,2097.423219376
1,1,2.829e-08,4.3932572216,320.3240229197
1,1,2.226e-08,2.97616162753,380.12776796
1,1,2.199e-08,4.91006707252,945.2434557067
1,1,2.16e-08,2.62271075267,2737.32050569
1,1,2.256e-08,2.98060305636,1053.9653042178
1,1,2.189e-08,4.68502028534,1514.2912967165
1,1,2.506e-08,1.90878749378,2332.0629558164
1,1,2.373e-08,5.64858628759,523.4711899711
1,1,2.373e-08,4.97528466796,535.9107402181
1,1,2.105e-08,3.22262200918,1059.3337460794
1,1,2.055e-08,5.42893438245,138.5174968707
1,1,2.032e-08,2.74059165682,988.532484885
1,1,2.025e-08,5.26102962114,327.4375699205
1,1,1.997e-08,1.58652319342,504.4181708291
1,1,2.033e-08,2.03689822537,1173.5204046717
1,1,2.284e-08,2.68820291737,528.0464336919
1,1,2.284e-08,1.652482731,531.3354964973
1,1,2.212e-08,4.99825994629,5230.807466803
1,1,2.084e-08,5.36574627296,490.3340891794
1,1,2.111e-08,3.74188087574,195.1398481733
1,1,2.02e-08,4.84607190143,567.8240007324
1,1,1.939e-08,2.20836538491,1064.7985561606
1,1,1.956e-08,3.61372537932,46.470422916
1,1,1.918e-08,3.09665939845,217.2312487011
1,1,1.905e-08,3.51155751559,1077.5411774539
1,1,1.874e-08,2.75416274578,554.9637593601
1,1,2.388e-08,4.22825715289,334.5511169213
1,1,2.112e-08,5.51830153786,5216.5803728014
1,1,2.086e-08,3.31238187572,1062.302691496
1,1,1.83e-08,2.12262660621,2634.2277314714
1,1,2.057e-08,0.13888894147,9161.0171630226
1,1,1.936e-08,4.17140698368,1884.124123938
1,1,1.891e-08,5.26006489638,569.0478410098
1,1,1.776e-08,4.34086986629,842.1506814881
1,1,1.855e-08,5.80189856282,491.5579294568
1,1,1.763e-08,6.19379186456,67.6680515665
1,1,1.966e-08,0.65769985595,9146.790069021
1,1,1.805e-08,2.09255580554,460.5384408198
1,1,1.899e-08,1.20368030266,142.4496501338
1,1,1.684e-08,2.53973560527,598.8434893694
1,1,1.666e-08,6.08661752005,1058.4187223427
1,1,2.105e-08,0.13724782964,1059.430114299
1,1,1.627e-08,3.04780369614,2840.4132799086
1,1,1.637e-08,2.20216107241,732.6951197941
1,1,1.639e-08,0.62227037776,739.0579072695
1,1,1.794e-08,5.54837558325,1279.794572628
1,1,1.91e-08,5.80717048495,760.25553592
1,1,1.57e-08,4.37765395011,78.7137518304
1,1,1.612e-08,4.46225131237,1354.4331588434
1,1,1.62e-08,2.24777212731,1364.7280995819
1,1,1.633e-08,3.33686843456,2435.155730035
1,1,1.521e-08,5.37680802629,842.9014410135
1,1,1.513e-08,2.9686119992,1269.4996318895
1,1,1.437e-08,1.72233118576,1056.4611688824
1,1,1.981e-08,4.69659063605,1141.1340634054
1,1,1.666e-08,3.55643756155,1060.3451380357
1,1,1.687e-08,2.00212693898,2744.4340526908
1,1,1.879e-08,3.27103722365,528.2064923863
1,1,1.879e-08,1.06964842472,531.1754378029
1,1,1.377e-08,3.51081916344,916.9322800554
1,1,1.706e-08,0.13943133227,724.8308132679
1,1,1.498e-08,5.40290721741,1134.1635287565
1,1,1.41e-08,0.2581396916,1091.6252591036
1,1,1.353e-08,3.04515689504,2413.8150890326
1,1,1.52e-08,0.66505874837,977.4867846211
1,1,1.508e-08,4.91592370257,299.1263942692
1,1,1.3e-08,0.76466874907,1474.9344208013
1,1,1.548e-08,3.01770323711,2310.722314814
1,1,1.517e-08,3.22669470964,1439.5096981492
1,1,1.308e-08,1.16467021028,558.1451530978
1,1,1.366e-08,4.72026364382,1446.62324515
1,1,1.435e-08,0.26722898141,991.7138786227
1,1,1.177e-08,2.17439866083,3053.7123753466
1,1,1.147e-08,2.74061646897,408.4389436113
1,1,1.144e-08,0.57869563945,1482.0479678021
1,1,1.323e-08,0.4530079806,284.1485407422
1,1,1.231e-08,0.91254979843,373.0142209592
1,1,1.132e-08,5.19504872814,1063.5747158832
1,1,1.079e-08,1.8315750655,1482.7987273275
1,1,1.252e-08,1.06007460213,473.068613792
1,1,1.242e-08,2.96234986087,520.129737539
1,1,1.242e-08,4.51992844109,539.2521926502
1,1,1.048e-08,1.97860689481,2950.619601128
1,1,1.059e-08,6.01027410215,2854.6403739102
1,1,1.133e-08,0.06024843139,35.1640902212
1,1,1.03e-08,5.35593869278,850.0149880143
1,1,1.166e-08,3.23409430529,2758.6611466924
1,1,9.84e-09,1.94169871699,536.8526962052
1,1,9.84e-09,5.54057958497,522.529233984
1,1,1.015e-08,0.51818482403,450.9772132642
1,1,1.121e-08,0.67312913777,4164.311989613
1,1,1.046e-08,3.94166736589,2200.5159935946
1,1,9.9e-09,2.88057760564,1969.2006632438
1,1,1.126e-08,3.2306942269,586.3133163972
1,1,1.04e-08,4.01217628215,5223.6939198022
1,1,9.1e-09,2.32349805206,1578.7779545453
1,1,9.01e-09,2.95403610944,248.7238180901
1,1,1.017e-08,2.10338420584,8094.5216858326
1,1,1.003e-08,5.2118465456,1432.3961511484
1,1,9.84e-09,2.45520540542,522.6256022036
1,1,9.84e-09,5.02707289654,536.7563279856
1,1,8.68e-09,2.78712117765,3156.8051495652
1,1,8.68e-09,2.83878055329,622.4887985747
1,1,9.81e-09,5.3167463557,9153.9036160218
1,1,8.25e-09,3.55062206532,4856.0843660684
1,1,8.91e-09,1.62041956584,486.4019359163
1,1,8.23e-09,3.64278599579,5746.271337896
1,1,8.07e-09,1.70410389099,1792.0770499833
1,1,8.06e-09,0.49831886253,1791.3262904579
1,1,8.32e-09,3.8225036691,608.404716925
1,1,8.82e-09,1.12105057835,41.1019810544
1,1,8.25e-09,0.24972568677,8617.0991039264
1,1,8.71e-09,2.99417344584,2730.2069586892
1,1,7.97e-09,5.51455791977,4649.8988176312
1,1,9.43e-09,1.78153635749,151.0476698429
1,1,7.67e-09,2.28430672508,3810.9295298808
1,1,8.1e-09,0.45334517048,3067.9394693482
1,1,8.01e-09,1.48516614896,77204.32749453338
1,1,9.14e-09,5.99476383093,155.7829722581
1,1,7.79e-09,2.12132825556,521.6142102473
1,1,7.79e-09,5.3609500464,537.7677199419
1,1,7.54e-09,0.53379104114,8631.326197928
1,1,7.58e-09,5.06316213675,9676.4810341156
1,1,9.26e-09,4.6929397633,298.2326223919
1,1,7.43e-09,5.0691445109,1059.903195051
1,1,7.8e-09,0.67747505651,605.9570363702
1,1,7.99e-09,2.72026694542,572.9799942729
1,1,8.02e-09,3.92779096672,984.6003316219
1,1,7.88e-09,4.88134713728,1670.8250285
1,1,9.56e-09,0.73411529838,2847.5268269094
1,1,8.5e-09,3.90109777168,775.233389447
1,1,9.07e-09,4.00563772299,453.424893819
1,1,7.61e-09,4.74587054848,902.7051860538
1,1,9.75e-09,5.83114964136,313.2104759189
1,1,7.39e-09,5.82131571871,967.3348562345
1,1,6.97e-09,1.6921157448,2545.3620512544
1,1,6.96e-09,1.84682173451,1475.6851803267
1,1,6.84e-09,0.30762745277,1798.4398374587
1,1,7e-09,4.5273624919,487.1526954417
1,1,7e-09,6.09650846364,572.2292347475
1,1,6.67e-09,0.87586274198,1012.9115072732
1,1,7.92e-09,3.22181109709,1262.3860848887
1,1,7.88e-09,0.82832429041,100.6450936638
1,1,6.79e-09,3.67930441077,24498.8302462904
1,1,7.29e-09,0.09481854817,4546.8060434126
1,1,6.49e-09,1.06732867372,245.5424243524
1,1,6.5e-09,1.56301053281,1799.1905969841
1,1,7.11e-09,3.39057215594,71.8126531507
1,1,7.04e-09,0.42034860657,5165.3626887242
1,1,7.02e-09,6.27548233256,5062.2699145056
1,1,6.52e-09,6.25127555163,306.0969289181
1,1,7.09e-09,4.78603512197,5069.3834615064
1,1,7.19e-09,4.52061983489,77.7505439839
1,1,7.03e-09,3.68343139414,2274.1169495098
1,1,7.02e-09,3.18123565462,2288.3440435114
1,1,7.16e-09,0.63230188605,3281.2385647862
1,1,7.62e-09,6.25728499618,105.5404547734
1,1,5.9e-09,1.92983261613,3370.1042450032
1,1,7.64e-09,5.2877329145,927.8349679674
1,1,5.81e-09,2.81040248536,827.9235874865
1,1,6.06e-09,5.48599368984,1751.539531416
1,1,7.79e-09,1.60782156712,535.8413042489
1,1,7.79e-09,5.87445673484,523.5406259403
1,1,5.76e-09,6.06778398672,4738.7644978482
1,1,6.07e-09,2.92319803825,2132.99095438
1,1,7.33e-09,3.02690447783,2627.1141844706
1,1,5.8e-09,5.69157256422,731.9443602687
1,1,7.44e-09,1.33560210315,643.0786800517
1,1,6.02e-09,0.50423273015,398.1440028728
1,1,6.48e-09,1.82180695593,3060.8259223474
1,1,7.2e-09,3.06017179586,3075.053016349
1,1,6.22e-09,0.92043275035,4525.4654024102
1,1,5.73e-09,1.26294752508,394.3548619616
1,1,6.34e-09,1.38493182347,469.8872200543
1,1,5.59e-09,2.49823686446,444.7574381407
1,1,5.67e-09,0.6202915948,1887.3055176757
1,1,5.64e-09,4.09051331205,1127.0499817557
1,1,6.57e-09,5.16807539099,3995.7744373156
1,1,5.47e-09,2.00121500235,4127.3213995374
1,1,6.23e-09,1.38117358736,25035.6347583858
1,1,5.45e-09,1.38456766312,810.6581120991
1,1,7.29e-09,0.24565368997,1289.9465010146
1,1,6.16e-09,1.88334661601,25021.4076643842
1,1,5.37e-09,3.4227001862,782.3469364478
1,1,5.63e-09,1.7918130295,1268.7488723641
1,1,5.41e-09,3.465078297,2516.9078632512
1,1,7.44e-09,4.03452208325,1819.6374661092
1,1,5.39e-09,1.69741893503,614.6244920485
1,1,5.34e-09,1.45755614268,436.8931316145
1,1,4.99e-09,2.90337229496,1688.9842757647
1,1,4.93e-09,5.43215643529,10021.8372800994
1,1,5.82e-09,4.20670081791,1457.525933062
1,1,5.46e-09,2.95575551132,589.4947101349
1,1,5.09e-09,5.07096917753,4686.8894077068
1,1,5e-09,3.11018805781,4326.3934009738
1,1,4.77e-09,5.37668884763,4966.2906872878
1,1,5.05e-09,1.780939174,754.0357607965
1,1,5.21e-09,0.81875815114,69.1525242748
1,1,6.09e-09,4.73260137898,1560.6187072806
1,1,4.67e-09,2.49269095853,3473.1970192218
1,1,4.69e-09,1.79243927804,3267.0114707846
1,1,5.07e-09,3.49288215577,2090.3096723752
1,1,4.62e-09,2.57741672207,3466.083472221
1,1,4.57e-09,1.44246135943,2108.4689196399
1,1,4.77e-09,6.23689806796,3171.0322435668
1,1,4.51e-09,0.27095202106,2107.7181601145
1,1,4.5e-09,0.66226303752,1467.8208738005
1,1,5.24e-09,0.13691906753,1578.0271950199
1,1,5.28e-09,1.20887479542,3693.6096616606
1,1,4.51e-09,3.3156330777,5172.476235725
1,1,4.67e-09,1.66982290376,1489.9122743283
1,1,4.62e-09,0.76919542272,26617.5941066688
1,1,4.32e-09,5.44107510264,4701.1165017084
1,1,4.52e-09,4.81735477031,1550.939859646
1,1,4.23e-09,5.02783018119,2957.7331481288
1,1,4.16e-09,1.52081652739,1261.6353253633
1,1,4.23e-09,4.52662522567,415.2918581812
1,1,4.48e-09,2.57393421443,12036.4607348882
1,1,5.14e-09,0.65565842899,3252.784376783
1,1,4.24e-09,1.74534057669,1254.5217783625
1,1,4.87e-09,0.27721159194,1901.5326116773
1,1,5.13e-09,4.18308593899,1809.4855377226
1,1,3.96e-09,3.86752813124,1020.025054274
1,1,4.13e-09,2.47786986764,1902.2833712027
1,1,4.38e-09,1.11008336467,611.5861106627
1,1,4.04e-09,3.24709914624,2042.4977891028
1,1,4.12e-09,6.18093909521,4863.1979130692
1,1,3.79e-09,1.72795584183,4443.713269194
1,1,4.02e-09,3.20546587206,665.0270682276
1,1,5.26e-09,1.28579140279,3377.217792004
1,1,4.09e-09,2.96470929082,1357.6145525811
1,1,4.53e-09,4.96226113717,4319.279853973
1,2,0.00123746423,4.13563340107,522.5774180938
1,2,0.00121405454,0.21155087534,536.8045120954
1,2,0.00085400287,0.0,0.0
1,2,0.00077611336,5.29776152037,529.6909650946
1,2,0.00041371381,5.12291606259,1059.3819301892
1,2,0.00011437051,1.72922178247,7.1135470008
1,2,7.04479e-05,0.74164610282,1066.49547719
1,2,5.705577e-05,3.63172956803,1052.2683831884
1,2,5.237617e-05,4.27483099739,515.463871093
1,2,4.035686e-05,5.58417734606,1589.0728952838
1,2,3.702934e-05,0.07769815851,543.9180590962
1,2,1.699253e-05,2.44298781002,110.2063212194
1,2,1.070085e-05,2.35010899461,426.598190876
1,2,1.32436e-05,1.63141799079,14.2270940016
1,2,8.87354e-06,4.6662728862,526.5095713569
1,2,8.64721e-06,5.95596899667,532.8723588323
1,2,8.21861e-06,1.96547507467,632.7837393132
1,2,9.93489e-06,1.4695482419,323.5054166574
1,2,5.73516e-06,1.66925745016,949.1756089698
1,2,7.32548e-06,0.37036997871,103.0927742186
1,2,5.71165e-06,3.16913200086,1045.1548361876
1,2,5.13766e-06,5.9710338273,525.7588118315
1,2,5.11737e-06,4.6553500001,533.6231183577
1,2,5.95326e-06,2.85992619897,735.8765135318
1,2,4.58095e-06,1.24450063952,1596.1864422846
1,2,4.19078e-06,2.60893700894,117.3198682202
1,2,3.74331e-06,5.55812055549,95.9792272178
1,2,3.60052e-06,0.47970495677,220.4126424388
1,2,3.32609e-06,6.00008752152,2118.7638603784
1,2,3.02541e-06,4.38509706223,419.4846438752
1,2,2.6766e-06,6.203722481,206.1855484372
1,2,2.81748e-06,3.71098393973,1581.959348283
1,2,2.64207e-06,3.68006415251,956.2891559706
1,2,2.25504e-06,0.82261934007,433.7117378768
1,2,2.25413e-06,1.67496533291,942.062061969
1,2,2.25321e-06,3.03539704422,625.6701923124
1,2,1.96563e-06,6.00388843187,1169.5882514086
1,2,1.98993e-06,5.94170647332,639.897286314
1,2,1.63461e-06,0.5253670837,1073.6090241908
1,2,1.63487e-06,5.35441289334,316.3918696566
1,2,1.60655e-06,3.59860181227,1155.361157407
1,2,1.3702e-06,4.44132545325,508.3503240922
1,2,1.36054e-06,0.22240989409,199.0720014364
1,2,1.70215e-06,1.32458046755,330.6189636582
1,2,1.1631e-06,5.49115238437,742.9900605326
1,2,1.05534e-06,2.69679468747,853.196381752
1,2,1.03974e-06,0.79141732276,309.2783226558
1,2,1.21703e-06,3.11451506987,728.762966531
1,2,1.0789e-06,4.63298263701,1162.4747044078
1,2,7.5826e-07,4.23522954977,1265.5674786264
1,2,7.4749e-07,6.19154062961,551.031606097
1,2,8.5092e-07,4.83054979229,519.3960243561
1,2,1.03308e-06,4.83509099388,412.3710968744
1,2,5.7862e-07,4.11025319311,838.9692877504
1,2,6.7576e-07,5.76690496135,539.9859058331
1,2,5.4366e-07,0.3555944987,227.5261894396
1,2,5.5783e-07,1.31452072722,3.1813937377
1,2,5.5764e-07,1.46046269932,21.3406410024
1,2,4.8874e-07,0.17659043471,1062.5633239269
1,2,3.8768e-07,5.82000577424,440.8252848776
1,2,3.7163e-07,4.52114626619,1258.4539316256
1,2,3.6486e-07,4.74328055858,1692.1656695024
1,2,3.1826e-07,1.72176295859,2125.8774073792
1,2,3.6512e-07,4.40434241068,1056.2005364515
1,2,3.9239e-07,1.829241158,846.0828347512
1,2,3.8446e-07,3.35522807244,1574.8458012822
1,2,2.857e-07,0.33181498895,1055.4497769261
1,2,3.1863e-07,0.28733457947,1272.6810256272
1,2,2.8626e-07,3.10372853509,1038.0412891868
1,2,2.9754e-07,4.784922319,1485.9801210652
1,2,3.2377e-07,1.11981589204,302.164775655
1,2,2.8363e-07,5.40366732937,1368.660252845
1,2,2.207e-07,4.81227665763,618.5566453116
1,2,2.5133e-07,0.11303788219,2648.454825473
1,2,2.2232e-07,4.51344471821,831.8557407496
1,2,2.3169e-07,2.73768310385,213.299095438
1,2,1.9785e-07,4.88687522199,1063.3140834523
1,2,2.0494e-07,0.25456467022,1699.2792165032
1,2,2.0971e-07,6.04582766752,647.0108333148
1,2,1.8023e-07,2.01547726194,1478.8665740644
1,2,1.7438e-07,1.50924623831,1375.7737998458
1,2,1.5148e-07,2.49185231073,1471.7530270636
1,2,1.2898e-07,1.52125178978,934.9485149682
1,2,1.4088e-07,2.42281118647,124.433415221
1,2,1.2497e-07,1.06412961453,10.2949407385
1,2,1.1227e-07,3.16762334982,511.5317178299
1,2,1.2698e-07,4.01915577164,1685.0521225016
1,2,1.2646e-07,1.06991868745,963.4027029714
1,2,1.0726e-07,1.17306244783,547.8502123593
1,2,1.2491e-07,5.98319150499,750.1036075334
1,2,1.3409e-07,3.85947629258,2111.6503133776
1,2,1.0421e-07,5.2480703076,1361.5467058442
1,2,9.114e-08,3.32104919206,1382.8873468466
1,2,7.503e-08,0.95949306974,1603.2999892854
1,2,7.669e-08,0.38211083277,191.9584544356
1,2,6.803e-08,1.42920029674,106.2741679563
1,2,8.018e-08,1.16417082031,337.732510659
1,2,7.18e-08,2.21396651005,88.865680217
1,2,7.501e-08,3.11940992015,721.6494195302
1,2,6.351e-08,5.09436133175,1148.2476104062
1,2,5.564e-08,5.17318738796,2221.856634597
1,2,5.389e-08,4.48913154375,1795.258443721
1,2,5.015e-08,6.16326208043,99.9113804809
1,2,6.318e-08,1.94173786698,860.3099287528
1,2,5.511e-08,3.96940469989,1049.0869894507
1,2,3.926e-08,3.73297185232,497.4476361802
1,2,3.628e-08,0.17175885203,234.6397364404
1,2,3.787e-08,0.01979379406,1802.3719907218
1,2,3.62e-08,0.60771427323,561.934294009
1,2,4.42e-08,4.29333151498,1788.1448967202
1,2,3.522e-08,4.6666357179,501.2367770914
1,2,3.331e-08,5.40237223569,405.2575498736
1,2,3.77e-08,2.00527081129,113.3877149571
1,2,3.174e-08,5.47700265929,447.9388318784
1,2,3.729e-08,0.35216371388,107.0249274817
1,2,3.156e-08,4.93060391319,1898.3512179396
1,2,2.768e-08,5.52471966285,149.5631971346
1,2,2.747e-08,2.61017641134,81.7521332162
1,2,2.715e-08,0.94916831416,429.7795846137
1,2,3.501e-08,6.1890795899,1069.6768709277
1,2,2.669e-08,5.59693909051,2015.6710861598
1,2,2.955e-08,0.62556987115,1592.2542890215
1,2,2.539e-08,5.60494624351,1251.3403846248
1,2,2.751e-08,3.6436999549,2104.5367663768
1,2,2.422e-08,1.17292415415,99.1606209555
1,2,2.434e-08,0.16399596747,1080.7225711916
1,2,2.663e-08,1.77758930291,1905.4647649404
1,2,2.284e-08,3.36988966035,629.6023455755
1,2,2.181e-08,0.89424947854,422.6660376129
1,2,2.155e-08,5.42100782463,1464.6394800628
1,2,2.661e-08,1.33519838774,295.0512286542
1,2,2.234e-08,5.28790890289,6275.9623029906
1,2,2.232e-08,1.36343792387,6290.1893969922
1,2,2.164e-08,5.07920518204,1891.2376709388
1,2,2.06e-08,2.18476646961,2655.5683724738
1,2,2.104e-08,4.53279660231,2008.557539159
1,2,2.124e-08,5.77020243349,423.4167971383
1,2,1.981e-08,4.32983209849,2001.4439921582
1,2,2.094e-08,4.87667281813,1677.9385755008
1,2,2.075e-08,0.42762472762,10206.1719992102
1,2,2.073e-08,2.78634226074,10220.3990932118
1,2,1.764e-08,6.26231949488,970.5162499722
1,2,2.193e-08,5.51580717812,611.4430983108
1,2,1.815e-08,5.85865045451,558.1451530978
1,2,1.804e-08,4.1400207771,1159.2933106701
1,2,1.819e-08,5.36199924969,1165.6560981455
1,2,1.797e-08,0.77606737878,1585.1407420207
1,2,1.719e-08,4.75202956126,654.1243803156
1,2,1.746e-08,4.42489693081,1585.8915015461
1,2,1.558e-08,4.80177953016,635.9651330509
1,2,1.782e-08,0.60447629298,3178.1457905676
1,2,1.753e-08,0.13075072508,757.2171545342
1,2,1.617e-08,4.66091090554,824.7421937488
1,2,1.466e-08,4.76542718595,2214.7430875962
1,2,1.405e-08,6.22622304401,216.4804891757
1,2,1.548e-08,2.35342818787,945.9942152321
1,2,1.383e-08,3.30194862701,5230.807466803
1,2,1.381e-08,0.94385809616,5216.5803728014
1,2,1.392e-08,4.04527512446,1279.794572628
1,2,1.441e-08,1.00970871891,2228.9701815978
1,2,1.266e-08,5.08490219855,1781.0313497194
1,2,1.198e-08,0.79239741189,326.6868103951
1,2,1.22e-08,0.92941284572,319.5732633943
1,2,1.27e-08,4.72493577444,9161.0171630226
1,2,1.268e-08,2.36685858376,9146.790069021
1,2,1.183e-08,3.25891705713,636.7158925763
1,2,1.183e-08,5.27685280136,416.3032501375
1,2,1.176e-08,3.08811914225,732.6951197941
1,2,1.052e-08,2.44181827362,1493.093668066
1,2,1.351e-08,2.15891576495,5223.6939198022
1,2,1.063e-08,1.90543102461,518.6452648307
1,2,1.063e-08,5.57684727735,540.7366653585
1,2,9.85e-09,4.92073956203,2207.6295405954
1,2,1.201e-08,5.73229340019,3281.2385647862
1,2,9.32e-09,3.38783806769,952.3570027075
1,2,9.23e-09,5.20698767018,909.8187330546
1,2,1.036e-08,1.44078543733,5753.3848848968
1,2,1.019e-08,0.26639453048,1141.1340634054
1,2,9.05e-09,5.45847375728,1158.5425511447
1,2,1.118e-08,3.04402958717,1912.5783119412
1,2,1.183e-08,2.13753562284,953.1077622329
1,2,8.89e-09,3.32588521405,739.8086667949
1,2,9.55e-09,2.85800828226,9683.5945811164
1,2,9.66e-09,5.05194792689,2324.9494088156
1,2,8.42e-09,2.38621599276,3789.5888888784
1,2,1.017e-08,4.89635261381,1994.3304451574
1,2,8.69e-09,3.35288494645,3590.516887442
1,2,1.069e-08,4.17138356606,2943.5060541272
1,2,9.35e-09,0.84952544347,203.0041546995
1,2,8.46e-09,0.66134264043,209.3669421749
1,2,7.9e-09,4.03005346383,1166.4068576709
1,2,7.58e-09,4.87817386642,2531.1349572528
1,2,9.58e-09,4.54298568578,3384.3313390048
1,2,7.57e-09,4.20699802776,2317.8358618148
1,2,7.21e-09,2.30689818779,4694.0029547076
1,2,7.22e-09,2.13548601248,3370.1042450032
1,2,7.33e-09,4.88186040762,217.2312487011
1,2,9.89e-09,0.16818876297,6283.0758499914
1,2,7.03e-09,1.95208563709,2545.3620512544
1,2,7.46e-09,5.75469098902,1884.124123938
1,2,6.87e-09,6.11227108298,210.1177017003
1,2,7.23e-09,2.2621771325,1809.4855377226
1,2,8.19e-09,2.75819868566,3693.6096616606
1,2,8.22e-09,3.23378371026,3899.7952100978
1,2,6.56e-09,3.72870387447,8624.2126509272
1,2,8.3e-09,3.53694241133,3576.2897934404
1,2,8.59e-09,6.02317529595,458.8415197904
1,2,7.51e-09,5.49597800302,3597.6304344428
1,2,7.85e-09,5.66207723066,1354.4331588434
1,2,7.81e-09,2.87341818659,3796.7024358792
1,2,6.49e-09,4.07754073257,2634.2277314714
1,2,6.24e-09,4.91001561798,2097.423219376
1,2,6.04e-09,4.91506070132,2524.021410252
1,2,6.61e-09,3.32507275831,3583.4033404412
1,2,6.13e-09,4.18463336751,2420.9286360334
1,2,7.71e-09,0.75516833087,927.8349679674
1,2,7.09e-09,4.55137735674,2310.722314814
1,2,7.16e-09,4.35697491108,2641.3412784722
1,2,6.89e-09,4.67112827665,2730.2069586892
1,2,7.1e-09,4.40966446328,3803.81598288
1,2,7.54e-09,4.24897175357,3700.7232086614
1,2,7.5e-09,1.82437535078,3149.6916025644
1,2,7.61e-09,3.61383842024,9153.9036160218
1,2,5.66e-09,1.70094279377,2861.753920911
1,2,7.19e-09,4.60069795363,600.5404103988
1,2,5.46e-09,2.4483770269,437.6438911399
1,2,6.1e-09,5.65650173973,1457.525933062
1,2,7.25e-09,3.32732372233,1567.7322542814
1,2,7.34e-09,5.24445337821,1670.8250285
1,2,7.44e-09,4.46861753073,2627.1141844706
1,2,7.02e-09,0.69460527884,74.7815985673
1,2,5.54e-09,4.83025165057,76.2660712756
1,2,5.88e-09,5.02282873225,430.5303441391
1,2,5.7e-09,5.37315037594,2538.2485042536
1,2,6.37e-09,4.8829544852,1987.2168981566
1,2,5.88e-09,3.76574616668,3259.8979237838
1,2,4.85e-09,4.91636058546,2847.5268269094
1,2,5.17e-09,4.44267372013,2303.6087678132
1,2,6.08e-09,4.88795893503,3487.4241132234
1,2,4.95e-09,3.13813345098,3906.9087570986
1,2,4.33e-09,1.89231240325,621.7380390493
1,2,5.3e-09,2.58988239071,547.0994528339
1,2,5.3e-09,4.89239591125,512.2824773553
1,2,4.31e-09,4.69077182076,2833.2997329078
1,2,5.37e-09,3.26379180918,3892.681663097
1,2,4.78e-09,5.07132599131,1593.0050485469
1,2,5.74e-09,0.1541705448,2332.0629558164
1,2,5.21e-09,3.03066760362,4216.1870797544
1,2,4.58e-09,5.60104673426,628.8515860501
1,2,4.38e-09,5.4935502016,2200.5159935946
1,2,5.27e-09,6.21147753215,462.0229135281
1,2,5.27e-09,4.4123934234,597.3590166611
1,2,5.06e-09,0.50101883015,1244.226837624
1,2,4.5e-09,5.30692494677,3914.0223040994
1,2,5.11e-09,6.03746722439,643.0786800517
1,2,4.31e-09,2.42209558244,849.2642284889
1,2,4.53e-09,2.50871933627,4010.0015313172
1,2,4.12e-09,1.4853392213,2758.6611466924
1,3,0.00017055031,5.86133054086,522.5774180938
1,3,0.00016697614,4.77458774773,536.8045120954
1,3,3.350618e-05,0.0,0.0
1,3,1.786132e-05,3.56550369113,1059.3819301892
1,3,1.434074e-05,5.98502536112,515.463871093
1,3,1.079157e-05,5.42531629895,1066.49547719
1,3,1.013242e-05,4.64773742759,543.9180590962
1,3,1.074445e-05,6.22324523848,7.1135470008
1,3,7.10387e-06,5.50680528417,1052.2683831884
1,3,2.6084e-06,4.28269837343,1589.0728952838
1,3,3.01436e-06,6.19842229802,14.2270940016
1,3,1.34609e-06,4.94746836128,1045.1548361876
1,3,1.2429e-06,0.37523072266,110.2063212194
1,3,9.599e-07,1.9116912685,529.6909650946
1,3,7.8211e-07,6.01357067202,1596.1864422846
1,3,7.6732e-07,0.88675910485,117.3198682202
1,3,9.1758e-07,6.01068099453,323.5054166574
1,3,5.8133e-07,6.15405801099,508.3503240922
1,3,5.8041e-07,0.48231460491,426.598190876
1,3,5.191e-07,1.01624689589,95.9792272178
1,3,4.9508e-07,5.02600546427,220.4126424388
1,3,4.702e-07,5.14951363778,1073.6090241908
1,3,5.6622e-07,4.62378106559,735.8765135318
1,3,4.3114e-07,3.75952421063,632.7837393132
1,3,4.1243e-07,3.42053691338,942.062061969
1,3,3.5617e-07,4.69195154363,625.6701923124
1,3,3.2072e-07,5.60330356898,1581.959348283
1,3,3.2287e-07,4.46231638389,551.031606097
1,3,3.8596e-07,5.90763982054,330.6189636582
1,3,3.1872e-07,5.38701829339,433.7117378768
1,3,3.7177e-07,2.0843103375,103.0927742186
1,3,2.8376e-07,4.76675409874,2118.7638603784
1,3,3.0092e-07,3.62306294496,949.1756089698
1,3,2.7428e-07,5.99498439483,419.4846438752
1,3,2.6398e-07,4.29317416894,1169.5882514086
1,3,2.7814e-07,4.77746470785,728.762966531
1,3,2.4486e-07,1.94262036501,199.0720014364
1,3,2.2343e-07,5.30761798805,1155.361157407
1,3,2.2586e-07,2.11933395739,956.2891559706
1,3,2.4897e-07,0.38867758331,519.3960243561
1,3,1.7704e-07,6.02466461381,21.3406410024
1,3,1.5518e-07,4.92737645632,227.5261894396
1,3,2.0475e-07,3.9118415331,539.9859058331
1,3,1.9809e-07,4.17208579498,639.897286314
1,3,1.341e-07,1.10023588663,853.196381752
1,3,1.6866e-07,0.22131400817,412.3710968744
1,3,1.1709e-07,4.05023128316,440.8252848776
1,3,1.1923e-07,1.34668378677,206.1855484372
1,3,9.701e-08,2.23597448276,309.2783226558
1,3,9.477e-08,4.84358236456,1038.0412891868
1,3,8.22e-08,5.70985975275,838.9692877504
1,3,8.769e-08,0.89310739988,316.3918696566
1,3,7.455e-08,0.24841580448,618.5566453116
1,3,8.628e-08,5.06371375512,1574.8458012822
1,3,6.842e-08,6.20664652445,1258.4539316256
1,3,8.434e-08,0.82504462522,213.299095438
1,3,6.087e-08,6.01853033661,831.8557407496
1,3,5.946e-08,0.25737442463,2125.8774073792
1,3,7.407e-08,2.82917227258,302.164775655
1,3,4.152e-08,5.9259378476,1265.5674786264
1,3,4.205e-08,4.0435545134,742.9900605326
1,3,3.704e-08,3.24831236243,934.9485149682
1,3,3.801e-08,3.41557513392,1485.9801210652
1,3,4.098e-08,0.74383398899,124.433415221
1,3,3.241e-08,4.94814769828,1699.2792165032
1,3,2.747e-08,4.04700205492,88.865680217
1,3,2.627e-08,5.55596838973,1062.5633239269
1,3,2.768e-08,3.57192238064,1162.4747044078
1,3,3.152e-08,4.07491650142,647.0108333148
1,3,2.46e-08,5.24901107627,2648.454825473
1,3,2.844e-08,5.04262208118,1272.6810256272
1,3,2.575e-08,4.12466032895,1471.7530270636
1,3,2.322e-08,5.62530333683,1603.2999892854
1,3,2.472e-08,4.85348496742,721.6494195302
1,3,2.359e-08,5.74424947128,337.732510659
1,3,1.967e-08,0.25692061324,611.4430983108
1,3,2.177e-08,5.64857105083,963.4027029714
1,3,2.018e-08,2.15257668467,191.9584544356
1,3,2.323e-08,0.90656927684,1368.660252845
1,3,1.68e-08,0.06324276128,1685.0521225016
1,3,2.068e-08,0.7423330926,1361.5467058442
1,3,1.734e-08,5.71681506599,1055.4497769261
1,3,1.717e-08,3.76112914123,447.9388318784
1,3,1.784e-08,0.18871768378,526.5095713569
1,3,1.784e-08,1.010375311,532.8723588323
1,3,1.995e-08,4.58300384095,750.1036075334
1,3,1.811e-08,0.22566389001,860.3099287528
1,3,1.432e-08,4.43308882126,81.7521332162
1,3,1.393e-08,3.58268793739,1478.8665740644
1,3,1.36e-08,0.72191961039,1148.2476104062
1,3,1.319e-08,0.61971681021,405.2575498736
1,3,1.7e-08,4.16965354306,1056.2005364515
1,3,1.198e-08,5.12844111023,1375.7737998458
1,3,1e-08,1.68391406249,1382.8873468466
1,3,1.211e-08,4.41389386454,1069.6768709277
1,3,9.59e-09,1.48751125961,1677.9385755008
1,3,1.013e-08,0.7350941439,1049.0869894507
1,3,8.58e-09,4.51563448609,2420.9286360334
1,3,9.61e-09,3.58551760111,2097.423219376
1,3,9.86e-09,5.7481099697,2111.6503133776
1,3,8.82e-09,4.56360027025,234.6397364404
1,3,1.043e-08,4.55359910492,1080.7225711916
1,3,8.23e-09,3.61012761004,654.1243803156
1,3,8.89e-09,3.10427323318,295.0512286542
1,3,8.68e-09,0.26075561298,1898.3512179396
1,3,9.05e-09,3.60441853888,1692.1656695024
1,3,7.62e-09,0.94919223996,1251.3403846248
1,3,8.62e-09,2.09929286649,2008.557539159
1,3,9.62e-09,0.09308039006,2317.8358618148
1,3,8.32e-09,0.14644054564,2001.4439921582
1,3,7.89e-09,6.19434632992,2214.7430875962
1,3,9.03e-09,0.25250598146,846.0828347512
1,3,7.26e-09,4.95426701657,2840.4132799086
1,3,6.99e-09,5.131175312,2524.021410252
1,3,7.35e-09,4.321361474,1905.4647649404
1,3,6.67e-09,0.10114093196,1788.1448967202
1,3,6.84e-09,3.61438533975,1141.1340634054
1,3,6.96e-09,3.3722606608,2435.155730035
1,3,6.92e-09,0.6425593105,1994.3304451574
1,3,7.42e-09,0.61562551337,533.6231183577
1,3,7.42e-09,0.58346748141,525.7588118315
1,3,7.14e-09,5.01211566337,2015.6710861598
1,3,5.94e-09,0.66342094559,1781.0313497194
1,3,5.99e-09,3.15618247836,2751.5475996916
1,3,5.44e-09,3.85484227605,1802.3719907218
1,3,6.36e-09,6.15858110426,2627.1141844706
1,3,4.84e-09,5.0274363296,2200.5159935946
1,3,5.25e-09,4.03223001888,2221.856634597
1,3,6.18e-09,6.12607651654,2634.2277314714
1,3,4.63e-09,0.23881154687,1464.6394800628
1,3,4.77e-09,5.94296788958,2531.1349572528
1,3,4.29e-09,4.39269281492,2737.32050569
1,3,4.78e-09,0.3002232125,2310.722314814
1,3,5.66e-09,4.81779203356,2332.0629558164
1,3,4.17e-09,0.89795666781,1891.2376709388
1,3,4.36e-09,5.88250080039,2104.5367663768
1,3,4.15e-09,6.25558191427,501.2367770914
1,3,4.15e-09,1.22669638769,558.1451530978
1,3,4.12e-09,0.92939189489,1884.124123938
1,3,4.65e-09,5.90431132183,2943.5060541272
1,4,1.76072e-05,1.32863064568,522.5774180938
1,4,1.716208e-05,3.03331509801,536.8045120954
1,4,3.03771e-06,1.43144429266,515.463871093
1,4,2.16302e-06,2.91205595526,543.9180590962
1,4,1.28071e-06,3.83023921553,1066.49547719
1,4,1.60571e-06,3.14159265359,0.0
1,4,8.1343e-07,4.47957999274,7.1135470008
1,4,5.6005e-07,1.80944710241,1059.3819301892
1,4,6.8446e-07,1.06498404827,1052.2683831884
1,4,5.0538e-07,4.47153935627,14.2270940016
1,4,2.3705e-07,0.46845139714,1045.1548361876
1,4,1.504e-07,1.64164559242,508.3503240922
1,4,1.3698e-07,2.90817209326,1589.0728952838
1,4,1.0393e-07,3.46066767483,1073.6090241908
1,4,1.046e-07,4.4972015721,1596.1864422846
1,4,9.605e-08,4.66560401468,110.2063212194
1,4,9.85e-08,5.49230112198,117.3198682202
1,4,7.28e-08,3.06439988034,529.6909650946
1,4,7.291e-08,2.57695133603,551.031606097
1,4,5.808e-08,2.75694018383,95.9792272178
1,4,5.282e-08,4.19154929039,330.6189636582
1,4,5.227e-08,4.20166339031,323.5054166574
1,4,5.123e-08,5.19044516005,942.062061969
1,4,4.553e-08,0.08961772842,728.762966531
1,4,3.703e-08,3.26663025973,220.4126424388
1,4,3.511e-08,0.36129476314,625.6701923124
1,4,3.596e-08,0.14061655375,735.8765135318
1,4,3.22e-08,3.56536563011,199.0720014364
1,4,2.953e-08,1.74528805009,618.5566453116
1,4,2.86e-08,1.13445966545,1581.959348283
1,4,3.12e-08,3.81985007727,103.0927742186
1,4,2.704e-08,2.39724100359,440.8252848776
1,4,3.073e-08,4.67521947679,426.598190876
1,4,2.589e-08,2.5739446201,1169.5882514086
1,4,3.345e-08,3.2856594731,433.7117378768
1,4,2.327e-08,0.80202919113,1155.361157407
1,4,2.272e-08,1.5636483818,206.1855484372
1,4,1.846e-08,3.22559348098,227.5261894396
1,4,2.21e-08,1.54023802061,419.4846438752
1,4,1.916e-08,1.91460518178,412.3710968744
1,4,1.6e-08,3.33931055087,2118.7638603784
1,4,1.496e-08,0.63527761947,1574.8458012822
1,4,1.804e-08,5.66814046505,632.7837393132
1,4,1.477e-08,0.52953212717,831.8557407496
1,4,1.187e-08,5.738635527,853.196381752
1,4,1.316e-08,0.52819139641,956.2891559706
1,4,1.198e-08,1.60795245257,1258.4539316256
1,4,1.531e-08,2.60361413382,639.897286314
1,4,1.324e-08,4.57383336198,302.164775655
1,4,9.53e-09,1.76837026543,309.2783226558
1,4,1.142e-08,5.56554949818,949.1756089698
1,4,8.68e-09,0.67942468081,1038.0412891868
1,4,8.04e-09,1.12656034383,838.9692877504
1,4,8.17e-09,0.87495679358,742.9900605326
1,4,8.9e-09,2.70183985725,647.0108333148
1,4,5.98e-09,4.03226522649,337.732510659
1,4,5.57e-09,2.29508710588,1485.9801210652
1,4,4.51e-09,0.61566349461,1471.7530270636
1,4,3.96e-09,3.90384143043,1603.2999892854
1,5,1.31346e-06,3.21284931869,522.5774180938
1,5,1.26628e-06,1.16307002134,536.8045120954
1,5,4.8324e-07,3.19657723128,515.463871093
1,5,3.4034e-07,1.12801913258,543.9180590962
1,5,1.1212e-07,2.19340618601,1066.49547719
1,5,4.06e-08,3.34247545563,1052.2683831884
1,5,1.943e-08,1.75237885755,1073.6090241908
1,5,1.786e-08,3.0710374066,1045.1548361876
1,5,8.86e-09,3.25499265714,508.3503240922
1,5,8.86e-09,4.22728564482,551.031606097
1,5,4.67e-09,2.94921347849,1596.1864422846
2,0,5.19024510371,5.31203160043,529.6909650946
2,0,0.12580850775,5.66160225641,1059.3819301892
2,0,0.09329801081,3.14159265359,0.0
2,0,0.01506838468,5.43934599781,522.5774180938
2,0,0.01474403395,2.04679547637,536.8045120954
2,0,0.00457314174,6.01129093508,1589.0728952838
2,0,0.00301069256,3.60943303554,7.1135470008
2,0,0.00378016915,3.53013675622,103.0927742186
2,0,0.00190850034,3.41807324121,426.598190876
2,0,0.00146192922,4.62080103783,110.2063212194
2,0,0.00139367298,4.00075739657,632.7837393132
2,0,0.00154904248,0.59924790507,38.1330356378
2,0,0.0013965505,2.41039954154,213.299095438
2,0,0.00101901831,4.5759216528,1052.2683831884
2,0,0.00113934096,4.72982346991,1162.4747044078
2,0,0.00072021597,2.39048430255,1066.49547719
2,0,0.00082109296,0.76861586597,74.7815985673
2,0,0.00058995131,2.89529666872,949.1756089698
2,0,0.00068308433,1.86538762629,846.0828347512
2,0,0.00030597479,4.58059597562,206.1855484372
2,0,0.00027182574,3.86962082273,419.4846438752
2,0,0.00026615785,3.28135958246,323.5054166574
2,0,0.00020859553,3.79339751809,735.8765135318
2,0,0.00019708579,0.07818533602,2118.7638603784
2,0,0.00018475985,0.38014924174,316.3918696566
2,0,0.00016340182,5.56996543941,515.463871093
2,0,0.00014591238,0.4774986561,742.9900605326
2,0,0.0001140902,1.91089175916,543.9180590962
2,0,0.00012141842,2.18151948736,525.7588118315
2,0,0.0001197744,5.29687559056,533.6231183577
2,0,8.616295e-05,1.88432673589,639.897286314
2,0,8.15525e-05,4.00303466226,1478.8665740644
2,0,8.724471e-05,5.09607077968,1692.1656695024
2,0,7.407157e-05,4.41139821796,956.2891559706
2,0,7.612244e-05,5.59551514884,1265.5674786264
2,0,7.77181e-05,4.83345042174,1581.959348283
2,0,5.317804e-05,5.81740415262,526.5095713569
2,0,5.212049e-05,1.66178652182,532.8723588323
2,0,5.779694e-05,3.46910255172,14.2270940016
2,0,4.523994e-05,2.18377830705,1375.7737998458
2,0,3.936117e-05,2.73830533792,1596.1864422846
2,0,4.560167e-05,3.71314128422,95.9792272178
2,0,4.315104e-05,2.32571714706,220.4126424388
2,0,3.233079e-05,4.76624918569,625.6701923124
2,0,3.143497e-05,5.59546424392,309.2783226558
2,0,2.855098e-05,4.44236932266,117.3198682202
2,0,2.493551e-05,2.63229075589,433.7117378768
2,0,2.253179e-05,4.2843830951,838.9692877504
2,0,2.669715e-05,1.6185860291,1169.5882514086
2,0,2.360832e-05,4.60394012299,1155.361157407
2,0,2.407297e-05,4.3319316302,1045.1548361876
2,0,1.446641e-05,4.1956324899,853.196381752
2,0,1.430793e-05,3.24847402298,942.062061969
2,0,1.515123e-05,5.52831163402,76.2660712756
2,0,1.04924e-05,4.83710121026,1795.258443721
2,0,1.068309e-05,3.50234523972,149.5631971346
2,0,1.001392e-05,1.50933910971,1272.6810256272
2,0,9.27798e-06,4.69867109058,199.0720014364
2,0,9.33585e-06,0.42886091288,2648.454825473
2,0,8.57503e-06,2.14237483739,529.6427809848
2,0,8.57409e-06,5.34018594971,529.7391492044
2,0,1.086691e-05,5.84673086007,527.2432845398
2,0,1.078483e-05,1.63448489409,532.1386456494
2,0,8.05858e-06,1.68347880812,1368.660252845
2,0,8.49377e-06,5.93008131847,3.9321532631
2,0,9.79876e-06,0.62999505217,380.12776796
2,0,6.81433e-06,4.52942833577,2008.557539159
2,0,6.6925e-06,4.02991800155,728.762966531
2,0,7.47587e-06,3.13900220978,330.6189636582
2,0,6.22673e-06,4.84900709108,2111.6503133776
2,0,6.93269e-06,6.05214054958,1063.3140834523
2,0,8.10807e-06,1.68389354765,36.6485629295
2,0,6.79349e-06,5.0063226222,528.7277572481
2,0,6.77719e-06,2.47630821156,530.6541729411
2,0,7.64357e-06,2.65606240204,39.6175083461
2,0,5.74772e-06,5.46049842798,2221.856634597
2,0,5.62359e-06,2.49305783453,1055.4497769261
2,0,5.20398e-06,4.17408062213,412.3710968744
2,0,6.46493e-06,3.5549642711,984.6003316219
2,0,6.19706e-06,4.99312870911,73.297125859
2,0,4.55923e-06,3.6545157868,1471.7530270636
2,0,4.59484e-06,2.25588184103,1073.6090241908
2,0,4.09961e-06,1.41779564138,909.8187330546
2,0,3.56786e-06,5.38552517683,1258.4539316256
2,0,2.98994e-06,2.48545944253,1905.4647649404
2,0,3.88085e-06,4.49029251429,604.4725636619
2,0,3.81526e-06,3.30809878716,3.1813937377
2,0,3.03554e-06,3.49297365012,529.1697002328
2,0,3.03162e-06,3.98820918869,530.2122299564
2,0,2.75469e-06,5.36300079979,1485.9801210652
2,0,3.60399e-06,2.95684974227,454.9093665273
2,0,2.54084e-06,2.01404102614,1062.5633239269
2,0,2.63605e-06,4.57702219165,1574.8458012822
2,0,2.26746e-06,3.087490624,2125.8774073792
2,0,3.13393e-06,0.43158674784,1.4844727083
2,0,2.9178e-06,4.5543813444,305.3461693927
2,0,2.25365e-06,1.9311457854,1699.2792165032
2,0,1.95682e-06,5.71184250491,508.3503240922
2,0,2.33061e-06,5.63548274339,1056.2005364515
2,0,2.06507e-06,2.44559206255,490.3340891794
2,0,1.78668e-06,4.53006987831,526.7702037878
2,0,1.76836e-06,2.95243321654,532.6117264014
2,0,1.72174e-06,5.18690898255,1898.3512179396
2,0,1.64895e-06,1.90578911049,528.9402055692
2,0,1.64428e-06,5.5761942373,530.44172462
2,0,1.91309e-06,5.01693530357,569.0478410098
2,0,1.55253e-06,5.96579343456,519.3960243561
2,0,2.15033e-06,0.97247400986,453.424893819
2,0,2.08029e-06,1.82281580042,1439.5096981492
2,0,1.66318e-06,2.18789857891,227.5261894396
2,0,1.57821e-06,2.75764008856,525.4981794006
2,0,1.43184e-06,1.74721580071,647.0108333148
2,0,1.5533e-06,4.7268698401,533.8837507886
2,0,1.94397e-06,3.73461249764,1021.2488945514
2,0,1.52748e-06,5.70508500758,302.164775655
2,0,1.24507e-06,3.45933363747,1788.1448967202
2,0,1.33665e-06,4.63491612092,831.8557407496
2,0,1.20464e-06,1.51220177525,539.9859058331
2,0,1.36353e-06,1.19193117513,11.0457002639
2,0,1.3421e-06,2.22679802479,540.7366653585
2,0,1.21761e-06,2.21859738997,524.0618908021
2,0,1.19917e-06,5.26558272368,535.3200393871
2,0,1.24308e-06,1.81779484703,983.1158589136
2,0,1.47352e-06,2.17702007809,1685.0521225016
2,0,1.23451e-06,1.77578502239,525.0250986486
2,0,1.1766e-06,1.79992315819,750.1036075334
2,0,1.0433e-06,2.19472037548,529.5309064002
2,0,1.0433e-06,5.28755792934,529.851023789
2,0,1.04709e-06,1.75471988531,551.031606097
2,0,1.19534e-06,5.02394121933,2324.9494088156
2,0,1.16048e-06,5.71003552223,534.3568315406
2,0,1.22687e-06,3.33550922454,524.2743391232
2,0,1.03035e-06,2.84300138853,963.4027029714
2,0,1.20843e-06,4.14524856046,535.107591066
2,0,1.06713e-06,4.96094254772,99.1606209555
2,0,1.0594e-06,1.95819770799,224.3447957019
2,0,1.25536e-06,5.60866656844,618.5566453116
2,0,9.4673e-07,1.67982421199,1802.3719907218
2,0,9.1797e-07,4.73071026858,1382.8873468466
2,0,9.3505e-07,1.46454811499,440.8252848776
2,0,1.11205e-06,1.86928344986,2001.4439921582
2,0,9.6227e-07,3.31553309486,21.3406410024
2,0,7.2096e-07,2.45181685946,529.9034134157
2,0,7.2096e-07,5.0304614425,529.4785167735
2,0,9.5413e-07,4.36603562454,35.4247226521
2,0,6.7561e-07,4.99490654468,518.6452648307
2,0,7.3325e-07,4.05750215119,511.5317178299
2,0,6.1465e-07,4.39223731837,415.5524906121
2,0,6.9844e-07,1.59443634281,114.1384744825
2,0,8.2393e-07,1.01105072945,531.1754378029
2,0,5.9078e-07,3.24284112832,2104.5367663768
2,0,6.8945e-07,3.40976028537,547.8502123593
2,0,7.4228e-07,2.84682779853,173.9422195228
2,0,5.5826e-07,3.23356285605,643.8294395771
2,0,6.36e-07,4.60690964524,2214.7430875962
2,0,7.6559e-07,0.16914007578,528.2064923863
2,0,5.401e-07,0.38559528823,1048.3362299253
2,0,6.966e-07,4.17563833875,148.0787244263
2,0,5.2462e-07,3.04351725279,960.2213092337
2,0,5.48e-07,5.00177597234,2641.3412784722
2,0,5.1559e-07,0.07590374858,514.7131115676
2,0,6.6311e-07,2.16873151551,230.5645708254
2,0,4.9711e-07,1.1233049504,544.6688186216
2,0,5.1168e-07,4.15417169162,2428.0421830342
2,0,4.8033e-07,1.64769682284,387.2413149608
2,0,6.4548e-07,5.74425604097,1364.7280995819
2,0,5.6419e-07,3.19672283659,107.0249274817
2,0,5.2715e-07,6.1961810297,1056.9342496344
2,0,6.2657e-07,2.18566435838,92.0470739547
2,0,4.6791e-07,4.99032278168,2538.2485042536
2,0,6.0723e-07,5.6040129448,494.2662424425
2,0,6.0019e-07,2.20885261687,1061.829610744
2,0,4.3765e-07,1.93541168857,2.4476805548
2,0,4.9754e-07,0.31051950136,679.2541622292
2,0,5.8551e-07,0.7421932445,1057.8974574809
2,0,4.7066e-07,0.78305409047,3178.1457905676
2,0,4.1687e-07,5.68958878057,1059.430114299
2,0,4.0368e-07,4.11954132163,1148.2476104062
2,0,4.9389e-07,4.38369647117,1038.0412891868
2,0,5.2125e-07,1.89237545851,565.1156877467
2,0,4.4536e-07,6.05157084759,430.5303441391
2,0,4.9041e-07,2.58330127182,523.5406259403
2,0,4.3994e-07,3.28606341309,312.4597163935
2,0,3.9255e-07,2.02159491333,70.8494453042
2,0,4.1687e-07,2.49177765294,1059.3337460794
2,0,3.7225e-07,5.83615789846,2751.5475996916
2,0,3.9989e-07,4.94492591486,106.2741679563
2,0,4.1523e-07,3.87602477966,1514.2912967165
2,0,4.1708e-07,3.08131901475,10.2949407385
2,0,4.8107e-07,1.57443805994,2317.8358618148
2,0,4.0678e-07,4.91071405404,18.1592472647
2,0,3.579e-07,5.8558588869,672.1406152284
2,0,4.4449e-07,4.90238683987,535.8413042489
2,0,3.6844e-07,4.16675448786,529.4303326637
2,0,3.6844e-07,3.3155238141,529.9515975255
2,0,4.7082e-07,2.1647901351,1512.8068240082
2,0,4.1507e-07,0.21319785414,1593.0050485469
2,0,4.5707e-07,5.76601541697,39.3568759152
2,0,3.2943e-07,2.27946726035,522.529233984
2,0,3.539e-07,5.49210934651,522.6256022036
2,0,3.2736e-07,4.24830882555,124.433415221
2,0,3.485e-07,2.92484630853,1060.3451380357
2,0,3.5863e-07,4.35046455076,1891.2376709388
2,0,3.0492e-07,2.81576230965,1585.1407420207
2,0,2.9098e-07,5.87348600011,121.2520214833
2,0,3.0239e-07,5.00279271503,217.2312487011
2,0,3.3535e-07,1.40186973712,628.8515860501
2,0,3.4784e-07,3.0311366542,35.1640902212
2,0,2.9909e-07,1.98838991554,536.7563279856
2,0,2.7497e-07,5.203493524,536.8526962052
2,0,3.3054e-07,4.51359014873,567.8240007324
2,0,2.7261e-07,2.72031348322,2420.9286360334
2,0,2.8101e-07,1.37111796252,1361.5467058442
2,0,3.1861e-07,5.82123598345,63.7358983034
2,0,2.7675e-07,3.76752413844,528.4189407074
2,0,2.7586e-07,3.7147133344,530.9629894818
2,0,3.3894e-07,4.63464333784,885.4397106664
2,0,2.5302e-07,0.69085103669,458.8415197904
2,0,2.4545e-07,4.07153029692,99.9113804809
2,0,3.2993e-07,5.35577320707,1058.4187223427
2,0,2.8582e-07,1.27599593473,41.1019810544
2,0,2.3976e-07,4.11015501858,523.0986829556
2,0,2.7158e-07,4.04172462614,934.9485149682
2,0,3.0585e-07,3.1403602715,1023.9572075371
2,0,2.5975e-07,4.25064688963,636.7158925763
2,0,3.1303e-07,4.76099302569,437.6438911399
2,0,2.7098e-07,5.64808831952,497.4476361802
2,0,2.6669e-07,1.61201743542,1158.5425511447
2,0,2.469e-07,4.15165447061,746.9222137957
2,0,2.763e-07,6.12901028563,142.4496501338
2,0,2.4824e-07,4.87213067968,1134.1635287565
2,0,2.187e-07,3.37410336472,536.2832472336
2,0,2.223e-07,5.18596760154,521.6142102473
2,0,2.3248e-07,3.1541333957,422.6660376129
2,0,2.7936e-07,3.40155518417,1289.9465010146
2,0,1.9758e-07,3.57384619762,1464.6394800628
2,0,1.9591e-07,2.60352108738,1603.2999892854
2,0,2.4397e-07,4.50292148947,299.1263942692
2,0,2.3457e-07,0.09576335036,71.8126531507
2,0,2.4393e-07,1.76922514363,561.934294009
2,0,2.0407e-07,2.19002169997,209.3669421749
2,0,1.8904e-07,0.54644235979,327.4375699205
2,0,2.2716e-07,5.17863516688,85.8272988312
2,0,2.122e-07,4.75366337409,495.7507151508
2,0,1.8395e-07,3.09432236608,953.1077622329
2,0,2.4519e-07,3.57287234365,860.3099287528
2,0,1.9559e-07,0.33422760418,1098.7388061044
2,0,1.9652e-07,0.82367591291,835.0371344873
2,0,1.8357e-07,0.62106608418,5.6290742925
2,0,2.352e-07,2.68263802863,621.7380390493
2,0,1.8076e-07,0.42845386573,600.5404103988
2,0,1.729e-07,4.8692211656,191.9584544356
2,0,1.7517e-07,2.68195071531,2435.155730035
2,0,1.7066e-07,2.47355544144,491.5579294568
2,0,1.7873e-07,2.29598514123,537.7677199419
2,0,1.6951e-07,4.03050492549,2744.4340526908
2,0,1.8236e-07,3.95613517708,2207.6295405954
2,0,2.1575e-07,4.69631525985,1166.4068576709
2,0,2.2104e-07,2.36649230999,2.9689454166
2,0,1.8927e-07,2.72326904719,563.6312150384
2,0,2.1762e-07,0.29745260068,88.865680217
2,0,1.6163e-07,4.86951152442,1049.0869894507
2,0,1.6488e-07,2.27763578296,2228.9701815978
2,0,1.9792e-07,5.64210393649,505.3119427064
2,0,1.8457e-07,2.18289841443,1969.2006632438
2,0,1.5808e-07,5.67233344465,988.532484885
2,0,1.6272e-07,2.33706628798,526.9826521089
2,0,1.617e-07,5.1450866348,532.3992780803
2,0,1.5841e-07,0.5612526875,731.9443602687
2,0,1.5853e-07,1.45510827717,501.3797894433
2,0,1.6239e-07,2.20090269794,32.2433289144
2,0,1.949e-07,3.9944970553,2531.1349572528
2,0,1.5691e-07,2.48513582725,24.3790223882
2,0,1.5762e-07,2.41995384072,151.0476698429
2,0,1.8341e-07,1.8417060246,554.0699874828
2,0,2.0372e-07,1.3853811649,2634.2277314714
2,0,1.4994e-07,2.011982104,460.5384408198
2,0,1.4712e-07,3.84306627886,1058.8606653274
2,0,1.4869e-07,5.98368245357,558.0021407459
2,0,1.8453e-07,4.87426042676,77.7505439839
2,0,1.4439e-07,3.28637158278,1070.4276304531
2,0,1.8929e-07,2.03175968425,535.9107402181
2,0,1.5643e-07,0.97730443591,4.665866446
2,0,1.6231e-07,1.40541369418,138.5174968707
2,0,1.8715e-07,5.44782618977,523.4711899711
2,0,1.7929e-07,3.40311830148,1151.4290041439
2,0,1.3761e-07,6.04543388528,67.6680515665
2,0,1.3749e-07,0.52644877498,450.9772132642
2,0,1.3319e-07,2.42538953638,2737.32050569
2,0,1.3569e-07,5.7790664206,1585.8915015461
2,0,1.4895e-07,0.11330960665,2015.6710861598
2,0,1.3428e-07,5.50626546494,597.3590166611
2,0,1.3707e-07,2.03789881373,498.6714764576
2,0,1.3957e-07,2.36417098087,1592.2542890215
2,0,1.3524e-07,3.44876320737,2655.5683724738
2,0,1.2857e-07,5.50739277119,598.8434893694
2,0,1.4249e-07,1.72248779684,462.0229135281
2,0,1.4314e-07,4.07019733205,1550.939859646
2,0,1.5119e-07,5.81156443174,760.25553592
2,0,1.4774e-07,5.80625161615,945.2434557067
2,0,1.3736e-07,4.07129679948,113.3877149571
2,0,1.2011e-07,1.63521325776,938.1299087059
2,0,1.2753e-07,5.44403915759,560.7104537316
2,0,1.2686e-07,6.23818302908,531.387886124
2,0,1.2686e-07,1.24409527288,527.9940440652
2,0,1.502e-07,6.08208603474,155.7829722581
2,0,1.5484e-07,1.72167500453,378.6432952517
2,0,1.4712e-07,4.33830015465,1059.903195051
2,0,1.1546e-07,0.31915225651,635.9651330509
2,0,1.1513e-07,2.7439356909,0.9632078465
2,0,1.1629e-07,0.67354350592,608.404716925
2,0,1.1186e-07,0.05170826029,528.2546764961
2,0,1.1186e-07,1.14738473449,531.1272536931
2,0,1.1189e-07,4.62167915661,629.6023455755
2,0,1.1721e-07,3.81962472178,46.470422916
2,0,1.3072e-07,4.76911685302,5.4166259714
2,0,1.0861e-07,3.06774497499,248.7238180901
2,0,1.0767e-07,2.8140802804,429.7795846137
2,0,1.1595e-07,5.0087978587,210.1177017003
2,0,1.3435e-07,2.74869166537,1041.2226829245
2,0,1.2895e-07,2.71685060291,944.9828232758
2,0,1.1192e-07,4.3998037985,33.9402499438
2,0,1.4182e-07,3.01202846061,1173.5204046717
2,0,1.4077e-07,5.16982319226,1251.3403846248
2,0,1.3485e-07,2.70711798609,381.6122406683
2,0,1.0332e-07,5.95361308692,605.9570363702
2,0,1.3791e-07,2.97971347845,337.732510659
2,0,1.3472e-07,4.50305810844,721.6494195302
2,0,9.741e-08,5.19335132324,1159.2933106701
2,0,9.875e-08,3.1296488947,9.5612275556
2,0,1.3201e-07,5.96637135723,28.3111756513
2,0,9.379e-08,0.10962671346,320.3240229197
2,0,8.98e-08,1.05396139591,1165.6560981455
2,0,9.071e-08,2.27040574511,754.0357607965
2,0,8.886e-08,0.31938474896,530.914805372
2,0,8.886e-08,0.87970824582,528.4671248172
2,0,1.212e-07,3.28130394954,1020.025054274
2,0,8.878e-08,3.19756714253,195.1398481733
2,0,9.323e-08,3.63280904935,2524.021410252
2,0,1.2149e-07,4.57844422505,72.0732855816
2,0,8.701e-08,3.35407914352,1781.0313497194
2,0,8.635e-08,4.87675285165,1056.4611688824
2,0,9.302e-08,4.57312893311,1567.7322542814
2,0,1.079e-07,5.3490128107,530.5847369719
2,0,1.079e-07,2.13326549126,528.7971932173
2,0,7.989e-08,2.2556211431,1058.6311706638
2,0,8.394e-08,1.01712590368,525.5463635104
2,0,7.749e-08,0.18520987807,521.8266585684
2,0,8.309e-08,0.18252574301,533.8355666788
2,0,1.0492e-07,3.02062266658,319.5732633943
2,0,9.795e-08,3.24578427066,114.3991069134
2,0,9.455e-08,4.42860833187,2957.7331481288
2,0,7.601e-08,1.01410800239,537.5552716208
2,0,8.635e-08,3.30118117017,1062.302691496
2,0,7.859e-08,5.09973182378,1064.7985561606
2,0,7.602e-08,5.07538034057,1063.5747158832
2,0,8.125e-08,6.02981549694,405.2575498736
2,0,7.989e-08,5.92574529041,1060.1326897146
2,0,1.0154e-07,1.81583583759,456.3938392356
2,0,9.868e-08,5.44091536822,2854.6403739102
2,0,7.887e-08,3.45839291267,2847.5268269094
2,0,8.39e-08,1.92118712996,2332.0629558164
2,0,7.855e-08,4.08738591474,739.8086667949
2,0,9.014e-08,1.02506603313,1201.831580323
2,0,9.295e-08,0.6756285687,78.7137518304
2,0,9.035e-08,1.17767860384,2950.619601128
2,0,7.172e-08,5.78872895095,31.019488637
2,0,6.861e-08,1.24455164613,1054.7160637432
2,0,7.966e-08,4.97522951621,842.1506814881
2,0,7.539e-08,5.35827249789,952.3570027075
2,0,7.674e-08,4.5897467529,334.5511169213
2,0,8.44e-08,5.66460249626,483.2205421786
2,0,6.944e-08,1.12972621501,423.4167971383
2,0,8.658e-08,1.0367708883,1215.1649024473
2,0,6.766e-08,5.18191429441,1912.5783119412
2,0,8.924e-08,5.67297999466,602.9880909536
2,0,6.412e-08,2.13183556856,3053.7123753466
2,0,8.71e-08,1.69359494585,576.1613880106
2,0,7.535e-08,1.43209684879,1060.8664028975
2,0,6.679e-08,2.28503170515,408.4389436113
2,0,6.823e-08,0.60912657611,284.1485407422
2,0,6.77e-08,5.53650784553,69.1525242748
2,0,6.566e-08,0.4072817128,355.7487455718
2,0,8.559e-08,2.16359232622,1677.9385755008
2,0,6.912e-08,3.40820667177,945.9942152321
2,0,6.73e-08,0.56194767825,528.0464336919
2,0,6.73e-08,0.63714531653,531.3354964973
2,0,7.602e-08,3.10155768831,1055.1891444952
2,0,6.013e-08,5.10742672906,1035.002907801
2,0,5.935e-08,2.94453315678,498.1983957056
2,0,7.319e-08,1.36131082578,6.2197751235
2,0,5.949e-08,2.5711257553,724.8308132679
2,0,5.773e-08,1.9933104947,216.4804891757
2,0,5.856e-08,5.61085624056,1276.6131788903
2,0,7.648e-08,3.22132265146,247.2393453818
2,0,5.605e-08,1.26367820429,513.2286388593
2,0,5.584e-08,3.39988425577,100.6450936638
2,0,5.502e-08,3.89695891739,3060.8259223474
2,0,5.914e-08,3.68583540418,1053.9653042178
2,0,5.497e-08,4.41143963319,810.6581120991
2,0,5.507e-08,4.54722710597,561.1835344836
2,0,5.666e-08,6.05825689215,1064.0477966352
2,0,5.378e-08,6.2185999659,546.1532913299
2,0,6.26e-08,3.19727825497,1493.093668066
2,0,6.793e-08,5.62753980255,303.8616966844
2,0,5.204e-08,3.23894565507,1091.6252591036
2,0,5.131e-08,2.58192471387,1176.7017984094
2,0,6.815e-08,1.54708178098,1053.7528558967
2,0,5.065e-08,2.54426472948,1059.2218714948
2,0,6.336e-08,2.50077514097,908.3342603463
2,0,4.973e-08,1.03425894477,245.5424243524
2,0,5.47e-08,1.85711160191,757.2171545342
2,0,4.894e-08,0.33758490678,775.233389447
2,0,5.382e-08,2.05459210213,512.4254897072
2,0,4.986e-08,2.04169509272,234.6397364404
2,0,5.693e-08,4.67643220253,166.828672522
2,0,5.065e-08,5.63710170403,1059.5419888836
2,0,4.985e-08,3.35221747486,2840.4132799086
2,0,4.955e-08,1.84826531558,1069.6768709277
2,0,5.153e-08,5.42768605926,546.956440482
2,0,4.749e-08,4.04043420885,415.2918581812
2,0,4.911e-08,6.22971061903,512.2824773553
2,0,4.553e-08,1.47996204216,509.2440959695
2,0,6.103e-08,4.10884733063,111.4301614968
2,0,4.418e-08,3.08681555133,2097.423219376
2,0,4.693e-08,4.50919332222,277.0349937414
2,0,4.358e-08,4.98874241019,202.2533951741
2,0,4.523e-08,6.15421637977,611.4430983108
2,0,4.324e-08,6.00231606657,550.1378342197
2,0,4.417e-08,0.89935900799,1127.0499817557
2,0,4.688e-08,5.54227030903,504.561183181
2,0,4.202e-08,5.1522983831,469.8872200543
2,0,4.894e-08,0.30289339863,739.0579072695
2,0,4.144e-08,1.71461163426,970.5162499722
2,0,5.739e-08,3.37720444365,707.5653378805
2,0,4.256e-08,2.9554347206,512.1648572763
2,0,4.431e-08,4.63633093035,519.656656787
2,0,5.723e-08,5.51760124056,1065.0110044817
2,0,5.589e-08,4.77443673434,280.9671470045
2,0,4.469e-08,0.52405952073,857.1285350151
2,0,4.217e-08,3.24827021932,1489.9122743283
2,0,4.804e-08,0.68976934373,391.1734682239
2,0,5.007e-08,4.52014200146,491.8185618877
2,0,3.986e-08,1.06372222504,447.9388318784
2,0,3.947e-08,3.8024209618,112.6540017742
2,0,4.072e-08,4.5268434419,547.2170729129
2,0,4.369e-08,1.9483467103,554.8207470082
2,0,4.085e-08,3.32144080176,916.9322800554
2,0,4.733e-08,0.67139053204,1087.6931058405
2,0,3.995e-08,0.8561038203,1578.0271950199
2,0,4.301e-08,5.07216283379,203.0041546995
2,0,4.393e-08,5.38198575849,3171.0322435668
2,0,3.724e-08,0.33312188585,479.2883889155
2,0,4.628e-08,2.95945654561,567.5633683015
2,0,4.429e-08,3.3348330321,1025.4416802454
2,0,4.166e-08,1.09654835252,1587.5884225755
2,0,4.233e-08,2.53201175338,2042.4977891028
2,0,3.711e-08,2.98775049023,3163.918696566
2,0,4.086e-08,2.55427154862,237.6781178262
2,0,4.681e-08,5.83662690281,295.0512286542
2,0,3.571e-08,2.08867966814,1080.7225711916
2,0,3.544e-08,4.38394808666,849.2642284889
2,0,4.083e-08,3.8694852484,782.3469364478
2,0,3.901e-08,3.58138051516,1894.4190646765
2,0,4.577e-08,5.47618219772,146.594251718
2,0,3.497e-08,2.80136092523,1059.5943785103
2,0,3.507e-08,2.32962653089,589.4947101349
2,0,3.472e-08,0.85726515864,580.0935412737
2,0,3.68e-08,1.21278207938,547.0994528339
2,0,4.542e-08,6.14690384106,105.5404547734
2,0,3.369e-08,3.55330457921,103.1409583284
2,0,3.63e-08,0.69909450749,81.7521332162
2,0,3.697e-08,2.7902934668,326.6868103951
2,0,3.539e-08,3.61983213468,1012.9115072732
2,0,3.325e-08,0.37561309842,103.0445901088
2,0,3.987e-08,0.97522695807,3267.0114707846
2,0,3.497e-08,5.38000550828,1059.1694818681
2,0,4.054e-08,3.71419071011,81.0013736908
2,0,3.6e-08,4.2955883949,3274.1250177854
2,0,3.35e-08,3.76399755757,1077.5411774539
2,0,3.196e-08,5.60457950896,3067.9394693482
2,0,3.455e-08,3.42091932175,488.8496164711
2,0,3.335e-08,4.44235745725,1049.8207026336
2,0,3.852e-08,2.52438607753,1065.6017053127
2,0,3.924e-08,4.1831400635,836.5216071956
2,0,3.619e-08,0.6946422961,104.0559820651
2,0,4.403e-08,2.90782146623,987.3086446076
2,0,4.179e-08,0.64452088191,373.9079928365
2,0,3.691e-08,3.23351247093,102.1295663721
2,0,3.303e-08,2.85125001065,539.7252734022
2,0,3.982e-08,5.66127902337,986.0848043302
2,0,4.012e-08,0.62727446399,668.2084619653
2,0,3.967e-08,1.33281868984,486.4019359163
2,0,3.184e-08,0.64736841195,654.1243803156
2,0,3.012e-08,1.97259943071,3370.1042450032
2,0,4.19e-08,4.11329406406,351.8165923087
2,0,3.953e-08,2.04087960765,1123.1178284926
2,0,3.959e-08,3.37764873211,306.830642101
2,0,2.943e-08,5.66644527612,1269.4996318895
2,0,2.958e-08,4.39711798299,527.6852275245
2,0,2.958e-08,3.08516031897,531.6967026647
2,0,3e-08,3.74971900277,911.3032057629
2,0,2.909e-08,3.07525222975,522.6892926784
2,0,2.909e-08,4.40702607221,536.6926375108
2,0,3.563e-08,2.04687487947,1994.3304451574
2,0,3.893e-08,4.26173750986,812.1425848074
2,0,3.118e-08,4.06135823006,570.5323137181
2,0,3.463e-08,2.60209047668,1591.5205758386
2,0,3.751e-08,3.60628368678,977.4867846211
2,0,3.448e-08,3.47211094381,685.4739373527
2,0,2.87e-08,0.26308381178,1586.625214729
2,0,2.875e-08,4.32622434464,504.4181708291
2,0,3.866e-08,4.95821738791,824.7421937488
2,0,3.556e-08,6.14961940524,572.9799942729
2,0,2.918e-08,5.73628166716,967.3348562345
2,0,2.906e-08,4.29227546323,416.3032501375
2,0,2.909e-08,3.95660523001,1482.7987273275
2,0,2.672e-08,0.87511357041,134.5853436076
2,0,2.628e-08,0.00847208263,3281.2385647862
2,0,2.715e-08,3.16963075966,554.9637593601
2,0,2.651e-08,2.27063793995,144.1465711632
2,0,3.601e-08,0.47144134781,991.7138786227
2,0,2.614e-08,0.4196449373,93.531546663
2,0,2.855e-08,2.03044050467,850.0149880143
2,0,2.821e-08,1.06657048032,502.8642621516
2,0,3.112e-08,6.0306044408,520.129737539
2,0,3.142e-08,4.62490556976,539.2521926502
2,0,2.731e-08,4.6733736449,522.4655435092
2,0,2.731e-08,2.80890465706,536.91638668
2,0,3.064e-08,4.44170325172,1884.124123938
2,0,2.441e-08,0.83069302598,1474.9344208013
2,0,2.456e-08,1.47279271371,1074.3597837162
2,0,2.439e-08,2.08558923005,107.7586406646
2,0,2.456e-08,0.42538841262,1044.4040766622
2,0,3.031e-08,3.37619616684,521.0929453855
2,0,3.031e-08,4.10608213512,538.2889848037
2,0,2.59e-08,0.16004731508,556.5176680376
2,0,3.226e-08,4.60312494465,522.7898664149
2,0,3.226e-08,2.87915335731,536.5920637743
2,0,2.363e-08,3.28962549381,285.3723810196
2,0,2.452e-08,0.62028796575,1090.4014188262
2,0,2.323e-08,2.60824432402,529.0578256482
2,0,2.323e-08,4.87403397794,530.324104541
2,0,3.159e-08,5.4733256561,457.617679513
2,0,3.023e-08,6.11184318218,532.6599105112
2,0,3.023e-08,1.37043511978,526.722019678
2,0,2.393e-08,2.85135439551,1053.2315910349
2,0,2.997e-08,2.91346721535,1438.0252254409
2,0,2.922e-08,5.30505468617,109.9456887885
2,0,2.824e-08,1.712279818,108.7218485111
2,0,2.22e-08,2.80874155199,2413.8150890326
2,0,2.234e-08,3.74593385034,3377.217792004
2,0,2.627e-08,2.23895631422,1094.8066528413
2,0,2.477e-08,3.21084842387,3156.8051495652
2,0,2.273e-08,6.03923806707,1589.1210793936
2,0,2.19e-08,5.77618493519,97.6761482472
2,0,2.217e-08,4.33373247849,1254.5217783625
2,0,2.201e-08,4.15471098454,2043.9822618111
2,0,2.858e-08,3.89745174384,1440.9941708575
2,0,2.222e-08,4.9872537441,376.1956146969
2,0,2.839e-08,4.97687573513,1140.38330388
2,0,2.926e-08,4.39522157497,732.6951197941
2,0,2.251e-08,2.16205964084,1067.4586850365
2,0,2.782e-08,5.200735446,451.9404211107
2,0,2.191e-08,2.83588669322,842.9014410135
2,0,2.512e-08,2.04067568304,1261.6353253633
2,0,2.217e-08,1.56495606058,902.7051860538
2,0,2.522e-08,0.74750896561,373.0142209592
2,0,2.157e-08,5.37570047911,59.8037450403
2,0,2.035e-08,3.84713937892,523.849442481
2,0,2.035e-08,3.63513892304,535.5324877082
2,0,2.769e-08,4.85615053084,1744.8558675419
2,0,2.366e-08,1.24394483245,3707.8367556622
2,0,2.1e-08,1.97563817578,1688.2335162393
2,0,2.309e-08,0.942458853,225.8292684102
2,0,2.323e-08,1.91722183373,145.6310438715
2,0,2.548e-08,0.72953715709,1128.534454464
2,0,2.054e-08,2.72579048544,417.0369633204
2,0,2.551e-08,1.03971611498,232.0490435337
2,0,1.87e-08,6.04196842136,501.2367770914
2,0,1.894e-08,2.66113148974,3480.3105662226
2,0,1.851e-08,4.86018399563,111.1695290659
2,0,2.198e-08,2.51049365003,429.0458714308
2,0,1.873e-08,0.5905232246,1208.9451273238
2,0,2.51e-08,1.99459673774,601.7642506762
2,0,2.186e-08,3.4858055645,1553.6481726317
2,0,2.291e-08,1.45172941088,488.63716815
2,0,1.875e-08,3.39330212644,1590.0361031303
2,0,1.806e-08,5.04361493519,913.7508863177
2,0,1.962e-08,1.12671675097,109.2431133729
2,0,2.129e-08,5.01243773449,821.703812363
2,0,2.196e-08,4.38946985073,298.2326223919
2,0,1.953e-08,5.49728281015,1415.130675761
2,0,1.787e-08,3.66506787987,1059.6425626201
2,0,2.375e-08,0.70058711647,2122.6960136415
2,0,2.173e-08,5.25212332069,1065.5322693435
2,0,1.733e-08,0.73534814865,162.8965192589
2,0,2.273e-08,2.84142693944,1589.024711174
2,0,1.78e-08,4.29158703684,1051.3051753419
2,0,1.716e-08,2.65555145996,503.8274699981
2,0,1.697e-08,5.6609896741,1052.3165672982
2,0,1.805e-08,1.44303434972,110.2545053292
2,0,2.101e-08,5.11361919665,241.6102710893
2,0,1.961e-08,4.77832385099,1446.62324515
2,0,2.097e-08,6.06067607224,570.7447620392
2,0,1.983e-08,1.63014729241,1432.3961511484
2,0,1.608e-08,4.82672654056,555.5544601911
2,0,1.681e-08,3.48535837754,543.1843459133
2,0,1.681e-08,3.99691992442,516.1975842759
2,0,1.997e-08,2.52502983932,362.8622925726
2,0,1.62e-08,2.47519616201,683.1863154923
2,0,1.551e-08,0.77205866411,593.426863398
2,0,1.616e-08,0.78868466538,222.8603229936
2,0,1.82e-08,4.24734832675,33.6796175129
2,0,2.066e-08,0.94018645457,487.1526954417
2,0,1.791e-08,4.81649259864,502.6036297207
2,0,1.537e-08,0.19658665242,1518.2234499796
2,0,1.786e-08,5.4400194865,1226.2106027112
2,0,1.926e-08,3.25933684213,229.0800981171
2,0,1.844e-08,1.12596393242,4.4534181249
2,0,1.531e-08,6.10401203198,56.6223513026
2,0,1.778e-08,1.08217421224,1819.6374661092
2,0,1.466e-08,3.39789528449,426.5500067662
2,0,1.484e-08,2.41545761529,995.6460318858
2,0,1.446e-08,5.86004559959,384.0599212231
2,0,1.673e-08,2.6657853579,556.7783004685
2,0,1.573e-08,6.26225606544,425.6349830295
2,0,1.701e-08,4.91404545818,422.405405182
2,0,1.449e-08,1.53424605627,3686.4961146598
2,0,1.674e-08,0.76441019022,3583.4033404412
2,0,1.787e-08,4.51629855363,1059.1212977583
2,0,1.586e-08,2.43520096497,1052.2201990786
2,0,1.409e-08,5.60828366864,1474.6737883704
2,0,1.459e-08,0.29604013369,426.6463749858
2,0,1.859e-08,5.87100830303,313.2104759189
2,0,1.86e-08,5.30369826691,1160.027023853
2,0,1.599e-08,5.70543219748,1588.1096874373
2,0,1.711e-08,4.1479901457,2200.5159935946
2,0,1.587e-08,1.97035308409,1268.7488723641
2,0,1.645e-08,4.96839068028,630.3360587584
2,0,1.796e-08,0.70671519409,424.1505103212
2,0,1.802e-08,0.24899836512,572.2292347475
2,0,1.725e-08,5.08098401978,1696.0978227655
2,0,1.811e-08,5.8989386685,1340.3490771937
2,0,1.34e-08,4.11708835504,1058.109905802
2,0,1.497e-08,0.46005454389,1379.7059531089
2,0,1.346e-08,5.55344965198,1066.5436612998
2,0,1.313e-08,2.87700461514,827.9235874865
2,0,1.342e-08,6.27866403575,1357.6145525811
2,0,1.714e-08,1.09477454512,1164.9223849626
2,0,1.547e-08,5.14492139001,1097.514965827
2,0,1.293e-08,1.41574901573,394.3548619616
2,0,1.287e-08,0.09882825148,1354.4331588434
2,0,1.329e-08,0.80851044182,1628.429771199
2,0,1.657e-08,1.38619161291,473.068613792
2,0,1.353e-08,2.59318399768,2498.8916283384
2,0,1.375e-08,2.40968289321,1093.322180133
2,0,1.428e-08,4.17962469716,65.2203710117
2,0,1.302e-08,6.0148738192,494.4786907636
2,0,1.266e-08,4.76726804915,1162.5228885176
2,0,1.234e-08,0.3261581517,436.1594184316
2,0,1.258e-08,1.58421626029,1162.426520298
2,0,1.419e-08,1.54073590528,1138.0956820196
2,0,1.413e-08,0.07531190902,42.5864537627
2,0,1.394e-08,5.1564979757,958.7368365254
2,0,1.182e-08,0.52974408869,465.9550667912
2,0,1.464e-08,2.33832116265,1066.4472930802
2,0,1.194e-08,4.20924518474,774.0095491696
2,0,1.176e-08,4.08167525357,632.831923423
2,0,1.173e-08,2.04351153153,2964.8466951296
2,0,1.259e-08,3.56208851883,990.2294059144
2,0,1.17e-08,3.49511362481,3693.6096616606
2,0,1.235e-08,6.00673735479,1027.1386012748
2,0,1.192e-08,1.4674038694,564.9032394256
2,0,1.337e-08,3.6125336174,427.5613987225
2,0,1.581e-08,5.13730579856,642.3449668688
2,0,1.186e-08,3.09979352325,2114.8317071153
2,0,1.451e-08,6.06457621411,586.3133163972
2,0,1.339e-08,4.45996853527,1161.5114965613
2,0,1.26e-08,1.21410714044,633.7469471597
2,0,1.309e-08,1.91007772946,1163.4379122543
2,0,1.126e-08,2.6741244093,252.6559713532
2,0,1.332e-08,6.07060512898,981.6313862053
2,0,1.309e-08,2.99122359843,3473.1970192218
2,0,1.172e-08,0.90155530149,632.7355552034
2,0,1.12e-08,3.02624536332,709.0498105888
2,0,1.485e-08,6.11611294959,210.8514148832
2,0,1.241e-08,5.23044091775,269.9214467406
2,0,1.34e-08,4.06427807846,1060.6539545764
2,0,1.212e-08,4.10341889288,3590.516887442
2,0,1.112e-08,3.72336688315,1065.9742123282
2,0,1.156e-08,1.65378396735,102.5715093568
2,0,1.085e-08,5.33439876744,414.0680179038
2,0,1.089e-08,3.60592628762,946.727928415
2,0,1.097e-08,4.63894761295,350.3321196004
2,0,1.132e-08,5.22322415543,1663.8544938511
2,0,1.068e-08,6.04185185868,1279.794572628
2,0,1.131e-08,3.61191445945,1887.3055176757
2,0,1.473e-08,4.12139842857,1436.5407527326
2,0,1.045e-08,4.22116967617,1570.9136480191
2,0,1.302e-08,2.50289331551,636.9765250072
2,0,1.036e-08,0.53491669677,1798.4398374587
2,0,1.368e-08,3.5574035986,79.2350166922
2,0,1.036e-08,5.26899994767,915.235359026
2,0,1.395e-08,0.46166683816,635.231419868
2,0,1.137e-08,3.27433871912,447.7958195265
2,0,1.025e-08,5.53132458018,951.6232895246
2,0,1.348e-08,3.81184021575,2004.364753465
2,0,1.421e-08,0.83890525684,152.5321425512
2,0,1.018e-08,0.87095306528,623.2225117576
2,0,1.188e-08,1.28708061167,70.3281804424
2,0,1.021e-08,2.67952604782,2730.2069586892
2,0,1.428e-08,4.58431304902,244.318584075
2,0,1.234e-08,2.88698069188,1467.8208738005
2,0,1.04e-08,0.83747359097,313.9441891018
2,0,1.369e-08,2.70606153896,4590.910180489
2,0,1.275e-08,0.52108766366,1363.2436268736
2,0,1.088e-08,1.95292844895,2310.722314814
2,0,9.98e-09,3.30517183292,231.4583427027
2,0,1.033e-08,1.08663300387,1028.3624415522
2,0,1e-08,0.35908379113,924.7965865816
2,0,1.111e-08,2.15462122005,103.6140390804
2,0,1.358e-08,3.05189802975,448.6895914038
2,0,9.8e-09,1.98911885489,961.705781942
2,0,9.67e-09,6.06331792493,665.0270682276
2,0,1.219e-08,4.14432847094,614.6244920485
2,0,1.038e-08,0.76497233984,170.7608257851
2,0,9.55e-09,2.14161353973,645.3139122854
2,0,9.77e-09,0.76357046359,84.3428261229
2,0,9.33e-09,5.39590871918,1578.7779545453
2,0,1.139e-08,4.36540036877,1052.7896480502
2,0,1.076e-08,5.29118995114,212.3358875915
2,0,1.071e-08,2.73962355675,214.2623032845
2,0,9.27e-09,2.34037338177,3796.7024358792
2,0,1.243e-08,3.14898976422,670.916774951
2,0,1.067e-08,4.16223201017,799.6124118352
2,0,1.035e-08,1.28671936236,2545.3620512544
2,0,1.048e-08,0.38010986538,1901.5326116773
2,0,1.243e-08,1.3034374492,184.7272873558
2,0,9.76e-09,6.08656223961,700.4517908797
2,0,1.099e-08,1.23775171296,611.5861106627
2,0,1.033e-08,3.86973990762,631.8205314667
2,0,9.6e-09,6.17390028803,4863.1979130692
2,0,8.75e-09,1.92996402694,4127.3213995374
2,0,1.194e-08,4.13143181474,8521.1198767086
2,0,9.67e-09,4.90660225484,828.8173593638
2,0,1.165e-08,0.11002151063,1511.3223512999
2,0,1.168e-08,2.24358551711,2861.753920911
2,0,8.91e-09,2.41639607024,213.2509113282
2,0,8.9e-09,5.61419511254,213.3472795478
2,0,1.147e-08,4.05160358756,1390.0008938474
2,0,8.73e-09,0.21748412885,322.0209439491
2,0,1.137e-08,5.96450825373,950.6600816781
2,0,1.03e-08,2.10311707723,395.105621487
2,0,1.156e-08,5.01608864815,696.5196376166
2,0,1.061e-08,3.86340607753,1014.1353475506
2,0,1.015e-08,5.07749588495,3487.4241132234
2,0,8.6e-09,1.59524432991,1152.9134768522
2,0,1.113e-08,6.08107598854,3384.3313390048
2,0,1.041e-08,4.2368554784,137.0330241624
2,0,9.39e-09,3.33696304667,1703.2113697663
2,0,8.72e-09,0.46189921104,1482.0479678021
2,0,8.32e-09,5.91197785635,1688.9842757647
2,0,9.83e-09,4.50835013554,1475.6851803267
2,0,8.51e-09,3.96788690898,5702.1672008196
2,0,1.105e-08,4.6869566995,1366.2125722902
2,0,8.77e-09,1.00645136806,357.4456666012
2,0,9.87e-09,2.2025444078,7210.9158184942
2,0,1.109e-08,5.81960537254,347.8844390456
2,0,9.92e-09,4.48964897088,4120.2078525366
2,0,8.27e-09,5.97494310096,20956.2620575166
2,0,8.11e-09,5.1591358003,5282.6825569444
2,0,9.14e-09,0.28107178678,1031.0707545379
2,0,9.99e-09,2.29914905811,1505.6932770074
2,0,1.012e-08,4.06912229625,1681.1199692385
2,0,1.093e-08,1.74052459203,761.7400086283
2,0,8.12e-09,0.69907573293,288.0806940053
2,0,1.118e-08,1.45389907306,892.5532576672
2,0,8.83e-09,4.10460162145,526.1678467456
2,0,8.83e-09,3.37767668051,533.2140834436
2,0,9.8e-09,4.65213623657,25035.6347583858
2,0,7.87e-09,2.68667239235,1056.6736172035
2,0,7.87e-09,4.43959540351,432.0148168474
2,0,8.39e-09,5.03969297034,4686.8894077068
2,0,9.65e-09,5.19162112321,1519.920371009
2,0,1.017e-08,1.6592846226,1019.7644218431
2,0,9.29e-09,0.76029521873,1130.2313754934
2,0,8.59e-09,0.82190799976,74.6697239827
2,0,7.81e-09,4.82412022465,2225.7887878601
2,0,8.58e-09,3.85737061744,74.8934731519
2,0,9.83e-09,2.38789107713,1670.0742689746
2,0,9.5e-09,1.75053669314,25021.4076643842
2,0,8.05e-09,1.40011575656,215.7467759928
2,0,9.33e-09,3.86854645253,2516.9078632512
2,0,8.09e-09,1.93195701192,348.635198571
2,0,8.41e-09,1.57805339944,643.0786800517
2,0,9.81e-09,4.48946441703,1288.4620283063
2,0,7.82e-09,0.66782646307,1731.5225454176
2,0,8.17e-09,1.92690312543,1372.5924061081
2,0,1.032e-08,3.19968565901,3075.053016349
2,0,7.93e-09,0.03897871144,5092.1519581158
2,0,8.99e-09,5.79764466292,1053.1621550657
2,0,7.42e-09,0.43265335833,896.4854109303
2,0,9.89e-09,2.27910418594,566.3395280241
2,0,9.89e-09,5.20317411602,493.0424021651
2,0,8.39e-09,6.03327141522,3700.7232086614
2,0,7.42e-09,2.64617353154,948.2124011233
2,0,7.56e-09,0.57260333982,172.2452984934
2,0,7.34e-09,3.78800004602,112.9146342051
2,0,7.66e-09,3.02399211768,402.2191684878
2,0,7.46e-09,0.30715456859,745.4377410874
2,0,8.7e-09,0.72037948511,537.3257769572
2,0,8.7e-09,3.62030616326,522.056153232
2,0,7.89e-09,0.10006236928,950.1388168163
2,0,7.32e-09,3.8587250033,1600.1185955477
2,0,7.25e-09,1.11399889356,208.633228992
2,0,7.69e-09,2.20223682113,6011.4455234754
2,0,9.85e-09,0.24088992371,1262.3860848887
2,0,7.73e-09,0.1816555677,8617.0991039264
2,0,9.24e-09,1.93653062696,1818.1529934009
2,0,8.42e-09,0.86970638651,98.8999885246
2,0,7.35e-09,0.3347429228,64.9597385808
2,0,7.8e-09,6.07428087424,949.12742486
2,0,7.36e-09,4.07491885224,23969.1392811958
2,0,8.65e-09,0.10126946188,3899.7952100978
2,0,7.07e-09,0.60198922161,292.0128472684
2,0,7.05e-09,2.70032710795,259.769518354
2,0,7.12e-09,4.70959378269,2108.4689196399
2,0,7.39e-09,1.72911998093,207.6700211455
2,0,8.85e-09,2.41352310917,77.962992305
2,0,9.01e-09,1.24670020211,3259.1471642584
2,0,7.12e-09,1.23230262093,4002.8879843164
2,0,7.05e-09,4.5529097747,657.1627617014
2,0,9.64e-09,2.76604156225,6915.8595893046
2,0,9.68e-09,5.5196442054,806.725958836
2,0,8.89e-09,4.95719313311,157.2674449664
2,0,8.1e-09,1.91237826709,677.7696895209
2,0,9.12e-09,1.19262236749,1791.3262904579
2,0,7.59e-09,5.69883291812,1542.6024723678
2,0,6.85e-09,5.20938711928,2218.6752408593
2,0,7.48e-09,2.39982571743,1997.5118388951
2,0,7.6e-09,5.50181256657,297.6419215609
2,0,8.04e-09,2.91740270997,1141.1340634054
2,0,8.56e-09,2.44397416548,369.0820676961
2,0,8.15e-09,0.85095606739,358.9301393095
2,0,9.23e-09,4.75881563433,179.3588454942
2,0,9.25e-09,1.39948133634,160.6088973985
2,0,7.04e-09,5.19559600972,718.6110381444
2,0,7.65e-09,0.82175084218,1834.6153196362
2,0,6.9e-09,2.49015304866,153.4953503977
2,0,7.43e-09,6.05727858122,306.0969289181
2,0,7.74e-09,3.70232316078,2431.9743362973
2,0,7.98e-09,3.06786502961,377.1588225434
2,0,6.39e-09,4.7935213234,650.9429865779
2,0,6.44e-09,2.20059124309,1304.9243545416
2,0,8.44e-09,4.36094366237,388.4651552382
2,0,8.51e-09,3.8406910947,2124.9836355019
2,0,6.66e-09,1.4776251948,2439.0878832981
2,0,6.42e-09,1.77466267233,4113.0943055358
2,0,8.86e-09,4.54581008875,110.1581371096
2,0,6.99e-09,2.04086900264,999.5781851489
2,0,8.48e-09,3.15427263274,444.7574381407
2,0,7.72e-09,0.19013329644,3333.9287628257
2,0,7.81e-09,2.37931191817,2416.9964827703
2,0,6.29e-09,1.93229139868,181.806526049
2,0,8.2e-09,2.58299952484,1371.8416465827
2,0,6.34e-09,1.62415516807,5908.3527492568
2,0,6.39e-09,2.75957878564,100.1720129118
2,0,7.57e-09,0.21224243565,703.6331846174
2,0,8.69e-09,4.19129690244,10846.0692855242
2,0,7.65e-09,5.21743833145,927.8349679674
2,0,6.5e-09,1.16668662255,558.1451530978
2,0,7.76e-09,1.74660591915,711.4974911436
2,0,6.21e-09,3.48991816372,4539.6924964118
2,0,6.11e-09,1.65684132714,4443.713269194
2,0,7.51e-09,1.10211044043,446.3113468182
2,0,7.26e-09,0.52382471288,2151.0071892928
2,0,7.53e-09,2.45390180994,88.1149206916
2,0,6.14e-09,2.12029152108,6121.6518446948
2,0,6.55e-09,4.657920945,1809.4855377226
2,0,6.14e-09,2.31607307821,1144.3154571431
2,0,6.17e-09,3.1666852307,4856.0843660684
2,0,5.96e-09,1.00488460547,737.3609862401
2,0,6.19e-09,2.80074763053,325.9530972122
2,0,7.15e-09,5.80133940123,385.5443939314
2,0,6.55e-09,3.93113809892,218.7157214094
2,0,6.17e-09,2.17399797113,920.8644333185
2,0,5.9e-09,1.05345868825,3634.6210245184
2,0,5.9e-09,2.98689226579,627.3671133418
2,0,6.11e-09,0.43380344797,392.6579409322
2,0,6.11e-09,0.76528954681,666.723989257
2,0,6.3e-09,2.45241625357,1751.539531416
2,0,7.16e-09,1.61483523862,3333.498879699
2,0,7.15e-09,4.50654502617,3347.7259737006
2,0,6.04e-09,5.25312756839,427.1194557378
2,0,5.78e-09,5.39625376106,881.5075574033
2,0,6.02e-09,5.73928138925,1670.8250285
2,0,5.71e-09,1.69274759242,1937.7080938548
2,0,5.81e-09,3.86128267375,2953.8009948657
2,0,7.54e-09,2.66282639252,1022.7333672597
2,0,7.36e-09,0.59694347292,601.5036182453
2,0,7.36e-09,0.60214952186,457.8783119439
2,0,6.93e-09,3.40651887511,1967.7161905355
2,0,6.92e-09,2.7951080582,3789.5888888784
2,0,5.61e-09,3.91963066988,443.8636662634
2,0,7.08e-09,3.02690614133,3391.4448860056
2,0,7.78e-09,3.25499863195,90.5626012464
2,0,6.33e-09,1.58661078881,12.5301729722
2,0,5.54e-09,2.66966231964,385.7568422525
2,0,5.51e-09,5.94541582437,4333.5069479746
2,0,6.05e-09,4.46112893899,835.7878940127
2,0,7.11e-09,1.10969378034,451.7279727896
2,0,5.6e-09,3.13972333555,420.9691165835
2,0,5.79e-09,5.96205182739,5179.5897827258
2,0,5.61e-09,0.89037751064,6702.5604938666
2,0,5.6e-09,2.10160839294,4701.1165017084
2,0,5.56e-09,4.53953488781,4804.209275927
2,0,5.75e-09,6.12046354156,1656.7409468503
2,0,5.59e-09,3.70916861075,388.7257876691
2,0,5.38e-09,2.49910108716,7564.830720738
2,0,7.27e-09,5.7073797151,344.7030453079
2,0,5.49e-09,2.31469925514,10632.7701900862
2,0,6.57e-09,0.6270255557,464.7312265138
2,0,6.15e-09,2.00048473575,3494.5376602242
2,0,6.01e-09,4.7325453333,426.0769260142
2,0,5.25e-09,4.24507155073,76674.63652943878
2,0,5.27e-09,5.96328911375,8734.4189721466
2,0,5.16e-09,4.97616716669,5599.074426601
2,0,5.07e-09,3.50263074303,615.5182639258
2,0,6.72e-09,1.51129840313,221.3758502853
2,0,7e-09,5.07945263007,3184.3655656911
2,0,5.99e-09,2.57804574588,184.9879197867
2,0,6.36e-09,6.02243533622,10110.1927719924
2,0,5.16e-09,3.70540463468,6018.5590704762
2,0,5.23e-09,3.92581999922,3906.9087570986
2,0,6.13e-09,0.15989670053,607.6539573996
2,0,5.83e-09,3.3500074589,4326.3934009738
2,0,5.21e-09,3.87424282467,127.4717966068
2,0,5.98e-09,0.51769443783,115.6229471908
2,0,5.93e-09,0.62671244929,758.7710632117
2,0,6.02e-09,5.52925928036,680.7386349375
2,0,6.41e-09,5.93127310899,421.93232443
2,0,4.96e-09,5.5069944979,2328.8815620787
2,0,6.74e-09,5.1473052626,282.4516197128
2,0,4.94e-09,4.88930673362,536.05375257
2,0,4.94e-09,5.73456422193,523.3281776192
2,0,5.03e-09,0.6623718526,1443.4418514123
2,0,5.92e-09,0.48058901083,106.0135355254
2,0,4.9e-09,1.40385202337,71.6002048296
2,0,6.06e-09,4.74080637045,3803.81598288
2,0,6.25e-09,1.34524913881,119.767548775
2,0,6.57e-09,0.40021926878,2350.8129039121
2,0,5.27e-09,4.42652413951,4436.5997221932
2,0,6.62e-09,3.06514170953,4959.177140287
2,0,4.88e-09,3.30536438368,419.532827985
2,0,6.36e-09,5.51768568959,664.2763087022
2,0,4.95e-09,1.58075964209,398.2870152247
2,0,6.28e-09,4.75127425715,1560.6187072806
2,0,5e-09,3.44000835802,8631.326197928
2,0,4.74e-09,0.04770076651,102.3420146932
2,0,5.89e-09,0.26867746379,2740.5018994277
2,0,6e-09,0.00176767996,634.2682120215
2,0,4.74e-09,3.61718578829,2203.6973873323
2,0,5.11e-09,1.7821225545,207.1487562837
2,0,6.48e-09,6.03788509546,22.0914005278
2,0,5.15e-09,4.5658398488,1090.8744995782
2,0,5.49e-09,0.85225402277,701.936263588
2,0,4.68e-09,1.82146214833,477.0007670551
2,0,4.68e-09,5.66081615363,582.3811631341
2,0,4.96e-09,3.01514968503,2758.6611466924
2,0,5.43e-09,6.27930493432,578.449009871
2,0,5.43e-09,1.20297336764,480.9329203182
2,0,5.05e-09,0.44577011956,398.1440028728
2,0,4.8e-09,2.53110795595,3046.5988283458
2,0,5.73e-09,6.09163052699,1132.6790560482
2,0,4.68e-09,0.18128030054,419.4364597654
2,0,4.8e-09,2.95348186297,2132.99095438
2,0,4.72e-09,3.76379829341,103.843533744
2,0,4.67e-09,0.49089030603,2047.9144150742
2,0,4.63e-09,4.21399976185,429.5189521828
2,0,5.37e-09,1.08146351182,425.1137181677
2,0,4.72e-09,1.62568669915,2527.2028039897
2,0,4.51e-09,3.62252628618,1457.525933062
2,0,4.51e-09,2.46062696619,10977.078804699
2,0,5.34e-09,2.70956518248,843.6351541964
2,0,4.71e-09,2.88669732848,2572.1887541974
2,0,5.58e-09,0.57206557222,594.6507036754
2,0,5.88e-09,0.10679818786,458.090760265
2,0,4.64e-09,5.97996999324,4017.115078318
2,0,4.82e-09,2.66182113624,6114.538297694
2,0,4.49e-09,6.27506282835,1221.8485663214
2,0,4.47e-09,3.83471115676,475.3562356524
2,0,4.47e-09,3.6475671452,584.0256945368
2,0,5.74e-09,4.09850700417,87.3117715395
2,0,4.66e-09,2.22914602566,632.2624744514
2,0,6.24e-09,1.32803409508,10529.6774158676
2,0,4.87e-09,0.70358405204,321.0577361026
2,0,4.42e-09,6.00134152023,109.6850563576
2,0,5.43e-09,0.48848038573,3914.0223040994
2,0,5.58e-09,6.11657983138,2199.7652340692
2,0,5.22e-09,1.28108103701,383.0967133766
2,0,4.42e-09,4.84282576196,2936.3925071264
2,0,5.24e-09,0.03009305276,1336.4169239306
2,0,4.5e-09,1.45745967104,540.9972977894
2,0,4.5e-09,2.88322597733,518.3846323998
2,0,4.66e-09,4.77540191622,733.428832977
2,0,5.41e-09,1.50869067477,72.3339180125
2,0,5.1e-09,2.46251099391,340.7708920448
2,0,4.65e-09,2.19694664935,1083.7609525774
2,0,6.05e-09,6.19042796666,6599.467719648
2,0,6.02e-09,0.32017022594,354.5249052944
2,0,6.02e-09,0.87892276884,704.8570248948
2,0,4.37e-09,4.92559532055,2535.0671105159
2,0,4.68e-09,3.76982493207,212.7778305762
2,0,5.79e-09,0.71604969737,597.5714649822
2,0,5.79e-09,0.48304329741,461.810465207
2,0,5.23e-09,3.66903787035,2424.1100297711
2,0,4.8e-09,3.58335890884,1105.8523531052
2,0,4.66e-09,4.26202338577,213.8203602998
2,0,5.8e-09,2.47100192063,2100.6046131137
2,0,5.61e-09,5.1930699886,1858.9943420244
2,0,5.36e-09,0.190036656,131.4039498699
2,0,4.42e-09,5.80146904507,1068.9431577448
2,0,4.19e-09,3.18915415915,2090.3096723752
2,0,4.32e-09,4.43898680981,2080.6308247406
2,0,4.15e-09,1.39174996628,4760.1051388506
2,0,4.51e-09,1.43760446178,206.1373643274
2,0,5.31e-09,3.40017373163,300.6108669775
2,0,5.56e-09,3.25263620772,1595.2926704073
2,0,5.58e-09,5.74254657754,2347.8439584955
2,0,4.1e-09,0.56301185652,7.8643065262
2,0,4.93e-09,5.04782378272,2879.0193962984
2,0,5.51e-09,0.72617989359,8837.5117463652
2,0,4.32e-09,6.00835189765,1300.9922012785
2,0,4.29e-09,1.26761639656,4635.6717236296
2,0,5.45e-09,2.06900453375,2004.6253858959
2,0,4.63e-09,2.74972811778,633.305004175
2,0,4.76e-09,3.5321509897,2833.2997329078
2,0,4.12e-09,4.49217479834,2542.1806575167
2,0,4.69e-09,5.20635692603,2274.5468326365
2,0,4.65e-09,3.6230678879,4010.0015313172
2,0,3.99e-09,1.89120860742,1621.3162241982
2,0,4.21e-09,4.17496784439,638.4128136057
2,0,4.83e-09,0.89846608938,154.2984995498
2,0,3.94e-09,4.47940534021,2424.8607892965
2,0,4.12e-09,2.38738335229,83.3796182764
2,0,3.84e-09,4.81260634232,673.6250879367
2,0,4.8e-09,4.83228035316,9050.8108418032
2,0,4e-09,1.20409319679,2755.4797529547
2,0,4.99e-09,5.48470112681,1973.1328165069
2,0,3.91e-09,3.77310038627,670.6561425201
2,0,3.96e-09,1.19425682508,50586.73338786459
2,0,4.68e-09,4.28224331796,1970.6851359521
2,0,4.04e-09,1.95147636572,6327.837393132
2,0,4.7e-09,6.23427028473,878.3261636656
2,0,3.93e-09,3.49501113951,203.7378678824
2,0,4.72e-09,0.93318411225,416.7763308895
2,0,4.43e-09,5.22068474603,1987.2168981566
2,0,4.91e-09,1.09229246916,601.2911699242
2,0,5.03e-09,1.62796162151,5856.4776591154
2,0,5.11e-09,3.34354440535,77.2292791221
2,0,4.02e-09,1.57660654845,177.8743727859
2,0,4.67e-09,4.62700522628,2654.6746005965
2,0,3.97e-09,3.56270803011,5371.5482371614
2,1,0.01694792137,3.14159265359,0.0
2,1,0.00634254247,4.81903195356,1059.3819301892
2,1,0.0060058715,0.85811137383,522.5774180938
2,1,0.005883672,0.34491553018,536.8045120954
2,1,0.00081289939,1.90910271853,7.1135470008
2,1,0.00046843519,1.91294033052,529.6909650946
2,1,0.00046150068,5.16955995419,1589.0728952838
2,1,0.00032472443,0.17640771395,1052.2683831884
2,1,0.00031201535,0.77624038457,1066.49547719
2,1,0.00019475766,3.00913152396,110.2063212194
2,1,0.00016865586,2.45297644533,426.598190876
2,1,0.00013690691,5.02101628562,632.7837393132
2,1,0.00013022204,0.98978959368,515.463871093
2,1,9.113996e-05,0.21022418619,543.9180590962
2,1,8.101295e-05,4.58123045927,949.1756089698
2,1,7.141932e-05,1.60339474172,323.5054166574
2,1,4.284393e-05,0.0749044422,206.1855484372
2,1,4.343053e-05,5.85522747181,735.8765135318
2,1,3.39849e-05,1.3303316918,526.5095713569
2,1,3.328707e-05,6.14951855343,532.8723588323
2,1,3.148193e-05,0.98470202558,419.4846438752
2,1,3.871201e-05,1.76872695106,14.2270940016
2,1,3.041302e-05,0.08329755674,525.7588118315
2,1,2.99862e-05,1.11280597644,533.6231183577
2,1,2.972552e-05,3.35303238649,103.0927742186
2,1,2.325776e-05,2.06697271149,316.3918696566
2,1,2.98734e-05,5.51944851941,2118.7638603784
2,1,1.873488e-05,5.3265615562,742.9900605326
2,1,1.852299e-05,1.19908749676,1596.1864422846
2,1,1.966492e-05,3.51895000316,956.2891559706
2,1,1.805775e-05,5.40302012288,95.9792272178
2,1,1.530303e-05,2.74905823262,117.3198682202
2,1,1.727332e-05,0.63018404294,220.4126424388
2,1,1.883583e-05,0.29906423084,1581.959348283
2,1,1.54833e-05,6.1741748383,639.897286314
2,1,1.635354e-05,6.09268929177,1045.1548361876
2,1,1.259066e-05,0.07170674498,625.6701923124
2,1,1.046522e-05,0.95429910486,433.7117378768
2,1,1.034932e-05,0.98276277734,1265.5674786264
2,1,9.82606e-06,6.14294792093,1169.5882514086
2,1,7.77939e-06,4.83569613917,942.062061969
2,1,8.8715e-06,1.10233197165,309.2783226558
2,1,8.41018e-06,0.18382096159,1155.361157407
2,1,7.67275e-06,4.84778882823,1162.4747044078
2,1,5.40475e-06,2.67909225965,853.196381752
2,1,4.9593e-06,0.12111154654,199.0720014364
2,1,4.82262e-06,4.31775203037,1692.1656695024
2,1,5.09414e-06,5.76650209909,213.299095438
2,1,4.7416e-06,0.05025970892,838.9692877504
2,1,4.99345e-06,1.44990415973,330.6189636582
2,1,3.83407e-06,0.60155191685,1073.6090241908
2,1,4.11452e-06,5.82460577896,728.762966531
2,1,4.11517e-06,4.6399951362,1478.8665740644
2,1,2.32877e-06,1.13628632393,508.3503240922
2,1,2.48894e-06,0.1693707098,1272.6810256272
2,1,1.98612e-06,1.38938511239,1375.7737998458
2,1,2.03584e-06,1.40731268482,3.1813937377
2,1,2.14798e-06,6.16959891286,412.3710968744
2,1,1.81515e-06,2.07919235187,1368.660252845
2,1,1.74255e-06,0.28157478059,1062.5633239269
2,1,1.89109e-06,5.86994869354,2648.454825473
2,1,1.67275e-06,0.94404549184,1258.4539316256
2,1,1.55591e-06,2.11474224502,3.9321532631
2,1,1.61231e-06,1.44975727685,519.3960243561
2,1,1.43962e-06,0.51310850188,1055.4497769261
2,1,1.26626e-06,1.7446004248,1063.3140834523
2,1,1.33214e-06,0.48874763105,227.5261894396
2,1,1.24607e-06,0.04993608925,551.031606097
2,1,1.25376e-06,6.02560759682,539.9859058331
2,1,1.46492e-06,1.15160820131,1056.2005364515
2,1,1.15764e-06,1.61098162062,2125.8774073792
2,1,1.17096e-06,5.45594228337,1471.7530270636
2,1,1.42844e-06,0.02657965346,1574.8458012822
2,1,1.43426e-06,4.51346599246,1485.9801210652
2,1,9.7698e-07,0.44121291572,2111.6503133776
2,1,9.304e-07,0.28789276865,1699.2792165032
2,1,8.4322e-07,6.00202886732,440.8252848776
2,1,9.9934e-07,1.09427323363,618.5566453116
2,1,1.03259e-06,1.14894217998,302.164775655
2,1,1.02262e-06,1.62702424606,21.3406410024
2,1,7.8185e-07,3.52291643865,525.0250986486
2,1,7.6163e-07,6.24219322456,647.0108333148
2,1,7.4807e-07,3.9578798754,534.3568315406
2,1,8.7844e-07,0.18833403824,831.8557407496
2,1,6.1943e-07,4.67305937908,2221.856634597
2,1,5.3422e-07,4.15773861872,2008.557539159
2,1,6.689e-07,0.70927232633,1685.0521225016
2,1,5.2789e-07,6.10373692289,1038.0412891868
2,1,4.6409e-07,0.92753244625,524.2743391232
2,1,4.9463e-07,1.18264387489,963.4027029714
2,1,4.5782e-07,0.27156053621,535.107591066
2,1,5.4236e-07,0.01818231207,750.1036075334
2,1,5.6181e-07,1.05958309043,1795.258443721
2,1,3.9365e-07,3.24874113885,1382.8873468466
2,1,3.8663e-07,5.95486778331,511.5317178299
2,1,3.6523e-07,1.51420033895,547.8502123593
2,1,3.5968e-07,1.26252623906,10.2949407385
2,1,3.6868e-07,6.25234819034,526.7702037878
2,1,3.6603e-07,1.23015782265,532.6117264014
2,1,3.0583e-07,2.554889466,124.433415221
2,1,2.789e-07,0.13975598355,1802.3719907218
2,1,3.1796e-07,4.52920938031,76.2660712756
2,1,3.0068e-07,3.23012337704,846.0828347512
2,1,2.8063e-07,5.95243133202,149.5631971346
2,1,3.0163e-07,1.34324693327,1898.3512179396
2,1,2.5353e-07,0.24938499571,540.7366653585
2,1,2.2442e-07,5.93438363618,1148.2476104062
2,1,2.6652e-07,1.48193861065,1905.4647649404
2,1,2.2688e-07,5.52878572537,934.9485149682
2,1,1.8196e-07,2.37271651784,909.8187330546
2,1,1.7089e-07,0.99046298511,1603.2999892854
2,1,1.7538e-07,4.47072665413,525.4981794006
2,1,1.7368e-07,3.01139900055,533.8837507886
2,1,1.8148e-07,3.41220760474,106.2741679563
2,1,1.6135e-07,5.85989460981,99.9113804809
2,1,1.9261e-07,2.61311520085,1361.5467058442
2,1,1.6035e-07,0.28776467937,191.9584544356
2,1,1.9603e-07,5.81126286038,1788.1448967202
2,1,1.4673e-07,0.17408284113,518.6452648307
2,1,1.7795e-07,2.0732161575,88.865680217
2,1,1.4747e-07,0.47450508591,1049.0869894507
2,1,1.7293e-07,2.8933934372,18.1592472647
2,1,1.7411e-07,1.97394545907,860.3099287528
2,1,1.3252e-07,3.5892518546,36.6485629295
2,1,1.1395e-07,5.26261384784,1464.6394800628
2,1,1.1742e-07,6.2174754541,3178.1457905676
2,1,1.4681e-07,1.29179190664,337.732510659
2,1,1.4886e-07,4.90997527988,107.0249274817
2,1,1.2488e-07,0.74887488462,39.6175083461
2,1,1.1204e-07,4.74151565288,99.1606209555
2,1,1.1669e-07,0.86641948321,2214.7430875962
2,1,1.3929e-07,6.17036092151,721.6494195302
2,1,1.2278e-07,5.65264690988,2104.5367663768
2,1,1.0939e-07,0.71222731144,1251.3403846248
2,1,1.1017e-07,3.18646798405,604.4725636619
2,1,1.1026e-07,5.28388535292,2015.6710861598
2,1,8.957e-08,4.48061869248,92.0470739547
2,1,1.0164e-07,0.6299231039,73.297125859
2,1,1.0028e-07,3.9476685717,497.4476361802
2,1,1.0134e-07,0.68933796308,1592.2542890215
2,1,1.0812e-07,0.05745880472,1891.2376709388
2,1,8.987e-08,1.18748207226,224.3447957019
2,1,8.447e-08,0.96776660732,1585.1407420207
2,1,9.172e-08,3.54380107143,561.934294009
2,1,1.0215e-07,4.40184348382,454.9093665273
2,1,1.0858e-07,2.27877819022,113.3877149571
2,1,8.018e-08,0.05624075316,629.6023455755
2,1,7.531e-08,3.92430577039,11.0457002639
2,1,7.59e-08,3.72659991001,39.3568759152
2,1,7.544e-08,0.76057765355,2228.9701815978
2,1,7.709e-08,6.01459194385,636.7158925763
2,1,7.357e-08,2.0774222596,2655.5683724738
2,1,7.231e-08,1.08428678941,429.7795846137
2,1,7.334e-08,3.90865182026,530.44172462
2,1,7.334e-08,3.5736264817,528.9402055692
2,1,8.072e-08,1.31940181731,1585.8915015461
2,1,7.085e-08,5.85909901313,1158.5425511447
2,1,7.688e-08,0.70634789911,2001.4439921582
2,1,7.105e-08,3.52235507593,1048.3362299253
2,1,8.989e-08,4.8993956558,114.1384744825
2,1,7.644e-08,3.78622130562,121.2520214833
2,1,6.822e-08,0.88572352734,312.4597163935
2,1,7.022e-08,4.91750543677,953.1077622329
2,1,6.467e-08,5.5489762705,1165.6560981455
2,1,6.353e-08,0.77690107419,1159.2933106701
2,1,6.57e-08,4.80752283462,635.9651330509
2,1,7.531e-08,6.26541380179,1567.7322542814
2,1,6.51e-08,4.52827964645,2538.2485042536
2,1,6.279e-08,6.20656008315,209.3669421749
2,1,6.175e-08,2.6491276756,983.1158589136
2,1,5.965e-08,0.34957712964,234.6397364404
2,1,5.841e-08,0.50541468252,1166.4068576709
2,1,5.767e-08,0.02130325225,387.2413149608
2,1,7.545e-08,1.60239307325,405.2575498736
2,1,5.547e-08,1.62620023863,611.4430983108
2,1,5.671e-08,4.94594693828,1041.2226829245
2,1,5.516e-08,0.37582147283,70.8494453042
2,1,5.996e-08,1.17778867729,319.5732633943
2,1,5.519e-08,2.07020506527,1593.0050485469
2,1,5.189e-08,5.63082164988,447.9388318784
2,1,5.286e-08,2.89187059401,505.3119427064
2,1,6.907e-08,6.10591436468,305.3461693927
2,1,5.224e-08,1.38118993461,422.6660376129
2,1,5.836e-08,2.54212786208,458.8415197904
2,1,5.192e-08,2.58979959458,423.4167971383
2,1,5.406e-08,2.80859538387,437.6438911399
2,1,6.38e-08,5.07465796092,2751.5475996916
2,1,4.972e-08,4.59040744235,554.0699874828
2,1,5.942e-08,1.75506064905,512.2824773553
2,1,4.807e-08,0.26863943289,494.2662424425
2,1,5.306e-08,0.11969594807,1069.6768709277
2,1,4.645e-08,5.07925345397,1781.0313497194
2,1,5.477e-08,3.44336586906,2324.9494088156
2,1,5.203e-08,0.30884116137,498.6714764576
2,1,4.359e-08,1.33181294212,672.1406152284
2,1,4.397e-08,0.93048360298,565.1156877467
2,1,4.611e-08,5.66081575236,679.2541622292
2,1,5.248e-08,5.11443042599,945.9942152321
2,1,4.702e-08,4.62820043054,621.7380390493
2,1,4.812e-08,0.890251404,560.7104537316
2,1,4.406e-08,2.38746661175,81.7521332162
2,1,4.305e-08,1.60213165112,1070.4276304531
2,1,4.781e-08,4.94272065629,600.5404103988
2,1,4.126e-08,0.17865282295,216.4804891757
2,1,4.148e-08,0.34385943693,1080.7225711916
2,1,4.394e-08,5.51741452448,628.8515860501
2,1,4.151e-08,1.93098926861,63.7358983034
2,1,4.092e-08,0.27540506225,643.8294395771
2,1,5.372e-08,5.86592545517,2207.6295405954
2,1,4.612e-08,3.96539290551,32.2433289144
2,1,3.923e-08,1.49171539794,217.2312487011
2,1,3.845e-08,0.0268783762,970.5162499722
2,1,3.898e-08,4.36796507234,1064.0477966352
2,1,4.009e-08,3.61406919649,952.3570027075
2,1,5.317e-08,0.68694460143,210.1177017003
2,1,3.88e-08,3.72470845935,504.561183181
2,1,4.462e-08,0.25128459874,835.0371344873
2,1,4.619e-08,1.72269188587,430.5303441391
2,1,4.981e-08,1.25438032395,295.0512286542
2,1,4.567e-08,0.11329133595,757.2171545342
2,1,3.965e-08,6.0521934101,501.3797894433
2,1,3.861e-08,0.16362815949,746.9222137957
2,1,3.65e-08,4.63685741915,2420.9286360334
2,1,3.643e-08,3.75756954654,554.8207470082
2,1,4.16e-08,0.45778233334,824.7421937488
2,1,3.486e-08,0.90717666812,2317.8358618148
2,1,3.693e-08,1.43008452935,558.0021407459
2,1,3.443e-08,2.77873462243,85.8272988312
2,1,4.073e-08,6.15464714899,739.8086667949
2,1,3.303e-08,1.42720313539,501.2367770914
2,1,3.279e-08,5.15857465347,654.1243803156
2,1,4.224e-08,5.65691659614,547.0994528339
2,1,3.214e-08,4.63994266567,498.1983957056
2,1,3.501e-08,2.36612663742,320.3240229197
2,1,3.703e-08,1.63373351464,1493.093668066
2,1,3.357e-08,2.02753125717,6275.9623029906
2,1,2.969e-08,2.84233520507,561.1835344836
2,1,3.03e-08,3.64777234822,1912.5783119412
2,1,3.251e-08,1.48666767532,6290.1893969922
2,1,3.076e-08,3.34580219444,1677.9385755008
2,1,2.83e-08,0.77469965362,2641.3412784722
2,1,3.14e-08,3.45003804769,10206.1719992102
2,1,3.116e-08,1.34770723612,483.2205421786
2,1,2.968e-08,0.95733368724,597.3590166611
2,1,3.023e-08,3.68951807384,938.1299087059
2,1,3.496e-08,3.80583016563,1054.7160637432
2,1,2.741e-08,5.88379306688,1151.4290041439
2,1,3.04e-08,2.90970123602,10220.3990932118
2,1,2.72e-08,1.00934911898,326.6868103951
2,1,2.672e-08,0.39245063721,521.8266585684
2,1,2.672e-08,0.80664235757,537.5552716208
2,1,2.599e-08,6.2136685551,960.2213092337
2,1,2.658e-08,1.14453224197,1061.829610744
2,1,2.847e-08,1.35110287281,1176.7017984094
2,1,2.545e-08,4.77646044599,1098.7388061044
2,1,3.091e-08,0.28283825059,2332.0629558164
2,1,2.658e-08,5.35693010643,1056.9342496344
2,1,3.34e-08,0.89694401439,2531.1349572528
2,1,3.075e-08,6.2750857089,462.0229135281
2,1,2.804e-08,6.16566371601,576.1613880106
2,1,2.994e-08,3.654725741,230.5645708254
2,1,2.346e-08,3.31946563103,945.2434557067
2,1,2.555e-08,0.67380935045,415.5524906121
2,1,2.339e-08,0.00663392327,460.5384408198
2,1,2.287e-08,4.80075294106,2097.423219376
2,1,2.748e-08,5.44723105301,2524.021410252
2,1,2.33e-08,2.61193168127,849.2642284889
2,1,2.379e-08,6.16267328554,202.2533951741
2,1,3.051e-08,0.63542797059,203.0041546995
2,1,2.256e-08,1.40980672956,1053.9653042178
2,1,2.189e-08,3.11418199665,1514.2912967165
2,1,2.373e-08,4.07778996079,523.4711899711
2,1,2.373e-08,3.40448834117,535.9107402181
2,1,2.047e-08,1.13140977147,988.532484885
2,1,2.105e-08,1.65182568239,1059.3337460794
2,1,2.044e-08,3.86812530423,138.5174968707
2,1,2.369e-08,6.18956428442,732.6951197941
2,1,2.015e-08,1.84497496112,46.470422916
2,1,2.005e-08,3.91183410083,731.9443602687
2,1,1.997e-08,0.01573565092,504.4181708291
2,1,2.033e-08,0.46619876707,1173.5204046717
2,1,2.284e-08,1.11740659058,528.0464336919
2,1,2.284e-08,0.0816864042,531.3354964973
2,1,2.226e-08,0.29140866606,5230.807466803
2,1,2.084e-08,3.79496268497,490.3340891794
2,1,2.02e-08,3.27527557464,567.8240007324
2,1,1.939e-08,0.63756905811,1064.7985561606
2,1,2.346e-08,4.61879426619,739.0579072695
2,1,1.905e-08,1.9407611888,1077.5411774539
2,1,2.05e-08,5.31232261606,195.1398481733
2,1,1.874e-08,1.18335705821,554.9637593601
2,1,2.388e-08,2.65750056379,334.5511169213
2,1,2.111e-08,0.80586078544,5216.5803728014
2,1,2.086e-08,1.74158554893,1062.302691496
2,1,2.069e-08,1.71509396441,9161.0171630226
2,1,1.809e-08,3.99744410279,491.5579294568
2,1,2.002e-08,5.91194040806,142.4496501338
2,1,1.892e-08,3.68925347774,569.0478410098
2,1,1.778e-08,2.95457611984,842.1506814881
2,1,1.773e-08,1.30351669897,67.6680515665
2,1,1.965e-08,2.22838539482,9146.790069021
2,1,1.684e-08,0.96891211772,598.8434893694
2,1,1.666e-08,4.51582119325,1058.4187223427
2,1,2.105e-08,4.84963681002,1059.430114299
2,1,1.684e-08,4.4225272018,2737.32050569
2,1,1.966e-08,6.06718677944,416.3032501375
2,1,1.57e-08,2.80724611689,78.7137518304
2,1,2.106e-08,6.18783647179,1884.124123938
2,1,1.546e-08,3.68581978626,327.4375699205
2,1,1.508e-08,0.57548049059,2634.2277314714
2,1,1.493e-08,5.35652330214,3067.9394693482
2,1,1.554e-08,1.65638330653,2435.155730035
2,1,1.437e-08,0.15153485897,1056.4611688824
2,1,1.666e-08,1.98564123475,1060.3451380357
2,1,1.454e-08,4.4016049925,2854.6403739102
2,1,1.879e-08,1.70024089685,528.2064923863
2,1,1.879e-08,5.78203740511,531.1754378029
2,1,1.693e-08,4.87451214007,724.8308132679
2,1,1.827e-08,1.10955453764,1364.7280995819
2,1,1.343e-08,1.93869519971,916.9322800554
2,1,1.498e-08,3.83212858272,1134.1635287565
2,1,1.41e-08,4.97054926442,1091.6252591036
2,1,1.706e-08,3.77129732727,1279.794572628
2,1,1.52e-08,5.37754317175,977.4867846211
2,1,1.408e-08,1.45754211476,1269.4996318895
2,1,1.508e-08,3.34515937416,299.1263942692
2,1,1.343e-08,1.92467316978,1354.4331588434
2,1,1.518e-08,1.61233888307,1439.5096981492
2,1,1.268e-08,5.5967666796,1474.9344208013
2,1,1.308e-08,5.87704730505,558.1451530978
2,1,1.365e-08,3.14974903366,1446.62324515
2,1,1.435e-08,4.97958755613,991.7138786227
2,1,1.235e-08,0.66052761201,1475.6851803267
2,1,1.286e-08,1.8445004738,380.12776796
2,1,1.339e-08,0.92704363552,2847.5268269094
2,1,1.144e-08,5.291367463,1482.0479678021
2,1,1.323e-08,5.16544573102,284.1485407422
2,1,1.56e-08,2.59829890086,100.6450936638
2,1,1.145e-08,4.47807440609,408.4389436113
2,1,1.132e-08,3.62425240134,1063.5747158832
2,1,1.22e-08,2.47481989397,373.0142209592
2,1,1.079e-08,0.26102705757,1482.7987273275
2,1,1.252e-08,5.77248253921,473.068613792
2,1,1.242e-08,1.39155353408,520.129737539
2,1,1.242e-08,2.94913211429,539.2521926502
2,1,1.273e-08,4.66529140108,842.9014410135
2,1,1.421e-08,5.33916221251,2840.4132799086
2,1,1.133e-08,4.77291959539,35.1640902212
2,1,1.306e-08,0.67255756115,74.7815985673
2,1,1.222e-08,3.29271947698,1994.3304451574
2,1,1.03e-08,3.78515935351,850.0149880143
2,1,9.84e-09,0.3709023902,536.8526962052
2,1,9.84e-09,3.96978325817,522.529233984
2,1,1.165e-08,1.66359385295,2758.6611466924
2,1,1.015e-08,5.23059949116,450.9772132642
2,1,1.029e-08,1.56763208573,313.2104759189
2,1,1.121e-08,2.24402409676,4164.311989613
2,1,9.94e-09,1.30901040464,1969.2006632438
2,1,9.44e-09,0.95774392273,3163.918696566
2,1,1.047e-08,1.76345593121,586.3133163972
2,1,9.01e-09,1.3832963816,248.7238180901
2,1,9e-09,0.83061588531,3480.3105662226
2,1,8.81e-09,5.31113210528,3384.3313390048
2,1,1.056e-08,0.81526253414,2545.3620512544
2,1,1.178e-08,2.14372062567,2428.0421830342
2,1,1.007e-08,3.63586452957,1432.3961511484
2,1,1.017e-08,3.67393791007,8094.5216858326
2,1,9.84e-09,0.88440907863,522.6256022036
2,1,9.84e-09,3.45627656974,536.7563279856
2,1,8.65e-09,0.50216013525,2950.619601128
2,1,8.73e-09,4.74768173992,2413.8150890326
2,1,8.22e-09,2.21364343296,4539.6924964118
2,1,8.91e-09,0.04963796225,486.4019359163
2,1,8.32e-09,2.25167601382,608.404716925
2,1,1.129e-08,5.87079751174,2200.5159935946
2,1,8.82e-09,5.83304308882,41.1019810544
2,1,8.66e-09,4.29611856959,1141.1340634054
2,1,9.58e-09,1.27970555258,155.7829722581
2,1,8.25e-09,1.82027592583,8617.0991039264
2,1,7.85e-09,3.70194655878,3803.81598288
2,1,9.43e-09,0.21048093986,151.0476698429
2,1,7.8e-09,5.82856731272,9153.9036160218
2,1,7.84e-09,5.32113346121,1791.3262904579
2,1,8.21e-09,3.21388542837,902.7051860538
2,1,7.81e-09,0.97332239037,1578.7779545453
2,1,7.66e-09,0.71376571141,3810.9295298808
2,1,9.49e-09,6.26912102192,298.2326223919
2,1,8.01e-09,3.05567719876,77204.32749453338
2,1,7.79e-09,0.55053192876,521.6142102473
2,1,7.79e-09,3.79015371961,537.7677199419
2,1,7.55e-09,2.10393125979,8631.326197928
2,1,8.29e-09,3.04136554762,2957.7331481288
2,1,7.43e-09,3.4983481841,1059.903195051
2,1,7.43e-09,3.07971309061,3274.1250177854
2,1,7.8e-09,5.38986403689,605.9570363702
2,1,7.99e-09,1.14945420076,572.9799942729
2,1,8.02e-09,2.35695692863,984.6003316219
2,1,7.64e-09,0.39766128691,1792.0770499833
2,1,7.15e-09,1.28765336247,1688.9842757647
2,1,7.51e-09,1.02173203233,1670.8250285
2,1,8.5e-09,2.33021670338,775.233389447
2,1,7.39e-09,4.25047385192,967.3348562345
2,1,7.02e-09,4.47851796652,5223.6939198022
2,1,7.26e-09,4.13077301998,3053.7123753466
2,1,8.48e-09,4.81954421072,1289.9465010146
2,1,7.01e-09,2.88277383921,245.5424243524
2,1,6.76e-09,2.40793716843,2310.722314814
2,1,6.84e-09,5.02029969007,1798.4398374587
2,1,7e-09,2.95656616511,487.1526954417
2,1,7e-09,4.52571213685,572.2292347475
2,1,6.67e-09,5.58820603533,1012.9115072732
2,1,8.56e-09,5.49062175402,3281.2385647862
2,1,6.88e-09,4.53443685661,5062.2699145056
2,1,6.7e-09,2.20829954235,398.1440028728
2,1,7e-09,0.9082541837,166.828672522
2,1,6.74e-09,3.88153164593,4649.8988176312
2,1,6.79e-09,5.25022214235,24498.8302462904
2,1,7.29e-09,4.80748161782,4546.8060434126
2,1,6.51e-09,1.93840355543,4856.0843660684
2,1,6.65e-09,1.6210395035,306.0969289181
2,1,6.49e-09,6.27565603355,1799.1905969841
2,1,7.12e-09,1.82235727085,71.8126531507
2,1,7.04e-09,5.13302286395,5165.3626887242
2,1,7.48e-09,0.9380518436,2861.753920911
2,1,6.26e-09,0.63607861789,3796.7024358792
2,1,6.29e-09,3.95200945726,3487.4241132234
2,1,7.18e-09,2.94974266304,77.7505439839
2,1,7.03e-09,4.75333752379,2288.3440435114
2,1,7.03e-09,5.25394837027,2274.1169495098
2,1,6.11e-09,5.22985008895,5746.271337896
2,1,6.3e-09,4.03795930066,4333.5069479746
2,1,6.06e-09,0.77317400848,1751.539531416
2,1,7.48e-09,1.94530786303,1262.3860848887
2,1,5.96e-09,2.67910420053,3590.516887442
2,1,7.79e-09,0.03702524033,535.8413042489
2,1,7.79e-09,4.30366040804,523.5406259403
2,1,5.78e-09,0.90023029993,3494.5376602242
2,1,6.07e-09,1.35240171145,2132.99095438
2,1,7.57e-09,1.31807608705,105.5404547734
2,1,7.44e-09,6.04792773935,643.0786800517
2,1,5.69e-09,4.64485571012,4017.115078318
2,1,7.2e-09,1.48967021247,3075.053016349
2,1,5.86e-09,2.03862098556,453.424893819
2,1,5.73e-09,5.97537798329,394.3548619616
2,1,6.34e-09,6.09734075114,469.8872200543
2,1,5.59e-09,0.92746805833,444.7574381407
2,1,5.67e-09,5.33234912069,1887.3055176757
2,1,5.64e-09,2.5197509588,1127.0499817557
2,1,5.47e-09,0.43067657913,4127.3213995374
2,1,6.24e-09,2.95326482349,25035.6347583858
2,1,7.67e-09,0.652076447,927.8349679674
2,1,7.01e-09,2.35692203971,1819.6374661092
2,1,6.5e-09,4.97825491434,4230.414173756
2,1,5.45e-09,6.0968646122,810.6581120991
2,1,6.16e-09,3.45386363434,25021.4076643842
2,1,5.37e-09,1.85184528328,782.3469364478
2,1,5.41e-09,5.13234346501,3700.7232086614
2,1,5.43e-09,0.02138348498,4738.7644978482
2,1,5.26e-09,4.37099486824,3171.0322435668
2,1,5.24e-09,2.47451797434,2744.4340526908
2,1,6.3e-09,3.30718088155,5069.3834615064
2,1,5.34e-09,6.16997492577,436.8931316145
2,1,5.23e-09,2.13983751104,3060.8259223474
2,1,5.41e-09,0.28060434582,1268.7488723641
2,1,6.66e-09,6.02394430259,4525.4654024102
2,1,5.93e-09,5.06338221497,4642.7852706304
2,1,4.93e-09,3.86164538549,10021.8372800994
2,1,6.6e-09,5.1150128199,3156.8051495652
2,1,6.28e-09,0.19896395151,1560.6187072806
2,1,5.28e-09,2.69043641375,3252.784376783
2,1,5.46e-09,1.38493599415,589.4947101349
2,1,5.09e-09,0.35840961831,4686.8894077068
2,1,5.05e-09,0.21000748847,754.0357607965
2,1,4.75e-09,5.72911758023,1467.8208738005
2,1,4.51e-09,4.98362627844,2107.7181601145
2,1,5.15e-09,5.03293826716,3466.083472221
2,1,4.66e-09,0.09931185396,1489.9122743283
2,1,4.62e-09,5.48131535175,26617.5941066688
2,1,4.97e-09,5.58599824476,69.1525242748
2,1,6e-09,5.56979305057,2516.9078632512
2,1,4.42e-09,3.42626208754,4436.5997221932
2,1,5.57e-09,5.9741893993,2964.8466951296
2,1,4.33e-09,0.7283538424,4701.1165017084
2,1,4.52e-09,3.24655844352,1550.939859646
2,1,4.29e-09,4.70606670928,4002.8879843164
2,1,4.66e-09,5.89934183506,3267.0114707846
2,1,4.76e-09,4.83733392895,447.7958195265
2,1,4.17e-09,1.38377742741,665.0270682276
2,1,5.73e-09,1.05151671334,1357.6145525811
2,1,4.17e-09,0.72571440164,3782.4753418776
2,1,4.23e-09,6.09770834441,415.2918581812
2,1,4.12e-09,2.59026540572,3906.9087570986
2,1,4.31e-09,0.15413742649,2108.4689196399
2,1,4.07e-09,0.4998520589,4113.0943055358
2,1,4.24e-09,0.17482952689,1254.5217783625
2,1,3.99e-09,5.21078052617,1457.525933062
2,1,3.96e-09,3.76182057447,4966.2906872878
2,1,4.83e-09,4.97716778578,827.9235874865
2,1,4.87e-09,4.98989666228,1901.5326116773
2,1,3.98e-09,2.98973507663,355.7487455718
2,1,3.96e-09,2.29671916725,1020.025054274
2,1,4.38e-09,5.82247234506,611.5861106627
2,1,4.12e-09,0.90735881784,1902.2833712027
2,1,4.09e-09,4.03770283879,12036.4607348882
2,1,4.04e-09,1.67660119073,2042.4977891028
2,1,4.12e-09,4.61042804541,4863.1979130692
2,1,3.79e-09,0.15741978894,4443.713269194
2,1,3.76e-09,0.48003200118,614.6244920485
2,1,5.14e-09,3.78168900426,4752.9915918498
2,1,3.69e-09,3.52888759515,4120.2078525366
2,2,0.00123914193,2.56495551373,522.5774180938
2,2,0.00121340211,4.92398747363,536.8045120954
2,2,0.00076450198,3.75913373191,529.6909650946
2,2,0.00076998857,3.14159265359,0.0
2,2,0.00041318153,3.55228415274,1059.3819301892
2,2,0.00011292133,0.18554488524,7.1135470008
2,2,7.044308e-05,5.45405276738,1066.49547719
2,2,5.713988e-05,2.05969938998,1052.2683831884
2,2,5.281117e-05,2.69489901888,515.463871093
2,2,4.035186e-05,4.01341034017,1589.0728952838
2,2,3.701007e-05,4.79029127004,543.9180590962
2,2,1.280839e-05,1.47520232403,110.2063212194
2,2,9.94405e-06,0.89475497823,426.598190876
2,2,1.322342e-05,0.05782252396,14.2270940016
2,2,8.87296e-06,3.09675116331,526.5095713569
2,2,8.63718e-06,4.38537604521,532.8723588323
2,2,8.19498e-06,0.37986736437,632.7837393132
2,2,9.93208e-06,6.18583826626,323.5054166574
2,2,5.72452e-06,0.10744883623,949.1756089698
2,2,5.70935e-06,1.57854031086,1045.1548361876
2,2,6.23517e-06,1.29414478219,735.8765135318
2,2,5.13373e-06,4.40000643991,525.7588118315
2,2,5.11439e-06,3.08494935962,533.6231183577
2,2,4.57877e-06,5.95712671606,1596.1864422846
2,2,4.17596e-06,1.04759399465,117.3198682202
2,2,3.67753e-06,2.55698726268,419.4846438752
2,2,3.72186e-06,0.82445685096,95.9792272178
2,2,3.56691e-06,5.20948018395,220.4126424388
2,2,3.47326e-06,2.0323302639,206.1855484372
2,2,3.32282e-06,4.43064743394,2118.7638603784
2,2,2.63163e-06,1.67607893968,625.6701923124
2,2,2.8301e-06,2.13606840886,1581.959348283
2,2,2.27656e-06,5.5405069934,433.7117378768
2,2,2.6163e-06,2.11384211463,956.2891559706
2,2,2.14908e-06,0.20715229894,942.062061969
2,2,1.95622e-06,4.43848619814,1169.5882514086
2,2,1.68059e-06,3.7579213572,316.3918696566
2,2,1.63951e-06,5.23639979738,1073.6090241908
2,2,1.92427e-06,4.40919774179,639.897286314
2,2,1.69563e-06,1.95952861141,1155.361157407
2,2,1.39781e-06,2.84755828617,508.3503240922
2,2,1.3577e-06,3.57555081678,742.9900605326
2,2,1.35137e-06,1.83954198363,199.0720014364
2,2,1.70191e-06,6.03674985923,330.6189636582
2,2,1.56737e-06,4.05468771239,213.299095438
2,2,1.36696e-06,2.9661328374,309.2783226558
2,2,1.06857e-06,1.11158476054,853.196381752
2,2,1.34785e-06,1.30990983053,728.762966531
2,2,1.12454e-06,3.07810446043,1162.4747044078
2,2,9.6938e-07,4.82746486262,103.0927742186
2,2,7.7442e-07,2.62321674807,1265.5674786264
2,2,7.4683e-07,4.62128405037,551.031606097
2,2,8.4709e-07,3.26954755507,519.3960243561
2,2,7.7754e-07,2.07024143046,838.9692877504
2,2,6.7576e-07,4.19610515178,539.9859058331
2,2,5.4356e-07,5.07028204957,227.5261894396
2,2,5.1093e-07,5.91426034557,3.1813937377
2,2,5.34e-07,1.91345827803,412.3710968744
2,2,5.5428e-07,6.21192121199,21.3406410024
2,2,4.8874e-07,4.88897900689,1062.5633239269
2,2,4.3068e-07,2.73485657482,1258.4539316256
2,2,3.8739e-07,4.2526551983,440.8252848776
2,2,4.1421e-07,2.87269446113,618.5566453116
2,2,3.7469e-07,3.08522051912,1692.1656695024
2,2,3.1825e-07,0.15097091165,2125.8774073792
2,2,3.6591e-07,2.83592966607,1056.2005364515
2,2,4.3277e-07,1.75702652017,1574.8458012822
2,2,3.2932e-07,4.95534262832,1272.6810256272
2,2,2.8786e-07,5.04321322439,1055.4497769261
2,2,3.6214e-07,2.88878659937,302.164775655
2,2,2.8755e-07,1.5456777556,1038.0412891868
2,2,3.1557e-07,2.02145667899,831.8557407496
2,2,2.9358e-07,3.23095760026,1485.9801210652
2,2,2.5839e-07,4.81555513749,2648.454825473
2,2,2.1631e-07,0.89648612124,1471.7530270636
2,2,2.6179e-07,0.24148768969,846.0828347512
2,2,2.1128e-07,4.96775257256,1699.2792165032
2,2,1.9785e-07,3.31607841546,1063.3140834523
2,2,2.2677e-07,3.77541947622,1368.660252845
2,2,2.1083e-07,4.47373827173,647.0108333148
2,2,1.6107e-07,0.54459154986,1478.8665740644
2,2,1.389e-07,0.38659798495,1375.7737998458
2,2,1.423e-07,0.84625436419,124.433415221
2,2,1.2066e-07,5.73472992745,10.2949407385
2,2,1.4561e-07,2.27759601573,2111.6503133776
2,2,1.1227e-07,1.59683338999,511.5317178299
2,2,1.2664e-07,5.78004639505,963.4027029714
2,2,1.0726e-07,5.88544476377,547.8502123593
2,2,1.3226e-07,4.53317344901,750.1036075334
2,2,1.2226e-07,2.25243853635,1685.0521225016
2,2,8.892e-08,1.76003652107,1382.8873468466
2,2,9.905e-08,0.77307644712,934.9485149682
2,2,7.503e-08,5.67187992612,1603.2999892854
2,2,7.748e-08,1.95614847548,191.9584544356
2,2,7.293e-08,3.90640976229,88.865680217
2,2,8.004e-08,5.88582537682,337.732510659
2,2,7.467e-08,1.64289001379,721.6494195302
2,2,6.361e-08,3.48520810942,2221.856634597
2,2,6.799e-08,2.80209624655,1795.258443721
2,2,7.045e-08,4.10613187589,1361.5467058442
2,2,4.967e-08,1.37584831567,99.9113804809
2,2,6.315e-08,1.53291580984,1148.2476104062
2,2,6.293e-08,0.36768353635,860.3099287528
2,2,5.574e-08,2.44509799385,1049.0869894507
2,2,4.189e-08,4.77885922079,1802.3719907218
2,2,4.812e-08,1.98451914225,106.2741679563
2,2,4.025e-08,2.53347820962,1251.3403846248
2,2,3.836e-08,1.94088141385,1788.1448967202
2,2,3.926e-08,2.16218663827,497.4476361802
2,2,3.588e-08,4.90194555299,234.6397364404
2,2,3.62e-08,5.32009120194,561.934294009
2,2,3.936e-08,3.52686641861,405.2575498736
2,2,3.522e-08,3.09584664057,501.2367770914
2,2,3.253e-08,3.3410607607,611.4430983108
2,2,3.748e-08,0.47584176486,113.3877149571
2,2,3.174e-08,3.90623325381,447.9388318784
2,2,2.991e-08,1.586785168,2104.5367663768
2,2,2.969e-08,4.12345180044,2015.6710861598
2,2,2.822e-08,3.94568503982,149.5631971346
2,2,2.744e-08,4.1785980027,81.7521332162
2,2,2.799e-08,2.6581064647,99.1606209555
2,2,2.715e-08,5.66151426195,429.7795846137
2,2,2.757e-08,2.41130408823,2008.557539159
2,2,3.501e-08,4.6182832631,1069.6768709277
2,2,2.75e-08,0.88132502339,1464.6394800628
2,2,2.955e-08,5.33795885153,1592.2542890215
2,2,2.434e-08,4.87638052191,1080.7225711916
2,2,2.38e-08,4.20833251941,423.4167971383
2,2,3.126e-08,1.6854160346,1567.7322542814
2,2,2.355e-08,2.28604318633,824.7421937488
2,2,2.693e-08,2.9641044252,295.0512286542
2,2,2.197e-08,1.74911888013,629.6023455755
2,2,2.235e-08,3.71696358345,6275.9623029906
2,2,2.231e-08,6.07590911987,6290.1893969922
2,2,2.06e-08,0.61396408295,2655.5683724738
2,2,2.732e-08,3.12540902543,1898.3512179396
2,2,2.076e-08,5.13986644709,10206.1719992102
2,2,1.974e-08,2.06571038137,1891.2376709388
2,2,2.072e-08,1.21562719258,10220.3990932118
2,2,2.7e-08,0.24738899316,107.0249274817
2,2,1.764e-08,4.69152887895,970.5162499722
2,2,1.958e-08,2.42000633557,2428.0421830342
2,2,1.815e-08,4.28784094353,558.1451530978
2,2,1.819e-08,3.79128389109,1165.6560981455
2,2,1.797e-08,5.48847999907,1585.1407420207
2,2,1.719e-08,3.18125652838,654.1243803156
2,2,1.768e-08,2.63222494622,1159.2933106701
2,2,1.746e-08,2.85411229216,1585.8915015461
2,2,1.735e-08,0.22737646203,1905.4647649404
2,2,1.559e-08,3.23096370603,635.9651330509
2,2,1.781e-08,5.31682308345,3178.1457905676
2,2,1.753e-08,4.84286553509,757.2171545342
2,2,1.334e-08,2.44302159466,2324.9494088156
2,2,1.409e-08,4.65471130275,216.4804891757
2,2,1.395e-08,2.53366287996,1279.794572628
2,2,1.384e-08,4.87298665741,5230.807466803
2,2,1.38e-08,2.51452122242,5216.5803728014
2,2,1.551e-08,0.71019873146,945.9942152321
2,2,1.198e-08,5.50483020501,326.6868103951
2,2,1.22e-08,5.64184418834,319.5732633943
2,2,1.271e-08,0.01278840381,9161.0171630226
2,2,1.268e-08,3.9375217705,9146.790069021
2,2,1.183e-08,1.688098782,636.7158925763
2,2,1.273e-08,5.69517929111,2228.9701815978
2,2,1.31e-08,2.10065572721,2001.4439921582
2,2,1.162e-08,2.39505525199,2214.7430875962
2,2,1.234e-08,2.08977841036,2744.4340526908
2,2,1.247e-08,2.21578255427,3274.1250177854
2,2,1.057e-08,4.2578629309,1677.9385755008
2,2,1.051e-08,0.87130311109,1493.093668066
2,2,1.063e-08,0.33463469782,518.6452648307
2,2,1.063e-08,4.00605095055,540.7366653585
2,2,1.137e-08,0.75125250543,1781.0313497194
2,2,9.85e-09,2.22432634276,2641.3412784722
2,2,9.63e-09,3.27927902413,2538.2485042536
2,2,1.262e-08,3.63544646876,5223.6939198022
2,2,9.39e-09,3.69451127868,909.8187330546
2,2,1e-08,2.65378286675,210.1177017003
2,2,9.32e-09,1.81698627301,952.3570027075
2,2,9.05e-09,1.75035968766,2207.6295405954
2,2,9.04e-09,3.8877615136,1158.5425511447
2,2,1.102e-08,4.15046964897,3281.2385647862
2,2,1.183e-08,0.56667627747,953.1077622329
2,2,9.09e-09,3.97386545234,5753.3848848968
2,2,1.099e-08,1.58755431405,1912.5783119412
2,2,8.73e-09,4.08070650023,1670.8250285
2,2,8e-09,4.12792698994,2751.5475996916
2,2,7.96e-09,1.96326433522,739.8086667949
2,2,1.077e-08,4.20051781444,209.3669421749
2,2,7.9e-09,2.45933758823,1166.4068576709
2,2,1.034e-08,3.34912946109,3487.4241132234
2,2,7.85e-09,2.02597124501,416.3032501375
2,2,9.19e-09,2.39038740005,203.0041546995
2,2,7.61e-09,1.08620709767,2420.9286360334
2,2,8.37e-09,5.40426948233,9683.5945811164
2,2,7.38e-09,5.96869837348,422.6660376129
2,2,7.21e-09,3.8776851867,4694.0029547076
2,2,9.78e-09,4.33162349182,2964.8466951296
2,2,9.2e-09,1.74204964119,3899.7952100978
2,2,7.33e-09,3.30972792259,217.2312487011
2,2,9.78e-09,4.89659129136,6283.0758499914
2,2,7.78e-09,3.69507849012,1354.4331588434
2,2,9.15e-09,2.13949682628,3576.2897934404
2,2,7.22e-09,0.691877733,1809.4855377226
2,2,6.96e-09,3.87883551414,1987.2168981566
2,2,6.68e-09,2.86620871992,2854.6403739102
2,2,6.55e-09,5.29949318111,8624.2126509272
2,2,8.59e-09,4.45240229941,458.8415197904
2,2,8.26e-09,3.58615132269,3149.6916025644
2,2,7.81e-09,2.4085074946,927.8349679674
2,2,8.18e-09,2.76219868399,3384.3313390048
2,2,7.94e-09,4.72021603023,2332.0629558164
2,2,7.51e-09,3.92545123427,3597.6304344428
2,2,7.91e-09,1.52573491012,3796.7024358792
2,2,7.36e-09,1.86637976498,3480.3105662226
2,2,6.38e-09,0.55679578954,2545.3620512544
2,2,6.48e-09,1.93188405517,3060.8259223474
2,2,7.85e-09,2.74220165125,732.6951197941
2,2,7.25e-09,1.26016666923,3789.5888888784
2,2,7.12e-09,1.99484788774,3590.516887442
2,2,5.95e-09,4.19675234613,2435.155730035
2,2,7.24e-09,1.55082948672,1884.124123938
2,2,6.64e-09,2.83741922299,3046.5988283458
2,2,5.65e-09,0.13040432946,2861.753920911
2,2,7.19e-09,3.02987373443,600.5404103988
2,2,5.46e-09,0.87761028668,437.6438911399
2,2,5.49e-09,0.7393522874,2634.2277314714
2,2,7.26e-09,5.43722942949,74.7815985673
2,2,5.55e-09,3.26043351918,76.2660712756
2,2,5.58e-09,5.78011457626,1141.1340634054
2,2,6.81e-09,5.03391374752,9153.9036160218
2,2,5.88e-09,3.45206402508,430.5303441391
2,2,5.35e-09,3.65950530901,2303.6087678132
2,2,5.42e-09,1.07428391249,2833.2997329078
2,2,6.62e-09,2.49995354012,3700.7232086614
2,2,5.78e-09,1.21476916834,2524.021410252
2,2,6.19e-09,3.11707822296,3803.81598288
2,2,6.44e-09,1.29355284344,3370.1042450032
2,2,5.14e-09,1.29667013246,3693.6096616606
2,2,4.79e-09,0.80014976333,1457.525933062
2,2,5.76e-09,1.73977731568,2317.8358618148
2,2,5.78e-09,1.89898756605,3892.681663097
2,2,5.66e-09,6.1640670232,2627.1141844706
2,2,4.33e-09,0.32147874689,621.7380390493
2,2,5.3e-09,1.01908606392,547.0994528339
2,2,5.3e-09,3.32159958445,512.2824773553
2,2,4.29e-09,1.73580957288,2957.7331481288
2,2,4.78e-09,3.50052966452,1593.0050485469
2,2,5.08e-09,2.12854820616,1244.226837624
2,2,4.75e-09,5.81122801833,3267.0114707846
2,2,4.84e-09,0.5292063438,2097.423219376
2,2,5.21e-09,1.46015655382,4216.1870797544
2,2,4.58e-09,4.03020978215,628.8515860501
2,2,4.24e-09,2.34294525821,415.5524906121
2,2,5.27e-09,4.64068120535,462.0229135281
2,2,5.27e-09,2.84159709661,597.3590166611
2,2,4.5e-09,3.73641389697,3914.0223040994
2,2,5.11e-09,4.46661629527,643.0786800517
2,2,4.31e-09,0.85126632752,849.2642284889
2,2,4.02e-09,5.96207457174,2730.2069586892
2,2,4.02e-09,2.01243830321,2531.1349572528
2,2,4.12e-09,6.19801347868,2758.6611466924
2,3,0.00017069216,4.29096907367,522.5774180938
2,3,0.0001668543,3.20365723177,536.8045120954
2,3,4.008677e-05,0.0,0.0
2,3,1.780751e-05,1.99283006102,1059.3819301892
2,3,1.442439e-05,4.40866193494,515.463871093
2,3,1.078368e-05,3.85452121689,1066.49547719
2,3,1.012194e-05,3.07729472515,543.9180590962
2,3,1.056925e-05,4.7017633538,7.1135470008
2,3,7.09708e-06,3.93734081808,1052.2683831884
2,3,2.59353e-06,2.7156647839,1589.0728952838
2,3,3.00991e-06,4.6215214242,14.2270940016
2,3,1.34697e-06,3.36276638608,1045.1548361876
2,3,1.427e-06,5.28813557728,529.6909650946
2,3,7.8211e-07,4.4427715197,1596.1864422846
2,3,7.6444e-07,5.61467537902,117.3198682202
2,3,9.1646e-07,4.44623348041,323.5054166574
2,3,5.8233e-07,4.56584817087,508.3503240922
2,3,6.1115e-07,0.26556050313,110.2063212194
2,3,5.0849e-07,2.55648110758,95.9792272178
2,3,4.8948e-07,3.48320727413,220.4126424388
2,3,4.702e-07,3.57871568016,1073.6090241908
2,3,4.6194e-07,5.49050676035,426.598190876
2,3,5.6831e-07,3.04840022697,735.8765135318
2,3,4.3313e-07,2.24184158741,632.7837393132
2,3,3.8462e-07,3.29258581824,625.6701923124
2,3,4.0222e-07,1.9137500949,942.062061969
2,3,3.2318e-07,4.02515512259,1581.959348283
2,3,3.3416e-07,3.83334136294,433.7117378768
2,3,3.2288e-07,2.89151197781,551.031606097
2,3,3.8564e-07,4.33793526039,330.6189636582
2,3,3.7944e-07,0.52701124335,103.0927742186
2,3,2.8185e-07,3.1946448421,2118.7638603784
2,3,2.9979e-07,2.02000649959,949.1756089698
2,3,2.8019e-07,4.41764181323,419.4846438752
2,3,2.6377e-07,2.75072415591,1169.5882514086
2,3,3.0311e-07,3.07123940662,728.762966531
2,3,2.5e-07,3.57650009459,199.0720014364
2,3,2.3237e-07,3.72589643043,1155.361157407
2,3,2.5971e-07,4.10711349472,206.1855484372
2,3,2.262e-07,0.51667171294,956.2891559706
2,3,2.4897e-07,5.10106981596,519.3960243561
2,3,1.5403e-07,3.36468316179,227.5261894396
2,3,2.0475e-07,2.34104128108,539.9859058331
2,3,1.5785e-07,4.86812169747,309.2783226558
2,3,1.7529e-07,4.59245273476,21.3406410024
2,3,1.4402e-07,5.77766242921,853.196381752
2,3,1.849e-07,2.66058570316,639.897286314
2,3,1.1709e-07,2.4794534078,440.8252848776
2,3,1.1613e-07,4.6952697255,618.5566453116
2,3,1.071e-07,3.98026635344,838.9692877504
2,3,1.0142e-07,3.88713064979,412.3710968744
2,3,9.336e-08,3.27628408529,1038.0412891868
2,3,9.452e-08,3.48158185106,1574.8458012822
2,3,7.683e-08,4.47752898425,1258.4539316256
2,3,7.886e-08,3.90593732757,831.8557407496
2,3,7.729e-08,5.68110789292,316.3918696566
2,3,8.18e-08,4.57699323815,302.164775655
2,3,8.123e-08,2.34305389716,213.299095438
2,3,7.696e-08,1.59660298447,742.9900605326
2,3,5.946e-08,4.96977386305,2125.8774073792
2,3,3.935e-08,4.46770507766,1265.5674786264
2,3,4.139e-08,5.47876936143,124.433415221
2,3,3.609e-08,1.88146800355,1485.9801210652
2,3,3.02e-08,3.38305964289,1699.2792165032
2,3,2.703e-08,5.9586572445,88.865680217
2,3,2.627e-08,3.98517206294,1062.5633239269
2,3,3.157e-08,2.49576350509,647.0108333148
2,3,2.46e-08,3.67829773885,2648.454825473
2,3,2.884e-08,2.40956971928,934.9485149682
2,3,2.322e-08,4.05450701004,1603.2999892854
2,3,2.359e-08,4.17350268052,337.732510659
2,3,2.931e-08,2.89770912048,1471.7530270636
2,3,2.268e-08,3.33219652413,721.6494195302
2,3,2.859e-08,3.66153535064,1272.6810256272
2,3,2.014e-08,3.64931827217,191.9584544356
2,3,2.34e-08,5.54448900881,1368.660252845
2,3,2.177e-08,4.07775459963,963.4027029714
2,3,1.747e-08,4.72683114179,1685.0521225016
2,3,1.64e-08,2.35287050678,750.1036075334
2,3,1.734e-08,4.14601873919,1055.4497769261
2,3,1.717e-08,2.19035940032,447.9388318784
2,3,1.611e-08,3.7116944339,1788.1448967202
2,3,1.784e-08,4.90110666417,526.5095713569
2,3,1.784e-08,5.72276429138,532.8723588323
2,3,1.811e-08,4.93808835269,860.3099287528
2,3,1.431e-08,6.00191758769,81.7521332162
2,3,1.354e-08,2.56987682828,1162.4747044078
2,3,1.306e-08,0.17505316696,1382.8873468466
2,3,1.341e-08,4.03349830399,1251.3403846248
2,3,1.261e-08,3.24050324812,2104.5367663768
2,3,1.7e-08,2.59885721626,1056.2005364515
2,3,1.425e-08,5.76921390026,1361.5467058442
2,3,1.117e-08,3.59296025283,1148.2476104062
2,3,1.252e-08,4.1204948766,2111.6503133776
2,3,1.061e-08,2.42113180503,1478.8665740644
2,3,9.87e-09,5.56458244351,405.2575498736
2,3,1.211e-08,2.84309753774,1069.6768709277
2,3,1.118e-08,5.88365850057,611.4430983108
2,3,1.093e-08,0.22239904129,1141.1340634054
2,3,1.01e-08,5.13077933778,2097.423219376
2,3,1.116e-08,0.0066928326,1884.124123938
2,3,1.09e-08,2.69229040194,1464.6394800628
2,3,1.013e-08,5.44748312429,1049.0869894507
2,3,8.64e-09,3.81824814417,1567.7322542814
2,3,8.82e-09,2.99288141364,234.6397364404
2,3,8.35e-09,2.74175210945,2008.557539159
2,3,1.043e-08,2.98280277812,1080.7225711916
2,3,8.23e-09,2.03927945733,654.1243803156
2,3,8.92e-09,4.64080401213,295.0512286542
2,3,9.36e-09,4.23459087535,2207.6295405954
2,3,9.57e-09,4.9672158311,1994.3304451574
2,3,8.75e-09,1.72555259756,846.0828347512
2,3,9.61e-09,4.8057409127,2317.8358618148
2,3,8.31e-09,4.85908496939,2001.4439921582
2,3,6.71e-09,3.0910299295,2420.9286360334
2,3,6.7e-09,1.58976718357,2435.155730035
2,3,8.25e-09,4.70761031951,1898.3512179396
2,3,7.42e-09,5.32801449376,533.6231183577
2,3,7.42e-09,5.29585646179,525.7588118315
2,3,7.79e-09,4.43484800953,2214.7430875962
2,3,7.35e-09,4.60695678136,2627.1141844706
2,3,6.93e-09,0.82599527101,1692.1656695024
2,3,6.78e-09,4.77937359684,824.7421937488
2,3,5.71e-09,1.40932670441,2751.5475996916
2,3,6.35e-09,3.61905584922,2840.4132799086
2,3,5.13e-09,3.6901870899,1891.2376709388
2,3,5.6e-09,3.36476362299,1905.4647649404
2,3,5.72e-09,2.39114449243,1781.0313497194
2,3,6.17e-09,4.55555334584,2634.2277314714
2,3,6.23e-09,4.77211208531,2310.722314814
2,3,4.66e-09,6.12814355088,1375.7737998458
2,3,5.6e-09,3.98598190961,2524.021410252
2,3,5.77e-09,3.52472118762,2015.6710861598
2,3,5.23e-09,2.55250481076,1802.3719907218
2,3,4.15e-09,4.68478558747,501.2367770914
2,3,4.15e-09,5.93908536808,558.1451530978
2,4,1.760963e-05,6.04159397216,522.5774180938
2,4,1.714409e-05,1.4620628571,536.8045120954
2,4,3.04745e-06,6.14052526925,515.463871093
2,4,2.15997e-06,1.34301856666,543.9180590962
2,4,1.27772e-06,2.25943354567,1066.49547719
2,4,8.1836e-07,2.8476117398,7.1135470008
2,4,5.5008e-07,0.23109269174,1059.3819301892
2,4,6.8446e-07,5.77736913573,1052.2683831884
2,4,7.0306e-07,0.0,0.0
2,4,5.0861e-07,2.90538809625,14.2270940016
2,4,2.3665e-07,5.19261861053,1045.1548361876
2,4,1.4962e-07,0.08526156115,508.3503240922
2,4,1.3643e-07,1.34331851905,1589.0728952838
2,4,1.0393e-07,1.88986884896,1073.6090241908
2,4,1.0849e-07,2.60493722297,529.6909650946
2,4,1.046e-07,2.92640289661,1596.1864422846
2,4,1.0367e-07,3.84513840002,117.3198682202
2,4,7.291e-08,1.00614499991,551.031606097
2,4,5.794e-08,4.27528856669,95.9792272178
2,4,4.975e-08,5.73943100781,110.2063212194
2,4,5.282e-08,2.62080083504,330.6189636582
2,4,5.258e-08,3.58591321573,942.062061969
2,4,5.226e-08,2.63091128343,323.5054166574
2,4,4.305e-08,4.90946848289,728.762966531
2,4,3.712e-08,1.69419832547,220.4126424388
2,4,3.429e-08,4.98831951816,625.6701923124
2,4,3.596e-08,4.85294025637,735.8765135318
2,4,3.529e-08,5.3226658378,199.0720014364
2,4,2.86e-08,5.84683747296,1581.959348283
2,4,2.704e-08,0.82647334354,440.8252848776
2,4,2.588e-08,1.00323145819,1169.5882514086
2,4,3.292e-08,1.69549352013,433.7117378768
2,4,2.746e-08,2.32353716517,103.0927742186
2,4,2.278e-08,6.2738890301,206.1855484372
2,4,2.24e-08,5.51871835829,1155.361157407
2,4,1.847e-08,1.65454592269,227.5261894396
2,4,2.21e-08,6.25276142495,419.4846438752
2,4,1.6e-08,1.7685762004,2118.7638603784
2,4,1.435e-08,3.9185772234,426.598190876
2,4,1.804e-08,4.0973236992,632.7837393132
2,4,1.482e-08,0.02887555321,302.164775655
2,4,1.4e-08,5.34809832156,1574.8458012822
2,4,1.54e-08,0.75983380154,618.5566453116
2,4,1.256e-08,0.33648936932,309.2783226558
2,4,1.362e-08,5.14594131828,956.2891559706
2,4,1.187e-08,4.1678392002,853.196381752
2,4,1.507e-08,0.98837376639,639.897286314
2,4,1.103e-08,5.60146041595,412.3710968744
2,4,1.094e-08,0.12734228732,1258.4539316256
2,4,1.142e-08,3.99469727044,949.1756089698
2,4,8.52e-09,0.81910749925,831.8557407496
2,4,8.68e-09,5.39175241124,1038.0412891868
2,4,8.17e-09,2.44564373063,742.9900605326
2,4,6.77e-09,5.88945439666,838.9692877504
2,4,8.9e-09,1.13100927652,647.0108333148
2,4,5.98e-09,2.4615243576,337.732510659
2,4,5.56e-09,0.72453025284,1485.9801210652
2,4,4.51e-09,5.32835796642,1471.7530270636
2,4,4.98e-09,1.06608244072,1361.5467058442
2,4,4.68e-09,5.0720965065,21.3406410024
2,4,3.96e-09,2.33304510363,1603.2999892854
2,5,1.31345e-06,1.64205558615,522.5774180938
2,5,1.26513e-06,5.87372673584,536.8045120954
2,5,4.8269e-07,1.62788936723,515.463871093
2,5,3.4034e-07,5.84040207007,543.9180590962
2,5,1.1212e-07,0.62260985921,1066.49547719
2,5,4.06e-08,1.77167912883,1052.2683831884
2,5,1.943e-08,0.18158253075,1073.6090241908
2,5,1.786e-08,1.5002152999,1045.1548361876
2,5,8.86e-09,1.68419633034,508.3503240922
2,5,8.86e-09,2.65648931803,551.031606097
2,5,4.67e-09,1.37841715169,1596.1864422846
3,0,0.11811822789,3.55844641987,529.6909650946
3,0,0.00857879296,0.0,0.0
3,0,0.00286288759,3.90812239092,1059.3819301892
3,0,0.00042347799,3.60144639424,522.5774180938
3,0,0.00033263796,0.3029697193,536.8045120954
3,0,0.00010406225,4.25764578777,1589.0728952838
3,0,7.533929e-05,0.40110943079,213.299095438
3,0,7.444124e-05,5.24190365992,103.0927742186
3,0,6.931444e-05,1.74968626255,7.1135470008
3,0,4.791578e-05,4.58130928279,38.1330356378
3,0,5.167573e-05,1.62389733122,426.598190876
3,0,3.790459e-05,2.71176055906,110.2063212194
3,0,3.795419e-05,2.16708753358,632.7837393132
3,0,2.453014e-05,2.96909485714,1052.2683831884
3,0,2.459093e-05,2.99891481019,1162.4747044078
3,0,2.011946e-05,2.68549472534,419.4846438752
3,0,2.161688e-05,6.26716569996,846.0828347512
3,0,1.632059e-05,0.64194850627,1066.49547719
3,0,1.449341e-05,1.1710665509,949.1756089698
3,0,1.100709e-05,5.7706615919,74.7815985673
3,0,6.82966e-06,5.13874105936,316.3918696566
3,0,7.15105e-06,1.41095333569,323.5054166574
3,0,5.49163e-06,4.84156474999,742.9900605326
3,0,4.47403e-06,4.60746560365,2118.7638603784
3,0,5.43085e-06,3.6963776225,515.463871093
3,0,4.83852e-06,4.7182793826,735.8765135318
3,0,3.06262e-06,5.84003411417,206.1855484372
3,0,2.88704e-06,0.4026629309,525.7588118315
3,0,2.54697e-06,0.17978065932,543.9180590962
3,0,1.94948e-06,3.35375596127,1692.1656695024
3,0,2.53012e-06,3.57485368311,533.6231183577
3,0,1.96512e-06,2.65527067125,956.2891559706
3,0,1.54264e-06,1.47035156313,625.6701923124
3,0,1.45972e-06,5.96112903396,838.9692877504
3,0,1.62201e-06,3.12160031878,1581.959348283
3,0,1.40862e-06,0.37317672245,220.4126424388
3,0,1.35779e-06,2.23719078755,1478.8665740644
3,0,1.3522e-06,4.03191622905,1265.5674786264
3,0,1.18621e-06,6.19132554294,532.8723588323
3,0,1.21032e-06,4.06252466827,526.5095713569
3,0,1.13856e-06,0.34439775818,1375.7737998458
3,0,1.33515e-06,1.61217437939,14.2270940016
3,0,8.9331e-07,0.98707919437,1596.1864422846
3,0,9.1761e-07,5.29449897295,95.9792272178
3,0,7.1818e-07,2.59926571754,117.3198682202
3,0,6.4468e-07,0.90550872553,433.7117378768
3,0,6.4121e-07,4.6352439167,1368.660252845
3,0,6.0054e-07,1.05875226211,942.062061969
3,0,6.8585e-07,5.68334440823,639.897286314
3,0,5.4868e-07,6.14868344705,1169.5882514086
3,0,4.6682e-07,2.40308545145,853.196381752
3,0,4.075e-07,5.07892020784,309.2783226558
3,0,5.498e-07,2.72414041857,1045.1548361876
3,0,3.9937e-07,2.6301496292,380.12776796
3,0,3.4887e-07,3.06644858707,412.3710968744
3,0,2.6488e-07,3.34369636185,76.2660712756
3,0,2.4534e-07,5.66491831903,36.6485629295
3,0,2.3291e-07,0.36646817056,39.6175083461
3,0,2.4753e-07,4.09311535367,527.2432845398
3,0,2.1473e-07,5.68324848411,1272.6810256272
3,0,2.1259e-07,4.15648418623,1685.0521225016
3,0,2.1214e-07,4.95749714252,2648.454825473
3,0,1.9531e-07,3.58685387193,529.7391492044
3,0,2.4578e-07,6.16442414965,532.1386456494
3,0,2.1217e-07,4.46071227915,1155.361157407
3,0,2.1279e-07,3.98105217713,1795.258443721
3,0,1.9533e-07,0.38904271302,529.6427809848
3,0,1.6823e-07,2.78122865847,149.5631971346
3,0,1.9447e-07,1.27663598466,330.6189636582
3,0,1.544e-07,0.7226002714,530.6541729411
3,0,1.4562e-07,5.50135998822,1471.7530270636
3,0,1.7624e-07,1.31667827871,3.9321532631
3,0,1.3309e-07,2.77897533854,2008.557539159
3,0,1.3206e-07,3.64976502017,2221.856634597
3,0,1.3142e-07,0.72687086889,1055.4497769261
3,0,1.5413e-07,4.31958059396,1063.3140834523
3,0,1.4193e-07,3.67387943991,2111.6503133776
3,0,1.2996e-07,1.31000927869,453.424893819
3,0,1.5482e-07,3.25291782438,528.7277572481
3,0,1.1369e-07,6.10506006408,199.0720014364
3,0,1.0389e-07,0.5137822898,1073.6090241908
3,0,1.299e-07,1.87234255615,984.6003316219
3,0,8.875e-08,0.13793367408,305.3461693927
3,0,7.692e-08,5.08407965373,1788.1448967202
3,0,8.714e-08,1.58825029218,3.1813937377
3,0,8.04e-08,3.7701074117,73.297125859
3,0,7.143e-08,4.01912438773,2001.4439921582
3,0,6.752e-08,5.50960892986,1898.3512179396
3,0,7.441e-08,1.30439352743,618.5566453116
3,0,6.896e-08,1.74025919863,529.1697002328
3,0,7.365e-08,3.26347830221,1485.9801210652
3,0,6.518e-08,0.90320354569,1905.4647649404
3,0,8.347e-08,5.96531853825,909.8187330546
3,0,7.728e-08,4.61604781975,728.762966531
3,0,6.887e-08,2.23549334986,530.2122299564
3,0,5.783e-08,6.02338915633,831.8557407496
3,0,5.519e-08,5.95463109628,1.4844727083
3,0,5.788e-08,0.26042181508,1062.5633239269
3,0,5.581e-08,6.17489228666,1258.4539316256
3,0,5.154e-08,1.33592252764,2125.8774073792
3,0,4.916e-08,0.18728472832,1699.2792165032
3,0,4.649e-08,0.26984343469,227.5261894396
3,0,5.48e-08,3.12818768952,604.4725636619
3,0,4.967e-08,3.92882210242,508.3503240922
3,0,4.994e-08,0.03902921434,1439.5096981492
3,0,5.269e-08,4.06576160798,1056.2005364515
3,0,4.221e-08,2.57304081485,99.1606209555
3,0,4.005e-08,2.96062737592,526.7702037878
3,0,3.856e-08,5.35048236882,11.0457002639
3,0,3.959e-08,1.38163787157,532.6117264014
3,0,4.554e-08,0.88779448962,490.3340891794
3,0,4.844e-08,1.47818569722,454.9093665273
3,0,3.683e-08,0.33555577415,528.9402055692
3,0,3.681e-08,4.00539820601,530.44172462
3,0,4.295e-08,3.45202038167,569.0478410098
3,0,3.458e-08,4.40401766789,519.3960243561
3,0,3.355e-08,4.80063248866,2104.5367663768
3,0,3.535e-08,1.18645749024,525.4981794006
3,0,3.477e-08,3.15607509055,533.8837507886
3,0,3.219e-08,5.37130793285,2214.7430875962
3,0,4.358e-08,2.16300555603,1021.2488945514
3,0,2.697e-08,6.22459411775,539.9859058331
3,0,3.143e-08,0.15836271478,750.1036075334
3,0,2.916e-08,0.40322621398,224.3447957019
3,0,2.649e-08,3.80434469443,2317.8358618148
3,0,2.856e-08,0.29274516197,983.1158589136
3,0,2.725e-08,0.64710955846,524.0618908021
3,0,2.623e-08,0.25280896703,551.031606097
3,0,2.685e-08,3.69478866795,535.3200393871
3,0,2.939e-08,0.64629595693,540.7366653585
3,0,2.398e-08,4.36615854926,2428.0421830342
3,0,2.597e-08,1.15824869762,963.4027029714
3,0,2.769e-08,0.20040217534,525.0250986486
3,0,2.336e-08,3.71676131146,529.851023789
3,0,2.336e-08,0.62392433691,529.5309064002
3,0,2.491e-08,2.84297287947,1382.8873468466
3,0,2.598e-08,4.13924061941,534.3568315406
3,0,2.747e-08,1.76471074936,524.2743391232
3,0,2.475e-08,0.99313692673,934.9485149682
3,0,2.704e-08,2.57406093768,535.107591066
3,0,2.302e-08,5.84295144929,1148.2476104062
3,0,2.068e-08,5.96196623799,440.8252848776
3,0,2.012e-08,4.95946680265,1361.5467058442
3,0,1.987e-08,0.18375525793,1802.3719907218
3,0,1.934e-08,2.82066156035,835.0371344873
3,0,2.147e-08,5.96724060411,1891.2376709388
3,0,1.94e-08,3.63687343812,2324.9494088156
3,0,1.86e-08,5.24230405559,2531.1349572528
3,0,1.707e-08,5.38883058569,302.164775655
3,0,2.152e-08,1.7455744422,21.3406410024
3,0,1.613e-08,3.45966511571,529.4785167735
3,0,1.613e-08,0.88102053266,529.9034134157
3,0,2.134e-08,2.79657990895,35.4247226521
3,0,1.566e-08,1.99768150464,202.2533951741
3,0,1.501e-08,2.66136644012,415.5524906121
3,0,1.593e-08,1.37312370449,1574.8458012822
3,0,1.51e-08,3.41611736454,518.6452648307
3,0,1.579e-08,3.96836848379,2420.9286360334
3,0,1.63e-08,1.31973482281,39.3568759152
3,0,1.473e-08,0.17358194104,35.1640902212
3,0,1.598e-08,2.53043088824,511.5317178299
3,0,1.841e-08,5.72475961436,531.1754378029
3,0,1.537e-08,1.84394223501,547.8502123593
3,0,1.771e-08,4.87234280655,528.2064923863
3,0,1.656e-08,1.27834742762,173.9422195228
3,0,1.242e-08,1.65064670901,643.8294395771
3,0,1.236e-08,5.41985106155,107.0249274817
3,0,1.165e-08,1.48429677606,960.2213092337
3,0,1.166e-08,5.12888892088,1048.3362299253
3,0,1.153e-08,4.78828764413,514.7131115676
3,0,1.153e-08,4.22743390789,2744.4340526908
3,0,1.478e-08,3.73912254261,230.5645708254
3,0,1.137e-08,6.15183461939,2.9689454166
3,0,1.121e-08,6.27688038656,387.2413149608
3,0,1.112e-08,5.83569926578,544.6688186216
3,0,1.17e-08,1.05508911315,1512.8068240082
3,0,1.113e-08,5.74217831509,3480.3105662226
3,0,1.507e-08,4.16985097397,1364.7280995819
3,0,1.12e-08,5.02238271412,1464.6394800628
3,0,1.232e-08,2.83088412944,2538.2485042536
3,0,1.179e-08,4.62538441124,1056.9342496344
3,0,1.278e-08,3.86396842379,92.0470739547
3,0,1.094e-08,2.73378417498,299.1263942692
3,0,1.345e-08,0.63863230611,1061.829610744
3,0,9.77e-09,3.50831165685,2.4476805548
3,0,1.323e-08,4.03638019689,494.2662424425
3,0,1.31e-08,5.4545826458,1057.8974574809
3,0,9.66e-09,3.51363341772,2634.2277314714
3,0,1.053e-08,5.4939412292,3178.1457905676
3,0,9.84e-09,4.22960042766,430.5303441391
3,0,9.37e-09,3.77590974564,2641.3412784722
3,0,9.32e-09,4.11879245377,1059.430114299
3,0,9.41e-09,0.30660455816,70.8494453042
3,0,9.25e-09,1.2909178547,2435.155730035
3,0,9.5e-09,3.88567620136,3377.217792004
3,0,1.051e-08,5.62777473038,2207.6295405954
3,0,1.02e-08,1.775206255,312.4597163935
3,0,1.031e-08,6.05389751096,647.0108333148
3,0,9.46e-09,4.13718116942,1677.9385755008
3,0,1.08e-08,2.32932073464,106.2741679563
3,0,8.82e-09,0.48413591726,209.3669421749
3,0,8.62e-09,5.26762490934,41.1019810544
3,0,1.086e-08,2.80157071056,1038.0412891868
3,0,1.158e-08,0.3249963054,565.1156877467
3,0,1.098e-08,1.00937080256,523.5406259403
3,0,9.32e-09,0.92098132614,1059.3337460794
3,0,8.21e-09,3.41471589329,2950.619601128
3,0,9.29e-09,2.30521635468,1514.2912967165
3,0,9.15e-09,1.48306891526,10.2949407385
3,0,9.11e-09,3.32547809355,18.1592472647
3,0,7.86e-09,2.82286526802,1134.1635287565
3,0,9.54e-09,0.13401891198,3906.9087570986
3,0,9.94e-09,3.3315928375,535.8413042489
3,0,7.92e-09,5.10203109941,2524.021410252
3,0,7.64e-09,5.13454347326,26087.9031415742
3,0,8.24e-09,1.7447274873,529.9515975255
3,0,8.24e-09,2.59595816107,529.4303326637
3,0,7.62e-09,4.30564108086,672.1406152284
3,0,8.72e-09,5.03498959444,679.2541622292
3,0,8.39e-09,3.34536065236,124.433415221
3,0,9.27e-09,4.91765336511,1593.0050485469
3,0,8.26e-09,5.05738343335,2847.5268269094
3,0,8.64e-09,2.92013522974,148.0787244263
3,0,7.38e-09,0.70435921398,522.529233984
3,0,8.46e-09,3.60649450344,217.2312487011
3,0,7.79e-09,3.77257775192,63.7358983034
3,0,6.87e-09,2.88181717922,71.8126531507
3,0,4.59e-09,3.95268976842,77.7505439839
3,0,3.85e-09,0.88914902748,151.0476698429
3,1,0.00406683941,1.52699356726,529.6909650946
3,1,0.00020287968,2.59878263946,1059.3819301892
3,1,0.00014411207,4.85400100506,536.8045120954
3,1,0.00015608009,0.0,0.0
3,1,0.00012718197,5.45536889012,522.5774180938
3,1,2.105152e-05,0.09490717318,7.1135470008
3,1,1.229252e-05,3.14222500244,1589.0728952838
3,1,7.59894e-06,5.27868424641,1066.49547719
3,1,6.78188e-06,4.74893679053,1052.2683831884
3,1,5.97518e-06,1.04783160594,110.2063212194
3,1,5.69853e-06,1.09361359936,103.0927742186
3,1,4.62322e-06,1.82268245458,213.299095438
3,1,4.30869e-06,0.64975951302,419.4846438752
3,1,4.48049e-06,0.50494888408,426.598190876
3,1,3.51273e-06,5.47691402903,515.463871093
3,1,3.45659e-06,2.81234743407,632.7837393132
3,1,2.1115e-06,4.74645680584,543.9180590962
3,1,1.80138e-06,3.91036257165,735.8765135318
3,1,1.64622e-06,2.8348407365,949.1756089698
3,1,1.96264e-06,6.05238005156,323.5054166574
3,1,1.66199e-06,5.96632686544,316.3918696566
3,1,1.04268e-06,1.13013960316,1162.4747044078
3,1,9.9286e-07,1.54499752918,206.1855484372
3,1,7.8677e-07,4.62142072971,525.7588118315
3,1,7.9813e-07,4.38404909104,532.8723588323
3,1,7.4155e-07,5.89524367925,526.5095713569
3,1,9.3081e-07,6.22107140582,14.2270940016
3,1,7.4957e-07,3.57596458602,2118.7638603784
3,1,6.3605e-07,5.76632311254,533.6231183577
3,1,5.3371e-07,4.98736101641,220.4126424388
3,1,5.1134e-07,1.68571094945,956.2891559706
3,1,4.4815e-07,5.69775266875,1596.1864422846
3,1,4.0568e-07,3.71961451563,742.9900605326
3,1,4.1113e-07,0.82174411575,95.9792272178
3,1,3.7171e-07,1.10942550189,846.0828347512
3,1,3.8912e-07,0.9277493185,117.3198682202
3,1,3.6944e-07,3.58385604224,625.6701923124
3,1,3.5847e-07,4.01453279444,639.897286314
3,1,3.588e-07,4.44075645073,1045.1548361876
3,1,2.79e-07,3.12885180423,74.7815985673
3,1,2.8034e-07,5.49280837793,433.7117378768
3,1,3.5616e-07,4.87718639945,1581.959348283
3,1,2.287e-07,2.89593409105,942.062061969
3,1,2.2917e-07,4.39232470827,1169.5882514086
3,1,1.6848e-07,0.84344373522,853.196381752
3,1,1.2828e-07,5.65999760985,1265.5674786264
3,1,1.4203e-07,2.02042807659,1692.1656695024
3,1,1.3842e-07,4.96847316294,1155.361157407
3,1,1.1455e-07,1.71478767851,309.2783226558
3,1,1.3119e-07,5.8960562282,330.6189636582
3,1,8.95e-08,5.12739425794,1073.6090241908
3,1,9.033e-08,5.29194839345,412.3710968744
3,1,8.11e-08,1.63213742325,199.0720014364
3,1,9.695e-08,1.2820164302,1478.8665740644
3,1,8.01e-08,5.28413417446,38.1330356378
3,1,7.507e-08,5.63314626529,1375.7737998458
3,1,5.683e-08,5.64842716451,508.3503240922
3,1,5.065e-08,4.61872836521,1272.6810256272
3,1,5.122e-08,0.7805502948,838.9692877504
3,1,4.633e-08,3.96963286081,2648.454825473
3,1,4.955e-08,6.2397852576,3.1813937377
3,1,4.144e-08,0.27205253609,1795.258443721
3,1,3.89e-08,4.99485656209,1062.5633239269
3,1,3.777e-08,3.05073160311,618.5566453116
3,1,3.628e-08,4.91071799608,227.5261894396
3,1,3.598e-08,6.16903865449,519.3960243561
3,1,4.161e-08,4.74241799712,728.762966531
3,1,3.341e-08,5.15353140865,1055.4497769261
3,1,3.019e-08,4.80531534819,551.031606097
3,1,2.954e-08,0.27791550688,1063.3140834523
3,1,2.873e-08,2.50045321169,1485.9801210652
3,1,2.799e-08,4.45717734612,539.9859058331
3,1,3.281e-08,5.86589845886,1056.2005364515
3,1,2.592e-08,0.03988488946,2125.8774073792
3,1,3.12e-08,2.6141036129,1368.660252845
3,1,2.118e-08,4.8155220182,1699.2792165032
3,1,2.047e-08,4.14126423279,1574.8458012822
3,1,2.773e-08,2.95912332296,3.9321532631
3,1,2.55e-08,5.59868792884,2111.6503133776
3,1,1.931e-08,4.17348249997,440.8252848776
3,1,2.088e-08,3.37185008818,1685.0521225016
3,1,2.021e-08,1.47677585678,831.8557407496
3,1,2.294e-08,0.03769707946,21.3406410024
3,1,1.749e-08,1.95113506965,525.0250986486
3,1,1.626e-08,2.21953197234,302.164775655
3,1,1.673e-08,2.38708525663,534.3568315406
3,1,1.462e-08,6.17532184467,2428.0421830342
3,1,1.518e-08,2.54384408415,2221.856634597
3,1,1.249e-08,0.10131731167,1258.4539316256
3,1,1.162e-08,1.51415738925,2008.557539159
3,1,1.355e-08,4.56146817733,750.1036075334
3,1,1.038e-08,5.63991949724,524.2743391232
3,1,1.161e-08,4.51697446536,1038.0412891868
3,1,1.024e-08,4.98395147244,535.107591066
3,1,1.029e-08,5.86675536556,149.5631971346
3,1,9.61e-09,2.00070359963,1898.3512179396
3,1,1.025e-08,2.87748450885,2317.8358618148
3,1,9.47e-09,1.74384304582,2214.7430875962
3,1,9.46e-09,1.42332597256,1382.8873468466
3,1,1.045e-08,3.24587962557,2001.4439921582
3,1,8.49e-09,4.41162044978,511.5317178299
3,1,8.17e-09,6.22659623699,547.8502123593
3,1,9.04e-09,0.20024344532,1905.4647649404
3,1,7.88e-09,5.94278119191,10.2949407385
3,1,8.25e-09,4.68155089578,526.7702037878
3,1,8.19e-09,5.94254789616,532.6117264014
3,1,6.92e-09,0.27213238919,6283.0758499914
3,1,5.33e-09,2.3457917694,76.2660712756
3,1,5.09e-09,5.03126544101,10213.285546211
3,1,4.03e-09,1.25691345472,36.6485629295
3,2,0.00028608011,3.01374191263,529.6909650946
3,2,3.111783e-05,3.13228615794,536.8045120954
3,2,2.377492e-05,0.9557445523,522.5774180938
3,2,1.308861e-05,2.05263727229,1059.3819301892
3,2,8.97079e-06,0.0,0.0
3,2,3.06143e-06,4.64177928721,7.1135470008
3,2,1.78732e-06,3.65484247255,1066.49547719
3,2,1.23164e-06,0.96219856589,515.463871093
3,2,1.11257e-06,0.51687136283,1052.2683831884
3,2,1.16559e-06,2.23097397584,1589.0728952838
3,2,8.917e-07,3.02653528025,543.9180590962
3,2,4.2084e-07,5.42941345902,110.2063212194
3,2,3.5844e-07,3.22464435305,213.299095438
3,2,3.2596e-07,4.52794508192,14.2270940016
3,2,2.7447e-07,4.3564774868,323.5054166574
3,2,2.4417e-07,5.40925475546,103.0927742186
3,2,2.0399e-07,5.46489631572,426.598190876
3,2,2.1934e-07,2.6015847492,532.8723588323
3,2,1.8014e-07,1.44456471821,526.5095713569
3,2,1.6331e-07,4.92014199019,632.7837393132
3,2,1.3483e-07,6.04258588458,419.4846438752
3,2,1.349e-07,2.61548577535,525.7588118315
3,2,1.1558e-07,4.14129213477,1596.1864422846
3,2,1.2105e-07,6.21535970722,1045.1548361876
3,2,1.0929e-07,3.31243498718,220.4126424388
3,2,9.764e-08,2.62828951681,95.9792272178
3,2,1.0309e-07,1.56760288377,533.6231183577
3,2,1.0688e-07,5.53484540215,117.3198682202
3,2,9.544e-08,2.11960157839,316.3918696566
3,2,9.113e-08,2.217385633,1162.4747044078
3,2,1.0158e-07,5.2613509599,949.1756089698
3,2,9.129e-08,2.58339505278,2118.7638603784
3,2,7.323e-08,0.32441886121,956.2891559706
3,2,8.542e-08,6.13497387295,735.8765135318
3,2,6.95e-08,5.45832467382,625.6701923124
3,2,6.236e-08,3.8003903204,433.7117378768
3,2,5.246e-08,0.63975690502,1581.959348283
3,2,5.007e-08,2.65770851102,1169.5882514086
3,2,4.748e-08,4.70977300192,942.062061969
3,2,5.205e-08,2.33054025289,639.897286314
3,2,3.581e-08,3.61699400753,1073.6090241908
3,2,3.3e-08,2.99354463879,206.1855484372
3,2,3.354e-08,5.52814929602,853.196381752
3,2,3.068e-08,1.29971318791,508.3503240922
3,2,3.814e-08,4.40868990095,330.6189636582
3,2,2.97e-08,3.42713067437,199.0720014364
3,2,3.018e-08,0.40383801301,1155.361157407
3,2,2.188e-08,3.84244897855,309.2783226558
3,2,2.693e-08,6.25283437603,728.762966531
3,2,2.334e-08,1.74516467151,412.3710968744
3,2,1.672e-08,3.04994797602,551.031606097
3,2,1.808e-08,3.23458865988,1265.5674786264
3,2,1.903e-08,1.6889571387,519.3960243561
3,2,1.396e-08,4.20754455917,846.0828347512
3,2,1.325e-08,3.40846107083,227.5261894396
3,2,1.511e-08,2.62531230776,539.9859058331
3,2,1.238e-08,1.0926731087,838.9692877504
3,2,1.248e-08,4.45611338081,3.1813937377
3,2,1.247e-08,4.60205535291,21.3406410024
3,2,1.093e-08,3.3181830883,1062.5633239269
3,2,1.01e-08,1.66232831337,1692.1656695024
3,2,9.83e-09,4.31861095568,742.9900605326
3,2,8.52e-09,2.67893555103,440.8252848776
3,2,8.31e-09,1.3795536126,1258.4539316256
3,2,7.69e-09,2.37777541795,1485.9801210652
3,2,6.41e-09,4.8931748395,74.7815985673
3,3,9.63435e-06,4.79228412032,529.6909650946
3,3,4.42821e-06,1.39969952998,536.8045120954
3,3,2.95319e-06,2.81281406373,522.5774180938
3,3,1.11714e-06,0.0,0.0
3,3,5.0665e-07,6.26062465904,1059.3819301892
3,3,2.91e-07,2.75235252681,515.463871093
3,3,2.811e-07,2.04383406271,1066.49547719
3,3,2.9345e-07,2.85188491466,7.1135470008
3,3,2.5369e-07,1.2917522803,543.9180590962
3,3,1.303e-07,2.54792743567,1052.2683831884
3,3,7.83e-08,2.83309311484,14.2270940016
3,3,7.174e-08,0.86931032544,1589.0728952838
3,3,3.08e-08,1.89107497845,1045.1548361876
3,3,2.863e-08,3.4329188679,110.2063212194
3,3,2.167e-08,4.04923561612,419.4846438752
3,3,1.75e-08,2.74912623517,1596.1864422846
3,3,1.927e-08,2.58072071303,323.5054166574
3,3,1.757e-08,3.91881398005,117.3198682202
3,3,1.302e-08,4.8480613686,213.299095438
3,3,1.3e-08,3.0124653574,508.3503240922
3,3,1.203e-08,4.30217253511,95.9792272178
3,3,1.186e-08,6.26643492221,632.7837393132
3,3,1.194e-08,1.7658581671,735.8765135318
3,3,1.052e-08,2.00792098419,1073.6090241908
3,3,1.045e-08,0.09455185496,639.897286314
3,3,1.131e-08,5.41393274707,103.0927742186
3,3,1.364e-08,2.43564490971,206.1855484372
3,3,9.22e-09,0.27894425979,942.062061969
3,3,7.97e-09,1.55035889004,625.6701923124
3,3,7.16e-09,1.50799790954,220.4126424388
3,4,4.6366e-07,5.93695398581,536.8045120954
3,4,2.7761e-07,4.80287441467,522.5774180938
3,4,5.858e-08,4.53622024534,515.463871093
3,4,5.556e-08,5.81670859023,543.9180590962
3,4,4.183e-08,1.50894812038,529.6909650946
3,4,2.638e-08,0.48959557023,1066.49547719
3,4,1.614e-08,0.90503544737,7.1135470008
3,4,1.549e-08,4.58690059715,1059.3819301892
3,4,1.49e-08,4.51390841743,1052.2683831884
3,4,1.13e-08,1.32994670268,14.2270940016
3,5,3.446e-08,4.10413626462,536.8045120954
3,5,2.243e-08,0.82614663721,522.5774180938
3,5,1.081e-08,0.05498457769,515.463871093
