# VSOP87E (barycentric rectangular, ecliptic and equinox J2000.0), body=mars
# Source: Bretagnon P., Francou G. 1988, Astron. Astrophys. 202, 309 (VSOP87 original theory, Bureau des Longitudes/IMCCE), via SunPosition_VSOP87 v2.0.0 (Meysam Mahooti, BSD-3-Clause), file vsop87e.mar.mat
# term contribution to coordinate `var` (1=X,2=Y,3=Z, AU): T^pow * A * cos(B + C*T), T = (JD-2451545.0)/365250 (Julian millennia from J2000.0)
var,pow,A,B,C
1,0,1.51769887405,6.20403346548,3340.6124266998
1,0,0.19473570996,3.14159265359,0.0
1,0,0.07070917372,0.25870338552,6681.2248533996
1,0,0.00494196754,0.59669127752,10021.8372800994
1,0,0.00482151285,3.74021439144,529.6909650946
1,0,0.00271094292,4.01586959956,213.299095438
1,0,0.00155429009,2.17051900894,38.1330356378
1,0,0.0008377764,2.33969868905,74.7815985673
1,0,0.00040938237,0.93473307419,13362.4497067992
1,0,0.00021067199,1.80435656154,3337.0893083508
1,0,0.00021041626,1.17895619474,3344.1355450488
1,0,0.00021794152,4.45100162839,1059.3819301892
1,0,6.774107e-05,3.61785048282,3340.5951730476
1,0,6.77406e-05,5.64862211431,3340.629680352
1,0,8.226069e-05,1.86843519535,2281.2304965106
1,0,5.469046e-05,1.13324429003,2942.4634232916
1,0,7.117418e-05,3.35582835022,426.598190876
1,0,4.817134e-05,1.85091045536,3738.761430108
1,0,4.937579e-05,4.43241440654,5621.8429232104
1,0,5.27626e-05,2.33148083116,6151.533888305
1,0,3.636667e-05,6.11397592106,796.2980068164
1,0,3.725823e-05,1.27280182943,16703.062133499
1,0,3.729746e-05,1.21398323637,398.1490034082
1,0,2.368513e-05,2.9684189536,2544.3144198834
1,0,2.397865e-05,0.63553674054,3149.1641605882
1,0,2.274646e-05,2.35708328853,3532.0606928114
1,0,1.977579e-05,2.1408782611,6677.7017350506
1,0,2.229176e-05,1.69588962513,3340.545116397
1,0,2.229117e-05,1.28739323821,3340.6797370026
1,0,1.980977e-05,4.76060234423,1589.0728952838
1,0,2.24101e-05,4.82218655311,8962.4553499102
1,0,1.677693e-05,3.14442612046,5884.9268465832
1,0,1.630482e-05,0.24117974845,4136.9104335162
1,0,1.93564e-05,1.01281554555,206.1855484372
1,0,1.958162e-05,1.51914544555,6684.7479717486
1,0,1.882589e-05,3.89281844329,220.4126424388
1,0,1.89923e-05,4.79118006044,149.5631971346
1,0,1.878785e-05,1.68734377004,6283.0758499914
1,0,1.37847e-05,2.18011900021,1751.539531416
1,0,1.289804e-05,4.70970778621,1194.4470102246
1,0,1.468124e-05,1.87869730543,3870.3033917944
1,0,1.29017e-05,0.43596325296,2810.9214616052
1,0,1.395167e-05,3.86838914853,522.5774180938
1,0,1.202216e-05,0.79285185429,76.2660712756
1,0,1.364897e-05,0.47624575868,536.8045120954
1,0,8.19458e-06,5.15884167649,4399.994356889
1,0,7.08712e-06,4.69562713369,5486.777843175
1,0,7.19048e-06,2.91145340412,191.4482661116
1,0,7.02848e-06,4.67590003722,2146.1654164752
1,0,7.20121e-06,2.65539067862,9492.1463150048
1,0,8.13685e-06,3.25483611884,36.6485629295
1,0,6.31186e-06,3.95569679737,6681.2075997474
1,0,7.67074e-06,4.22743731914,39.6175083461
1,0,6.31186e-06,5.98646842887,6681.2421070518
1,0,5.82287e-06,3.95295967777,3185.1920272656
1,0,5.55568e-06,5.32014604077,3496.032826134
1,0,6.24717e-06,0.27933568181,73.297125859
1,0,4.9219e-06,2.17606530808,7079.3738568078
1,0,5.35122e-06,3.30310120139,1592.5960136328
1,0,4.17652e-06,5.30163601083,3341.592747768
1,0,4.17769e-06,3.96482796919,3339.6321056316
1,0,3.70752e-06,5.08127148188,8432.7643848156
1,0,3.60028e-06,1.61089122901,20043.6745601988
1,0,3.53036e-06,3.88678429649,6254.6266625236
1,0,3.52079e-06,5.17043717929,12303.06777661
1,0,3.21578e-06,1.94644283196,3553.9115221378
1,0,3.46042e-06,6.16404119331,5088.6288397668
1,0,3.01924e-06,0.9846089956,3127.3133312618
1,0,3.0706e-06,0.00966130243,1748.016413067
1,0,2.89548e-06,3.01109781662,639.897286314
1,0,3.0433e-06,6.18453486751,419.4846438752
1,0,2.60116e-06,1.89587348902,1990.745017041
1,0,2.74183e-06,4.89858667877,110.2063212194
1,0,3.13875e-06,5.106519666,4535.0594369244
1,0,2.71815e-06,1.94925691995,6467.9257579616
1,0,2.23359e-06,3.55354563068,3319.8370312074
1,0,2.21615e-06,5.71282076784,3361.3878221922
1,0,2.34058e-06,2.03750130921,9623.6882766912
1,0,2.11903e-06,4.91970637585,2118.7638603784
1,0,2.07708e-06,2.03373205181,6681.1575430968
1,0,2.05217e-06,1.85790835685,10025.3603984484
1,0,2.07851e-06,2.47841996435,10018.3141617504
1,0,2.53068e-06,1.39828863887,2914.0142358238
1,0,2.15528e-06,5.79667265099,316.3918696566
1,0,2.18718e-06,0.97547090194,6489.776587288
1,0,1.90381e-06,1.28527355998,4690.4798363586
1,0,2.07708e-06,1.62523566496,6681.2921637024
1,0,1.96392e-06,5.31221470494,103.0927742186
1,0,1.78814e-06,2.54776084181,1221.8485663214
1,0,1.57307e-06,0.48852895157,2388.8940204492
1,0,1.77177e-06,4.27081023055,2957.7158944766
1,0,1.47711e-06,2.47588653124,7210.9158184942
1,0,1.6471e-06,0.57591122272,7477.522860216
1,0,1.6845e-06,5.06929034077,3723.508958923
1,0,1.26166e-06,2.64309008334,4292.3308329504
1,0,1.61231e-06,1.53118234358,1349.8674096588
1,0,1.35146e-06,0.12922395244,7903.073419721
1,0,1.46849e-06,4.4161440759,3337.021998048
1,0,1.46211e-06,4.84723563341,3344.2028553516
1,0,1.19425e-06,4.6554564322,11773.3768115154
1,0,1.44098e-06,5.36305248386,2787.0430238574
1,0,1.12328e-06,0.07498207309,3205.5473466644
1,0,1.18125e-06,5.18570866097,4929.6853219836
1,0,1.12305e-06,3.45701462628,3333.498879699
1,0,1.06788e-06,2.91050878748,3475.6775067352
1,0,1.25116e-06,3.97421380472,3894.1818295422
1,0,1.15996e-06,2.34467702892,632.7837393132
1,0,1.20319e-06,3.40966066157,9225.539273283
1,0,1.36802e-06,2.00004829755,1.4844727083
1,0,9.7207e-07,2.99865676561,951.7184062506
1,0,1.06515e-06,5.50162815365,382.8965322232
1,0,1.25429e-06,1.20223756443,1066.49547719
1,0,9.4433e-07,3.80552493439,1052.2683831884
1,0,9.609e-07,5.81819224527,3347.7259737006
1,0,8.8763e-07,2.98692015057,12832.7587417046
1,0,8.8424e-07,0.46788407862,3097.88382272579
1,0,1.1524e-06,5.86554297015,155.4203994342
1,0,8.0693e-07,2.54262499897,3583.3410306738
1,0,9.4077e-07,4.9707632912,7.1135470008
1,0,8.5394e-07,3.68553580935,4933.2084403326
1,0,8.4575e-07,0.98139044515,6674.1113063988
1,0,9.885e-07,3.24207878297,433.7117378768
1,0,1.03046e-06,3.17830954472,1162.4747044078
1,0,7.2879e-07,4.43895846428,553.5694028424
1,0,7.3967e-07,5.89004738022,3767.2106175758
1,0,9.2023e-07,4.26113870399,9595.2390892234
1,0,6.616e-07,0.94815285206,3.523118349
1,0,7.3608e-07,5.48570032991,7740.6067835888
1,0,6.6213e-07,2.34472269926,2700.7151403858
1,0,6.981e-07,5.73677959672,5092.1519581158
1,0,5.4167e-07,4.2929295461,6525.8044539654
1,0,6.6184e-07,0.04131920152,10021.8545337516
1,0,5.1348e-07,1.31398523429,949.1756089698
1,0,4.9919e-07,5.09299800813,3312.163239232
1,0,4.9213e-07,4.17306140605,3369.0616141676
1,0,4.737e-07,5.51507270323,15643.6802033098
1,0,6.3481e-07,0.27107636373,846.0828347512
1,0,6.6184e-07,4.29373287721,10021.8200264472
1,0,6.3793e-07,5.79810121165,148.0787244263
1,0,5.8772e-07,0.6845486373,224.3447957019
1,0,5.7875e-07,5.0574412453,6041.3275670856
1,0,5.3324e-07,2.50863035758,10419.9862835076
1,0,3.894e-07,5.63973862939,6682.2051744678
1,0,4.3109e-07,2.71319075118,3325.3599555148
1,0,4.2867e-07,0.27117433127,3355.8648978848
1,0,4.8698e-07,5.0989994191,2274.1169495098
1,0,4.6383e-07,1.7371707302,2288.3440435114
1,0,3.6267e-07,1.94902928841,23384.2869868986
1,0,5.0165e-07,2.1473698982,4562.4609930212
1,0,4.4704e-07,4.31072201688,3077.528503327
1,0,3.1936e-07,4.2284775201,5628.9564702112
1,0,3.3826e-07,2.142809991,242.728603974
1,0,3.2584e-07,5.11554630054,2648.454825473
1,0,3.1516e-07,2.26487927217,5331.3574437408
1,0,3.6134e-07,2.27592727288,9808.5381846614
1,0,3.7824e-07,4.58891701161,35.1640902212
1,0,3.115e-07,1.37429681895,63.7358983034
1,0,3.9073e-07,4.30379109135,6680.2445323314
1,0,2.9903e-07,0.50914323279,7373.3824546264
1,0,3.2386e-07,5.44057780617,7875.6718636242
1,0,3.8513e-07,2.35130225277,6894.5239488376
1,0,4.0052e-07,4.95360412434,3603.6963500726
1,0,3.0679e-07,4.19722029443,11.0457002639
1,0,2.7675e-07,2.38007622196,12964.300703391
1,0,2.9415e-07,1.41703966406,5614.7293762096
1,0,2.9883e-07,4.05954052924,1692.1656695024
1,0,2.9811e-07,5.42002217767,3178.1457905676
1,0,2.6263e-07,3.88406335289,1581.959348283
1,0,2.7624e-07,1.51598253003,8429.2412664666
1,0,2.778e-07,3.76684820301,3503.079062832
1,0,2.4077e-07,2.77490729346,853.196381752
1,0,2.3774e-07,3.79283688871,3320.257107301
1,0,2.858e-07,2.84721981555,41.1019810544
1,0,2.3576e-07,5.47254185738,3360.96774609859
1,0,2.8132e-07,3.70750796008,151.0476698429
1,0,2.2361e-07,4.86113133643,15113.9892382152
1,0,2.269e-07,2.19469301612,13365.9728251482
1,0,2.4893e-07,2.9480255656,692.1576012268
1,0,2.1831e-07,1.96164672611,10021.9045904022
1,0,2.3782e-07,3.76207354349,227.5261894396
1,0,2.1452e-07,3.90485002116,6660.4494579072
1,0,2.5193e-07,0.35005183307,3335.0895023924
1,0,2.1831e-07,2.37014311295,10021.7699697966
1,0,2.5135e-07,2.63045826824,3346.1353510072
1,0,2.2753e-07,1.31299329202,9830.3890139878
1,0,2.3267e-07,0.46827104623,85.8272988312
1,0,2.2744e-07,1.67012539714,71.8126531507
1,0,2.0575e-07,0.90645437334,6438.4962494256
1,0,2.4954e-07,2.47676946948,1648.4467571974
1,0,1.9324e-07,0.97030055777,3329.97576135
1,0,1.9241e-07,2.01197452147,3351.2490920496
1,0,2.36e-07,6.05705050939,10713.9948813262
1,0,1.7286e-07,0.90425997403,6872.6731195112
1,0,1.9863e-07,5.26277662529,9381.9399937854
1,0,2.3245e-07,2.81335780702,1758.6530784168
1,0,1.7302e-07,5.28125791066,742.9900605326
1,0,1.8911e-07,1.70838297719,3863.1898447936
1,0,1.9594e-07,1.20290770391,2818.035008606
1,0,2.3014e-07,2.81461106664,13358.9265884502
1,0,2.2286e-07,3.93734569173,2.9689454166
1,0,2.0716e-07,6.04882555598,6702.000248892
1,0,1.763e-07,0.77500497806,3074.005384978
1,0,2.1283e-07,0.36889274817,2707.8286873866
1,0,2.0026e-07,4.02923197304,209.3669421749
1,0,2.1789e-07,0.1080180779,77.7505439839
1,0,1.6342e-07,4.60982335717,6298.3283211764
1,0,1.9681e-07,0.87544248531,217.2312487011
1,0,2.2491e-07,3.05082771617,8031.0922630584
1,0,1.6318e-07,2.90860348903,10551.528245194
1,0,1.9075e-07,5.91973929854,202.2533951741
1,0,1.6107e-07,2.52814803336,735.8765135318
1,0,1.7705e-07,0.90939692872,10818.1352869158
1,0,1.695e-07,1.49290558048,1596.1864422846
1,0,1.6242e-07,2.21265902746,3607.2194684216
1,0,1.736e-07,3.01137661271,138.5174968707
1,0,1.6533e-07,2.14796846234,6158.6474353058
1,0,1.9312e-07,5.67131104636,6836.6452528338
1,0,1.4994e-07,1.03985219202,6531.661656265
1,0,1.4342e-07,2.39106240306,1478.8665740644
1,0,1.5089e-07,4.00435666151,515.463871093
1,0,1.7187e-07,5.02091584362,11243.6858464208
1,0,1.3658e-07,0.95367846073,7064.1213856228
1,0,1.3547e-07,5.18592691748,6684.8152820514
1,0,1.567e-07,4.46631838197,3333.5661900018
1,0,1.7068e-07,2.9931632554,323.5054166574
1,0,1.6212e-07,0.84608813575,5729.506447149
1,0,1.6254e-07,5.63862628078,6144.4203413042
1,0,1.6776e-07,3.21915143967,4032.7700279266
1,0,1.3925e-07,4.61081158788,12935.8515159232
1,0,1.3204e-07,2.85464406974,956.2891559706
1,0,1.6781e-07,2.44831081494,3973.396166013
1,0,1.272e-07,2.28483212376,3336.7310913418
1,0,1.2703e-07,0.69084968319,3344.4937620578
1,0,1.5246e-07,5.27637617538,5459.3762870782
1,0,1.4286e-07,0.57434628738,10404.7338123226
1,0,1.3737e-07,5.70954873985,6127.6554505572
1,0,1.2994e-07,3.50514987766,8827.3902698748
1,0,1.231e-07,3.32813422481,2487.4160449478
1,0,1.2133e-07,4.87509657472,3980.5097130138
1,0,1.211e-07,4.63788633296,3281.2385647862
1,0,1.3767e-07,4.75090697315,6677.6344247478
1,0,1.1758e-07,4.61782311507,3399.9862886134
1,0,1.1916e-07,5.44422183383,1744.4259844152
1,0,1.364e-07,5.59411674318,3415.3940252671
1,0,1.2925e-07,4.67854321339,7632.9432596502
1,0,1.3026e-07,3.93047583551,11769.8536931664
1,0,1.1412e-07,3.55488173063,11371.7046897582
1,0,1.1148e-07,5.52272711776,8270.2977486834
1,0,1.1153e-07,3.25807789781,6816.289933435
1,0,1.1351e-07,4.98057415035,4989.0591838972
1,0,1.2966e-07,4.66632646085,8969.568896911
1,0,1.3281e-07,3.7032514851,3265.8308281325
1,0,1.3932e-07,0.43513047926,6546.1597733642
1,0,1.3694e-07,4.65145546794,3347.6586633978
1,0,1.1229e-07,1.18029367551,199.0720014364
1,0,1.0824e-07,0.88978834814,3316.733988952
1,0,1.0722e-07,2.08650180598,3364.4908644476
1,0,1.333e-07,1.73633967849,8955.3418029094
1,0,1.0768e-07,3.32549049401,16173.3711684044
1,0,1.3163e-07,6.21762554655,6688.3384004004
1,0,1.1418e-07,0.8828654012,3237.5196524812
1,0,1.05e-07,0.34443936109,543.9180590962
1,0,1.213e-07,2.00651433041,3443.7052009184
1,0,9.287e-08,6.03988322239,3304.5845600224
1,0,1.1267e-07,0.61071260601,525.7588118315
1,0,9.16e-08,3.21863721466,3376.6402933772
1,0,1.1121e-07,3.72464071334,533.6231183577
1,0,8.926e-08,4.01851361248,8273.8208670324
1,0,9.314e-08,3.91047150173,14584.2982731206
1,0,1.2215e-07,1.30873077067,10014.7237330986
1,0,1.1535e-07,3.38250705677,3024.2205570432
1,0,8.906e-08,0.93197483563,3341.0325027934
1,0,8.906e-08,2.04371438516,3340.19235060619
1,0,1.016e-07,1.10193057562,1375.7737998458
1,0,1.0563e-07,4.76088157461,10973.55568635
1,0,9.728e-08,2.26828152965,135.0650800354
1,0,1.0504e-07,0.14052500788,10213.285546211
1,0,8.125e-08,0.08684877067,5828.0284716476
1,0,7.83e-08,3.37196781134,162.4666361322
1,0,1.0475e-07,5.87139389943,3657.0042963564
1,0,8.273e-08,1.36018120251,6604.958782124
1,0,1.0423e-07,2.32096503578,12168.0026965746
1,0,7.365e-08,0.741659273,3760.097070575
1,0,7.447e-08,4.28662713398,1861.7458526354
1,0,7.185e-08,3.51955509534,216.4804891757
1,0,8.951e-08,3.64574332393,12566.1516999828
1,0,7.3e-08,0.37690059591,13362.4669604514
1,0,7.015e-08,1.38855213071,210.1177017003
1,0,7.123e-08,2.45133618223,415.5524906121
1,0,7.546e-08,4.17104317176,3134.4268782626
1,0,9.008e-08,4.8860428096,6784.3176276182
1,0,7.32e-08,4.63241620258,13362.432453147
1,0,6.835e-08,4.36919710114,117.3198682202
1,0,6.861e-08,3.80050446208,3169.9395560806
1,0,8.149e-08,2.72974838905,2921.1277828246
1,0,7.236e-08,5.08483662864,3546.797975137
1,0,8.579e-08,5.84551720825,5099.2655051166
1,0,7.567e-08,3.44029907335,3209.0704650134
1,0,7.164e-08,3.96689749027,1265.5674786264
1,0,7.609e-08,5.08371147556,3304.0070613956
1,0,6.467e-08,0.02249536614,10184.3039162316
1,0,7.516e-08,2.88089303559,6923.9534573736
1,0,6.807e-08,0.13521095675,7234.794256242
1,0,6.446e-08,5.78384184406,3341.0423098265
1,0,6.446e-08,3.48151772817,3340.1825435731
1,0,6.514e-08,2.78645432045,1118.7557921028
1,0,6.453e-08,5.46308741155,3511.285297319
1,0,7.475e-08,4.17838652821,3377.217792004
1,0,6.409e-08,6.18677106785,10575.4066829418
1,0,7.656e-08,5.8160484146,11081.2192102886
1,0,6.039e-08,0.72624360734,640.8776073822
1,0,6.85e-08,5.82614287106,3472.1543883862
1,0,6.803e-08,4.24835021117,2221.856634597
1,0,5.974e-08,2.84025495512,13760.5987102074
1,0,6.037e-08,5.85268725215,18984.2926300096
1,0,5.383e-08,3.18331360539,1228.9621133222
1,0,6.164e-08,2.88411929025,647.0108333148
1,0,6.832e-08,3.87277522484,6606.4432548323
1,0,6.244e-08,5.44473078234,70.8494453042
1,0,5.381e-08,1.74289410001,2766.267628365
1,0,6.944e-08,5.43820006019,8329.671610597
1,0,5.618e-08,2.04973538018,2699.7348193176
1,0,5.178e-08,3.38284373136,3274.1250177854
1,0,5.132e-08,1.40127317485,3914.9572250346
1,0,6.07e-08,5.30862163002,95.9792272178
1,0,5.655e-08,4.63277610967,9866.4168806652
1,0,5.074e-08,4.24610777191,526.5095713569
1,0,4.978e-08,0.09070559075,532.8723588323
1,0,5.03e-08,5.8735666621,3407.0998356142
1,0,5.875e-08,2.3690711315,78.7137518304
1,0,4.8e-08,1.93538187506,4407.1079038898
1,0,5.289e-08,0.07864350876,13916.0191096416
1,0,6.432e-08,4.86365370127,3296.8935143948
1,0,6.214e-08,5.7694497614,8439.8779318164
1,0,6.362e-08,4.39850678391,3384.3313390048
1,0,6.495e-08,0.01977871702,7107.8230442756
1,0,4.782e-08,0.76221170409,6261.7402095244
1,0,6.263e-08,5.31414297159,1964.838626854
1,0,5.038e-08,4.00806214098,6247.5131155228
1,0,5.347e-08,4.99024111406,14.2270940016
1,0,4.557e-08,1.53702348618,2807.3983432562
1,0,4.586e-08,4.50717342127,6709.6740408674
1,0,6.109e-08,5.6799009541,111.4301614968
1,0,4.868e-08,5.44478627062,4392.8808098882
1,0,4.383e-08,3.06060537188,6665.9723822146
1,0,4.389e-08,2.60342985448,13149.1506113612
1,0,4.835e-08,5.07151708141,14314.1681130498
1,0,5.778e-08,3.03661567763,2178.137722292
1,0,4.352e-08,2.71002586366,10235.1363755374
1,0,4.627e-08,3.6650549185,2803.8079146044
1,0,4.372e-08,6.12468678269,9168.6408983474
1,0,4.137e-08,1.74921053942,574.3447983348
1,0,4.316e-08,4.846794798,3877.4169387952
1,0,4.107e-08,4.64137843892,10020.8569590312
1,0,3.822e-08,2.21626693517,3490.1756238344
1,0,4.992e-08,4.86610795801,114.3991069134
1,0,4.095e-08,5.97738996422,10022.8176011676
1,0,4.288e-08,1.51938558324,277.0349937414
1,0,5.127e-08,1.85460173676,222.8603229936
1,0,3.691e-08,0.077943306,6571.0185321802
1,0,4.105e-08,0.62939165404,263.0839233728
1,0,5.145e-08,3.94142849979,2111.6503133776
1,0,4.598e-08,0.7640556722,146.594251718
1,0,3.544e-08,1.42006590232,13517.8701062334
1,0,3.496e-08,5.77175707487,11216.284290324
1,0,3.591e-08,1.55483371434,3873.8265101434
1,0,4.567e-08,5.47345981316,13524.9163429314
1,0,3.954e-08,5.40431118866,6652.7756659318
1,0,4.049e-08,1.12676329347,3981.490034082
1,0,3.269e-08,2.47578227627,6040.3472460174
1,0,3.781e-08,1.51484025806,2906.900688823
1,0,3.26e-08,2.06519414445,8425.6508378148
1,0,3.293e-08,1.70537885026,9779.1086761254
1,0,3.767e-08,2.28715050291,26724.8994135984
1,0,3.39e-08,5.15091511991,18454.601664915
1,0,3.325e-08,0.39339640639,6843.6914895318
1,0,3.962e-08,1.83390636841,6048.4411140864
1,0,3.154e-08,0.64171873873,5202.3582793352
1,0,4.019e-08,0.60853100264,6696.4773245846
1,0,3.926e-08,1.75260892669,266.6070417218
1,0,3.61e-08,3.30334295631,2008.557539159
1,0,3.266e-08,3.23784244279,13936.794505134
1,0,3.115e-08,1.54066694261,5305.4510535538
1,0,3.268e-08,2.71865882379,16304.9131300908
1,0,3.904e-08,3.7715899198,2384.3232707292
1,0,3.234e-08,3.23642327177,5518.7501489918
1,0,3.311e-08,2.59909525803,8671.9698704406
1,0,2.846e-08,3.36189891871,1332.0548875408
1,0,3.766e-08,5.98631611244,14712.317116458
1,0,3.754e-08,1.04640420137,490.3340891794
1,0,2.95e-08,5.25308946484,6944.3087767724
1,0,2.717e-08,5.76322783552,6518.7582172674
1,0,2.645e-08,5.46777283627,5989.0672521728
1,0,2.74e-08,0.07808443244,7910.1869667218
1,0,2.707e-08,1.80768212748,16858.4825329332
1,0,2.528e-08,1.65347317169,13171.0014406876
1,0,3.418e-08,2.52366884638,351.8165923087
1,0,2.483e-08,3.87260065092,3313.210870603
1,0,2.477e-08,4.75666685518,5732.0492444298
1,0,3.349e-08,0.87562878675,10177.2576795336
1,0,2.456e-08,5.39283487914,3368.0139827966
1,0,2.623e-08,3.15434704817,16699.53901514999
1,0,2.42e-08,1.77947870484,3561.0250691386
1,0,2.38e-08,1.67309028905,2125.8774073792
1,0,2.416e-08,2.30120840231,13362.517017102
1,0,2.437e-08,0.09917053128,5724.935697429
1,0,2.532e-08,4.86333607443,6475.0393049624
1,0,3.283e-08,3.57306497337,17277.4069318338
1,0,2.577e-08,2.89010347717,625.6701923124
1,0,2.305e-08,4.0965524247,17924.9106998204
1,0,2.334e-08,6.00094674252,9485.032768004
1,0,2.982e-08,0.59289983624,109.9456887885
1,0,2.658e-08,4.90685253882,3191.0492295652
1,0,2.433e-08,3.97617962527,3171.0322435668
1,0,2.399e-08,2.63420596512,15508.6151232744
1,0,2.274e-08,2.96629550939,6686.747777707
1,0,2.448e-08,4.59080697271,6418.1409300268
1,0,2.247e-08,2.22209606814,3343.3639373108
1,0,2.247e-08,0.76007819691,3337.8609160888
1,0,2.3e-08,1.05457137869,3120.199784261
1,0,2.861e-08,1.98905363521,3342.0968994081
1,0,2.836e-08,0.98608001394,3339.1279539915
1,0,2.948e-08,1.15362511196,6414.6178116778
1,0,2.582e-08,2.53488965696,16706.585251848
1,0,2.49e-08,5.13908908718,12722.5524204852
1,0,2.071e-08,2.95218926429,10596.1820784342
1,0,2.194e-08,5.25157497709,3510.1926098328
1,0,2.21e-08,0.9873417282,533.2140834436
1,0,2.346e-08,3.35828077447,299.1263942692
1,0,2.884e-08,6.25268747056,661.232926781
1,0,2.352e-08,0.68899979183,6675.7019290922
1,0,2.171e-08,2.82652953748,7314.0085927128
1,0,2.531e-08,3.98315571751,15110.4661198662
1,0,1.989e-08,1.24937409137,14158.7477136156
1,0,2.741e-08,1.36741656084,9872.2740829648
1,0,2.336e-08,5.79016324229,33.6796175129
1,0,2.051e-08,5.80635565702,1214.7350193206
1,0,1.98e-08,3.18993306283,16460.33352952499
1,0,2.057e-08,1.5539657221,1545.3539829788
1,0,2.016e-08,5.80333116821,6701.5801727984
1,0,2.315e-08,0.27491232644,1169.5882514086
1,0,1.963e-08,0.9742640222,8542.970706035
1,0,2.202e-08,5.06011306718,20.7753954924
1,0,1.921e-08,2.25819702736,2675.8563815698
1,0,2.221e-08,4.13094100375,6660.8695340008
1,0,1.93e-08,6.136484687,1272.6810256272
1,0,2.185e-08,0.10437662983,10042.6126755918
1,0,1.963e-08,4.86879808564,6456.8800576977
1,0,1.928e-08,4.75990099243,1795.258443721
1,0,1.894e-08,1.54747808511,792.7748884674
1,0,1.887e-08,5.7275528813,7799.9806455024
1,0,2.355e-08,2.20727531576,6460.8122109608
1,0,1.918e-08,2.84810154019,2945.9865416406
1,0,1.856e-08,1.97055567397,3416.8784979754
1,0,1.999e-08,3.78408023322,3230.4061054804
1,0,1.844e-08,4.95411775516,16276.463942623
1,0,2.273e-08,4.24795887217,10001.061884607
1,0,1.863e-08,4.4113653355,2751.5475996916
1,0,1.884e-08,0.43882284635,13553.8979729108
1,0,2.215e-08,2.48685102846,9499.2598620056
1,0,1.805e-08,2.35009306355,6691.8615187494
1,0,1.827e-08,2.13792483074,12295.9542296092
1,0,2.416e-08,2.70970478916,13362.3823964964
1,0,2.281e-08,3.85790470815,6643.0918177618
1,0,1.748e-08,4.5708682258,5032.7780962022
1,0,1.981e-08,5.03237475958,12310.1813236108
1,0,2.102e-08,3.23137605134,13745.3462390224
1,0,2.109e-08,2.11504554973,7203.8022714934
1,0,1.951e-08,1.10549385911,799.8211251654
1,0,1.709e-08,1.31732873591,2391.43681773
1,0,1.7e-08,5.65890453825,1435.1476617594
1,0,1.672e-08,2.55075771165,6947.8318951214
1,0,2.15e-08,0.44492585631,17256.6315363414
1,0,1.651e-08,5.91049368296,6756.0064519669
1,0,1.66e-08,4.94561267936,9638.9407478762
1,0,1.728e-08,3.08566237875,1045.1548361876
1,0,2.136e-08,0.46897595624,28.4491874678
1,0,1.859e-08,1.33445554874,1905.4647649404
1,0,1.663e-08,3.83391966792,2277.7073781616
1,0,1.531e-08,0.7884556608,4005.3684718298
1,0,1.859e-08,2.69741164079,4.4534181249
1,0,1.548e-08,1.53436911444,6578.132079181
1,0,2.066e-08,2.70339714714,13119.72110282519
1,0,1.866e-08,5.5984679044,1039.0266107904
1,0,1.555e-08,0.27389127072,10028.9508271002
1,0,1.553e-08,3.89950445433,4193.8088084518
1,0,1.87e-08,0.58471003638,3113.1362939108
1,0,1.486e-08,3.88620901938,2641.3412784722
1,0,1.539e-08,5.57331447211,65.2203710117
1,0,1.462e-08,5.69888481518,12995.2253778368
1,0,1.459e-08,5.52526727854,2679.3794999188
1,0,1.763e-08,3.34320851468,1155.361157407
1,0,1.547e-08,1.64100920813,13355.3361597984
1,0,1.463e-08,0.27191881986,3318.7615973734
1,0,1.463e-08,2.71025544519,3362.4632560262
1,0,1.526e-08,0.3978198892,664.75604513
1,0,1.482e-08,5.77895037207,2604.735913168
1,0,1.867e-08,3.32733017397,13892.1406718938
1,0,1.444e-08,5.09058625219,10018.2468514476
1,0,1.862e-08,1.31686189323,6670.5881880498
1,0,1.428e-08,6.05145860944,9468.267877257
1,0,1.647e-08,1.18630860116,9070.1188738488
1,0,1.515e-08,4.40841215958,4922.5717749828
1,0,1.594e-08,3.07253021972,440.8252848776
1,0,1.468e-08,2.4859840621,2693.601593385
1,0,1.434e-08,5.73698962451,3283.7140517642
1,0,1.552e-08,0.75522820685,9886.772200064
1,0,1.43e-08,5.52560820233,10025.4277087512
1,0,1.604e-08,3.48106279055,699.2711482276
1,0,1.403e-08,3.52792942238,3397.5108016354
1,0,1.364e-08,1.4773922935,942.062061969
1,0,1.404e-08,3.59395455131,19800.9459562248
1,0,1.7e-08,2.39699907474,3568.0885594888
1,0,1.599e-08,5.02451840238,3212.5935833624
1,0,1.492e-08,3.59400579441,6155.057006654
1,0,1.556e-08,3.38483926358,7895.9598727202
1,0,1.469e-08,2.62524582215,1015.6630178842
1,0,1.329e-08,3.19680445505,3347.2960905739
1,0,1.329e-08,6.06855511718,3333.9287628257
1,0,1.503e-08,0.26778913449,3378.7454623376
1,0,1.4e-08,3.17228930635,589.0648270082
1,0,1.522e-08,4.2424735844,3468.6312700372
1,0,1.286e-08,1.87463796011,3152.68727893721
1,0,1.273e-08,5.67037587711,5625.3660415594
1,0,1.424e-08,1.87964420034,17654.7805397496
1,0,1.563e-08,4.74033234784,6674.1786167016
1,0,1.455e-08,5.62088037785,8799.988713778
1,0,1.323e-08,0.16177637471,1190.9238918756
1,0,1.259e-08,3.2653541699,3742.284548457
1,0,1.39e-08,6.12238564495,412.3710968744
1,0,1.344e-08,5.40745111036,4672.6673142406
1,0,1.413e-08,1.64650599332,42.5864537627
1,0,1.561e-08,5.17810613909,3450.8187479192
1,0,1.683e-08,1.9768885489,8646.0634802536
1,0,1.272e-08,6.25718697284,6997.6167230562
1,0,1.293e-08,5.24149879148,10124.930054318
1,0,1.223e-08,5.74782096857,11670.2840372968
1,0,1.193e-08,1.03222295834,6685.1061887576
1,0,1.312e-08,4.28066683487,3.9321532631
1,0,1.172e-08,3.48929365073,1485.9801210652
1,0,1.175e-08,3.46873404944,4076.4889402316
1,0,1.162e-08,4.24715359301,2324.9494088156
1,0,1.326e-08,5.55836614171,5835.1420186484
1,0,1.344e-08,3.54114655197,59.3738619136
1,0,1.12e-08,6.09785937216,15.252471185
1,0,1.483e-08,1.40459440941,210.8514148832
1,0,1.205e-08,4.89787234183,6688.2710900976
1,0,1.472e-08,3.48774945967,215.7467759928
1,0,1.102e-08,3.98443103901,6364.832983743
1,0,1.171e-08,5.20713779345,2771.7905526724
1,0,1.128e-08,4.9800306987,6621.850991486
1,0,1.111e-08,5.02485508851,19402.7969528166
1,0,1.312e-08,5.1713551158,3311.18291816379
1,0,1.312e-08,4.09400445643,3370.0419352358
1,0,1.148e-08,4.63535326098,1063.3140834523
1,0,1.233e-08,3.49018510996,66.4874089144
1,0,1.398e-08,4.37138512888,9588.1255422226
1,0,1.101e-08,5.78990851346,3774.3241645766
1,0,1.166e-08,3.86709010828,4885.9664096786
1,0,1.229e-08,2.53764879683,3145.6410422392
1,0,1.335e-08,5.02147392519,4459.3682188026
1,0,1.071e-08,3.00909064842,7255.5696517344
1,0,1.183e-08,3.15461838319,17395.2197347258
1,0,1.266e-08,5.61560028687,6887.4104018368
1,0,1.072e-08,3.28943407731,6148.010769956
1,0,1.066e-08,5.94379242263,1197.9701285736
1,0,1.062e-08,1.63761668363,131.5419616864
1,0,1.116e-08,6.06452026137,5618.3198048614
1,0,1.222e-08,4.54203439135,3184.2117061974
1,0,1.186e-08,3.10594561435,2284.7536148596
1,0,1.366e-08,5.96542605959,225.8292684102
1,0,1.116e-08,5.86192558592,11610.9101753832
1,0,1.369e-08,5.12813131118,79.2350166922
1,0,1.218e-08,3.59655099027,10156.9023601348
1,0,1.087e-08,3.9730793435,5642.1982426092
1,0,1.053e-08,4.999656342,14054.607308026
1,0,1.022e-08,0.96352485877,145.6310438715
1,0,1.422e-08,2.40975714524,152.5321425512
1,0,1.029e-08,2.87672671885,422.6660376129
1,0,1.193e-08,2.62619989298,6677.3435180416
1,0,1.102e-08,5.26420035459,7321.1221397136
1,0,1.153e-08,5.41879361902,6740.5987153132
1,0,1.069e-08,2.27857059569,9389.0535407862
1,0,9.9e-09,5.95411082482,3181.6689089166
1,0,1.146e-08,4.72384240476,3497.0131472022
1,0,9.91e-09,1.49574201602,4140.4335518652
1,0,1.269e-08,5.19931704623,3188.7151456146
1,0,1.22e-08,5.17708743476,6034.2140200848
1,0,9.77e-09,1.05449261588,3361.9480671668
1,0,9.77e-09,1.92768164917,3319.2767862328
1,0,9.78e-09,1.63172143816,11766.2632645146
1,0,1.351e-08,1.69299027486,9945.5712088238
1,0,1.167e-08,0.99889492369,9602.3526362242
1,0,1.03e-08,4.17831293451,12721.572099417
1,0,1.02e-08,3.68167586259,2538.2485042536
1,0,9.55e-09,0.46765822817,309.2783226558
1,0,9.79e-09,2.33360006154,84.3428261229
1,0,1.347e-08,3.63309297765,19513.9835951042
1,0,1.24e-08,2.54570206463,3302.479391062
1,0,1.09e-08,2.86573865299,70.3281804424
1,0,9.57e-09,0.10887247031,6645.1969867222
1,0,1.075e-08,0.57961253778,212.3358875915
1,0,1.07e-08,4.31120526838,214.2623032845
1,0,9.43e-09,0.62298659929,3344.152798701
1,0,9.43e-09,5.50078031935,3337.0720546986
1,0,9.29e-09,3.64733196616,4001.8453534808
1,0,1.121e-08,0.39414293182,9065.5481241288
1,0,1.244e-08,2.87441597074,184.7272873558
1,0,9.6e-09,4.05565096298,3909.4343007272
1,0,9.08e-09,3.63883407052,3326.3853326982
1,0,9.56e-09,0.18458081832,20809.4676246452
1,0,9.1e-09,5.91297097098,931.3630868518
1,0,9.43e-09,1.24836664366,3337.106562003
1,0,9.43e-09,4.87540027498,3344.11829139661
1,0,9.38e-09,3.56693392724,9380.9596727172
1,0,1.177e-08,3.67253107095,2301.58581590939
1,0,8.88e-09,0.45676454811,36.6053653042
1,0,1.098e-08,2.95983802473,137.0330241624
1,0,8.86e-09,0.02869348414,8013.2797409404
1,0,1.115e-08,4.62962731246,16062.1845261168
1,0,8.89e-09,3.98790631605,213.2509113282
1,0,8.89e-09,0.90251570889,213.3472795478
1,0,8.67e-09,0.71131990196,7380.4960016272
1,0,9.67e-09,4.34960561312,11614.4332937322
1,0,8.79e-09,5.66441531374,3354.8395207014
1,0,8.78e-09,3.61953632544,169.580183133
1,0,8.56e-09,2.38006031197,6705.1032911474
1,0,1.2e-08,5.49938290386,2970.9126107594
1,0,1.039e-08,1.9243046131,4936.7988689844
1,0,9.66e-09,0.43635654362,8958.9322315612
1,0,1.018e-08,1.39692983525,2597.6223661672
1,0,8.68e-09,4.22723847251,9947.0556815321
1,0,8.88e-09,6.02934983569,170.6728706192
1,0,8.9e-09,0.04475975272,6747.712262314
1,0,8.73e-09,0.5071822657,2067.9314010726
1,0,8.34e-09,2.38508120043,6680.804777306
1,0,9.58e-09,3.07864166176,2409.249339848
1,0,8.14e-09,4.96978756082,16703.0448798468
1,0,1.043e-08,4.06756024984,3492.509707785
1,0,8.14e-09,0.71737388513,16703.07938715119
1,0,8.19e-09,0.57163728715,529.6427809848
1,0,8.19e-09,3.76946397274,529.7391492044
1,0,8.11e-09,2.26915207928,288.0806940053
1,0,8.21e-09,1.45532635718,3358.4249488178
1,0,8.21e-09,1.52684790788,3322.7999045818
1,0,1.006e-08,0.32808498663,9654.612951137
1,0,8.72e-09,3.47010951505,3232.9489027612
1,0,8.9e-09,6.08153339531,8965.9784682592
1,0,8.48e-09,5.36530370202,11780.4903585162
1,0,1.004e-08,4.86111370518,16335.8378045366
1,0,7.92e-09,0.96216543926,7100.7094972748
1,0,1.037e-08,4.27554240329,527.2432845398
1,0,7.79e-09,3.28803155951,3499.555944483
1,0,1.031e-08,0.06363683037,532.1386456494
1,0,8.41e-09,5.8083538942,3448.2759506384
1,0,7.97e-09,4.06306935733,203.7378678824
1,0,8.59e-09,2.39272132973,74.6697239827
1,0,7.88e-09,6.15064642009,14421.8316369884
1,0,8.58e-09,5.4282017878,74.8934731519
1,0,8.35e-09,4.64636271875,3929.677253708
1,0,7.99e-09,1.71609142624,2540.7913015344
1,0,1e-08,1.28921002636,1055.4497769261
1,0,9.35e-09,4.58890893949,437.6438911399
1,0,1.014e-08,5.93632751077,8859.3625756916
1,0,1.009e-08,1.23105531513,6657.3464156518
1,0,7.34e-09,5.35841388096,112.9146342051
1,0,1.03e-08,3.76563035339,3710.3122426402
1,0,7.87e-09,5.30046515807,3308.640120883
1,0,7.87e-09,3.96489441416,3372.5847325166
1,0,7.25e-09,6.2061537509,3229.4257844122
1,0,8.25e-09,5.84109202593,3253.30422216
1,0,7.4e-09,5.37852418407,1062.9050485382
1,0,8.64e-09,3.56004399666,6717.252720077
1,0,7.29e-09,5.39810036362,22743.4093795164
1,0,8.19e-09,3.40537028007,802.3639224462
1,0,6.94e-09,3.0591758083,3451.7990689874
1,0,6.94e-09,2.00903556842,628.8515860501
1,0,6.92e-09,3.93969787894,3067.9394693482
1,0,7.3e-09,2.57787085198,6016.4688082696
1,0,6.91e-09,5.21607448399,4356.275444584
1,0,7.95e-09,3.42431058119,3427.9206312396
1,0,7.07e-09,3.96444184834,20597.2439630412
1,0,7.29e-09,3.83003983643,15906.7641266826
1,0,9.5e-09,2.18428036051,20199.094959633
1,0,7.23e-09,5.49722551141,3735.238311759
1,0,6.67e-09,0.37126610848,7270.2896804078
1,0,8.54e-09,2.68545229893,2075.0449480734
1,0,7.2e-09,5.37203321727,3264.3463554242
1,0,9.26e-09,2.97025862788,160.6088973985
1,0,6.51e-09,6.0902053533,17468.8551979454
1,0,8.26e-09,3.32684274495,838.9692877504
1,0,7.9e-09,3.21398808141,10264.5658840734
1,0,6.49e-09,2.61484086982,860.3099287528
1,0,6.52e-09,3.12935966774,3212.6608936652
1,0,6.49e-09,4.05814434604,5938.234792867
1,0,6.75e-09,5.98880437085,15664.03552270859
1,0,7.41e-09,1.01496778921,1073.6090241908
1,0,6.59e-09,0.49287296501,22345.2603761082
1,0,6.33e-09,3.17232018582,17101.2111369072
1,0,6.46e-09,2.89002668668,485.9720527896
1,0,6.86e-09,4.18019464026,1437.1756141986
1,0,6.31e-09,5.34431180258,3329.5667264359
1,0,6.31e-09,3.92104776965,3351.6581269637
1,0,6.31e-09,0.15035258857,3343.1552239806
1,0,8.34e-09,1.2733416509,6681.6449294932
1,0,8.53e-09,0.5200313604,24150.080051345
1,0,6.19e-09,6.13397500805,3468.5639597344
1,0,7.79e-09,6.20446939192,22324.9050567094
1,0,6.83e-09,6.06333470888,3336.6802734367
1,0,6.83e-09,3.20202486335,3344.5445799629
1,0,6.13e-09,0.62422045381,430.5303441391
1,0,6e-09,2.6492252893,3338.069629419
1,0,6.92e-09,2.83117936839,9.5612275556
1,0,6.21e-09,0.40499338312,10448.4354709754
1,0,8.32e-09,2.20242516999,380.12776796
1,0,7.07e-09,0.86804066577,1699.2792165032
1,0,7.06e-09,4.51954003602,6717.8302187038
1,0,6.16e-09,6.01148018963,20.3553193988
1,0,5.88e-09,2.22654252843,6357.7194367422
1,0,6.28e-09,5.60511337877,3193.8007401762
1,0,7.04e-09,2.61366884585,3547.3131639964
1,0,5.75e-09,1.10923040341,3528.5375744624
1,0,6.02e-09,6.12196613719,6681.6547365263
1,0,6.72e-09,1.12165707971,6666.997759398
1,0,6.91e-09,1.16386423121,6679.7403806913
1,0,5.81e-09,2.98813744301,5490.300961524
1,0,6.44e-09,1.94493731078,4289.7880356696
1,0,6.07e-09,4.43563939259,18451.07854656599
1,0,5.83e-09,4.47298961595,8226.5788363784
1,0,7.26e-09,2.91832718034,6019.9919266186
1,0,6.39e-09,3.15793381912,12.5301729722
1,0,5.87e-09,5.01648676427,2171.0241752912
1,0,5.99e-09,0.38463092695,423.4167971383
1,0,6.1e-09,0.51823731379,9911.63095888
1,0,6.48e-09,2.64885452513,4133.3873151672
1,0,6.48e-09,3.43475812975,528.7277572481
1,0,6.46e-09,0.90574398043,530.6541729411
1,0,6.02e-09,4.20897598542,2854.6403739102
1,0,6e-09,4.73583940116,6724.9437657046
1,0,6.06e-09,2.45518551356,401.6721217572
1,0,6.13e-09,3.8966070048,6549.6828917132
1,0,5.36e-09,5.2587705247,3613.2853840514
1,0,6.34e-09,4.140052449,6510.5519827804
1,0,6.2e-09,2.73565451839,2149.6885348242
1,0,5.54e-09,2.33553669625,394.6258850592
1,0,5.67e-09,4.17188733055,1685.0521225016
1,0,6.02e-09,3.81964202131,6680.7949702729
1,0,5.73e-09,3.67929304297,1574.8458012822
1,0,6.76e-09,0.15809413709,19004.6479494084
1,0,7.02e-09,6.04600603759,43.718912305
1,0,5.22e-09,3.84057547649,3341.7930693519
1,0,5.22e-09,5.42478409574,3339.4317840477
1,0,5.33e-09,5.24914312775,4039.8835749274
1,0,5.38e-09,6.0410203897,127.4717966068
1,0,5.53e-09,3.69265541501,3487.4241132234
1,0,7.15e-09,1.53240537508,4503.0871311076
1,0,5.09e-09,2.23251368203,8116.372515159
1,0,6.72e-09,3.08200615608,221.3758502853
1,0,5.11e-09,2.84475025859,16489.763038061
1,0,5.66e-09,2.70414246898,728.762966531
1,0,5.43e-09,4.52630986182,1596.1191319818
1,0,6.4e-09,5.62224402692,1641.3332101966
1,0,6.37e-09,0.43174002743,3133.9116894032
1,0,4.9e-09,2.97472409276,71.6002048296
1,0,5e-09,5.72569791561,11250.7993934216
1,0,6.39e-09,2.24611646652,3116.2676309979
1,0,5.09e-09,5.97801633911,6812.766815086
1,0,4.89e-09,3.0670252315,13575.7488022372
1,0,5.35e-09,4.96839537782,9072.6616711296
1,0,5.36e-09,0.22943192463,3198.4337996636
1,0,6.19e-09,4.96805088979,13207.029307365
1,0,4.76e-09,0.22242794163,6850.8050365326
1,0,4.75e-09,5.62964593507,12323.4230960088
1,0,5.27e-09,6.00961327639,3289.33208883739
1,0,5.27e-09,3.25574629584,3391.89276456221
1,0,4.91e-09,1.4144764581,3288.352111787
1,0,4.91e-09,1.56769780695,3392.8727416126
1,0,6.49e-09,1.32346646305,22.0914005278
1,0,4.71e-09,4.83320292258,77.962992305
1,0,6.33e-09,2.67463316712,5085.038411115
1,0,6.23e-09,2.85969660852,330.6189636582
1,0,4.67e-09,3.47228897303,5749.8617665478
1,0,4.73e-09,3.22546086486,4296.9015826704
1,0,4.89e-09,2.81861982191,23.8784377478
1,0,6.52e-09,2.72637797985,388.4651552382
1,0,4.83e-09,5.34340560368,3346.6783423296
1,0,4.83e-09,3.92195396855,3334.54651107
1,0,4.6e-09,1.30162811155,2281.2477501628
1,0,4.6e-09,5.55404178724,2281.2132428584
1,0,6.04e-09,0.33192898022,2373.6415492642
1,0,5e-09,5.13403373442,3.5904286518
1,0,4.56e-09,4.28478904313,8962.4726035624
1,0,4.56e-09,2.25401741164,8962.438096258
1,0,4.68e-09,2.07609656896,227.476132789
1,0,4.56e-09,5.37224883784,11140.5930722022
1,0,5.06e-09,2.75253411801,3482.791053736
1,0,4.53e-09,3.59225016346,2957.7331481288
1,0,6.33e-09,0.33861758809,2963.238818784
1,0,5.02e-09,4.62394688433,5562.4690612968
1,0,5.74e-09,5.66932742997,87.3117715395
1,0,6.04e-09,4.34031313242,3370.1042450032
1,0,6.04e-09,4.92504643981,3311.1206083964
1,0,5.01e-09,3.19333781608,2973.3880977374
1,0,4.48e-09,4.97947122194,13361.469385731
1,0,5e-09,2.53823457541,4819.4790007642
1,0,5.17e-09,0.40478673929,3535.5838111604
1,0,4.4e-09,4.69261655966,3564.9572224017
1,0,6.05e-09,1.98317483331,984.6003316219
1,0,5.41e-09,3.08246188636,72.3339180125
1,0,4.81e-09,6.20073949182,2494.5295919486
1,0,4.68e-09,3.63933137782,1854.6323056346
1,0,4.77e-09,5.99645045824,4379.6390374902
1,0,4.68e-09,5.32421286728,4186.695261451
1,0,4.3e-09,1.7406839234,4716.3862265456
1,0,4.86e-09,3.22416128411,382.879278571
1,0,4.86e-09,6.15985349823,3017.1070100424
1,0,4.73e-09,1.58270299229,2295.4575905122
1,0,5.61e-09,0.07727661747,4271.9755135516
1,0,4.67e-09,5.34128135139,212.7778305762
1,0,4.66e-09,5.83324087524,213.8203602998
1,0,4.38e-09,5.08540730003,1368.660252845
1,0,4.23e-09,3.86495066196,7366.2689076256
1,0,4.56e-09,3.39763687697,10006.5848089144
1,0,5.39e-09,2.16593861972,3185.2593375684
1,0,4.2e-09,3.46957754355,5753.3848848968
1,0,4.18e-09,2.75937640828,429.7795846137
1,0,5.58e-09,5.31907263521,4555.3474460204
1,0,5.46e-09,4.81957800358,6637.5059410946
1,0,4.12e-09,3.4427994554,2480.302497947
1,0,4.33e-09,4.06813058765,3376.1751611684
1,0,4.33e-09,5.19722898458,3305.0496922312
1,0,4.23e-09,0.94668022805,10037.0897512844
1,0,4.81e-09,1.03096497224,6685.1570066627
1,0,4.22e-09,5.46293451808,9374.8264467846
1,0,4.02e-09,1.79269566106,6151.5511419572
1,0,4.02e-09,6.04510933675,6151.5166346528
1,0,4.23e-09,3.58342380203,5483.254724826
1,0,4.03e-09,5.64429159047,3723.4917052708
1,0,4.3e-09,1.85452102379,2655.5683724738
1,0,3.98e-09,4.95155912622,15806.146839442
1,0,4.81e-09,5.12886978063,9797.4924843975
1,0,4.77e-09,3.72133708668,6614.7374444852
1,0,3.98e-09,5.8875142042,23539.7073863328
1,0,4.87e-09,2.28517115642,1655.5603041982
1,0,5.55e-09,2.64204069171,3717.9860346156
1,0,4.25e-09,5.57148739497,7218.029365495
1,0,3.91e-09,3.40113572996,2142.6422981262
1,0,4.86e-09,4.84700116898,10050.2864675672
1,0,3.87e-09,2.86599014807,18849.2275499742
1,0,4.12e-09,0.16244075037,2547.8375382324
1,0,3.98e-09,4.39213965028,21265.5231265202
1,0,4.04e-09,5.22642617943,6644.6194880954
1,0,4.14e-09,2.26881914667,7747.7203305896
1,0,4.98e-09,5.67868360175,12509.2533250472
1,0,3.78e-09,2.64779087849,9801.4246376606
1,0,5.11e-09,4.91405448075,77.2292791221
1,0,4.27e-09,5.92154870681,905.4566966648
1,0,4.37e-09,1.90267249585,5881.4037282342
1,0,3.68e-09,1.75512352528,912.5702436656
1,0,5.2e-09,0.92503823923,3495.9655158312
1,0,4.41e-09,1.82874447797,2277.2983432475
1,0,3.67e-09,5.98732751616,8564.306346502
1,0,3.84e-09,0.64251152112,340.7708920448
1,0,3.88e-09,1.53417071545,18606.4989460002
1,0,4.36e-09,5.31667755006,1903.4368125012
1,0,3.98e-09,5.06921695985,3826.5844794894
1,0,3.63e-09,1.41903182152,5888.4499649322
1,0,4.41e-09,5.31541881274,4142.976349146
1,0,4.29e-09,5.04278490313,2285.1626497737
1,0,5.02e-09,2.89985394281,1765.7666254176
1,0,4.15e-09,4.7802228667,0.9803210682
1,0,3.74e-09,2.30167430662,25287.7237993998
1,0,3.59e-09,5.01487522235,5085.1057214178
1,0,4.77e-09,4.55805347389,1329.51209026
1,0,4.7e-09,5.45120104784,21795.21409161479
1,0,3.72e-09,1.43435867925,6314.0005244372
1,0,3.51e-09,5.70642746558,6851.8977240188
1,0,3.46e-09,3.46248777629,20735.83216142559
1,0,4.52e-09,2.07880491518,6106.8800550648
1,0,3.44e-09,0.65068647382,16894.5103996106
1,0,4.32e-09,6.00026910363,10721.108428327
1,0,3.64e-09,2.28651674734,6682.7093261079
1,0,3.63e-09,3.43072832179,27682.1407441564
1,0,3.43e-09,1.42188954644,2435.155730035
1,0,4.52e-09,2.64364626735,4307.5833041354
1,0,4.57e-09,1.95175594362,21947.1113727
1,0,3.54e-09,2.5486831652,62.2514255951
1,0,3.46e-09,5.34426955778,18052.9295431578
1,0,3.95e-09,3.9399918655,52.6901980395
1,0,3.51e-09,4.37551100665,5452.2627400774
1,0,4.68e-09,5.4157729514,5244.049239201
1,0,3.86e-09,1.07126796902,5511.636601991
1,0,3.44e-09,3.95436427366,5636.070017212
1,0,4.34e-09,1.896409806,7214.4389368432
1,0,3.33e-09,3.01713296302,1883.0814931024
1,0,3.95e-09,5.73856202838,9993.3880926316
1,0,4.06e-09,2.27584736071,350.3321196004
1,0,3.51e-09,1.69786249501,13212.8865096646
1,0,3.31e-09,0.85002011574,25685.872802808
1,0,3.27e-09,5.61960069444,3353.85419909779
1,0,3.27e-09,3.64575887779,3327.3706543018
1,0,4.22e-09,3.91288097624,23141.5583829246
1,0,3.96e-09,1.99989177453,145.1097790097
1,0,4.47e-09,0.03231232062,13363.4300278674
1,0,3.89e-09,2.62527245368,30065.5118402982
1,0,3.6e-09,5.62003938434,7696.8878712838
1,0,3.95e-09,3.3243831383,3337.1566186536
1,0,3.85e-09,6.13244198192,909.8187330546
1,0,3.38e-09,6.08218637594,14556.8967170238
1,0,3.44e-09,6.13564952381,146.8116865236
1,0,4.08e-09,1.39299721966,11883.5831327348
1,0,3.66e-09,5.24290558594,8982.810669309
1,0,3.84e-09,5.87249757638,7733.493236588
1,0,3.52e-09,5.77288434437,14128.2427712456
1,0,3.35e-09,4.3245705881,3060.8259223474
1,0,3.88e-09,4.44896509079,568.8218740274
1,0,3.16e-09,0.87910526351,3440.1820825694
1,0,3.16e-09,2.10306900154,3241.0427708302
1,0,3.55e-09,1.45980558865,7322.1024607818
1,0,3.54e-09,2.21314787069,4606.1799053262
1,0,3.11e-09,2.88232671968,36.0278666774
1,0,3.1e-09,0.93049157656,6453.7487206106
1,0,3.09e-09,5.01156668552,1744.493294718
1,0,3e-09,3.78833306333,1987.221898692
1,0,3.13e-09,3.62090724113,234.6397364404
1,0,2.99e-09,5.6300816721,10284.9212034722
1,0,3.82e-09,1.81523910449,186.2117600641
1,0,3.8e-09,3.85628097313,1461.0540519464
1,0,2.94e-09,3.49253072198,20040.15144184979
1,0,3.13e-09,2.87459690276,6286.5989683404
1,0,2.96e-09,1.1282966281,15265.8865193004
1,0,3.07e-09,1.51056904066,9755.2302383776
1,0,3.06e-09,6.0459340811,8756.269801473
1,0,3.93e-09,3.05426132167,19645.5255567906
1,0,2.92e-09,0.99823300732,20618.0193585336
1,0,3.07e-09,2.44116831682,1471.7530270636
1,0,3.28e-09,5.65545524347,3283.80916453
1,0,3.28e-09,3.60990432876,3397.4156888696
1,0,3.49e-09,2.66323218421,5408.5438277724
1,0,4e-09,1.3875243454,454.9093665273
1,0,3.6e-09,6.1819408524,685.044054226
1,0,2.89e-09,3.03452497225,24341.5283174566
1,0,2.91e-09,2.47822451317,11986.6759069534
1,0,3.14e-09,4.21854332735,9983.7042444616
1,0,3.72e-09,4.82853244691,3.1813937377
1,0,3.39e-09,1.83011385698,3856.0762977928
1,0,3.39e-09,1.15206040807,2825.1485556068
1,0,3.83e-09,4.85732660755,2921.6880277992
1,0,3.11e-09,5.32153691075,2060.8178540718
1,0,3.02e-09,0.20821199425,12825.6451947038
1,0,2.86e-09,2.52935183562,279.7865043524
1,0,3.82e-09,2.75070755631,3267.3153008408
1,0,3.82e-09,0.23146670874,3413.9095525588
1,0,3.04e-09,4.94290577295,3620.3989310522
1,0,2.79e-09,6.01035218252,7167.1969061892
1,0,3.31e-09,5.0243555995,16063.164847185
1,0,3.29e-09,3.13549589139,10706.8813343254
1,0,2.83e-09,2.78335440325,12839.8722887054
1,0,2.82e-09,2.30154816582,596.178374009
1,0,2.83e-09,6.10276906215,9859.3706439672
1,0,3.04e-09,3.83786604384,5621.8601768626
1,0,3.08e-09,2.68902321898,362.8622925726
1,0,2.8e-09,1.99086077526,16511.6138673874
1,0,3.35e-09,0.71030115582,200.7689224658
1,0,3.11e-09,4.44573637765,297.6419215609
1,0,2.64e-09,4.18346044185,2938.9403049426
1,0,2.89e-09,1.92464337356,529.1697002328
1,0,3.66e-09,2.92406939426,604.4725636619
1,0,2.88e-09,2.41719522186,530.2122299564
1,0,3.25e-09,5.09647854302,2267.003402509
1,0,3.14e-09,1.8435751869,108.4612160802
1,0,2.62e-09,4.93101522736,3936.7908007088
1,0,2.69e-09,4.46038699829,2744.4340526908
1,0,2.58e-09,4.05781923499,5195.2447323344
1,0,2.61e-09,1.51463312703,1279.794572628
1,0,2.62e-09,4.15566435137,1258.4539316256
1,0,3.04e-09,1.80709441235,5621.8256695582
1,0,2.71e-09,5.41787864949,3336.0416769798
1,0,2.71e-09,3.84748092274,3345.1831764198
1,0,2.51e-09,3.72595297988,3337.5093844444
1,0,2.51e-09,5.53940659235,3343.7154689552
1,0,2.51e-09,4.94262467913,9758.7533567266
1,0,2.55e-09,1.40204343749,8166.1573430938
1,0,3.05e-09,2.93351381201,12012.5822971404
1,0,2.67e-09,2.53115640127,6830.7880505342
1,0,2.9e-09,2.87280676776,20047.1976785478
1,0,2.68e-09,3.04782864984,16702.9948231962
1,0,2.5e-09,2.52509673305,9698.331863442
1,0,2.5e-09,1.90792798203,206.7007372966
1,0,3.25e-09,5.1916133817,5223.6939198022
1,0,2.46e-09,5.47040036393,15650.7937503106
1,0,2.47e-09,1.02711909982,10016.314355792
1,0,2.74e-09,1.54026728979,565.1156877467
1,0,2.56e-09,3.14761311872,1727.6610936682
1,0,2.68e-09,0.19545433539,140.001969579
1,0,2.76e-09,0.25330294459,6670.1791531357
1,0,3.2e-09,0.3222995842,703.6331846174
1,0,3.21e-09,0.33443990553,11904.9187732018
1,0,2.43e-09,0.44342371962,1062.5633239269
1,0,2.48e-09,0.09445957496,210.3783341312
1,0,2.48e-09,4.79327801971,216.2198567448
1,0,2.39e-09,5.48924135437,4694.0029547076
1,0,3.23e-09,0.19078991314,17085.9586657222
1,0,2.41e-09,3.24545153339,37.611770776
1,0,2.5e-09,4.16248987175,1250.8301963008
1,0,2.55e-09,4.90697050745,153.4953503977
1,0,2.58e-09,4.26017972975,9488.6231966558
1,0,2.48e-09,5.11028885968,5430.3946570988
1,0,2.69e-09,3.40949811009,3866.7802734454
1,0,2.48e-09,3.35507631239,21548.9623692918
1,0,2.37e-09,3.72326482255,212.5483359126
1,0,2.65e-09,4.47706550812,3053.6500655792
1,0,2.4e-09,3.30477326315,10027.3602044068
1,0,2.52e-09,0.39861936276,1442.2612087602
1,0,3.21e-09,4.39948566918,3759.5368256004
1,0,3.19e-09,5.1618890824,9815.6517316622
1,0,2.51e-09,5.09258201655,4996.172730898
1,0,2.51e-09,0.30797289315,2790.5661422064
1,0,2.36e-09,1.16575065097,214.0498549634
1,0,3.26e-09,5.77584210418,3707.8367556622
1,0,2.36e-09,4.23871934676,38.6543004996
1,0,2.34e-09,3.19518041867,5.5229243074
1,0,2.52e-09,4.61065643475,209.106309744
1,0,3.11e-09,1.283591188,3391.4448860056
1,0,3.11e-09,1.69858307705,3289.779967394
1,0,2.3e-09,3.19673604492,10654.6210194126
1,0,2.92e-09,0.94159319004,3050.1269472302
1,0,2.35e-09,3.67396491403,5945.3483398678
1,0,3.01e-09,3.92363660385,9495.6694333538
1,0,2.38e-09,3.24637215696,6566.8257464862
1,0,2.47e-09,0.27272991614,217.491881132
1,0,2.26e-09,4.13525718252,1868.8593996362
1,0,2.26e-09,1.4763305925,26482.1708096244
1,0,2.25e-09,3.38119852586,223.5940361765
1,0,2.25e-09,3.08572061461,8749.1562544722
1,0,3.12e-09,5.7937929081,4403.517475238
1,0,2.24e-09,5.51904045547,38.084851528
1,0,2.48e-09,0.28758278932,4025.6564809258
1,0,2.23e-09,1.96313876697,38.1812197476
1,0,2.22e-09,2.77571943902,1835.3246176068
1,0,2.89e-09,2.2289232673,6901.6374958384
1,0,2.44e-09,3.78617592414,5349.1699658588
1,0,2.68e-09,2.639332263,16703.1294438018
1,0,2.21e-09,0.14023240804,5820.9149246468
1,0,2.2e-09,4.3159117449,6511.6446702666
1,0,2.21e-09,2.65317035374,28628.3362260996
1,0,2.24e-09,1.51015445842,3542.8658218739
1,0,2.24e-09,1.47201980663,3138.3590315257
1,0,2.34e-09,1.63110110036,17499.3601403154
1,0,2.33e-09,1.29817926717,2814.4445799542
1,0,2.29e-09,3.43841964101,7586.6815500644
1,0,2.18e-09,1.17569842797,6283.0931036436
1,0,2.18e-09,5.42811210366,6283.0585963392
1,0,2.2e-09,4.76795289662,3987.6232600146
1,0,2.5e-09,0.35926935365,4569.574540022
1,0,2.45e-09,4.21060733239,173.9422195228
1,0,2.76e-09,4.17681654313,19146.7592661418
1,0,2.9e-09,3.77728541747,24889.5747959916
1,0,2.15e-09,0.44293995073,13383.2251022916
1,0,2.26e-09,4.1103690637,9278.8472195668
1,0,2.2e-09,0.55898410417,1802.3719907218
1,0,2.16e-09,4.73186620361,1484.9324896942
1,0,2.66e-09,5.48398122109,16865.5287696312
1,0,2.2e-09,6.16562235845,10081.211142013
1,0,2.11e-09,0.3280695461,12199.9750023914
1,0,2.12e-09,1.71640241592,2392.4171387982
1,0,2.13e-09,1.85863025152,8852.2490286908
1,0,2.34e-09,0.55106604784,74.2603337055
1,0,2.33e-09,0.98887023825,75.3028634291
1,0,2.37e-09,4.78828856124,3627.57478782039
1,0,2.2e-09,2.11900337312,6530.1771835567
1,0,2.71e-09,5.46357121828,1879.5583747534
1,0,2.49e-09,4.15415677649,3084.6420503278
1,0,2.63e-09,0.61040728538,4531.5363185754
1,0,2.52e-09,4.61076732703,3382.1632176846
1,0,2.52e-09,4.6545922452,3299.061635715
1,0,2.39e-09,3.20969165945,3344.068234746
1,0,2.45e-09,0.72828250886,5415.6573747732
1,0,2.62e-09,2.04018754229,3631.0979061694
1,0,2.06e-09,3.37175065629,7082.8969751568
1,0,2.1e-09,1.09820249005,6678.4733427886
1,0,2.55e-09,3.12461702046,1994.26813539
1,0,2.74e-09,0.08218879095,12306.590894959
1,0,2.23e-09,4.70596581354,3336.25039031
1,0,2.23e-09,4.55939375869,3344.9744630896
1,0,2.55e-09,0.57687651969,2942.4806769438
1,0,2.24e-09,3.09499220473,6533.1461289733
1,0,2.47e-09,0.56642494969,252.6559713532
1,0,2.04e-09,2.43235400749,15636.566656309
1,0,2.77e-09,5.82784264481,12465.5344127422
1,0,2.04e-09,0.84533704687,18.1592472647
1,0,2.01e-09,0.6440726317,9360.6043533184
1,0,2.82e-09,1.41766310537,563.6312150384
1,0,2e-09,4.36647250597,5617.9107699473
1,0,1.99e-09,4.83225730856,3029.7716278314
1,0,2.43e-09,5.80727046187,9329.6796788726
1,0,2.1e-09,4.11232561432,28230.18722269139
1,0,2.09e-09,0.61702908361,4845.9002357928
1,0,1.97e-09,2.7248886489,3436.5916539176
1,0,1.97e-09,0.25728561615,3244.633199482
1,0,2.44e-09,2.15306679937,4981.9456368964
1,0,2e-09,1.77158830078,8742.0427074714
1,0,2.07e-09,5.75479453376,142.4496501338
1,0,2.26e-09,4.97789108625,2428.0421830342
1,0,2.31e-09,4.21063730317,6653.8232973028
1,0,2.13e-09,1.25314316353,5625.7750764735
1,0,2.04e-09,0.27721513871,417.0369633204
1,0,1.98e-09,5.49218659041,3094.36070437679
1,0,1.95e-09,4.23402090499,66.70484372
1,0,2.23e-09,4.58369899094,13341.6743113068
1,0,2.11e-09,5.13588313603,37.1698277913
1,0,2e-09,1.2996948445,194.9713844606
1,0,1.91e-09,0.79284041095,3752.9835235742
1,0,1.91e-09,2.1893338541,2928.2413298254
1,0,2.36e-09,4.40014218317,151.8972810852
1,0,2.12e-09,0.12583581747,4538.5825552734
1,0,1.92e-09,3.5787880363,3315.7536678838
1,0,1.92e-09,5.68657153593,3365.4711855158
1,0,2.26e-09,5.11122130646,3596.5828030718
1,0,2.31e-09,4.57994360527,2011.1003364398
1,0,2.2e-09,5.61438064276,367.2243289624
1,0,1.89e-09,2.94640552324,18208.349942592
1,0,2.55e-09,4.82929019537,2942.4461696394
1,0,1.91e-09,2.45356219299,10544.4146981932
1,0,2.27e-09,5.15751336106,207.8824694666
1,0,2.05e-09,2.24870894157,1059.364676537
1,0,2.51e-09,2.00699090318,11236.57229942
1,0,2.03e-09,2.35104519506,39.0962434843
1,0,2.42e-09,3.32140683721,23958.6317852334
1,0,2.02e-09,4.05217682796,207.6700211455
1,0,2e-09,2.06264335128,2735.762685995
1,0,1.88e-09,1.760189946,3363.3809233092
1,0,1.88e-09,1.22198431905,3317.8439300904
1,0,2.04e-09,5.63575473469,5106.3790521174
1,0,2.31e-09,4.09195306459,9093.9973115966
1,0,1.84e-09,0.25169651319,11353.8921676402
1,0,1.82e-09,2.90199742784,5960.0856221934
1,0,2.47e-09,3.7528774009,31022.7531708562
1,0,2.19e-09,6.03807342488,218.7157214094
1,0,1.99e-09,2.62229622602,3890.65871119319
1,0,1.82e-09,3.22719623115,1382.8873468466
1,0,2.06e-09,5.35930784504,88.865680217
1,0,1.93e-09,4.00281238141,7417.1013669314
1,0,1.79e-09,2.29351099603,6382.0984591304
1,0,1.81e-09,3.4407602574,1755.062649765
1,0,2.22e-09,1.29490505737,3070.4149563262
1,0,1.78e-09,1.7581582678,15106.8756912144
1,0,1.85e-09,4.15018423748,508.3503240922
1,0,1.77e-09,4.43296153727,3651.4532255682
1,0,1.95e-09,0.82662766477,218.9281697305
1,0,2.13e-09,0.7588437526,11925.2740926006
1,0,2.32e-09,5.03524840558,3163.918696566
1,0,2.32e-09,4.23011116665,3517.3061568336
1,0,1.8e-09,0.58769217206,3332.5185586308
1,0,1.8e-09,2.39448209299,3348.7062947688
1,0,1.79e-09,3.77306261408,3586.8641490228
1,0,2.05e-09,4.27948057306,1059.3991838414
1,0,1.87e-09,2.61826471479,2619.4731954936
1,0,1.76e-09,5.4743309467,13465.5424810178
1,0,1.74e-09,6.12894045783,10096.6188786667
1,0,1.88e-09,5.50057971256,2574.8193622534
1,0,1.75e-09,0.98299291721,12299.544658261
1,0,1.82e-09,1.47732423248,4288.8077146014
1,0,1.77e-09,4.71143769968,12928.7379689224
1,0,1.77e-09,0.60448814179,2572.7636073512
1,0,2.24e-09,4.06529944699,1056.2005364515
1,0,2.1e-09,2.56022036127,6683.9763640106
1,0,1.75e-09,5.70361271383,6708.6264094964
1,0,1.74e-09,0.12435272208,3155.7625187296
1,0,1.69e-09,5.118132476,6684.73071809641
1,0,1.92e-09,5.18570054646,11567.1912630782
1,0,1.69e-09,0.86571880031,6684.7652254008
1,0,2.07e-09,4.46904668742,10001.48196070061
1,0,2.06e-09,1.69988902403,187.9251477626
1,0,2.31e-09,4.69193654586,5351.7127631396
1,0,1.89e-09,1.06067161596,2783.5199055084
1,0,1.81e-09,0.45144430179,10191.4174632324
1,0,1.72e-09,2.9615554216,526.7702037878
1,0,1.86e-09,0.73069210814,554.0699874828
1,0,1.94e-09,2.50663265946,28.5718080822
1,0,2.19e-09,5.87655805703,3070.482266629
1,0,1.77e-09,4.57332885856,2978.491289969
1,0,1.79e-09,3.71447292171,17232.7530985936
1,0,1.66e-09,5.0460215001,15121.102785216
1,0,1.68e-09,5.94252269393,1111.642245102
1,0,1.69e-09,1.38093325803,532.6117264014
1,0,1.72e-09,0.69353998666,1505.28780909299
1,0,1.63e-09,0.2883871725,155.3530891314
1,0,2.17e-09,3.59114151623,124.433415221
1,0,1.84e-09,1.39958801864,12942.965062924
1,0,1.76e-09,1.20681960915,525.4981794006
1,0,1.72e-09,5.60194767636,211.8146227297
1,0,1.62e-09,1.97243550807,16695.94858649819
1,0,1.99e-09,5.6855641236,26084.0218062162
1,0,1.66e-09,5.66442389971,20995.3929664494
1,0,1.67e-09,1.96358825585,4775.7600884592
1,0,2e-09,1.68720277112,3610.8098970734
1,0,1.88e-09,2.44893392701,2385.3709021002
1,0,1.8e-09,3.0668855602,3649.8907493556
1,0,1.68e-09,2.00209726633,6165.7609823066
1,0,2.01e-09,5.56223289068,3738.7441764558
1,0,1.68e-09,5.97126496813,27.4015560968
1,0,1.63e-09,0.09102774145,21393.5419698576
1,0,1.65e-09,5.18462129798,24491.4257925834
1,0,1.63e-09,1.72014467993,3345.8116178656
1,0,1.63e-09,1.26202958512,3335.413235534
1,0,1.88e-09,3.44598602635,569.0478410098
1,0,1.58e-09,0.33551046271,528.9402055692
1,0,1.57e-09,4.00545168863,530.44172462
1,0,1.61e-09,3.54247427777,272.6729573516
1,0,1.99e-09,2.40246756842,8006.1661939396
1,0,1.77e-09,1.96147391128,8322.5580635962
1,0,1.75e-09,1.20405833746,2757.6135153214
1,0,2.14e-09,3.94809439016,1385.8952763362
1,0,1.77e-09,0.70756419313,32.1951448046
1,0,1.71e-09,1.64736764034,10011.2006147496
1,0,1.57e-09,6.04186245834,31172.650645983
1,0,1.98e-09,4.06378380988,4106.4054911462
1,0,1.63e-09,2.04239538779,13286.1836355236
1,0,1.91e-09,4.1231488639,183.2428146475
1,0,1.79e-09,1.49110102879,5.9378908332
1,0,1.55e-09,5.55637185637,8771.0070837986
1,0,1.7e-09,5.83704197169,305.3461693927
1,0,1.51e-09,6.02667746519,15010.8964639966
1,0,1.59e-09,0.33316888782,4061.751657906
1,0,1.69e-09,6.19340718678,7064.1041319706
1,0,2.02e-09,4.07695393078,4253.1826703654
1,0,1.66e-09,0.77365213441,6719.3578890374
1,0,1.49e-09,1.16534241475,14577.1847261198
1,0,2.07e-09,1.8165611606,73.8183907208
1,0,1.63e-09,5.84711051841,1898.3512179396
1,0,1.51e-09,5.901857013,10228.0228285366
1,0,1.51e-09,2.82941538658,3525.46233467
1,0,1.75e-09,1.28027815287,217.964961884
1,0,1.49e-09,1.89551632354,3664.1178433572
1,0,1.96e-09,3.39234316905,3610.7425867706
1,0,1.67e-09,0.38551119237,1346.3442913098
1,0,1.66e-09,2.03194803269,5466.489834079
1,0,1.67e-09,2.89181496866,10288.4443218212
1,0,1.48e-09,4.39633643688,519.3960243561
1,0,1.47e-09,3.63497942528,82.8583534146
1,0,1.72e-09,5.39487275378,19617.07636932279
1,0,1.47e-09,2.1840066498,1898.3339642874
1,0,1.66e-09,2.73543927114,6908.7009861886
1,0,2.01e-09,1.309819215,3738.7786837602
1,0,1.46e-09,0.62125880196,13369.5632538
1,0,1.7e-09,5.7420900767,6677.6844813984
1,0,1.47e-09,1.87608878363,9918.7445058808
1,0,2.03e-09,2.5456920993,453.424893819
1,0,1.59e-09,2.9519714747,3346.4696289994
1,0,1.59e-09,0.03020279035,3334.7552244002
1,0,1.91e-09,5.96603240618,425.1137181677
1,0,1.43e-09,1.10166083747,13227.3846267638
1,0,1.64e-09,2.07109751188,2125.8100970764
1,0,1.48e-09,3.53096991388,414.0680179038
1,0,1.89e-09,6.14146200362,10042.1925994982
1,0,2e-09,0.25134097583,1439.5096981492
1,0,1.65e-09,5.22234420384,231.4583427027
1,0,1.53e-09,4.69199840126,3702.7335634306
1,0,1.68e-09,2.68821315216,10032.4739454492
1,0,1.51e-09,2.48880937989,1859.2030553546
1,0,1.63e-09,1.42062692665,2964.8466951296
1,0,1.41e-09,5.69421526925,408.4389436113
1,0,1.79e-09,0.37975631677,2714.9422343874
1,0,1.79e-09,2.60241794828,3966.2826190122
1,0,1.4e-09,4.86451546343,18461.71521191579
1,0,1.83e-09,0.37676347949,6791.431174619
1,0,1.5e-09,5.20287301062,2922.1081038928
1,0,1.75e-09,5.42596524283,5220.1708014532
1,0,1.4e-09,5.79899062095,1538.240435978
1,0,1.46e-09,1.91278049103,2714.9872905026
1,0,1.65e-09,1.13934061346,7345.9808985296
1,0,1.91e-09,2.19520817629,3202.0242283154
1,0,1.91e-09,0.78696608877,3479.2006250842
1,0,1.91e-09,6.04625942487,75.7448064138
1,0,1.43e-09,0.93308559393,9153.9036160218
1,0,1.39e-09,0.98177816584,4878.8528626778
1,0,1.6e-09,5.46927582744,3287.304480416
1,0,1.6e-09,3.79608374479,3393.9203729836
1,0,1.93e-09,0.22143365956,3031.334104044
1,0,1.5e-09,1.84793747625,3897.7049478912
1,0,1.82e-09,5.61872247851,27832.0382192832
1,0,1.49e-09,3.15621899577,533.8837507886
1,0,1.44e-09,0.96134974857,3945.4621674046
1,0,1.7e-09,1.48967640102,6677.71898870279
1,0,1.41e-09,3.83742737291,6279.5527316424
1,0,1.55e-09,5.6821319549,25135.8265183146
1,0,1.36e-09,2.44961684409,12729.665967486
1,0,1.88e-09,0.01265622712,4686.95671800959
1,0,1.67e-09,5.28314283541,8336.7851575978
1,0,1.51e-09,3.22358745524,2281.2978068134
1,0,1.51e-09,6.20627936335,8962.522660213
1,0,1.59e-09,4.80713616496,8958.5231966471
1,0,1.57e-09,3.61532012746,208.633228992
1,0,1.68e-09,0.17015651337,4295.8539512994
1,0,1.33e-09,4.82759769594,21150.8133658836
1,0,1.59e-09,1.73650436212,8966.3875031733
1,0,1.51e-09,0.33159044302,8962.3880396074
1,0,1.51e-09,3.63208384209,2281.1631862078
1,0,1.37e-09,3.04837973833,6703.075682726
1,0,1.33e-09,6.26949704953,12171.5258149236
1,0,1.53e-09,4.99836680146,47.6942631934
1,0,1.36e-09,5.59365849152,8695.8483081884
1,0,1.6e-09,2.63695807146,5401.4302807716
1,0,1.4e-09,0.3971151187,34554.8138636676
1,0,1.84e-09,2.16301573772,1021.2488945514
1,0,1.34e-09,4.28535760311,2472.6787626222
1,0,1.35e-09,5.15711417667,14481.205498902
1,0,1.39e-09,5.84452648935,373.9079928365
1,0,1.3e-09,4.35532122087,529.6737114424
1,0,1.33e-09,6.07532283158,6624.326478464
1,0,1.48e-09,3.97691997672,7050.92466934
1,0,1.3e-09,4.65934301751,7593.7950970652
1,0,1.4e-09,1.69371671061,11456.9849418588
1,0,1.3e-09,0.10290754518,529.7082187468
1,0,1.43e-09,4.86125646505,10014.7910434014
1,0,1.54e-09,1.51195474378,5607.6158292088
1,0,1.43e-09,5.92681168953,3041.4860324306
1,0,1.58e-09,4.74267595754,6092.1600263914
1,0,1.38e-09,5.61172177506,214.7835681463
1,0,1.34e-09,6.18223447403,2954.1927761276
1,0,1.29e-09,1.5439076208,203.0041546995
1,0,1.45e-09,4.90616424565,8373.390522902
1,0,1.28e-09,5.24161490581,479.2883889155
1,0,1.73e-09,6.07118204441,1086.783486286
1,0,1.37e-09,5.86596713113,6137.3067943034
1,0,1.67e-09,5.43777729955,107.6635239386
1,0,1.37e-09,5.46263047,14580.7751547716
1,0,1.3e-09,2.37764705674,4108.4612460484
1,0,1.32e-09,2.61918637671,4782.87363546
1,0,1.23e-09,3.36083480955,29424.634232916
1,0,1.26e-09,1.85449654763,18447.48811791419
1,0,1.27e-09,1.92093733385,4447.7512323846
1,0,1.41e-09,1.5639801411,3716.37815827
1,0,1.24e-09,3.53492874819,6687.9085172737
1,0,1.21e-09,0.01062042066,3090.7079659576
1,0,1.21e-09,2.97155384439,3590.516887442
1,0,1.3e-09,2.26702486739,654.1243803156
1,0,1.22e-09,1.08221642068,2257.3520587628
1,0,1.23e-09,4.43212874956,6710.6543619356
1,0,1.22e-09,3.26594164721,1236.075660323
1,0,1.66e-09,5.13636005426,6553.2060100622
1,0,1.43e-09,2.33674585334,20206.141196331
1,0,1.44e-09,1.54442458059,4.192785694
1,0,1.57e-09,0.56952639012,8584.6616659008
1,0,1.28e-09,0.66575049629,3600.1732317236
1,0,1.28e-09,2.31642376876,3081.051621676
1,0,1.39e-09,1.2251040797,251.4321310758
1,0,1.6e-09,5.11540883899,265.9892934775
1,0,1.19e-09,0.92051706257,23937.856389741
1,0,1.27e-09,4.06247504712,3759.1167495068
1,0,1.43e-09,1.09974278396,2228.9701815978
1,0,1.52e-09,5.09265509081,3340.6469340042
1,0,1.52e-09,1.03111182783,3340.5779193954
1,0,1.26e-09,0.88452034949,12406.1605508286
1,0,1.4e-09,1.36708586192,2233.473621015
1,0,1.37e-09,4.79264710956,14587.8213914696
1,0,1.18e-09,4.24522226402,7534.4212351516
1,0,1.21e-09,5.05113331022,56.6223513026
1,0,1.5e-09,5.98252134963,8446.9914788172
1,0,1.16e-09,0.31023473755,10338.229149756
1,0,1.26e-09,5.7223481255,4083.6024872324
1,0,1.16e-09,3.21277912522,721.1392312062
1,0,1.33e-09,1.77116481582,3923.6113380782
1,0,1.15e-09,6.22459411775,539.9859058331
1,0,1.25e-09,0.79695675334,9124.9219860424
1,0,1.34e-09,0.59423378961,6659.3740240732
1,0,1.33e-09,2.32347788867,6147.6017350419
1,0,1.18e-09,5.14268766839,19676.4502312364
1,0,1.14e-09,3.36563651789,6534.413166876
1,0,1.12e-09,5.63276223022,1353.3905280078
1,0,1.18e-09,2.59721745181,2185.2512692928
1,0,1.39e-09,2.53675571989,14867.73751589219
1,0,1.16e-09,3.08292987464,3727.032077272
1,0,1.12e-09,1.08140723902,6474.524116103
1,0,1.11e-09,5.0966952808,7277.4032274086
1,0,1.11e-09,5.06172588434,6837.625573902
1,0,1.22e-09,0.61324340709,9161.5273513466
1,0,1.14e-09,0.09813992796,213.1872208534
1,0,1.14e-09,4.7911677336,213.4109700226
1,0,1.14e-09,1.06936801122,3966.237562897
1,0,1.16e-09,5.1790139734,1593.0050485469
1,0,1.08e-09,4.40272597236,27490.6924780448
1,0,1.37e-09,4.24858996402,2214.7430875962
1,0,1.29e-09,4.66656206914,3101.4069410748
1,0,1.29e-09,4.5987975031,3579.8179123248
1,0,1.33e-09,3.86628532692,6738.1232283352
1,0,1.23e-09,5.10501021239,98.8999885246
1,0,1.43e-09,5.51260292487,10787.6303445458
1,0,1.46e-09,3.29717245103,3282.733730696
1,0,1.46e-09,5.9681871212,3398.4911227036
1,0,1.16e-09,0.64506154486,524.0618908021
1,0,1.15e-09,4.70981861448,2501.6431389494
1,0,1.3e-09,5.51494242208,6155.4660415681
1,0,1.38e-09,0.53531085594,604.8497407048
1,0,1.15e-09,4.54726805499,8976.6824439118
1,0,1.05e-09,5.41363141342,17821.81792560179
1,0,1.15e-09,3.69498632982,535.3200393871
1,0,1.27e-09,0.63003020942,540.7366653585
1,0,1.04e-09,3.25094284849,550.0462844934
1,0,1.37e-09,1.64829531963,10.6366653498
1,0,1.03e-09,0.09569085161,31214.2014369678
1,0,1.03e-09,0.32444738176,1059.3146198864
1,0,1.1e-09,3.63003384125,20426.571092422
1,0,1.16e-09,2.76497516745,21000.9158907568
1,0,1.24e-09,2.96682510796,2089.782230399
1,0,1.07e-09,3.74825241556,7075.8507384588
1,0,1.09e-09,0.75405687887,27433.88921587499
1,0,1.15e-09,3.05294273666,7768.0083396856
1,0,1.06e-09,1.35498268917,338.242698983
1,0,1.05e-09,5.49367983392,6961.011357752
1,0,1.29e-09,3.76517296403,3719.98584057399
1,0,1.29e-09,5.5001866082,2961.2390128256
1,0,1.22e-09,2.69389010184,27676.617819849
1,0,1.37e-09,4.29317120368,765.7930644464
1,0,1.03e-09,2.94392199086,369.6998159404
1,0,1.15e-09,6.24138664661,2631.6226244232
1,0,1.04e-09,6.26045969928,31449.8270427518
1,0,1.18e-09,0.24752969879,983.1158589136
1,0,1.03e-09,5.98380934531,4953.5637597314
1,0,1.19e-09,0.25257145975,5813.291189322
1,0,1.27e-09,5.95846705295,2655.501062171
1,0,1.01e-09,4.76347332672,21791.69097326579
1,0,1.18e-09,0.19804778544,525.0250986486
1,0,1.38e-09,4.81087367911,3480.3105662226
1,0,1.38e-09,4.45448589312,3200.914287177
1,0,1e-09,3.71645704441,529.851023789
1,0,1e-09,0.62422783083,529.5309064002
1,0,1e-09,4.4630679651,101011.00013959699
1,0,1.02e-09,1.31527898088,963.4027029714
1,0,9.9e-10,1.87542989608,198.321241911
1,0,1.09e-09,5.70820863859,249.9044607422
1,0,1e-09,2.36720288529,2651.977943822
1,0,1.12e-09,0.61908290347,4825.544916394
1,0,1.06e-09,2.47924429864,7899.550301372
1,0,1e-09,0.73142842806,3340.6969906548
1,0,1e-09,5.39233849058,3340.52786274481
1,0,9.9e-10,1.07037429534,5312.5646005546
1,0,1.11e-09,1.30109743855,80.1982245387
1,0,1.03e-09,1.54600541491,1585.1407420207
1,0,9.6e-10,4.1715256913,213.5115437591
1,0,9.6e-10,0.71778197027,213.0866471169
1,0,1.1e-09,4.66774204357,4179.5817144502
1,0,1.19e-09,4.24896124568,128.0188433374
1,0,9.6e-10,1.41805272608,34363.365597556
1,0,9.5e-10,4.69553914772,3370.49447031
1,0,9.5e-10,4.56982042451,3310.7303830896
1,0,1e-09,5.36079056084,1755.4716846791
1,0,9.9e-10,0.19873228449,551.031606097
1,0,1e-09,1.1399248149,3340.5623700492
1,0,1e-09,4.98384210374,3340.6624833504
1,0,9.5e-10,2.49148312191,1125.8693391036
1,0,1.11e-09,4.13924061941,534.3568315406
1,0,1.17e-09,1.76475239313,524.2743391232
1,0,9.8e-10,2.55075465694,1784.0442797444
1,0,1.29e-09,4.50550938612,4591.4426230006
1,0,1.25e-09,4.8523676116,21.3406410024
1,0,9.5e-10,5.28465176922,327.4375699205
1,0,1.15e-09,1.84342023983,948.1952879016
1,0,1.25e-09,3.41500530183,30227.9784764304
1,0,9.6e-10,3.69113463475,158.9435177832
1,0,1.15e-09,2.57406093768,535.107591066
1,0,9.6e-10,5.28632356883,16975.7350908506
1,0,1.17e-09,4.34728892724,6342.9821544166
1,0,1e-09,2.94090698274,195.1398481733
1,0,1.18e-09,0.67935665521,3343.5813721164
1,0,1.18e-09,2.30281760984,3337.6434812832
1,0,1.04e-09,1.8701787712,1971.9521738548
1,0,1.05e-09,5.51085323879,42388.934936307
1,0,1.18e-09,0.33308541328,2523.9591004846
1,0,1.02e-09,5.06423665932,27946.7479799198
1,0,9.2e-10,0.37931448032,24093.2767891752
1,0,1.03e-09,4.2138934691,20235.1228263104
1,0,1.06e-09,0.48409497986,8219.4652893776
1,0,9.2e-10,1.93921425261,6953.8978107512
1,0,1.18e-09,5.6476441145,3396.995612776
1,0,1.18e-09,3.61771545773,3284.2292406236
1,0,9.3e-10,1.77160363006,11506.7697697936
1,0,9.6e-10,0.06385619665,35.685355083
1,0,9.4e-10,3.17734400558,1957.7250798532
1,0,9.2e-10,1.60745438369,34115.1140692746
1,0,1.13e-09,1.72263005108,114.1384744825
1,0,1.06e-09,3.67532877346,10177.1903692308
1,0,1.04e-09,0.07874415195,3149.1814142404
1,0,9.3e-10,4.56692119429,18617.0683010472
1,0,1.08e-09,3.73875850582,2104.5367663768
1,0,1.02e-09,4.42228976166,219.891377577
1,0,9.1e-10,5.75237351963,3532.0434391592
1,0,9.4e-10,3.91461919551,3346.7456526324
1,0,9.4e-10,5.35074037672,3334.4792007672
1,0,9e-10,0.96686807913,15746.7729775284
1,0,9.1e-10,2.71684236561,50818.1762027736
1,0,9.6e-10,1.92198734613,10927.2939767642
1,0,9.2e-10,0.87242130441,50021.8781959572
1,0,1.1e-09,4.01385678858,27417.0570148252
1,0,1.03e-09,6.1991363021,1059.449240492
1,0,8.9e-10,2.21598103655,3368.08129309939
1,0,8.9e-10,0.7661932285,3313.1435603002
1,0,9.2e-10,1.76294266344,32509.208972941
1,0,8.6e-10,2.85915032438,228.276948965
1,0,1.07e-09,0.77642458908,4822.021798045
1,0,8.6e-10,2.15668825323,24336.0053931492
1,0,9.1e-10,1.49995984394,3532.0779464636
1,0,1e-09,3.39323367399,96.8729990951
1,0,1.14e-09,1.17888998162,30774.5016425748
1,0,9.5e-10,2.41544015495,529.6236547918
1,0,1.2e-09,1.39317335094,3202.0949298291
1,0,1.2e-09,1.58900091411,3479.1299235705
1,0,8.6e-10,0.63892610093,3762.6398678558
1,0,8.6e-10,2.34324816413,2918.5849855438
1,0,9.9e-10,5.63933737649,3222.7996238078
1,0,9.9e-10,3.62602219574,3458.4252295918
1,0,8.9e-10,3.31658981903,22531.09060514659
1,0,1.07e-09,4.00303304883,3369.5940566792
1,0,1.07e-09,5.2623265234,3311.6307967204
1,0,9e-10,4.95208405657,4670.1245169598
1,0,9.4e-10,3.52537110144,796.2807531642
1,0,8.5e-10,4.38854271531,809.477469447
1,0,8.6e-10,2.16630383215,987.746272928
1,0,8.4e-10,4.5739279121,4777.7880408984
1,0,8.4e-10,2.18560642641,1107.1388056848
1,0,8.4e-10,2.61330768505,74.7334144575
1,0,8.4e-10,5.20716850754,74.8297826771
1,0,1.04e-09,4.33115782764,3149.146906936
1,0,1.16e-09,0.77977053917,14694.50459434
1,0,8.6e-10,1.37558388975,12410.7313005486
1,0,1.14e-09,1.15232105885,177.8743727859
1,0,8.5e-10,2.86994886436,1619.9975697296
1,0,1.09e-09,5.59836287202,10610.9021071076
1,0,8.9e-10,1.46102468066,3332.9386347244
1,0,8.9e-10,1.52114958439,3348.2862186752
1,0,8.4e-10,1.33406969455,1552.4675299796
1,0,9.9e-10,4.61468010668,24606.13555322
1,0,8.4e-10,2.49883491772,2942.5307335944
1,0,1.12e-09,3.24631234908,14900.6901427772
1,0,8.2e-10,0.76471194062,3330.0430716528
1,0,8.2e-10,2.21746232443,3351.1817817468
1,0,8.2e-10,2.15560831176,22317.79150970859
1,0,8.9e-10,5.0241467007,5355.2358814886
1,0,8.7e-10,1.13401038923,40.5807161926
1,0,8.4e-10,4.48618455018,3083.5944189568
1,0,8.4e-10,4.77917502205,3597.6304344428
1,0,9.3e-10,1.35537122244,8948.2282559086
1,0,9.5e-10,2.00694376811,529.7582753974
1,0,8.5e-10,0.15626665144,1055.8588118402
1,0,9.9e-10,1.87280470738,7906.59653807
1,0,1.14e-09,2.85738890734,3063.5774329584
1,0,1.14e-09,0.12478535771,3617.6474204412
1,0,9e-10,2.28313612434,51769.8946090242
1,0,8.5e-10,4.25324733609,54789.936689978
1,0,8.6e-10,4.98727225433,23009.94911093539
1,0,8.3e-10,3.8045909975,20103.0484221124
1,0,1.12e-09,5.31873185789,5295.3295770634
1,0,8.1e-10,3.33902328234,191.2076949102
1,0,8.3e-10,0.55564877844,4029.2469095776
1,0,9.3e-10,1.06738164563,74.5209661364
1,0,8e-10,4.41455828078,31570.7996493912
1,0,8.1e-10,0.73729790566,3190.714951573
1,0,8.1e-10,2.24487635939,3490.5099018266
1,0,9.6e-10,0.23027300186,2544.2971662312
1,0,9.4e-10,5.55614273293,796.3152604686
1,0,9.3e-10,0.46802035326,75.0422309982
1,0,7.9e-10,4.31891477024,38.0211610532
1,0,8.9e-10,5.72126604208,6311.5250374592
1,0,7.9e-10,3.16332905605,38.2449102224
1,0,8.5e-10,0.12415625823,14715.840234807
1,0,8e-10,1.40233563562,191.9584544356
1,0,1.02e-09,3.18943570469,3524.48201360179
1,0,1.02e-09,6.07592386754,3156.7428397978
1,0,8.6e-10,2.62365837929,13517.8027959306
1,0,8.4e-10,2.90733130456,2942.3961129888
1,0,8.4e-10,4.30297087103,4801.6664786462
1,1,0.00862737448,3.14159265359,0.0
1,1,0.00552437771,5.09565872891,6681.2248533996
1,1,0.00077184951,5.43315636209,10021.8372800994
1,1,0.00020467294,5.57051812369,3340.6124266998
1,1,9.589581e-05,5.77107234791,13362.4497067992
1,1,2.62061e-05,6.22441295122,3344.1355450488
1,1,2.620537e-05,3.04172154436,3337.0893083508
1,1,1.506382e-05,3.2886369908,1059.3819301892
1,1,1.163612e-05,6.10909257097,16703.062133499
1,1,8.23316e-06,1.16299346122,426.598190876
1,1,7.7532e-06,2.70607668657,206.1855484372
1,1,7.51772e-06,2.19150282553,220.4126424388
1,1,5.61169e-06,5.569608909,522.5774180938
1,1,5.49256e-06,5.05722360972,536.8045120954
1,1,4.27058e-06,2.74008980166,2942.4634232916
1,1,3.81428e-06,0.22342431378,3738.761430108
1,1,3.86916e-06,5.94232552612,5621.8429232104
1,1,3.95001e-06,0.20042939555,6684.7479717486
1,1,3.37356e-06,5.21417361076,3149.1641605882
1,1,3.34209e-06,2.45910275965,3185.1920272656
1,1,3.18463e-06,4.05140251894,3532.0606928114
1,1,3.18426e-06,0.52909208916,3496.032826134
1,1,3.12605e-06,4.22912280613,2544.3144198834
1,1,2.89251e-06,4.61759345454,796.2980068164
1,1,2.60308e-06,5.02630754856,4136.9104335162
1,1,2.06733e-06,3.21083229673,1194.4470102246
1,1,2.03432e-06,3.58220297134,1589.0728952838
1,1,1.4057e-06,0.16405101702,20043.6745601988
1,1,1.33819e-06,4.64351814551,5884.9268465832
1,1,1.32323e-06,3.70094513425,4399.994356889
1,1,1.27123e-06,2.81806076447,6677.7017350506
1,1,1.02796e-06,6.05672047566,5486.777843175
1,1,1.12591e-06,5.89047647024,2146.1654164752
1,1,1.29469e-06,1.80477637958,1592.5960136328
1,1,1.01457e-06,3.72531913828,3341.592747768
1,1,1.01429e-06,5.54115874275,3339.6321056316
1,1,8.9231e-07,5.88265350957,3870.3033917944
1,1,8.4359e-07,0.39861148409,1990.745017041
1,1,7.7267e-07,0.64237838596,7079.3738568078
1,1,8.1615e-07,5.65301248357,5092.1519581158
1,1,8.5357e-07,1.68626480339,419.4846438752
1,1,6.4069e-07,5.27568100391,2388.8940204492
1,1,5.7349e-07,0.50336630984,10025.3603984484
1,1,5.7779e-07,1.95322424838,3097.88382272579
1,1,6.3709e-07,4.30359933795,213.299095438
1,1,7.5338e-07,1.2529851175,5088.6288397668
1,1,7.5597e-07,3.61161529128,4535.0594369244
1,1,5.7038e-07,2.69097269126,4690.4798363586
1,1,5.5693e-07,1.22100970149,9492.1463150048
1,1,5.302e-07,1.04990905431,3583.3410306738
1,1,7.0673e-07,3.86820111874,2787.0430238574
1,1,5.7595e-07,0.75650661572,639.897286314
1,1,4.9103e-07,4.08361966579,4292.3308329504
1,1,5.1266e-07,4.58705364976,191.4482661116
1,1,5.0596e-07,1.40353923768,433.7117378768
1,1,5.4144e-07,2.75220168825,2957.7158944766
1,1,6.0338e-07,5.44643531231,3894.1818295422
1,1,6.0977e-07,1.33676776514,1748.016413067
1,1,4.9313e-07,2.50941274343,6681.2075997474
1,1,4.9853e-07,0.26909559157,3723.508958923
1,1,4.9313e-07,4.54018424365,6681.2421070518
1,1,5.6626e-07,1.06789339618,155.4203994342
1,1,5.0925e-07,5.81536571173,1066.49547719
1,1,4.7447e-07,5.64332397974,6489.776587288
1,1,3.7363e-07,0.07393316577,3553.9115221378
1,1,4.3354e-07,3.37196729572,7.1135470008
1,1,4.1874e-07,2.9478478104,1349.8674096588
1,1,3.6019e-07,2.84922399832,3127.3133312618
1,1,3.5314e-07,2.80430917536,6525.8044539654
1,1,3.2357e-07,4.45790537173,951.7184062506
1,1,4.1885e-07,0.51735432395,529.6909650946
1,1,3.2811e-07,5.05742629063,3333.498879699
1,1,3.9137e-07,5.37813466087,7477.522860216
1,1,3.0785e-07,5.41194488124,1052.2683831884
1,1,2.9434e-07,5.34740413798,6254.6266625236
1,1,2.9948e-07,5.91717139203,553.5694028424
1,1,2.9925e-07,2.76885151999,149.5631971346
1,1,2.764e-07,3.75118803663,12303.06777661
1,1,2.7492e-07,2.19308010261,4933.2084403326
1,1,2.8209e-07,4.24849741016,3347.7259737006
1,1,2.4027e-07,2.9966699718,2810.9214616052
1,1,2.1407e-07,0.57410988498,316.3918696566
1,1,2.7676e-07,3.8744612783,2118.7638603784
1,1,2.1284e-07,3.84563390414,4929.6853219836
1,1,2.216e-07,5.38045378366,2281.2304965106
1,1,2.4653e-07,0.71737818564,382.8965322232
1,1,1.9368e-07,0.65233184104,242.728603974
1,1,1.899e-07,2.06104675595,227.5261894396
1,1,1.8361e-07,0.61249454438,9623.6882766912
1,1,1.7087e-07,2.30909423712,3320.257107301
1,1,1.6973e-07,0.67405360149,3360.96774609859
1,1,1.699e-07,0.50198426834,23384.2869868986
1,1,1.624e-07,0.58693834825,6681.1575430968
1,1,1.7059e-07,2.70322688862,6674.1113063988
1,1,1.4616e-07,1.9214881061,10018.3141617504
1,1,1.6065e-07,4.24982817116,3325.3599555148
1,1,1.6701e-07,0.67061213764,7210.9158184942
1,1,1.771e-07,4.03786343224,7740.6067835888
1,1,1.5982e-07,5.01800237749,3355.8648978848
1,1,1.624e-07,0.17847274471,6681.2921637024
1,1,1.3777e-07,1.54970744605,12832.7587417046
1,1,1.7401e-07,5.84783168046,76.2660712756
1,1,1.2859e-07,4.15587899834,110.2063212194
1,1,1.4497e-07,0.51986042995,2274.1169495098
1,1,1.2485e-07,4.09460712678,6682.2051744678
1,1,1.2683e-07,0.77128314603,5331.3574437408
1,1,1.2597e-07,3.06195567328,632.7837393132
1,1,1.3623e-07,0.04061937918,2288.3440435114
1,1,1.2374e-07,5.70562636316,515.463871093
1,1,1.3051e-07,4.49310483339,3767.2106175758
1,1,1.3243e-07,5.16075891864,36.6485629295
1,1,1.1614e-07,2.3675999626,6438.4962494256
1,1,1.2487e-07,2.32002507803,39.6175083461
1,1,1.462e-07,5.34262285752,4562.4609930212
1,1,1.0305e-07,3.95759369406,7875.6718636242
1,1,1.0643e-07,3.06544565234,5614.7293762096
1,1,1.0223e-07,2.19747174258,73.297125859
1,1,1.2504e-07,1.00423358318,10419.9862835076
1,1,1.0339e-07,4.87442511701,10021.8545337516
1,1,8.822e-08,1.53728617245,3205.5473466644
1,1,9.014e-08,2.8687275429,199.0720014364
1,1,1.1354e-07,0.31954807551,6041.3275670856
1,1,8.406e-08,1.44447794642,3475.6775067352
1,1,8.667e-08,4.924197114,543.9180590962
1,1,1.0339e-07,2.84366026063,10021.8200264472
1,1,9.717e-08,0.732580326,6836.6452528338
1,1,8.014e-08,4.35110324867,2700.7151403858
1,1,7.685e-08,2.70632154072,103.0927742186
1,1,8.107e-08,0.81975962806,13365.9728251482
1,1,7.381e-08,4.07383581901,15643.6802033098
1,1,7.807e-08,4.22077494831,6127.6554505572
1,1,7.149e-08,3.01341137277,949.1756089698
1,1,7.035e-08,2.52904374075,5628.9564702112
1,1,7.636e-08,4.05071436432,1751.539531416
1,1,6.72e-08,4.61329086936,3178.1457905676
1,1,6.272e-08,3.10587190159,6298.3283211764
1,1,6.756e-08,6.1607912692,1596.1864422846
1,1,6.332e-08,4.65004753478,3503.079062832
1,1,6.642e-08,0.75164539113,853.196381752
1,1,6.358e-08,5.59134223888,3316.733988952
1,1,7.875e-08,5.63977989179,5729.506447149
1,1,6.284e-08,3.67192363783,3364.4908644476
1,1,8.239e-08,4.85475989069,8962.4553499102
1,1,6.726e-08,6.02428284097,9830.3890139878
1,1,6.038e-08,3.2761933202,398.1490034082
1,1,7.269e-08,0.63965217204,6894.5239488376
1,1,5.538e-08,5.78612814784,3.523118349
1,1,5.158e-08,1.94900517603,209.3669421749
1,1,5.603e-08,5.7228588144,10818.1352869158
1,1,5.079e-08,2.96229494906,217.2312487011
1,1,5.494e-08,4.2261124281,2648.454825473
1,1,5.542e-08,0.97325944065,1758.6530784168
1,1,4.856e-08,5.68100531716,1581.959348283
1,1,6.512e-08,5.82435708254,6680.2445323314
1,1,4.653e-08,1.72782369127,216.4804891757
1,1,4.541e-08,3.17727011849,210.1177017003
1,1,5.502e-08,1.39010072925,6923.9534573736
1,1,4.841e-08,0.46251219835,6158.6474353058
1,1,4.486e-08,0.70046720071,323.5054166574
1,1,4.333e-08,0.94382312112,12964.300703391
1,1,4.233e-08,3.49063898076,63.7358983034
1,1,4.783e-08,1.03608770138,6144.4203413042
1,1,5.162e-08,3.32530875253,14.2270940016
1,1,4.73e-08,4.2231163012,2914.0142358238
1,1,3.97e-08,0.34201626027,3312.163239232
1,1,3.932e-08,2.64182103921,3369.0616141676
1,1,5.131e-08,5.75816121607,8432.7643848156
1,1,3.924e-08,5.52177794448,640.8776073822
1,1,4.288e-08,5.22939982526,6151.533888305
1,1,4.172e-08,4.29234914799,735.8765135318
1,1,3.722e-08,4.67114753737,3335.0895023924
1,1,3.721e-08,4.59533823527,3346.1353510072
1,1,4.83e-08,4.64482449524,6688.3384004004
1,1,4.066e-08,4.97310263007,4032.7700279266
1,1,3.565e-08,2.53670247107,8273.8208670324
1,1,4.116e-08,3.14698296281,9866.4168806652
1,1,3.629e-08,1.25762240997,3304.5845600224
1,1,3.577e-08,1.72457020044,3376.6402933772
1,1,4.006e-08,3.50175662034,2699.7348193176
1,1,3.816e-08,2.98894730062,8969.568896911
1,1,3.417e-08,0.51900593403,10021.9045904022
1,1,3.445e-08,4.34972240938,85.8272988312
1,1,4.071e-08,3.46038113099,3863.1898447936
1,1,3.338e-08,2.34738225115,11.0457002639
1,1,4.326e-08,4.09031704505,11773.3768115154
1,1,4.227e-08,5.72754081349,2818.035008606
1,1,3.928e-08,3.43504403516,8955.3418029094
1,1,3.244e-08,6.04240714038,526.5095713569
1,1,3.567e-08,0.89902213787,1744.4259844152
1,1,3.181e-08,4.57837074085,532.8723588323
1,1,3.163e-08,3.19092536309,3980.5097130138
1,1,3.117e-08,3.81812196204,3336.7310913418
1,1,3.104e-08,5.44232475906,3344.4937620578
1,1,3.427e-08,0.9291070055,10021.7699697966
1,1,3.591e-08,0.86470483857,647.0108333148
1,1,3.818e-08,1.63069738341,6283.0758499914
1,1,3.018e-08,1.27275373599,10551.528245194
1,1,3.094e-08,1.78971291511,13358.9265884502
1,1,2.903e-08,4.79566936964,525.7588118315
1,1,2.93e-08,5.29397937918,2487.4160449478
1,1,2.864e-08,5.82538312855,533.6231183577
1,1,2.876e-08,2.6926572353,117.3198682202
1,1,2.859e-08,4.1482444517,8270.2977486834
1,1,2.833e-08,2.05576755359,202.2533951741
1,1,2.765e-08,1.88240993872,956.2891559706
1,1,2.618e-08,4.59592591602,1221.8485663214
1,1,3.149e-08,4.07090669467,5459.3762870782
1,1,3.452e-08,3.58033884806,9225.539273283
1,1,2.662e-08,0.62485553999,7632.9432596502
1,1,2.528e-08,5.78755929713,3333.5661900018
1,1,2.421e-08,5.22954368274,8429.2412664666
1,1,2.453e-08,5.65563006765,8031.0922630584
1,1,2.458e-08,0.21740426116,2766.267628365
1,1,3.009e-08,5.91932692843,3981.490034082
1,1,2.514e-08,0.74093420826,95.9792272178
1,1,2.328e-08,0.84599472286,9381.9399937854
1,1,2.302e-08,2.78381269678,1692.1656695024
1,1,2.424e-08,0.82684290604,9808.5381846614
1,1,2.276e-08,1.56667324357,5828.0284716476
1,1,2.192e-08,0.31892596039,4407.1079038898
1,1,2.225e-08,2.88561251745,3914.9572250346
1,1,2.514e-08,1.88526284735,16173.3711684044
1,1,2.437e-08,4.37264449561,11081.2192102886
1,1,2.753e-08,3.46421789134,7064.1213856228
1,1,2.044e-08,3.91789079559,6040.3472460174
1,1,2.035e-08,3.75853613472,742.9900605326
1,1,2.055e-08,5.42893438245,138.5174968707
1,1,2.107e-08,3.63278010781,15113.9892382152
1,1,2.669e-08,3.69099558382,6467.9257579616
1,1,2.14e-08,3.22050811027,3347.6586633978
1,1,1.867e-08,1.35298978219,13760.5987102074
1,1,1.717e-08,5.21576113138,13362.4669604514
1,1,1.788e-08,2.45204273441,6660.4494579072
1,1,1.744e-08,1.79434186275,6816.289933435
1,1,2.248e-08,2.21497893636,7234.794256242
1,1,1.717e-08,3.18498950602,13362.432453147
1,1,1.668e-08,3.43481125656,70.8494453042
1,1,1.739e-08,3.64902335469,3281.2385647862
1,1,2.059e-08,0.84035144431,26724.8994135984
1,1,1.638e-08,1.82140676523,74.7815985673
1,1,1.824e-08,5.65759439478,6247.5131155228
1,1,1.569e-08,3.2602802053,574.3447983348
1,1,1.698e-08,5.61637635354,3399.9862886134
1,1,1.57e-08,4.37765395011,78.7137518304
1,1,2.119e-08,1.7130154774,6872.6731195112
1,1,1.947e-08,3.75526731879,224.3447957019
1,1,1.532e-08,3.04023559365,3877.4169387952
1,1,1.628e-08,4.45153470682,10022.8176011676
1,1,1.491e-08,1.26055544534,440.8252848776
1,1,1.807e-08,5.37059107698,6696.4773245846
1,1,1.767e-08,2.64991278616,6660.8695340008
1,1,1.384e-08,4.29310139885,11216.284290324
1,1,1.69e-08,4.89931132759,7107.8230442756
1,1,1.561e-08,4.53702050944,1045.1548361876
1,1,1.473e-08,3.94656024828,8439.8779318164
1,1,1.36e-08,2.27641913726,3074.005384978
1,1,1.302e-08,4.55773849708,6665.9723822146
1,1,1.593e-08,1.11307060368,8671.9698704406
1,1,1.305e-08,0.97554521194,6701.5801727984
1,1,1.657e-08,5.40650209199,8827.3902698748
1,1,1.529e-08,0.56980933614,3546.797975137
1,1,1.527e-08,2.3997001334,3134.4268782626
1,1,1.234e-08,1.35920832366,1228.9621133222
1,1,1.498e-08,3.04227517263,10014.7237330986
1,1,1.367e-08,3.023832046,9779.1086761254
1,1,1.23e-08,0.29260201065,11371.7046897582
1,1,1.403e-08,4.40495727981,18984.2926300096
1,1,1.219e-08,0.70589188231,3607.2194684216
1,1,1.203e-08,1.93922605595,3319.8370312074
1,1,1.4e-08,4.52326043784,5099.2655051166
1,1,1.148e-08,1.04852148563,3361.3878221922
1,1,1.515e-08,4.61278775683,6702.000248892
1,1,1.157e-08,1.07615224761,10235.1363755374
1,1,1.086e-08,3.25980753881,12935.8515159232
1,1,1.089e-08,2.28518675051,3169.9395560806
1,1,1.068e-08,3.73801386165,6684.8152820514
1,1,1.161e-08,4.49256510074,625.6701923124
1,1,1.34e-08,5.45392652944,2803.8079146044
1,1,1.057e-08,0.81408234263,10973.55568635
1,1,1.071e-08,2.45426009627,6531.661656265
1,1,1.124e-08,3.24778689268,2906.900688823
1,1,1.358e-08,4.09029594688,1039.0266107904
1,1,1.027e-08,5.3095385364,6261.7402095244
1,1,1.133e-08,0.06024843139,35.1640902212
1,1,1.082e-08,3.3207490982,6677.6344247478
1,1,1.02e-08,0.6968498547,3511.285297319
1,1,1.123e-08,1.64413797832,2921.1277828246
1,1,1.024e-08,5.63716730083,1265.5674786264
1,1,9.5e-09,0.1160957806,2125.8774073792
1,1,9.82e-09,0.25720172165,4989.0591838972
1,1,9.77e-09,3.76387167528,8425.6508378148
1,1,9.22e-09,4.56445665593,9468.267877257
1,1,9.16e-09,0.04652972552,3561.0250691386
1,1,9.18e-09,0.107100612,13171.0014406876
1,1,1.078e-08,1.88392074727,10575.4066829418
1,1,8.87e-09,2.35910251121,3760.097070575
1,1,8.72e-09,2.78538821999,3120.199784261
1,1,9.3e-09,5.98147253164,9070.1188738488
1,1,8.8e-09,2.47516759962,3313.210870603
1,1,1.01e-08,1.04763118283,3253.30422216
1,1,8.7e-09,0.50700932774,3368.0139827966
1,1,1e-08,4.48123094738,9595.2390892234
1,1,8.22e-09,2.58495071013,1861.7458526354
1,1,1.079e-08,3.25783041382,1162.4747044078
1,1,9.74e-09,1.93461985334,3427.9206312396
1,1,8.82e-09,1.12105057835,41.1019810544
1,1,1.121e-08,1.14643572651,16706.585251848
1,1,7.9e-09,2.77256344629,3443.7052009184
1,1,9.43e-09,1.78153635749,151.0476698429
1,1,7.9e-09,4.02400070641,10404.7338123226
1,1,7.77e-09,1.9060827732,9168.6408983474
1,1,7.68e-09,4.93323770287,11769.8536931664
1,1,9.65e-09,1.55576378944,412.3710968744
1,1,9.17e-09,5.01587421292,3340.629680352
1,1,7.66e-09,2.75563594888,12566.1516999828
1,1,7.69e-09,3.16951506066,942.062061969
1,1,7.59e-09,6.06112515589,14158.7477136156
1,1,7.69e-09,3.45170371859,9638.9407478762
1,1,8.87e-09,4.63271158717,1169.5882514086
1,1,9.17e-09,2.98510265793,3340.5951730476
1,1,8e-09,4.79154115035,6518.7582172674
1,1,7.25e-09,3.17641441624,6475.0393049624
1,1,7.21e-09,5.76834431293,7903.073419721
1,1,7.25e-09,6.16104342327,1375.7737998458
1,1,7.3e-09,3.02102816704,6709.6740408674
1,1,9.25e-09,5.09004861088,11243.6858464208
1,1,7.53e-09,5.41546929401,5642.1982426092
1,1,7.97e-09,1.2922445315,16304.9131300908
1,1,6.89e-09,4.67900398399,7910.1869667218
1,1,7.5e-09,6.0808873003,3296.8935143948
1,1,7.68e-09,4.99147918103,1155.361157407
1,1,6.88e-09,5.00398855432,10028.9508271002
1,1,6.6e-09,1.31849975129,1214.7350193206
1,1,7.37e-09,3.18448728107,3384.3313390048
1,1,8.96e-09,5.14258755707,2301.58581590939
1,1,6.74e-09,2.97036744718,2807.3983432562
1,1,8.45e-09,0.83947970783,9499.2598620056
1,1,7.11e-09,3.39057215594,71.8126531507
1,1,6.27e-09,1.11034276522,13149.1506113612
1,1,7.19e-09,4.52061983489,77.7505439839
1,1,6.33e-09,2.81432845663,6604.958782124
1,1,6.12e-09,0.29523233872,3237.5196524812
1,1,7.1e-09,3.89492785518,6460.8122109608
1,1,7.01e-09,0.38714381576,3311.18291816379
1,1,7.01e-09,2.59503044929,3370.0419352358
1,1,7.27e-09,5.6990965751,2111.6503133776
1,1,7.21e-09,3.39819016368,12310.1813236108
1,1,6.34e-09,5.13698921586,692.1576012268
1,1,5.7e-09,4.29687682063,2693.601593385
1,1,5.72e-09,2.30412060804,309.2783226558
1,1,5.44e-09,1.97116952941,16699.53901514999
1,1,5.73e-09,2.69510600136,1437.1756141986
1,1,6.23e-09,1.72892894707,10264.5658840734
1,1,5.39e-09,0.8206521996,3490.1756238344
1,1,5.57e-09,0.85462599459,13362.517017102
1,1,6.47e-09,0.93841423909,4392.8808098882
1,1,6.18e-09,2.21502067098,10177.2576795336
1,1,5.37e-09,0.00969918132,3873.8265101434
1,1,5.84e-09,3.00944725913,5085.038411115
1,1,5.11e-09,3.07543364583,13517.8701062334
1,1,5.84e-09,2.12241430212,4193.8088084518
1,1,5.06e-09,1.37728449479,9485.032768004
1,1,5.1e-09,3.90147691268,277.0349937414
1,1,6.7e-09,5.94569787504,6657.3464156518
1,1,5.13e-09,4.94015312303,3232.9489027612
1,1,4.89e-09,4.17658939709,3774.3241645766
1,1,6e-09,3.74402912289,2707.8286873866
1,1,4.75e-09,2.23223934897,2178.137722292
1,1,6.13e-09,4.40036999883,5989.0672521728
1,1,4.92e-09,4.32513664928,3448.2759506384
1,1,4.86e-09,0.82245463791,422.6660376129
1,1,4.63e-09,1.38849137815,3229.4257844122
1,1,5.33e-09,3.7707919381,18454.601664915
1,1,4.72e-09,3.67184386612,12295.9542296092
1,1,5.46e-09,2.99504021759,2221.856634597
1,1,5.4e-09,0.51844562567,6034.2140200848
1,1,4.44e-09,3.95877289512,6705.1032911474
1,1,4.43e-09,1.59365772526,3451.7990689874
1,1,5.57e-09,1.26314936469,13362.3823964964
1,1,4.49e-09,3.38375864721,1478.8665740644
1,1,5.51e-09,3.37214913132,263.0839233728
1,1,4.94e-09,3.48539252825,13207.029307365
1,1,4.02e-09,1.71992380217,6571.0185321802
1,1,4.13e-09,4.34479957368,8799.988713778
1,1,4.21e-09,4.49848554474,4379.6390374902
1,1,3.91e-09,5.30832534377,1073.6090241908
1,1,4.72e-09,0.3392228103,4936.7988689844
1,1,5.15e-09,5.18562869638,6675.7019290922
1,1,4.77e-09,5.07324050899,7895.9598727202
1,1,4.07e-09,1.25884679916,3289.33208883739
1,1,4.07e-09,1.72332746589,3391.89276456221
1,1,3.74e-09,1.92168872074,234.6397364404
1,1,4.74e-09,1.74796870608,13892.1406718938
1,1,4.78e-09,4.16158691668,13119.72110282519
1,1,4.27e-09,2.86195707217,11614.4332937322
1,1,3.69e-09,5.02545575221,135.0650800354
1,1,3.84e-09,5.80577939754,6685.1061887576
1,1,3.92e-09,4.39337463856,6843.6914895318
1,1,3.84e-09,0.93539249733,330.6189636582
1,1,3.71e-09,5.54353838421,415.5524906121
1,1,3.7e-09,1.36094569476,3274.1250177854
1,1,3.88e-09,0.03030103193,6048.4411140864
1,1,3.63e-09,1.24603804228,20.3553193988
1,1,3.6e-09,1.62130663873,3407.0998356142
1,1,3.45e-09,4.59132625278,15.252471185
1,1,3.47e-09,1.29475122047,5724.935697429
1,1,4.53e-09,2.0991409046,3113.1362939108
1,1,3.89e-09,6.08882765883,9588.1255422226
1,1,4.22e-09,2.1933642055,19513.9835951042
1,1,3.69e-09,1.55138745479,846.0828347512
1,1,3.73e-09,6.01149621113,10020.8569590312
1,1,3.37e-09,4.75525977824,71.6002048296
1,1,3.44e-09,5.71003719613,12721.572099417
1,1,3.24e-09,2.28921417158,423.4167971383
1,1,3.59e-09,5.00080130209,9380.9596727172
1,1,3.75e-09,4.47591732608,11610.9101753832
1,1,3.35e-09,4.55690899534,2938.9403049426
1,1,3.15e-09,4.72280053136,2384.3232707292
1,1,3.4e-09,3.64508189959,7321.1221397136
1,1,3.24e-09,3.05393333292,77.962992305
1,1,4.12e-09,0.88247746034,3568.0885594888
1,1,3.74e-09,4.02425919317,3415.3940252671
1,1,3.1e-09,4.70848762021,14421.8316369884
1,1,3.44e-09,0.47873990239,1903.4368125012
1,1,3.09e-09,6.178565688,4569.574540022
1,1,3.16e-09,0.91375113764,429.7795846137
1,1,3.64e-09,0.59733347069,860.3099287528
1,1,3.3e-09,2.06620388834,3318.7615973734
1,1,3.3e-09,0.91597037671,3362.4632560262
1,1,3.61e-09,2.21089537404,2.9689454166
1,1,3.46e-09,5.60772621945,9602.3526362242
1,1,3.29e-09,4.94303630669,10042.6126755918
1,1,3.05e-09,5.5579164932,145.6310438715
1,1,3.08e-09,4.74792571468,16460.33352952499
1,1,3.74e-09,4.41343415577,728.762966531
1,1,3.01e-09,0.64905373192,3340.6797370026
1,1,3.28e-09,4.8577497714,1272.6810256272
1,1,3.4e-09,4.7854189902,22324.9050567094
1,1,2.94e-09,4.55140151748,10596.1820784342
1,1,3.9e-09,2.10755320496,6717.252720077
1,1,2.98e-09,0.56249511314,3416.8784979754
1,1,2.91e-09,1.54713222563,6645.1969867222
1,1,3.6e-09,0.57790692476,5244.049239201
1,1,3.99e-09,2.01329403322,13916.0191096416
1,1,2.93e-09,3.6894923297,2675.8563815698
1,1,3.27e-09,6.16735333216,4459.3682188026
1,1,3.83e-09,6.13188528401,210.8514148832
1,1,3.8e-09,5.05058792236,215.7467759928
1,1,3.37e-09,5.55760049578,162.4666361322
1,1,3.04e-09,3.91898402784,7203.8022714934
1,1,2.8e-09,1.62615107581,3397.5108016354
1,1,2.8e-09,1.35602318924,3283.7140517642
1,1,2.75e-09,3.08102921005,5732.0492444298
1,1,3.01e-09,1.0560844056,3340.545116397
1,1,2.84e-09,3.95421107268,14584.2982731206
1,1,2.8e-09,3.40896567674,6688.2710900976
1,1,3.63e-09,2.79281358783,10001.061884607
1,1,2.85e-09,2.02354216491,14314.1681130498
1,1,3.05e-09,5.21825469861,3265.8308281325
1,1,2.59e-09,3.13103994929,5032.7780962022
1,1,3.38e-09,5.87862918623,148.0787244263
1,1,2.55e-09,2.25536828287,437.6438911399
1,1,2.53e-09,1.68801838224,17101.2111369072
1,1,2.51e-09,3.2344836542,11766.2632645146
1,1,2.53e-09,3.52319644222,16703.0448798468
1,1,2.53e-09,1.08130162107,6947.8318951214
1,1,2.78e-09,6.24528874374,7322.1024607818
1,1,3.11e-09,5.13228886176,838.9692877504
1,1,2.53e-09,5.55396848472,16703.07938715119
1,1,2.46e-09,2.73029636009,3304.0070613956
1,1,2.46e-09,0.25187790496,3377.217792004
1,1,2.37e-09,2.28726007142,3.9321532631
1,1,2.39e-09,3.57219156566,16276.463942623
1,1,2.39e-09,3.66509719573,11780.4903585162
1,1,2.66e-09,5.06649873732,38.1330356378
1,1,2.25e-09,3.64551843619,10018.2468514476
1,1,2.34e-09,1.6039581886,223.5940361765
1,1,2.39e-09,4.78918105736,13936.794505134
1,1,2.84e-09,2.13762517288,10156.9023601348
1,1,2.38e-09,4.98437875568,7255.5696517344
1,1,2.31e-09,2.49238552982,1485.9801210652
1,1,2.21e-09,5.85413979591,508.3503240922
1,1,2.43e-09,1.17853314043,30065.5118402982
1,1,2.19e-09,2.93870106015,5305.4510535538
1,1,2.18e-09,3.3494825567,3029.7716278314
1,1,2.4e-09,1.35327460265,2075.0449480734
1,1,2.21e-09,5.57663616389,4005.3684718298
1,1,2.23e-09,4.35090669349,23.8784377478
1,1,2.24e-09,4.07746567192,10025.4277087512
1,1,2.16e-09,5.71759573965,10037.0897512844
1,1,2.13e-09,5.27835961911,10448.4354709754
1,1,2.1e-09,1.47694443779,4555.3474460204
1,1,2.11e-09,3.90222929747,6944.3087767724
1,1,2.15e-09,4.18959076854,3212.5935833624
1,1,2.08e-09,2.63675343173,2008.557539159
1,1,2.34e-09,0.76568079767,3185.2593375684
1,1,2.15e-09,6.24541228185,1545.3539829788
1,1,2.12e-09,5.30591163701,3230.4061054804
1,1,2.53e-09,6.20740369502,16062.1845261168
1,1,2.01e-09,1.28338790475,1835.3246176068
1,1,2.09e-09,3.36887494837,16858.4825329332
1,1,1.98e-09,0.22514658211,6578.132079181
1,1,2.04e-09,5.07565396807,3468.6312700372
1,1,2.13e-09,0.67649924264,7747.7203305896
1,1,2.66e-09,5.05292569149,2277.7073781616
1,1,1.98e-09,1.16597531015,15508.6151232744
1,1,1.93e-09,5.91462315638,3651.4532255682
1,1,1.99e-09,2.92332691428,17924.9106998204
1,1,2.42e-09,3.82869102683,6621.850991486
1,1,2.2e-09,2.24714438581,3495.9655158312
1,1,1.9e-09,0.88866953545,12323.4230960088
1,1,1.92e-09,5.22444181613,2480.302497947
1,1,1.97e-09,1.26232029421,15664.03552270859
1,1,1.89e-09,0.28835038064,19402.7969528166
1,1,1.92e-09,4.92154638435,14054.607308026
1,1,1.83e-09,5.56570381896,8542.970706035
1,1,2e-09,4.07950076032,6677.3435180416
1,1,2.49e-09,1.63875770688,699.2711482276
1,1,1.84e-09,2.06454534852,4845.9002357928
1,1,1.83e-09,5.88258668238,533.2140834436
1,1,2.02e-09,1.49099779688,12012.5822971404
1,1,1.77e-09,5.39113553042,7380.4960016272
1,1,1.78e-09,0.04214387699,6456.8800576977
1,1,2.05e-09,1.56638102938,2945.9865416406
1,1,2.39e-09,0.56549194814,6106.8800550648
1,1,2e-09,2.99049384035,10001.48196070061
1,1,1.71e-09,4.43743888209,6756.0064519669
1,1,1.82e-09,1.09754108002,6887.4104018368
1,1,1.74e-09,3.24224963289,6418.1409300268
1,1,1.68e-09,1.47006471713,13575.7488022372
1,1,1.84e-09,3.9381069159,7218.029365495
1,1,1.66e-09,3.82858624226,15650.7937503106
1,1,1.68e-09,1.24963985652,5618.3198048614
1,1,1.99e-09,2.97222353917,430.5303441391
1,1,2.12e-09,4.80268839794,13363.4300278674
1,1,1.69e-09,0.37714459018,2655.5683724738
1,1,1.88e-09,1.83168099087,124.433415221
1,1,1.68e-09,1.37312305288,7314.0085927128
1,1,1.73e-09,0.50653444879,1368.660252845
1,1,2.07e-09,6.11286992514,14712.317116458
1,1,1.77e-09,5.21096301825,6686.747777707
1,1,1.66e-09,4.99522557947,1062.5633239269
1,1,1.64e-09,2.91444613296,3.1813937377
1,1,1.92e-09,3.27974426286,2751.5475996916
1,1,1.53e-09,4.85804008745,3347.2960905739
1,1,1.53e-09,4.40731948478,3333.9287628257
1,1,1.74e-09,1.61176269489,65.2203710117
1,1,1.63e-09,0.77052245905,88.865680217
1,1,1.53e-09,0.79359507111,160.6088973985
1,1,1.54e-09,1.98358917407,3499.555944483
1,1,1.51e-09,5.4556458043,10713.9948813262
1,1,1.69e-09,1.72784795263,19645.5255567906
1,1,1.54e-09,6.16274455061,519.3960243561
1,1,1.75e-09,0.52130528553,8982.810669309
1,1,1.88e-09,2.803659978,1332.0548875408
1,1,1.95e-09,0.42819289586,6546.1597733642
1,1,1.53e-09,1.34899298445,12722.5524204852
1,1,1.58e-09,4.60986821977,14556.8967170238
1,1,1.71e-09,4.49567777458,1062.9050485382
1,1,1.71e-09,0.5647519163,2391.43681773
1,1,1.4e-09,5.84592048082,1258.4539316256
1,1,1.85e-09,4.33527974597,2409.249339848
1,1,1.79e-09,6.25811741113,20.7753954924
1,1,1.43e-09,2.17166434379,1505.28780909299
1,1,1.52e-09,0.66722406763,9389.0535407862
1,1,1.38e-09,5.2213941063,1055.4497769261
1,1,1.48e-09,3.00263900859,3053.6500655792
1,1,1.4e-09,0.90450305556,6691.8615187494
1,1,1.35e-09,4.10212923465,2604.735913168
1,1,1.35e-09,5.16323033758,4076.4889402316
1,1,1.34e-09,2.23334811023,3191.0492295652
1,1,1.77e-09,1.67456433042,8958.9322315612
1,1,1.78e-09,1.87772953896,2284.7536148596
1,1,1.32e-09,0.46806671232,654.1243803156
1,1,1.75e-09,4.86229323516,8965.9784682592
1,1,1.6e-09,4.45487960287,2494.5295919486
1,1,1.38e-09,1.4741849433,20047.1976785478
1,1,1.28e-09,0.92352133267,9374.8264467846
1,1,1.32e-09,5.64348485151,7366.2689076256
1,1,1.34e-09,3.33556330332,203.0041546995
1,1,1.52e-09,1.23461889422,4672.6673142406
1,1,1.73e-09,1.67113077977,19004.6479494084
1,1,1.58e-09,5.98697230845,3929.677253708
1,1,1.26e-09,4.7841340065,6148.010769956
1,1,1.26e-09,4.40104234637,11670.2840372968
1,1,1.33e-09,1.1215558477,12839.8722887054
1,1,1.37e-09,5.81509659853,6674.1786167016
1,1,1.49e-09,4.52388789068,3077.528503327
1,1,1.25e-09,1.44691455296,36.0278666774
1,1,1.46e-09,2.0935946447,3397.4156888696
1,1,1.46e-09,0.88857962035,3283.80916453
1,1,1.57e-09,3.39004226467,3450.8187479192
1,1,1.54e-09,5.27624866771,12168.0026965746
1,1,1.62e-09,5.99305553804,5518.7501489918
1,1,1.26e-09,5.23539499383,13553.8979729108
1,1,1.33e-09,6.26348452529,3627.57478782039
1,1,1.24e-09,1.40431448992,6593.9166488598
1,1,1.2e-09,0.17691589754,1063.3140834523
1,1,1.25e-09,3.06728736345,18606.4989460002
1,1,1.23e-09,2.92428130894,15906.7641266826
1,1,1.17e-09,2.48675823285,3337.106562003
1,1,1.17e-09,3.63700868579,3344.11829139661
1,1,1.47e-09,2.64686332853,6510.5519827804
1,1,1.19e-09,2.67568218,15265.8865193004
1,1,1.17e-09,5.66778031729,3344.152798701
1,1,1.17e-09,0.45598660135,3337.0720546986
1,1,1.18e-09,5.77425794908,9886.772200064
1,1,1.18e-09,4.77280443966,551.031606097
1,1,1.54e-09,2.03792935277,3133.9116894032
1,1,1.18e-09,0.07858750158,3317.8439300904
1,1,1.18e-09,2.90358676347,3363.3809233092
1,1,1.58e-09,3.42513552451,0.9803210682
1,1,1.17e-09,2.6325916237,3184.2117061974
1,1,1.17e-09,0.34958264135,3497.0131472022
1,1,1.2e-09,4.45697558744,539.9859058331
1,1,1.15e-09,3.42928363203,6724.9437657046
1,1,1.14e-09,1.78485255818,5820.9149246468
1,1,1.14e-09,1.36878094205,9065.5481241288
1,1,1.24e-09,4.75081143126,2631.6226244232
1,1,1.4e-09,5.86589845886,1056.2005364515
1,1,1.18e-09,2.00813775574,4025.6564809258
1,1,1.35e-09,4.74860182927,3603.6963500726
1,1,1.19e-09,0.46273681956,16511.6138673874
1,1,1.55e-09,2.36780510491,6155.057006654
1,1,1.15e-09,4.80039490722,6997.6167230562
1,1,1.11e-09,5.69390808885,222.8603229936
1,1,1.33e-09,4.62837772547,22.0914005278
1,1,1.19e-09,3.37046808379,4447.7512323846
1,1,1.14e-09,3.09767238718,3987.6232600146
1,1,1.1e-09,1.5039610409,87.30820453981
1,1,1.38e-09,6.15843764702,2233.473621015
1,1,1.31e-09,0.53786654009,6901.6374958384
1,1,1.12e-09,2.08380141682,22345.2603761082
1,1,1.08e-09,4.30979711,2973.3880977374
1,1,1.15e-09,2.50244363406,36.6053653042
1,1,1.08e-09,5.05364311472,19800.9459562248
1,1,1.11e-09,3.72624023806,6357.7194367422
1,1,1.45e-09,0.99358639575,2060.8178540718
1,1,1.12e-09,3.9708345133,2574.8193622534
1,1,1.39e-09,0.94728626821,3547.3131639964
1,1,1.22e-09,4.41872868475,3346.4696289994
1,1,1.22e-09,4.84663088748,3334.7552244002
1,1,1.44e-09,1.47900802038,299.1263942692
1,1,1.19e-09,1.32555855483,10213.285546211
1,1,1.44e-09,6.22129817518,1905.4647649404
1,1,1.4e-09,6.09857806608,6670.5881880498
1,1,1.34e-09,3.16966777445,21.3406410024
1,1,1e-09,2.58315361675,17917.79715281959
1,1,1.06e-09,3.77034034448,13745.3462390224
1,1,1.2e-09,2.98017967977,3370.1042450032
1,1,1.2e-09,0.00199458528,3311.1206083964
1,1,1.18e-09,2.40172384456,6606.4432548323
1,1,9.7e-10,5.41467539027,18.1592472647
1,1,1.32e-09,5.7461813127,3050.1269472302
1,1,9.6e-10,3.0817040236,191.9584544356
1,1,1.06e-09,5.77400557563,2641.3412784722
1,1,9.6e-10,5.75684065935,1118.7557921028
1,1,1.01e-09,3.76810604314,10124.930054318
1,1,1.04e-09,1.92319744263,4296.9015826704
1,1,1.11e-09,1.28913302911,10042.1925994982
1,1,9.4e-10,1.36125916148,17468.8551979454
1,1,1.2e-09,4.77545420807,1574.8458012822
1,1,9.4e-10,3.3173974237,87.3117715395
1,1,1.01e-09,1.27086316315,33.6796175129
1,1,9.6e-10,4.84024975949,10006.5848089144
1,1,9.4e-10,0.85293916684,2679.3794999188
1,1,1.08e-09,1.41232833732,3735.238311759
1,1,9.2e-10,4.97009844077,3707.8367556622
1,1,9.7e-10,3.70150649705,2922.1081038928
1,1,1.09e-09,3.816916068,11250.7993934216
1,1,9.2e-10,6.04182543036,2540.7913015344
1,1,1.26e-09,4.88607866833,4271.9755135516
1,1,9.5e-10,0.104228078,59.3738619136
1,1,1.1e-09,5.54106438691,4106.4054911462
1,1,1.22e-09,0.24302263595,84.3428261229
1,1,1.15e-09,3.52051514601,9815.6517316622
1,1,9.3e-10,3.71904554876,2771.7905526724
1,1,1e-09,1.66203445799,26887.3660497306
1,1,1.04e-09,2.35767081244,11925.2740926006
1,1,1.13e-09,0.21883124871,4922.5717749828
1,1,9.7e-10,5.87982327909,217.964961884
1,1,1.09e-09,4.06648304067,21795.21409161479
1,1,9.6e-10,6.11433665301,1795.258443721
1,1,9.1e-10,4.41382868784,4049.6022289764
1,1,8.6e-10,0.86878584025,17654.7805397496
1,1,1.19e-09,3.5187893651,3631.0979061694
1,1,8.7e-10,3.32576161903,231.4583427027
1,1,9.7e-10,1.64179644592,72.3339180125
1,1,8.9e-10,5.45720829907,628.8515860501
1,1,9.8e-10,2.27543509085,6768.5330579394
1,1,9.5e-10,4.80180777978,10706.8813343254
1,1,8.4e-10,0.40663774606,3152.68727893721
1,1,9.3e-10,2.83658856377,2538.2485042536
1,1,8.8e-10,5.00348782624,1699.2792165032
1,1,8.5e-10,1.40832176676,16489.763038061
1,1,9.4e-10,6.05010322728,12942.965062924
1,1,1.07e-09,1.79283820861,6286.5989683404
1,1,8.1e-10,1.26377078095,12.5301729722
1,1,8.1e-10,2.07730423259,3326.3853326982
1,1,8.1e-10,0.90487003246,3354.8395207014
1,1,8.2e-10,5.23339031416,1442.2612087602
1,1,7.9e-10,4.56396980209,18208.349942592
1,1,7.9e-10,3.07988237612,4777.7880408984
1,1,8.3e-10,5.56382700928,3759.1167495068
1,1,8.5e-10,4.56854166929,42942.50433914939
1,1,8.6e-10,3.03921945697,127.4717966068
1,1,7.9e-10,4.26906442068,3378.7454623376
1,1,7.9e-10,4.99629515155,3302.479391062
1,1,8e-10,6.17200069363,4142.976349146
1,1,7.9e-10,2.75167670672,9947.0556815321
1,1,1.09e-09,5.81788706036,765.7930644464
1,1,1.02e-09,4.48912094824,10721.108428327
1,1,1.06e-09,3.49629147004,21947.1113727
1,1,8.7e-10,0.74054571271,3181.6689089166
1,1,8.5e-10,5.30523639998,208.633228992
1,1,9.2e-10,0.03551083643,2171.0241752912
1,1,1.06e-09,0.39435918202,7214.4389368432
1,1,8e-10,4.89623642688,21548.9623692918
1,1,9.5e-10,3.86710302337,1655.5603041982
1,1,7.9e-10,3.24890951492,5562.4690612968
1,1,9e-10,1.80974604093,685.044054226
1,1,7.7e-10,2.05069186337,4001.8453534808
1,1,8.3e-10,2.81952591797,18451.07854656599
1,1,1.03e-09,4.88584162251,6279.5527316424
1,1,7.6e-10,3.67755551442,1107.1388056848
1,1,8e-10,4.03019573108,1471.7530270636
1,1,7.6e-10,5.75771357218,288.0806940053
1,1,7.5e-10,2.93994155162,6710.6543619356
1,1,7.5e-10,5.6078335968,3528.5375744624
1,1,1e-09,2.80459580595,6653.8232973028
1,1,8.5e-10,4.6157225259,3649.8907493556
1,1,8.5e-10,4.64963704633,3031.334104044
1,1,7.7e-10,5.54299564494,3909.4343007272
1,1,1.02e-09,4.85789296676,3282.733730696
1,1,1.02e-09,4.40746660547,3398.4911227036
1,1,7.9e-10,5.10886333624,12725.453434775
1,1,7.7e-10,0.97230677876,20199.02764933019
1,1,9.6e-10,6.22255663987,203.7378678824
1,1,7.3e-10,5.35302732038,13369.5632538
1,1,9.7e-10,1.78236800999,6784.3176276182
1,1,7.6e-10,2.30483356242,42153.969003049
1,1,9.2e-10,2.49268078499,3492.509707785
1,1,7.6e-10,2.72692408287,19403.7772738848
1,1,8e-10,4.3202839075,8756.269801473
1,1,7.3e-10,2.2890877986,6364.832983743
1,1,7.7e-10,2.4335879951,6549.6828917132
1,1,7.6e-10,0.40948960322,362.8622925726
1,1,7.2e-10,3.81559276845,302.164775655
1,1,8.8e-10,1.61112169044,7373.3824546264
1,1,8.8e-10,6.05418512374,11883.5831327348
1,1,7.6e-10,2.05515548312,1648.4467571974
1,1,7.5e-10,1.95113506965,525.0250986486
1,1,9.3e-10,3.37029033662,10050.2864675672
1,1,6.9e-10,3.45210180674,45088.6697556246
1,1,7.1e-10,1.53845739804,2067.9314010726
1,1,7.7e-10,1.09192682751,14128.2427712456
1,1,6.9e-10,4.21368560293,114.3991069134
1,1,6.8e-10,0.64071253014,153.4953503977
1,1,7.7e-10,0.47271097966,5466.489834079
1,1,6.8e-10,0.16388050208,9.5612275556
1,1,6.8e-10,0.99582401938,73.8183907208
1,1,7.9e-10,1.37643636344,3329.5667264359
1,1,7.9e-10,1.60573790161,3351.6581269637
1,1,7.4e-10,4.2208880329,25135.8265183146
1,1,7.3e-10,5.09768244843,10177.1903692308
1,1,6.7e-10,4.84562417862,5401.4302807716
1,1,7.4e-10,5.01417193973,15636.566656309
1,1,6.9e-10,5.04985271939,11353.8921676402
1,1,7e-10,1.71545157762,20809.4676246452
1,1,7e-10,3.8984578636,35707.7100829074
1,1,7.6e-10,3.1306044434,41748.0573289248
1,1,9.2e-10,6.14040930433,3613.2853840514
1,1,7.1e-10,2.38708525663,534.3568315406
1,1,9.3e-10,2.219334855,8584.6616659008
1,1,7.1e-10,5.64728262188,1279.794572628
1,1,6.8e-10,3.93351376319,25287.7237993998
1,1,6.6e-10,5.64046802071,2011.1003364398
1,1,8.8e-10,3.09948179111,3067.9394693482
1,1,7.4e-10,2.14829362492,3264.3463554242
1,1,6.5e-10,5.23756710566,8859.3625756916
1,1,6.9e-10,1.59516547033,43738.8023459658
1,1,6.8e-10,4.77227301127,44959.5476759902
1,1,6.5e-10,0.76344895489,6708.6264094964
1,1,9e-10,5.15547486786,6740.5987153132
1,1,6.4e-10,4.35344254893,9801.4246376606
1,1,6.5e-10,0.10650340635,4140.4335518652
1,1,7.9e-10,0.61232080062,2125.8100970764
1,1,6.4e-10,0.53528518109,75.7448064138
1,1,8.7e-10,5.05289595532,9859.3706439672
1,1,6.5e-10,0.93949119244,6680.804777306
1,1,6.4e-10,1.91199168938,4356.275444584
1,1,6.4e-10,2.03767686794,169.580183133
1,1,6.7e-10,3.9614409329,11236.57229942
1,1,6.6e-10,1.08249803836,3414.213382615
1,1,6.6e-10,1.89967622669,3267.0114707846
1,1,7.2e-10,1.91502043985,16858.41522263039
1,1,6.4e-10,0.70379327004,3193.8007401762
1,1,6.4e-10,2.27838099501,3487.4241132234
1,1,8.4e-10,3.00203948568,43340.6533425576
1,1,6.2e-10,3.24790025898,18461.71521191579
1,1,6.8e-10,4.85546258492,12808.8803039568
1,1,6.8e-10,1.9998637349,6614.7374444852
1,1,8.5e-10,3.1340383593,10730.82708237599
1,1,6.6e-10,6.177864772,42.5864537627
1,1,6.6e-10,0.0073968143,9997.9588423516
1,1,6.1e-10,2.88776849923,207.8824694666
1,1,6.5e-10,6.00702384673,40796.33892267419
1,1,6e-10,1.3366551574,31022.7531708562
1,1,7.8e-10,4.87574960971,5202.3582793352
1,1,6.2e-10,2.19007422012,20040.15144184979
1,1,6.2e-10,4.40813798952,931.3630868518
1,1,6.7e-10,3.79488721755,17256.6315363414
1,1,6.3e-10,4.58199428968,25841.29320224219
1,1,8.3e-10,1.19841622691,40398.189919266
1,1,6e-10,2.02282855033,218.7157214094
1,1,5.9e-10,3.38669312921,15121.102785216
1,1,7e-10,0.83559773197,52.6901980395
1,1,6.3e-10,1.57226486603,20742.9457084264
1,1,5.9e-10,1.24623136375,408.4389436113
1,1,6e-10,5.59502027006,10016.314355792
1,1,5.9e-10,1.02843579673,4039.8835749274
1,1,7.7e-10,3.19342928141,24606.13555322
1,1,6.7e-10,4.66236805003,9329.6796788726
1,1,6.7e-10,0.58534149028,152.5321425512
1,1,7.7e-10,3.07641411027,4775.7600884592
1,1,6.4e-10,0.87689051214,22743.4093795164
1,1,7.6e-10,0.10784891475,77.2292791221
1,1,8e-10,2.57223661352,27417.0570148252
1,1,5.7e-10,0.1484524391,12928.7379689224
1,1,6.4e-10,3.30054842989,79.2350166922
1,1,5.7e-10,6.14189596874,3116.2676309979
1,1,7.2e-10,0.71597283003,20213.25474333179
1,1,6.2e-10,1.28366951998,12988.111830836
1,1,6.1e-10,0.45486168004,56.6223513026
1,1,5.9e-10,1.99226268966,5945.3483398678
1,1,5.8e-10,0.15519898436,15423.267560871
1,1,6.3e-10,2.242441678,9161.5273513466
1,1,6.2e-10,2.96487774215,3357.44462774959
1,1,6.2e-10,0.0172965229,3323.78022565
1,1,5.5e-10,3.57207397234,340.7708920448
1,1,5.6e-10,3.1829706134,2978.491289969
1,1,5.6e-10,6.08238895883,3702.7335634306
1,1,5.8e-10,0.08427617394,45884.967762441
1,1,5.5e-10,0.16321552353,21150.8133658836
1,1,5.5e-10,5.55880158727,12715.4388734844
1,1,5.5e-10,4.28741629288,23539.7073863328
1,1,5.5e-10,3.08168513239,200.7689224658
1,1,6.8e-10,4.10576652903,14867.73751589219
1,1,7.6e-10,2.25541605095,146.594251718
1,1,6e-10,5.32793915897,831.8557407496
1,1,5.4e-10,2.83216128661,1.4844727083
1,1,6.6e-10,5.83578469159,618.5566453116
1,1,5.4e-10,1.14764721709,5607.6158292088
1,1,5.3e-10,4.66773371614,6788.8883773382
1,1,5.8e-10,1.79522116123,3412.6681600546
1,1,5.8e-10,1.18695310382,3268.556693345
1,1,5.3e-10,3.76957096107,14481.205498902
1,1,5.2e-10,4.72089853524,6812.766815086
1,1,5.4e-10,1.09546286956,18849.2275499742
1,1,5.9e-10,0.84746741291,5223.6939198022
1,1,5.8e-10,0.97037460116,4.4534181249
1,1,5.2e-10,1.21145236574,4885.9664096786
1,1,7.2e-10,2.61949743639,3339.1279539915
1,1,7.2e-10,0.36267682866,3342.0968994081
1,1,5.1e-10,1.67605837812,45486.81875903279
1,1,5.6e-10,3.58453638929,8742.0427074714
1,1,5.1e-10,3.56752380688,225.8292684102
1,1,5.1e-10,4.54732927101,62.2514255951
1,1,5.1e-10,0.67722361596,16328.72425753579
1,1,5.6e-10,3.08675956518,38252.0245027908
1,1,5.1e-10,6.16661497571,12410.7313005486
1,1,5.1e-10,2.81432959139,8226.5788363784
1,1,5e-10,4.84629478021,195.1398481733
1,1,5.4e-10,3.63357334815,2735.762685995
1,1,5e-10,4.57016485329,37895.4262903674
1,1,5.2e-10,0.45515480683,24491.4257925834
1,1,6.1e-10,4.37761588455,2655.501062171
1,1,5.9e-10,5.82888387525,12516.366872048
1,1,5e-10,1.66655026369,1727.6610936682
1,1,6.6e-10,5.34326577091,24889.5747959916
1,1,5e-10,0.17458517639,39048.3225096072
1,1,5e-10,3.27629040044,3564.9572224017
1,1,4.9e-10,2.48409394399,20597.2439630412
1,1,4.9e-10,4.63364250237,24341.5283174566
1,1,5.2e-10,4.61821041475,70.3281804424
1,1,5e-10,3.76507954507,3742.284548457
1,1,4.9e-10,4.31351627712,350.3321196004
1,1,4.8e-10,1.55434770619,1883.0814931024
1,1,4.9e-10,3.03989562226,55516.4187098482
1,1,6.1e-10,3.94494596275,19617.07636932279
1,1,4.8e-10,1.5245835968,19190.4781784468
1,1,5.8e-10,5.44186494913,6850.8050365326
1,1,4.8e-10,1.96356727887,32765.2466596158
1,1,4.7e-10,2.93243058228,33163.395663024
1,1,4.8e-10,4.86897928188,10191.4174632324
1,1,5.1e-10,4.70671034765,5749.8617665478
1,1,4.8e-10,3.54075354094,8186.5126624926
1,1,5.1e-10,1.79926614465,210.3783341312
1,1,5.1e-10,3.07938265367,216.2198567448
1,1,5.6e-10,3.12983717848,21265.5231265202
1,1,4.7e-10,0.770550806,11876.469585734
1,1,4.7e-10,5.80552800681,2257.3520587628
1,1,4.7e-10,0.45636881038,17412.0519357756
1,1,4.6e-10,4.5464043499,16865.5287696312
1,1,5.2e-10,0.2878349535,1971.9521738548
1,1,4.6e-10,1.52797216731,44768.0994098786
1,1,5.1e-10,4.39123984507,5408.5438277724
1,1,4.9e-10,5.92307582908,963.4027029714
1,1,6.4e-10,3.04718021414,1329.51209026
1,1,4.9e-10,4.82698586048,41194.4879260824
1,1,5.5e-10,4.04641676667,4403.517475238
1,1,4.8e-10,0.33955507055,14955.045720432
1,1,5.3e-10,1.27341801656,142.4496501338
1,1,5.9e-10,2.13527332496,4289.7880356696
1,1,4.8e-10,1.20681354241,7799.9806455024
1,1,4.8e-10,0.93062224202,1859.2030553546
1,1,5.2e-10,2.1763439156,2963.238818784
1,1,5.2e-10,0.80583034945,3717.9860346156
1,1,5.5e-10,5.22964407608,41236.0387170672
1,1,6e-10,5.46859138107,10184.3039162316
1,1,5.4e-10,1.04311727476,1055.8588118402
1,1,4.5e-10,4.8076021519,37.611770776
1,1,4.5e-10,3.15304645241,3973.396166013
1,1,4.6e-10,0.11011885467,5881.4037282342
1,1,4.4e-10,5.8092834424,3436.5916539176
1,1,4.4e-10,3.45607612983,3244.633199482
1,1,4.4e-10,6.06741551089,17499.3601403154
1,1,5e-10,4.51633294079,1038.0412891868
1,1,4.4e-10,5.63991949724,524.2743391232
1,1,4.5e-10,2.74401480845,16063.164847185
1,1,4.4e-10,2.6744027939,38.6543004996
1,1,4.3e-10,5.89567366882,97670.38771289718
1,1,4.4e-10,4.98395147244,535.107591066
1,1,5.9e-10,5.12096194189,2523.9591004846
1,1,5.3e-10,0.56190542057,8336.7851575978
1,1,4.6e-10,1.93691391876,48827.4311857326
1,1,4.3e-10,5.31424179395,12199.9750023914
1,1,4.5e-10,1.21490188964,15849.865751747
1,1,5.4e-10,4.78336772882,46283.11676584919
1,1,4.6e-10,1.35241852548,9175.7544453482
1,1,4.2e-10,5.91236045456,12729.665967486
1,1,4.3e-10,1.90861231305,8123.4860621598
1,1,4.6e-10,1.99777333547,2324.9494088156
1,1,4.3e-10,0.22627419016,3826.5844794894
1,1,4.3e-10,2.75590007489,2854.6403739102
1,1,4.3e-10,4.16006907854,74.6697239827
1,1,4.2e-10,3.52116061372,15106.8756912144
1,1,4.3e-10,3.66062507509,74.8934731519
1,1,4.2e-10,0.81055569531,2651.977943822
1,1,4.4e-10,4.89874695679,1685.0521225016
1,1,4.9e-10,5.77857770467,207.6700211455
1,1,4.8e-10,1.95445508213,12825.6451947038
1,1,5.2e-10,5.96852999978,6666.997759398
1,1,4.1e-10,5.8074928131,28230.18722269139
1,1,4.1e-10,0.7198636704,3385.26625994
1,1,4.1e-10,2.26231059465,3295.9585934596
1,1,4.3e-10,3.41912327203,46681.2657692574
1,1,4e-10,1.93891342372,20728.71861442479
1,1,4.4e-10,0.93617830235,29698.2875113358
1,1,4.9e-10,1.81278199589,131.4039498699
1,1,5.2e-10,4.86200797685,3382.1632176846
1,1,5.2e-10,4.40335159538,3299.061635715
1,1,4.1e-10,3.51246679511,4670.1245169598
1,1,5.5e-10,4.06333971351,11527.1250891924
1,1,4.7e-10,2.28831256912,109.9456887885
1,1,4.6e-10,3.5808016175,19247.3765533824
1,2,0.00056368724,0.0,0.0
1,2,0.00022122521,3.54372113272,6681.2248533996
1,2,6.091409e-05,3.93272649649,10021.8372800994
1,2,1.451998e-05,3.6465566646,3340.6124266998
1,2,1.130613e-05,4.28827023222,13362.4497067992
1,2,1.8261e-06,4.63522660125,16703.062133499
1,2,1.60293e-06,4.40406062613,206.1855484372
1,2,1.55633e-06,0.48183983171,220.4126424388
1,2,1.68904e-06,4.68797825494,3344.1355450488
1,2,1.68384e-06,4.57974326642,3337.0893083508
1,2,1.18222e-06,0.99338493688,522.5774180938
1,2,1.15842e-06,3.35337160144,536.8045120954
1,2,9.4103e-07,0.9493139264,3185.1920272656
1,2,8.9578e-07,2.0378274509,3496.032826134
1,2,7.5807e-07,1.88120888431,1059.3819301892
1,2,9.5744e-07,5.56716176279,213.299095438
1,2,6.1862e-07,5.6383296605,426.598190876
1,2,7.2281e-07,2.16341813847,529.6909650946
1,2,4.0689e-07,5.03331696992,6684.7479717486
1,2,2.7549e-07,4.97859663329,20043.6745601988
1,2,2.4699e-07,3.63560534183,3149.1641605882
1,2,2.3325e-07,5.63009151781,3532.0606928114
1,2,2.4321e-07,5.77247656014,2544.3144198834
1,2,2.0394e-07,3.48794506814,4136.9104335162
1,2,1.84e-07,3.45575979446,3097.88382272579
1,2,1.7395e-07,4.3413172376,2942.4634232916
1,2,1.6954e-07,5.82560293948,3583.3410306738
1,2,1.5902e-07,1.21784323807,5621.8429232104
1,2,1.5422e-07,4.94008572158,3738.761430108
1,2,1.6238e-07,1.67605938145,1194.4470102246
1,2,1.4232e-07,5.82837756444,433.7117378768
1,2,1.3282e-07,5.16082361704,1990.745017041
1,2,1.6878e-07,2.35542567714,2787.0430238574
1,2,1.2675e-07,3.75990218127,2388.8940204492
1,2,1.1826e-07,3.0803800817,796.2980068164
1,2,1.5232e-07,0.27850117251,1592.5960136328
1,2,1.2328e-07,2.14974361562,3341.592747768
1,2,1.1411e-07,2.35109776277,1589.0728952838
1,2,1.1303e-07,1.30198187106,6525.8044539654
1,2,1.2311e-07,0.83471101077,3339.6321056316
1,2,1.2711e-07,3.4914979877,419.4846438752
1,2,1.367e-07,2.56874755004,155.4203994342
1,2,1.0589e-07,2.17033819409,4399.994356889
1,2,1.426e-07,0.66247586522,3894.1818295422
1,2,9.461e-08,5.56716533452,4292.3308329504
1,2,8.649e-08,4.16531779363,4690.4798363586
1,2,1.1404e-07,0.98319348386,2146.1654164752
1,2,8.129e-08,5.35446918646,10025.3603984484
1,2,7.707e-08,0.35647823047,227.5261894396
1,2,7.991e-08,1.31255637184,5486.777843175
1,2,8.339e-08,1.24221111371,2957.7158944766
1,2,7.395e-08,4.89007018279,639.897286314
1,2,6.947e-08,3.90319519868,1066.49547719
1,2,7.544e-08,1.76180463973,3723.508958923
1,2,8.875e-08,2.08456580754,4535.0594369244
1,2,8.569e-08,2.73774413655,5088.6288397668
1,2,8.179e-08,1.68000384711,7.1135470008
1,2,6.135e-08,5.37763512493,7079.3738568078
1,2,6.874e-08,2.67519964091,1748.016413067
1,2,6.049e-08,1.12213947386,553.5694028424
1,2,5.466e-08,0.51945612003,1052.2683831884
1,2,5.34e-08,5.92227683481,951.7184062506
1,2,5.445e-08,5.43458926991,242.728603974
1,2,5.288e-08,6.18849260834,5884.9268465832
1,2,5.585e-08,4.35867442726,1349.8674096588
1,2,5.027e-08,1.12572622612,515.463871093
1,2,5.051e-08,2.18016149522,2274.1169495098
1,2,4.77e-08,0.36305129741,3333.498879699
1,2,5.307e-08,4.06785486332,6489.776587288
1,2,4.333e-08,0.67828219297,4933.2084403326
1,2,4.47e-08,4.63122002595,2288.3440435114
1,2,4.148e-08,2.67721083071,3347.7259737006
1,2,3.987e-08,5.31786407967,23384.2869868986
1,2,3.806e-08,0.70901266883,5092.1519581158
1,2,3.667e-08,4.56283602529,199.0720014364
1,2,3.796e-08,4.08302538124,3870.3033917944
1,2,3.523e-08,3.22103209546,543.9180590962
1,2,4.621e-08,3.86854740775,7477.522860216
1,2,3.2e-08,3.8501021701,6438.4962494256
1,2,2.521e-08,5.54898285357,5331.3574437408
1,2,2.884e-08,2.2178230708,382.8965322232
1,2,2.413e-08,2.12409000894,6836.6452528338
1,2,2.207e-08,5.89775318087,9492.1463150048
1,2,2.187e-08,2.71871082697,6127.6554505572
1,2,2.008e-08,2.54296252495,6682.2051744678
1,2,2.221e-08,4.91976640295,6677.7017350506
1,2,1.902e-08,2.4623431528,4929.6853219836
1,2,1.953e-08,6.12037277662,191.4482661116
1,2,1.86e-08,2.83627035056,2118.7638603784
1,2,1.728e-08,4.75687645108,3553.9115221378
1,2,1.979e-08,0.9585355819,6681.2075997474
1,2,1.979e-08,2.98858272913,6681.2421070518
1,2,2.141e-08,2.54328094713,7740.6067835888
1,2,1.573e-08,4.50508275022,3127.3133312618
1,2,1.631e-08,2.45741148102,7875.6718636242
1,2,1.962e-08,6.17211726959,6923.9534573736
1,2,1.572e-08,1.33560962556,8969.568896911
1,2,1.559e-08,5.18172013638,8955.3418029094
1,2,1.881e-08,4.13165877159,5729.506447149
1,2,1.347e-08,2.19024470415,316.3918696566
1,2,1.727e-08,4.42641584826,6674.1113063988
1,2,1.405e-08,6.22622304401,216.4804891757
1,2,1.32e-08,4.96541286159,647.0108333148
1,2,1.676e-08,5.72375329917,2810.9214616052
1,2,1.365e-08,4.95810524231,210.1177017003
1,2,1.464e-08,5.67833036033,13365.9728251482
1,2,1.275e-08,4.01216375228,640.8776073822
1,2,1.483e-08,1.65051486293,9866.4168806652
1,2,1.687e-08,1.62553064962,14.2270940016
1,2,1.159e-08,1.60356675965,6298.3283211764
1,2,1.157e-08,0.66416438123,6254.6266625236
1,2,1.402e-08,4.97495321039,2699.7348193176
1,2,1.138e-08,0.03863142059,12832.7587417046
1,2,1.484e-08,5.76685527102,10419.9862835076
1,2,1.093e-08,4.21067890946,103.0927742186
1,2,1.215e-08,2.93903722849,3767.2106175758
1,2,1.077e-08,2.14986202491,12303.06777661
1,2,8.82e-09,2.07935042219,1751.539531416
1,2,1.105e-08,5.02445488391,7210.9158184942
1,2,9.9e-09,4.46834463877,9830.3890139878
1,2,9.5e-09,0.25861778749,4562.4609930212
1,2,8.77e-09,4.22488301555,10818.1352869158
1,2,8.51e-09,1.35694652573,2281.2304965106
1,2,9.38e-09,4.4067926558,632.7837393132
1,2,8.48e-09,1.52469724284,526.5095713569
1,2,8.26e-09,2.8142597521,532.8723588323
1,2,1.036e-08,4.41287380431,3981.490034082
1,2,7.58e-09,0.02371551403,209.3669421749
1,2,7.57e-09,5.33473650413,9623.6882766912
1,2,8.21e-09,3.38181893763,10021.8545337516
1,2,7.34e-09,0.75626361104,10018.3141617504
1,2,7.33e-09,4.88186040762,217.2312487011
1,2,8.17e-09,4.83577618183,853.196381752
1,2,6.88e-09,5.79109380413,440.8252848776
1,2,8.21e-09,1.35115496598,10021.8200264472
1,2,6.85e-09,1.03149651,8273.8208670324
1,2,8.14e-09,4.0825113467,6151.533888305
1,2,6.46e-09,5.318186621,6681.1575430968
1,2,6.51e-09,2.20345414604,398.1490034082
1,2,6.33e-09,5.38632263801,6040.3472460174
1,2,8.42e-09,3.04071354856,6688.3384004004
1,2,6.03e-09,5.14215709084,323.5054166574
1,2,6.24e-09,0.96146126905,117.3198682202
1,2,8.12e-09,1.96701783661,6041.3275670856
1,2,6.41e-09,4.90029509996,6681.2921637024
1,2,5.7e-09,2.58703838149,15643.6802033098
1,2,5.49e-09,4.81966003612,949.1756089698
1,2,7.02e-09,0.69460527884,74.7815985673
1,2,7.17e-09,3.64604387479,3178.1457905676
1,2,6.03e-09,5.95813695277,149.5631971346
1,2,6.62e-09,5.29879326411,6894.5239488376
1,2,5.46e-09,0.01597529774,1045.1548361876
1,2,5.45e-09,4.98617588325,2766.267628365
1,2,6.73e-09,5.61896089419,3503.079062832
1,2,4.99e-09,2.9539499814,110.2063212194
1,2,5.1e-09,2.48615954177,95.9792272178
1,2,6.17e-09,2.56762538604,3253.30422216
1,2,6.04e-09,6.00696167862,735.8765135318
1,2,5.96e-09,0.41458038468,3427.9206312396
1,2,4.9e-09,2.828895357,525.7588118315
1,2,4.88e-09,1.51375734651,533.6231183577
1,2,4.87e-09,4.38031296303,3914.9572250346
1,2,4.77e-09,4.13956608042,7234.794256242
1,2,4.42e-09,2.6882256979,7632.9432596502
1,2,4.38e-09,4.38613869498,1596.1864422846
1,2,5.45e-09,1.03912974763,6680.2445323314
1,2,4.1e-09,1.58251527013,3980.5097130138
1,2,5.61e-09,5.66150369412,26724.8994135984
1,2,4.11e-09,5.74366010527,12964.300703391
1,2,4.49e-09,3.27190934034,2648.454825473
1,2,3.95e-09,6.12652819236,2700.7151403858
1,2,4.95e-09,6.06448586655,2914.0142358238
1,2,4.93e-09,2.58878000047,1039.0266107904
1,2,3.67e-09,0.62535956369,8962.4553499102
1,2,3.69e-09,2.74592799154,8270.2977486834
1,2,3.8e-09,2.89275122673,11081.2192102886
1,2,3.72e-09,5.87272930494,4032.7700279266
1,2,3.38e-09,5.2201525288,8432.7643848156
1,2,3.71e-09,5.28554270239,7064.1213856228
1,2,3.05e-09,4.77209265653,574.3447983348
1,2,3e-09,2.85385783473,5459.3762870782
1,2,3.06e-09,4.36534167614,6872.6731195112
1,2,3.26e-09,2.91789777501,10022.8176011676
1,2,2.8e-09,2.83230906425,11216.284290324
1,2,3.33e-09,0.28199543333,2301.58581590939
1,2,2.83e-09,6.13788451705,13760.5987102074
1,2,2.72e-09,5.85293220428,10551.528245194
1,2,3.58e-09,5.91039820815,8671.9698704406
1,2,2.78e-09,3.16173504794,5828.0284716476
1,2,2.68e-09,5.30012147929,10021.9045904022
1,2,3.53e-09,5.67450059858,63.7358983034
1,2,2.63e-09,3.04875074455,9468.267877257
1,2,3.41e-09,1.55199717015,8031.0922630584
1,2,3.15e-09,0.38937613087,16173.3711684044
1,2,2.67e-09,6.09793545646,625.6701923124
1,2,2.7e-09,0.56801609869,1581.959348283
1,2,3.35e-09,3.28599535784,412.3710968744
1,2,2.68e-09,0.82005853572,2487.4160449478
1,2,2.42e-09,0.66542784607,13358.9265884502
1,2,2.45e-09,0.65336059003,8429.2412664666
1,2,2.67e-09,5.70853737597,10021.7699697966
1,2,2.3e-09,1.62446688541,70.8494453042
1,2,2.26e-09,0.21648774887,234.6397364404
1,2,2.46e-09,0.23564126,10264.5658840734
1,2,2.6e-09,0.59900554651,5642.1982426092
1,2,2.57e-09,0.5514183771,956.2891559706
1,2,2.18e-09,6.1873288825,78.7137518304
1,2,2.85e-09,1.73071428119,12310.1813236108
1,2,2.89e-09,4.38737249371,9779.1086761254
1,2,2.16e-09,0.69406612425,11.0457002639
1,2,2.83e-09,2.17198423111,85.8272988312
1,2,2.1e-09,4.87169565788,942.062061969
1,2,2.66e-09,2.96358399628,18984.2926300096
1,2,2.09e-09,1.26589578723,5614.7293762096
1,2,1.99e-09,3.73362043961,13362.4669604514
1,2,1.99e-09,1.70289925386,13362.432453147
1,2,2.39e-09,6.00441886993,16706.585251848
1,2,2.27e-09,5.26494518266,73.297125859
1,2,2.35e-09,1.88541486477,36.6485629295
1,2,2.52e-09,3.28817243007,6283.0758499914
1,2,2.12e-09,3.41540373108,7107.8230442756
1,2,2.24e-09,5.59487510601,39.6175083461
1,2,1.93e-09,4.43872802342,9070.1188738488
1,2,1.75e-09,2.59247166948,9381.9399937854
1,2,2.28e-09,4.22772621951,202.2533951741
1,2,1.72e-09,4.84769425281,13171.0014406876
1,2,1.87e-09,2.8627940246,1169.5882514086
1,2,1.96e-09,1.99723494678,13207.029307365
1,2,1.67e-09,3.64468986986,1073.6090241908
1,2,1.77e-09,1.94927710769,9638.9407478762
1,2,1.95e-09,0.93545523133,224.3447957019
1,2,1.7e-09,2.99514353373,4379.6390374902
1,2,1.57e-09,0.16247582139,8827.3902698748
1,2,1.55e-09,5.48638933162,12295.9542296092
1,2,1.58e-09,0.41813276311,1155.361157407
1,2,2.05e-09,2.22623702131,1221.8485663214
1,2,1.41e-09,2.05881354566,742.9900605326
1,2,1.48e-09,5.753605595,10235.1363755374
1,2,1.35e-09,0.93601004324,138.5174968707
1,2,1.41e-09,3.42339195893,10028.9508271002
1,2,1.49e-09,3.11048959872,76.2660712756
1,2,1.39e-09,1.20065333201,1437.1756141986
1,2,1.33e-09,1.27948900541,508.3503240922
1,2,1.31e-09,1.82249875902,3029.7716278314
1,2,1.45e-09,4.08945624026,309.2783226558
1,2,1.34e-09,1.93761929722,1903.4368125012
1,2,1.26e-09,5.33539657707,330.6189636582
1,2,1.26e-09,4.18511285279,860.3099287528
1,2,1.4e-09,3.87848331743,10575.4066829418
1,2,1.6e-09,3.7640972839,38.1330356378
1,2,1.16e-09,1.15955870554,3651.4532255682
1,2,1.21e-09,2.84740298536,10973.55568635
1,2,1.29e-09,3.90779149886,6696.4773245846
1,2,1.17e-09,5.84379077675,6701.5801727984
1,2,1.19e-09,3.78788917836,9168.6408983474
1,2,1.07e-09,5.14404131798,4407.1079038898
1,2,1.14e-09,4.75737830221,7322.1024607818
1,2,1.04e-09,3.13487730948,6665.9723822146
1,2,1.15e-09,6.09545736763,223.5940361765
1,2,1.05e-09,1.90361221217,11371.7046897582
1,2,1.01e-09,4.46463007865,14158.7477136156
1,2,1.1e-09,0.21868987814,71.6002048296
1,2,1.15e-09,5.33896891891,429.7795846137
1,2,1.31e-09,1.19699573376,6660.8695340008
1,2,1.05e-09,1.31705960331,77.962992305
1,2,1.14e-09,3.72019854011,6518.7582172674
1,2,1.27e-09,6.1227713124,728.762966531
1,2,1.08e-09,2.10333523773,5244.049239201
1,2,9.5e-10,0.30620246397,6816.289933435
1,2,1.01e-09,6.03126082039,11769.8536931664
1,2,1.01e-09,2.84466352346,11773.3768115154
1,2,8.8e-10,6.06292314661,1835.3246176068
1,2,9e-10,5.51420018615,17256.6315363414
1,2,1.06e-09,1.49565452639,1162.4747044078
1,2,1.02e-09,5.20836098548,422.6660376129
1,2,9.2e-10,4.73502476982,10014.7237330986
1,2,8.3e-10,3.76185545661,1505.28780909299
1,2,8.4e-10,0.06183751259,124.433415221
1,2,8.2e-10,3.24275708402,6467.9257579616
1,2,7.8e-10,5.6081990379,10404.7338123226
1,2,9.6e-10,6.0958955217,16304.9131300908
1,2,9.4e-10,5.30244568575,9808.5381846614
1,2,7.4e-10,1.07138930276,1265.5674786264
1,2,7.6e-10,4.22098650571,423.4167971383
1,2,7.1e-10,3.05925118734,551.031606097
1,2,8.2e-10,1.68324374227,519.3960243561
1,2,8.5e-10,0.45449951855,4193.8088084518
1,2,7.3e-10,0.88325190137,6660.4494579072
1,2,9.1e-10,1.87876020582,25287.7237993998
1,2,9.3e-10,6.03033210386,20752.6643624754
1,2,6.8e-10,4.9651084623,654.1243803156
1,2,7.1e-10,2.10260204323,15113.9892382152
1,2,6.6e-10,2.12551225679,30376.3526391666
1,2,6.7e-10,2.69564372543,692.1576012268
1,2,6.9e-10,6.00365908535,30065.5118402982
1,2,6.5e-10,5.49865044582,17412.0519357756
1,2,7.6e-10,0.17812622824,9380.9596727172
1,2,6.6e-10,2.46864705656,88.865680217
1,2,7.2e-10,1.80564509293,27035.7402124668
1,2,6.3e-10,4.77495740709,13517.8701062334
1,2,6.5e-10,3.24454700037,2631.6226244232
1,2,6.5e-10,1.0413563832,20199.094959633
1,2,6.1e-10,1.62141559661,12935.8515159232
1,2,7.3e-10,1.49901280909,21.3406410024
1,2,6.3e-10,5.65699508407,13362.517017102
1,2,5.8e-10,4.77256654994,191.9584544356
1,2,8e-10,2.35381700251,21795.21409161479
1,2,6.4e-10,0.59210224706,838.9692877504
1,2,6.4e-10,0.76110443806,6768.5330579394
1,2,7.3e-10,1.22356246246,14712.317116458
1,2,6.2e-10,3.23287490977,5989.0672521728
1,2,6.4e-10,2.62531230776,539.9859058331
1,2,5.7e-10,0.75475068767,16699.53901514999
1,2,6.4e-10,5.15957430521,203.0041546995
1,2,7.1e-10,5.54884103647,14128.2427712456
1,2,5.6e-10,3.23324962674,11128.9760857842
1,2,5.2e-10,4.10828089558,11243.6858464208
1,2,6.8e-10,3.30032043676,3340.629680352
1,2,6.7e-10,4.65098163449,2233.473621015
1,2,6.4e-10,5.71360304099,13119.72110282519
1,2,6.8e-10,1.26993098899,3340.5951730476
1,2,4.9e-10,3.23999076412,14421.8316369884
1,2,5e-10,2.8802837297,6593.9166488598
1,2,6.5e-10,5.34149579962,6106.8800550648
1,2,4.8e-10,3.22386624541,10177.2576795336
1,2,5e-10,6.02031448574,4049.6022289764
1,2,6.3e-10,4.41039120987,22743.4093795164
1,2,5.1e-10,1.08977299741,12721.572099417
1,2,5.6e-10,5.66089176987,9499.2598620056
1,2,4.9e-10,1.47188446727,14584.2982731206
1,2,5.6e-10,6.0651307877,13362.3823964964
1,2,4.6e-10,5.89343604493,13149.1506113612
1,2,4.5e-10,4.29961594202,846.0828347512
1,2,4.6e-10,3.88547191366,145.6310438715
1,2,5.1e-10,0.76284557905,19513.9835951042
1,2,4.7e-10,2.03226039424,7321.1221397136
1,2,4.7e-10,1.3070285511,21265.5231265202
1,2,4.7e-10,2.87487572007,23141.5583829246
1,2,4.3e-10,3.08890328263,8799.988713778
1,2,4.3e-10,2.18897814596,6684.8152820514
1,2,4.7e-10,3.3181830883,1062.5633239269
1,2,4.2e-10,6.24718113814,9485.032768004
1,2,4.3e-10,2.56622033374,6705.1032911474
1,2,4.5e-10,5.21894773261,6843.6914895318
1,2,5.3e-10,0.96281646589,8425.6508378148
1,2,4.9e-10,2.87124368812,4845.9002357928
1,2,5.3e-10,5.33119034498,7903.073419721
1,2,4.1e-10,0.09690752852,16460.33352952499
1,2,5.6e-10,3.0452955348,6702.000248892
1,2,4e-10,0.616059439,14054.607308026
1,2,4.3e-10,1.52605536241,6709.6740408674
1,2,4.3e-10,1.75785472218,6677.6344247478
1,2,5e-10,0.16634326697,13892.1406718938
1,2,3.9e-10,3.68543277913,13553.8979729108
1,2,3.8e-10,1.25489937051,1258.4539316256
1,2,4.5e-10,3.41167094956,28230.18722269139
1,2,5.2e-10,1.41393169635,16062.1845261168
1,2,4.9e-10,4.48594234475,6657.3464156518
1,2,3.8e-10,4.01715778747,6531.661656265
1,2,4.9e-10,3.05979125217,11610.9101753832
1,2,3.6e-10,2.52534740273,12323.4230960088
1,2,3.6e-10,4.69220073966,6158.6474353058
1,2,3.8e-10,1.09153073828,11614.4332937322
1,2,3.5e-10,1.55855229745,1692.1656695024
1,2,3.8e-10,3.33065203106,22324.9050567094
1,2,4.6e-10,0.03302786718,3333.5661900018
1,2,4.6e-10,6.09073905146,3347.6586633978
1,2,3.6e-10,5.46623211848,302.164775655
1,2,4e-10,2.10576578753,8982.810669309
1,2,4.3e-10,0.78042917903,7255.5696517344
1,2,3.4e-10,4.19221759757,13916.0191096416
1,2,3.4e-10,5.64744481308,277.0349937414
1,2,3.7e-10,3.11625027243,27433.88921587499
1,2,4.3e-10,2.33975731781,18454.601664915
1,2,4.2e-10,3.27968491376,13363.4300278674
1,2,4.6e-10,6.20852644411,25685.872802808
1,2,4.2e-10,4.41766590611,4447.7512323846
1,2,3.3e-10,1.58447809959,4777.7880408984
1,2,3.4e-10,4.7297216819,26084.0218062162
1,2,3.2e-10,0.4735906827,30774.5016425748
1,2,3.3e-10,4.5869377696,18606.4989460002
1,2,3.5e-10,3.48982518412,17654.7805397496
1,2,3.6e-10,1.40291642973,24606.13555322
1,2,3.2e-10,2.13345131081,5099.2655051166
1,2,3.5e-10,1.28107458867,23695.127785767
1,2,4.1e-10,3.50737470856,31570.7996493912
1,2,3.3e-10,5.09020911058,31172.650645983
1,2,3.1e-10,0.01163916655,8186.5126624926
1,2,3e-10,4.86335561218,2125.8774073792
1,2,3.5e-10,1.25631519996,1056.2005364515
1,2,3.2e-10,2.87432086256,15664.03552270859
1,2,3.1e-10,0.53878733876,4106.4054911462
1,2,3.1e-10,2.44338692629,2574.8193622534
1,2,2.9e-10,6.21158248008,2803.8079146044
1,2,3.9e-10,0.20293002946,1574.8458012822
1,2,2.8e-10,1.67663019512,12509.2533250472
1,2,3.1e-10,5.50562593007,9225.539273283
1,2,3e-10,2.07590180724,16276.463942623
1,2,3e-10,0.66979072957,24076.4445881254
1,2,3e-10,3.994435825,1744.4259844152
1,2,2.8e-10,2.16725568934,15650.7937503106
1,2,3.6e-10,0.12982829645,437.6438911399
1,2,2.7e-10,4.40428978967,15265.8865193004
1,2,2.9e-10,0.28036663014,29026.48522950779
1,2,2.9e-10,3.70344382503,33318.8160624582
1,2,2.7e-10,0.1077455228,17101.2111369072
1,2,2.7e-10,0.45485812543,17810.2009391838
1,2,3.1e-10,3.39518273216,1272.6810256272
1,2,2.9e-10,4.03990214859,1758.6530784168
1,2,2.7e-10,3.47340764254,1055.4497769261
1,2,2.9e-10,1.32325847141,618.5566453116
1,2,2.6e-10,0.2588793977,20735.83216142559
1,2,2.8e-10,6.2463721969,1038.0412891868
1,2,2.7e-10,0.8256708548,415.5524906121
1,2,2.5e-10,0.89364920475,20354.5153590672
1,2,2.6e-10,0.94849562976,16066.0658614748
1,2,3.3e-10,1.67236797949,28628.3362260996
1,2,2.7e-10,3.0958856712,26637.59120905859
1,2,2.8e-10,1.64332966541,1485.9801210652
1,2,2.7e-10,4.83042372893,22747.2907148744
1,2,2.6e-10,2.23319975287,5628.9564702112
1,2,2.4e-10,3.95136673509,36659.428489158
1,2,2.5e-10,0.20244605774,21548.9623692918
1,2,2.4e-10,2.00009707302,19402.7969528166
1,2,3.4e-10,3.20409325901,19004.6479494084
1,2,2.6e-10,5.05893496491,430.5303441391
1,2,2.4e-10,3.54369543262,18.1592472647
1,2,2.4e-10,0.77717557683,831.8557407496
1,2,2.6e-10,3.99199460654,11925.2740926006
1,2,2.3e-10,1.45497436681,231.4583427027
1,2,3.1e-10,5.64870400603,2818.035008606
1,2,2.5e-10,4.9316240717,14071.43950907579
1,2,3e-10,3.41289002407,29978.2036357584
1,2,2.9e-10,2.76627287372,24093.2767891752
1,2,2.8e-10,5.02089948874,13745.3462390224
1,2,2.4e-10,0.83608961696,3877.4169387952
1,2,2.2e-10,0.07496012955,8439.8779318164
1,2,2.5e-10,2.24207971146,1368.660252845
1,2,2.1e-10,2.03101495598,5085.038411115
1,2,2.1e-10,5.72791145125,447.9388318784
1,2,2.1e-10,2.71551636844,23296.97878235879
1,2,2.4e-10,0.33554415228,10596.1820784342
1,2,2.2e-10,1.41039428822,12722.5524204852
1,2,2.1e-10,5.62805203791,3340.545116397
1,2,2.7e-10,3.83951649814,8584.6616659008
1,2,2.2e-10,5.50509868914,36261.2794857498
1,3,8.52006e-06,0.0,0.0
1,3,5.60133e-06,1.94007552058,6681.2248533996
1,3,3.18062e-06,2.39391695789,10021.8372800994
1,3,1.13458e-06,2.75680104109,3340.6124266998
1,3,8.8769e-07,2.77668742127,13362.4497067992
1,3,2.2035e-07,6.11822426048,206.1855484372
1,3,2.1482e-07,5.03368299703,220.4126424388
1,3,1.9119e-07,3.13835323002,16703.062133499
1,3,1.7277e-07,3.54319327296,3496.032826134
1,3,1.7102e-07,5.72328990016,3185.1920272656
1,3,1.6291e-07,2.71940457791,522.5774180938
1,3,1.5934e-07,1.63320186413,536.8045120954
1,3,7.98e-08,3.07682330325,3344.1355450488
1,3,7.938e-08,6.19210789752,3337.0893083508
1,3,3.6e-08,3.49057256397,20043.6745601988
1,3,3.738e-08,4.31798545325,3583.3410306738
1,3,3.701e-08,4.94786426602,3097.88382272579
1,3,3.063e-08,3.8020122552,426.598190876
1,3,2.871e-08,3.51063041661,6684.7479717486
1,3,2.563e-08,4.04702837579,433.7117378768
1,3,2.396e-08,6.08123425918,6525.8044539654
1,3,2.101e-08,4.9278699675,227.5261894396
1,3,2.057e-08,0.3919657583,1059.3819301892
1,3,2.381e-08,2.14011753266,3894.1818295422
1,3,2.366e-08,0.84278889817,2787.0430238574
1,3,2.217e-08,4.10105217005,155.4203994342
1,3,1.375e-08,2.83821817426,515.463871093
1,3,1.266e-08,5.3750910608,419.4846438752
1,3,1.294e-08,0.74157779671,4292.3308329504
1,3,1.278e-08,2.24302936863,2388.8940204492
1,3,1.161e-08,0.92511464092,3532.0606928114
1,3,1.156e-08,2.06329715393,3149.1641605882
1,3,1.158e-08,1.96104793934,4136.9104335162
1,3,1.038e-08,2.26994057258,1066.49547719
1,3,1e-08,6.26567671131,199.0720014364
1,3,9.64e-09,1.50782014667,543.9180590962
1,3,1.026e-08,1.02332579752,2544.3144198834
1,3,1.275e-08,0.02482955002,7.1135470008
1,3,9.99e-09,2.40817781393,3339.6321056316
1,3,9.08e-09,5.64113657397,4690.4798363586
1,3,9.96e-09,0.57020320129,3341.592747768
1,3,8.87e-09,3.64548622051,1990.745017041
1,3,7.78e-09,3.86898632712,10025.3603984484
1,3,7.98e-09,3.26335116909,3723.508958923
1,3,7.94e-09,6.01017762336,2957.7158944766
1,3,8.45e-09,2.83708264275,639.897286314
1,3,6.78e-09,2.36507413871,1052.2683831884
1,3,7.3e-09,0.5713924511,4535.0594369244
1,3,6.25e-09,3.83967243505,23384.2869868986
1,3,6.21e-09,5.05943953438,1592.5960136328
1,3,6.32e-09,4.24328042236,5088.6288397668
1,3,6e-09,2.38992409628,2146.1654164752
1,3,4.5e-09,3.39897011554,3738.761430108
1,3,4.49e-09,1.93928115298,3333.498879699
1,3,4.11e-09,5.89788210301,2942.4634232916
1,3,4.19e-09,1.08676442942,3347.7259737006
1,3,3.99e-09,0.63956537359,4399.994356889
1,3,3.73e-09,3.38557300464,6836.6452528338
1,3,4.88e-09,4.67092863003,6923.9534573736
1,3,3.56e-09,1.20127683127,6127.6554505572
1,3,3.97e-09,2.5008731491,6489.776587288
1,3,3.44e-09,1.24961127281,213.299095438
1,3,3.82e-09,6.20559320688,14.2270940016
1,3,2.95e-09,2.81028621304,5621.8429232104
1,3,2.91e-09,3.14472957178,647.0108333148
1,3,3.57e-09,0.15120327086,9866.4168806652
1,3,2.95e-09,3.82251899304,7079.3738568078
1,3,3.46e-09,2.35310156551,7477.522860216
1,3,2.49e-09,1.14107482666,1589.0728952838
1,3,2.37e-09,5.19318533864,6438.4962494256
1,3,2.14e-09,0.98789182009,6682.2051744678
1,3,2.14e-09,4.03956747124,440.8252848776
1,3,2.3e-09,4.42377888159,216.4804891757
1,3,2.19e-09,0.47150010549,210.1177017003
1,3,1.78e-09,4.00441831249,5331.3574437408
1,3,1.63e-09,5.43763088786,4933.2084403326
1,3,2.15e-09,2.60375409797,5729.506447149
1,3,1.54e-09,0.93377729776,7875.6718636242
1,3,1.49e-09,0.09387386327,6298.3283211764
1,3,1.73e-09,4.21364045474,13365.9728251482
1,3,1.29e-09,1.79919042809,1045.1548361876
1,3,1.43e-09,2.35553703991,7234.794256242
1,3,1.54e-09,6.09739962901,6677.7017350506
1,3,1.56e-09,1.03056149319,7740.6067835888
1,3,1.23e-09,2.08253199617,853.196381752
1,3,9.2e-10,4.79503944157,234.6397364404
1,3,1e-09,2.91327592181,9830.3890139878
1,3,8.6e-10,6.10758245301,103.0927742186
1,3,1.08e-09,4.23921245691,10419.9862835076
1,3,8.4e-10,2.71984208341,10818.1352869158
1,3,9.1e-10,5.48002372488,117.3198682202
1,3,9.3e-10,5.08172811528,529.6909650946
1,3,9.9e-10,4.18630770421,26724.8994135984
1,3,7.4e-10,1.02672478927,4929.6853219836
1,3,7.4e-10,0.93262918684,7632.9432596502
1,3,7.5e-10,2.87101566525,1596.1864422846
1,3,6.9e-10,4.27897139677,95.9792272178
1,3,7.3e-10,6.0290546595,632.7837393132
1,3,7.7e-10,5.0314221715,412.3710968744
1,3,6.4e-10,3.9499332579,316.3918696566
1,3,6.5e-10,5.02060335506,10264.5658840734
1,3,8.2e-10,1.4750245134,6688.3384004004
1,3,6.1e-10,2.88294088094,796.2980068164
1,3,5.6e-10,2.99558443348,508.3503240922
1,3,5.7e-10,1.55246581721,9468.267877257
1,3,5.7e-10,4.79655567701,12832.7587417046
1,3,5.7e-10,3.21328791407,7210.9158184942
1,3,5.5e-10,3.29709092103,323.5054166574
1,3,5.1e-10,5.8272674585,8273.8208670324
1,3,5.4e-10,4.16556830133,9492.1463150048
1,3,4.8e-10,1.97191764285,1073.6090241908
1,3,5e-10,0.50123821286,13207.029307365
1,3,4.4e-10,2.8212497269,3870.3033917944
1,3,4.9e-10,5.67213966976,6681.2075997474
1,3,4.5e-10,5.78754564915,8031.0922630584
1,3,5.6e-10,1.48325794833,735.8765135318
1,3,4.9e-10,1.41972425612,6681.2421070518
1,3,4.6e-10,4.10060372779,398.1490034082
1,3,4.2e-10,1.41375480258,625.6701923124
1,3,4.2e-10,1.83928464694,10021.8545337516
1,3,4.3e-10,1.3774522366,10022.8176011676
1,3,3.9e-10,0.30611138474,942.062061969
1,3,3.7e-10,0.19254777844,8827.3902698748
1,3,4.2e-10,6.09184233156,10021.8200264472
1,3,3.6e-10,1.39675249646,11081.2192102886
1,3,3.5e-10,2.96862453735,9070.1188738488
1,3,3.6e-10,4.59308117276,209.3669421749
1,3,3.3e-10,1.01120243621,15643.6802033098
1,3,3.2e-10,6.00543460913,2281.2304965106
1,3,3.7e-10,5.84186470726,10018.3141617504
1,3,3.1e-10,2.46171091539,1581.959348283
1,3,3.1e-10,1.3207237303,551.031606097
1,3,3.2e-10,0.26519734656,217.2312487011
1,3,3.1e-10,1.56543336145,1194.4470102246
1,3,3.3e-10,2.32289510783,860.3099287528
1,3,3.6e-10,3.37855270463,7064.1213856228
1,3,3.4e-10,3.80029922412,2810.9214616052
1,3,3.6e-10,0.21597015085,12303.06777661
1,3,2.8e-10,3.48885797103,330.6189636582
1,3,2.7e-10,3.92096513265,149.5631971346
1,3,2.9e-10,6.05526972992,70.8494453042
1,3,2.7e-10,1.63715408955,2118.7638603784
1,3,2.8e-10,1.74838965252,78.7137518304
1,3,2.6e-10,1.29835056088,11216.284290324
1,3,2.6e-10,3.71876071236,9623.6882766912
1,3,3.1e-10,2.51169108456,6680.2445323314
1,3,2.9e-10,0.48147029137,949.1756089698
1,3,2.5e-10,2.90245233493,10575.4066829418
1,3,2.5e-10,4.58797131637,124.433415221
1,3,3.3e-10,4.30649710462,223.5940361765
1,3,3.2e-10,1.93089098387,110.2063212194
1,3,2.7e-10,6.0224395444,21.3406410024
1,3,2.5e-10,4.61989520769,13760.5987102074
1,3,3.3e-10,4.38991518046,8671.9698704406
1,3,2.5e-10,1.161079001,1169.5882514086
1,3,2.4e-10,1.53395713354,63.7358983034
1,3,2.3e-10,3.82777479464,1349.8674096588
1,3,2.7e-10,4.53977736871,16706.585251848
1,3,2.4e-10,5.30269642578,8432.7643848156
1,3,2.8e-10,1.56238914694,728.762966531
1,3,2.4e-10,3.16134826622,654.1243803156
1,3,2.3e-10,0.20728622886,191.9584544356
1,3,2.4e-10,1.32036606678,8270.2977486834
1,3,2.3e-10,2.78297162236,5486.777843175
1,3,2.2e-10,2.15937343363,1155.361157407
1,3,2.1e-10,5.90538406185,8962.4553499102
1,3,2.5e-10,3.69837020561,6894.5239488376
1,3,1.9e-10,0.03186061495,85.8272988312
1,3,1.9e-10,5.82090139161,951.7184062506
1,3,1.9e-10,0.95260076413,73.297125859
1,3,2.2e-10,5.27304712373,956.2891559706
1,3,2.1e-10,2.58836852861,1748.016413067
1,3,2e-10,0.45032113933,9638.9407478762
1,3,2e-10,1.23809651087,3767.2106175758
1,3,2.4e-10,5.89117970906,309.2783226558
1,3,2.5e-10,3.51115533622,429.7795846137
1,3,1.8e-10,2.11942127084,6674.1113063988
1,3,1.8e-10,2.98453883646,10177.2576795336
1,3,2.1e-10,1.55166742516,10973.55568635
1,3,1.7e-10,3.28202056136,13171.0014406876
1,3,2.4e-10,3.5302702369,519.3960243561
1,3,2e-10,1.86650914141,71.6002048296
1,3,1.7e-10,4.13765972175,88.865680217
1,3,1.8e-10,3.69940774861,5614.7293762096
1,3,1.9e-10,5.95485140431,77.962992305
1,3,1.6e-10,3.70893898662,6681.1575430968
1,3,1.6e-10,4.99486486759,2914.0142358238
1,3,1.6e-10,0.00550329231,202.2533951741
1,3,1.6e-10,4.02902153406,10551.528245194
1,3,1.5e-10,1.47023666677,5459.3762870782
1,3,2e-10,0.77024887951,539.9859058331
1,3,1.8e-10,0.90284270729,553.5694028424
1,3,1.5e-10,5.02720184968,224.3447957019
1,3,1.6e-10,3.30044259977,6681.2921637024
1,3,1.4e-10,1.85591826294,10028.9508271002
1,3,1.3e-10,0.64071359315,76.2660712756
1,3,1.6e-10,0.70623098744,203.0041546995
1,3,1.4e-10,0.24763128548,12310.1813236108
1,3,1.2e-10,0.84507236712,302.164775655
1,3,1e-10,5.93147033577,5628.9564702112
1,3,1e-10,5.70249322961,242.728603974
1,3,1e-10,5.28489326618,11.0457002639
1,3,1e-10,3.98008913039,36.6485629295
1,3,1.3e-10,0.37523695539,191.4482661116
1,3,1.2e-10,3.35651610375,422.6660376129
1,4,2.5439e-07,3.14159265359,0.0
1,4,1.226e-07,0.83414775886,10021.8372800994
1,4,1.0035e-07,0.40425836057,6681.2248533996
1,4,5.198e-08,1.24299509979,13362.4497067992
1,4,3.431e-08,0.85852911695,3340.6124266998
1,4,2.427e-08,5.05444549984,3496.032826134
1,4,2.418e-08,4.21420537167,3185.1920272656
1,4,2.272e-08,1.5636483818,206.1855484372
1,4,2.236e-08,3.28143366276,220.4126424388
1,4,1.682e-08,4.46996330708,522.5774180938
1,4,1.638e-08,6.17513895178,536.8045120954
1,4,1.497e-08,1.62269036988,16703.062133499
1,4,5.95e-09,2.81076120796,3583.3410306738
1,4,5.92e-09,0.17219890479,3097.88382272579
1,4,4.3e-09,3.20713267334,227.5261894396
1,4,3.82e-09,4.57534940813,6525.8044539654
1,4,3.52e-09,1.98630568244,20043.6745601988
1,4,3.48e-09,2.26681787351,433.7117378768
1,4,2.91e-09,4.56956279775,515.463871093
1,4,2.86e-09,5.62185554893,2787.0430238574
1,4,2.86e-09,3.6453081606,3894.1818295422
1,4,2.06e-09,6.05364860885,543.9180590962
1,4,2.02e-09,1.69320982304,199.0720014364
1,4,2.56e-09,1.53997671854,3337.0893083508
1,4,2.59e-09,1.46295781638,3344.1355450488
1,4,1.51e-09,1.94542778624,6684.7479717486
1,4,1.23e-09,0.67135155073,1066.49547719
1,4,1.28e-09,5.257904571,6836.6452528338
1,4,9.9e-10,0.99265774704,419.4846438752
1,4,1.13e-09,1.85695441801,426.598190876
1,4,8e-10,4.55016686641,7.1135470008
1,4,8.8e-10,3.16739635428,6923.9534573736
1,4,7.1e-10,2.34364246842,23384.2869868986
1,4,6.2e-10,4.48609878362,14.2270940016
1,4,5.6e-10,2.35055343144,10025.3603984484
1,4,5.3e-10,4.951039756,1059.3819301892
1,4,6.6e-10,4.20375595982,1052.2683831884
1,4,5e-10,2.28699829686,440.8252848776
1,4,4.9e-10,5.98001416469,6127.6554505572
1,4,6.3e-10,4.93024120102,9866.4168806652
1,4,6e-10,0.97558287548,639.897286314
1,4,4.9e-10,1.31593641965,647.0108333148
1,4,3.4e-10,0.39772363794,6438.4962494256
1,4,3.1e-10,6.26226050601,213.299095438
1,4,2.4e-10,3.05754167589,234.6397364404
1,4,2.3e-10,3.61004405073,1045.1548361876
1,4,1.8e-10,0.96034807462,6489.776587288
1,4,1.4e-10,4.76472781912,508.3503240922
1,4,1.3e-10,6.04976474685,1589.0728952838
1,4,1.5e-10,0.82846675812,7477.522860216
1,4,1.2e-10,5.75575668169,6682.2051744678
1,4,1.2e-10,5.3719198433,4399.994356889
1,4,1.3e-10,5.72126392176,10177.2576795336
1,4,1.4e-10,3.82771110265,7234.794256242
1,4,1.1e-10,3.51933198406,10264.5658840734
1,4,1.1e-10,0.54626079593,412.3710968744
1,4,1.2e-10,0.15818608564,853.196381752
1,4,1.1e-10,2.26503455301,7079.3738568078
1,4,1e-10,0.31907502124,1073.6090241908
1,4,1.2e-10,1.11898359111,5729.506447149
1,4,1.3e-10,2.72384207552,13365.9728251482
1,4,1e-10,1.35560891851,1596.1864422846
1,4,1e-10,2.51049102387,5331.3574437408
1,4,1.1e-10,2.67531582625,26724.8994135984
1,4,9e-11,4.24672231397,21.3406410024
1,4,1.1e-10,3.71353247018,117.3198682202
1,4,8e-11,4.8887460913,6298.3283211764
1,4,8e-11,1.50012562224,103.0927742186
1,4,7e-11,5.72637498363,7875.6718636242
1,4,7e-11,3.90588497604,4933.2084403326
1,4,7e-11,6.08752157484,95.9792272178
1,4,7e-11,6.27374846424,529.6909650946
1,4,7e-11,5.71854398962,551.031606097
1,4,6e-11,1.40413206867,654.1243803156
1,5,3.6e-09,5.54721578166,10021.8372800994
1,5,2.74e-09,2.704670421,3185.1920272656
1,5,2.74e-09,0.28001490932,3496.032826134
1,5,2.4e-09,5.9796775505,13362.4497067992
1,5,1.68e-09,3.28069809842,206.1855484372
1,5,1.67e-09,1.52399958265,220.4126424388
1,5,1.6e-09,5.82127895853,3340.6124266998
1,5,1.26e-09,0.07122523863,522.5774180938
1,5,1.21e-09,4.30466267493,536.8045120954
1,5,9.2e-10,0.08533910188,16703.062133499
1,5,7.7e-10,1.68294648354,3097.88382272579
1,5,7.7e-10,1.29922778151,3583.3410306738
1,5,6.9e-10,5.21105165761,6681.2248533996
1,5,6.4e-10,1.46493444949,227.5261894396
1,5,8.7e-10,3.14159265359,0.0
1,5,4.9e-10,3.06464731556,6525.8044539654
1,5,4.7e-10,0.05687052745,515.463871093
1,5,3.7e-10,0.48304760543,433.7117378768
1,5,3.2e-10,4.26961178617,543.9180590962
1,5,2.8e-10,3.41370273509,199.0720014364
1,5,2.7e-10,0.47343416859,20043.6745601988
1,5,2.6e-10,5.17377669672,3894.1818295422
1,5,2.6e-10,4.09158287551,2787.0430238574
1,5,1.3e-10,0.44755146347,6836.6452528338
1,5,1.1e-10,2.75798781903,14.2270940016
1,5,1.1e-10,5.3349988396,1066.49547719
1,5,1.3e-10,1.6608059461,6923.9534573736
1,5,1e-10,0.51443337467,440.8252848776
1,5,6e-11,0.38635391847,6684.7479717486
1,5,7e-11,3.42143669327,9866.4168806652
1,5,5e-11,4.46712294634,6127.6554505572
1,5,7e-11,5.80467663011,647.0108333148
1,5,5e-11,0.84565489791,23384.2869868986
1,5,4e-11,1.88610464642,6438.4962494256
1,5,4e-11,0.20088280204,1052.2683831884
1,5,4e-11,3.59221465704,419.4846438752
1,5,3e-11,5.43212710597,639.897286314
1,5,3e-11,1.37528056638,234.6397364404
2,0,1.51558927367,4.63212206588,3340.6124266998
2,0,0.07064547959,4.97051892898,6681.2248533996
2,0,0.08689350637,0.0,0.0
2,0,0.00493872689,5.30877806678,10021.8372800994
2,0,0.00482218424,2.16962356915,529.6909650946
2,0,0.00271492455,2.44409624683,213.299095438
2,0,0.00155437832,0.59926749768,38.1330356378
2,0,0.00083738369,0.76880567376,74.7815985673
2,0,0.00040917422,5.64698263703,13362.4497067992
2,0,0.00021036784,0.23240270955,3337.0893083508
2,0,0.00021012921,5.89022773653,3344.1355450488
2,0,0.00021795361,2.88000673227,1059.3819301892
2,0,6.764653e-05,4.07671230062,3340.629680352
2,0,6.7647e-05,2.04594066912,3340.5951730476
2,0,8.34622e-05,3.42464704002,2281.2304965106
2,0,5.400042e-05,5.81507793194,2942.4634232916
2,0,7.124907e-05,1.78378681583,426.598190876
2,0,4.809528e-05,0.27875310553,3738.761430108
2,0,4.849523e-05,2.8519098755,5621.8429232104
2,0,5.263268e-05,0.75811089992,6151.533888305
2,0,3.609527e-05,4.53244488294,796.2980068164
2,0,3.724293e-05,5.98516013322,16703.062133499
2,0,3.805073e-05,5.94234296399,398.1490034082
2,0,2.39449e-05,5.34678816191,3149.1641605882
2,0,2.251027e-05,0.76938193892,3532.0606928114
2,0,1.975769e-05,0.56949816579,6677.7017350506
2,0,2.22603e-05,5.99867316288,3340.6797370026
2,0,2.226089e-05,0.12398424247,3340.545116397
2,0,1.980388e-05,3.18938664693,1589.0728952838
2,0,1.690439e-05,1.58331163985,5884.9268465832
2,0,2.234121e-05,3.24909113765,8962.4553499102
2,0,1.628395e-05,4.95250906888,4136.9104335162
2,0,1.959001e-05,5.70640609056,206.1855484372
2,0,1.956411e-05,6.23095843554,6684.7479717486
2,0,1.885394e-05,2.32103716064,220.4126424388
2,0,1.898728e-05,3.22034182982,149.5631971346
2,0,1.697214e-05,0.81869636263,2544.3144198834
2,0,1.8742e-05,0.11372848779,6283.0758499914
2,0,1.385946e-05,3.73437191158,1751.539531416
2,0,1.439619e-05,5.19505958438,2810.9214616052
2,0,1.28189e-05,3.13035275682,1194.4470102246
2,0,1.469783e-05,0.30415060688,3870.3033917944
2,0,1.575854e-05,2.78266835243,5092.1519581158
2,0,1.398506e-05,2.29986358218,522.5774180938
2,0,1.201901e-05,5.5048551356,76.2660712756
2,0,1.365144e-05,5.18887775599,536.8045120954
2,0,8.19149e-06,3.5878644054,4399.994356889
2,0,7.09907e-06,4.50556127152,191.4482661116
2,0,7.19204e-06,1.0835473505,9492.1463150048
2,0,8.13077e-06,1.68393442622,36.6485629295
2,0,6.30626e-06,2.38434217274,6681.2075997474
2,0,7.67125e-06,2.65620459324,39.6175083461
2,0,6.30626e-06,4.41511380423,6681.2421070518
2,0,5.92563e-06,2.82214112368,5486.777843175
2,0,5.81408e-06,2.38087976114,3185.1920272656
2,0,5.51361e-06,3.73720813913,3496.032826134
2,0,6.28788e-06,4.99295631526,73.297125859
2,0,4.91736e-06,0.60462673907,7079.3738568078
2,0,4.03176e-06,3.49532014869,8432.7643848156
2,0,5.32702e-06,1.72629618682,1592.5960136328
2,0,4.17187e-06,2.39288855164,3339.6321056316
2,0,4.17083e-06,3.72975291794,3341.592747768
2,0,3.92731e-06,1.39110771836,2146.1654164752
2,0,3.59894e-06,0.04010740278,20043.6745601988
2,0,3.52248e-06,2.32029465959,6254.6266625236
2,0,3.51559e-06,3.59860692655,12303.06777661
2,0,3.21064e-06,0.3714601715,3553.9115221378
2,0,3.13108e-06,5.61766202779,3127.3133312618
2,0,3.06435e-06,4.56080395869,419.4846438752
2,0,2.89608e-06,1.43857225713,639.897286314
2,0,2.66755e-06,2.88006209994,4562.4609930212
2,0,2.59253e-06,0.3210291551,1990.745017041
2,0,2.81755e-06,3.32970702835,110.2063212194
2,0,3.13501e-06,3.53468286874,4535.0594369244
2,0,2.65807e-06,4.13657205734,5088.6288397668
2,0,2.71152e-06,0.37550883198,6467.9257579616
2,0,2.23029e-06,1.98134328602,3319.8370312074
2,0,2.21308e-06,4.14094711258,3361.3878221922
2,0,2.3374e-06,0.46548637345,9623.6882766912
2,0,2.12622e-06,2.22578594563,1748.016413067
2,0,2.11788e-06,3.34833949913,2118.7638603784
2,0,2.07526e-06,0.46238962685,6681.1575430968
2,0,2.05079e-06,0.28680735926,10025.3603984484
2,0,2.07717e-06,0.90733952,10018.3141617504
2,0,2.40367e-06,0.27172033698,103.0927742186
2,0,2.44575e-06,2.80556071941,2914.0142358238
2,0,2.13997e-06,4.22065799551,316.3918696566
2,0,2.18542e-06,5.68744233165,6489.776587288
2,0,2.07526e-06,0.05389324,6681.2921637024
2,0,1.78369e-06,4.10543898205,1221.8485663214
2,0,1.56876e-06,5.19786609301,2388.8940204492
2,0,1.46513e-06,5.54868179527,4690.4798363586
2,0,1.76877e-06,2.69854646339,2957.7158944766
2,0,1.47659e-06,0.90344856519,7210.9158184942
2,0,1.64583e-06,5.28781848597,7477.522860216
2,0,1.48488e-06,3.34244341315,3723.508958923
2,0,1.46666e-06,2.84397856099,3337.021998048
2,0,1.46054e-06,3.2751524264,3344.2028553516
2,0,1.2368e-06,2.52811225465,7903.073419721
2,0,1.20116e-06,3.09142091867,11773.3768115154
2,0,1.32007e-06,3.42890155754,1349.8674096588
2,0,1.4381e-06,3.7899857116,2787.0430238574
2,0,1.15489e-06,1.95561523091,3333.498879699
2,0,1.11935e-06,4.78148495483,3205.5473466644
2,0,1.18091e-06,3.61471499659,4929.6853219836
2,0,1.06593e-06,1.33768476661,3475.6775067352
2,0,1.40145e-06,0.4304034047,1.4844727083
2,0,1.20156e-06,1.83813184657,9225.539273283
2,0,1.04155e-06,0.75138682237,4292.3308329504
2,0,1.13753e-06,0.78998836832,632.7837393132
2,0,1.01033e-06,3.59737322965,7.1135470008
2,0,9.4737e-07,2.23518894194,1052.2683831884
2,0,1.2544e-06,5.91433151879,1066.49547719
2,0,1.03341e-06,0.82609816627,382.8965322232
2,0,9.575e-07,4.24181219758,3347.7259737006
2,0,8.8744e-07,1.41592655082,12832.7587417046
2,0,1.10471e-06,1.21942577303,155.4203994342
2,0,8.499e-07,5.11937799314,3097.88382272579
2,0,1.14691e-06,2.260535949,3894.1818295422
2,0,8.0587e-07,0.97053595716,3583.3410306738
2,0,8.5293e-07,2.1136277117,4933.2084403326
2,0,8.6745e-07,4.75160801779,951.7184062506
2,0,8.4319e-07,5.69047773316,6674.1113063988
2,0,9.8959e-07,1.66981866704,433.7117378768
2,0,1.03162e-06,1.60805952439,1162.4747044078
2,0,7.4027e-07,4.31857883803,3767.2106175758
2,0,6.8071e-07,6.11774649834,553.5694028424
2,0,9.1809e-07,2.68866263038,9595.2390892234
2,0,7.3606e-07,3.91527582136,7740.6067835888
2,0,6.4894e-07,3.02584743891,6041.3275670856
2,0,6.6771e-07,3.82875505983,2700.7151403858
2,0,5.4123e-07,2.72119014356,6525.8044539654
2,0,6.6161e-07,4.75332288251,10021.8545337516
2,0,5.1069e-07,6.02612173008,949.1756089698
2,0,4.9846e-07,3.52262872498,3312.163239232
2,0,4.9143e-07,2.60082752399,3369.0616141676
2,0,6.358e-07,4.98292232084,846.0828347512
2,0,4.7251e-07,3.94147277349,15643.6802033098
2,0,6.6161e-07,2.72255125102,10021.8200264472
2,0,6.3713e-07,4.22700572791,148.0787244263
2,0,5.8716e-07,5.39653936368,224.3447957019
2,0,5.3311e-07,0.93765731929,10419.9862835076
2,0,4.6825e-07,2.48327781591,8429.2412664666
2,0,3.891e-07,4.06810437323,6682.2051744678
2,0,3.8629e-07,3.82156635464,8031.0922630584
2,0,4.3007e-07,1.13946411806,3325.3599555148
2,0,4.9389e-07,0.37266734023,2274.1169495098
2,0,4.2804e-07,4.98193512793,3355.8648978848
2,0,4.5414e-07,3.29703568928,2288.3440435114
2,0,3.6267e-07,0.37822711569,23384.2869868986
2,0,3.975e-07,2.86822975445,4032.7700279266
2,0,4.4799e-07,2.74299278394,3077.528503327
2,0,3.2518e-07,3.54233921193,2648.454825473
2,0,3.1454e-07,2.64713766872,5628.9564702112
2,0,3.144e-07,0.69172824614,5331.3574437408
2,0,3.6126e-07,0.70225541331,9808.5381846614
2,0,3.2887e-07,0.52877756255,242.728603974
2,0,2.9779e-07,1.13126848611,7064.1213856228
2,0,3.9043e-07,2.73213911386,6680.2445323314
2,0,3.2361e-07,3.86902085523,7875.6718636242
2,0,3.0949e-07,5.8314085891,3.523118349
2,0,3.8473e-07,0.7789083463,6894.5239488376
2,0,4.0037e-07,3.38427304732,3603.6963500726
2,0,3.4784e-07,3.0311366542,35.1640902212
2,0,3.0421e-07,2.62561225828,11.0457002639
2,0,2.7656e-07,0.80781446139,12964.300703391
2,0,2.7767e-07,2.5928481657,7373.3824546264
2,0,2.9881e-07,2.48951800213,1692.1656695024
2,0,2.7615e-07,6.03842471271,5614.7293762096
2,0,2.7209e-07,3.099459155,11243.6858464208
2,0,2.9801e-07,3.8478790741,3178.1457905676
2,0,2.6317e-07,2.31641027851,1581.959348283
2,0,2.4064e-07,1.20215072556,853.196381752
2,0,2.8657e-07,2.3263170517,3503.079062832
2,0,2.8582e-07,1.27599593473,41.1019810544
2,0,2.3678e-07,2.22043284741,3320.257107301
2,0,2.351e-07,3.90077126172,3360.96774609859
2,0,2.8123e-07,2.13665429249,151.0476698429
2,0,2.7688e-07,5.44433605847,63.7358983034
2,0,2.236e-07,3.29132317156,15113.9892382152
2,0,2.2672e-07,0.62541647411,13365.9728251482
2,0,2.4697e-07,4.51176067682,692.1576012268
2,0,2.1808e-07,0.39209935673,10021.9045904022
2,0,2.3815e-07,2.19051967809,227.5261894396
2,0,2.1387e-07,2.33304379441,6660.4494579072
2,0,2.1808e-07,0.80059574357,10021.7699697966
2,0,2.5137e-07,5.06242825009,3335.0895023924
2,0,2.5085e-07,1.05978392516,3346.1353510072
2,0,2.4344e-07,5.15348656249,7632.9432596502
2,0,2.2802e-07,6.02803412581,9830.3890139878
2,0,2.3457e-07,0.09576335036,71.8126531507
2,0,2.3256e-07,5.18050538435,85.8272988312
2,0,2.5142e-07,4.04165606796,1648.4467571974
2,0,1.9246e-07,5.68073325802,3329.97576135
2,0,1.9171e-07,0.43949269085,3351.2490920496
2,0,1.8713e-07,5.45372592751,6438.4962494256
2,0,1.7629e-07,5.62148452536,6872.6731195112
2,0,2.3406e-07,4.38193206835,1758.6530784168
2,0,1.9932e-07,5.89893308094,2818.035008606
2,0,1.8896e-07,0.1247816187,3863.1898447936
2,0,1.7229e-07,3.71051818168,742.9900605326
2,0,2.0614e-07,1.5811272147,10713.9948813262
2,0,2.0199e-07,3.63716191406,9381.9399937854
2,0,2.0392e-07,1.6949722034,10404.7338123226
2,0,2.2995e-07,1.24532174509,13358.9265884502
2,0,1.8341e-07,4.17761073049,11371.7046897582
2,0,2.0656e-07,4.47723827677,6702.000248892
2,0,2.2104e-07,2.36649230999,2.9689454166
2,0,1.7462e-07,5.47626814223,3074.005384978
2,0,2.0052e-07,2.45637769313,209.3669421749
2,0,2.1778e-07,4.82054635472,77.7505439839
2,0,1.9538e-07,5.36428737888,2707.8286873866
2,0,1.9691e-07,5.58713076986,217.2312487011
2,0,1.6274e-07,1.33418754245,10551.528245194
2,0,1.6226e-07,3.03590297335,6298.3283211764
2,0,1.7152e-07,3.6904551226,6836.6452528338
2,0,1.7718e-07,5.62526789753,10818.1352869158
2,0,1.6979e-07,6.20827580374,1596.1864422846
2,0,1.6186e-07,0.64022063667,3607.2194684216
2,0,1.5103e-07,5.67174037306,10973.55568635
2,0,1.8552e-07,4.31061638297,202.2533951741
2,0,1.7492e-07,1.45131471586,138.5174968707
2,0,1.6513e-07,0.57398291904,6158.6474353058
2,0,1.4987e-07,3.20375305228,5099.2655051166
2,0,1.4941e-07,5.74767895336,6531.661656265
2,0,1.4344e-07,0.82040466305,1478.8665740644
2,0,1.5153e-07,2.43903550842,515.463871093
2,0,1.4843e-07,1.09015534739,735.8765135318
2,0,1.5679e-07,2.89209321078,3333.5661900018
2,0,1.4418e-07,0.21259774344,7234.794256242
2,0,1.7079e-07,1.42324321277,323.5054166574
2,0,1.3479e-07,3.61192484167,6684.8152820514
2,0,1.6142e-07,5.553862884,5729.506447149
2,0,1.3923e-07,3.037614911,12935.8515159232
2,0,1.608e-07,4.06222327337,6144.4203413042
2,0,1.322e-07,1.28207165806,956.2891559706
2,0,1.2795e-07,0.72051055394,3336.7310913418
2,0,1.2778e-07,5.40972437724,3344.4937620578
2,0,1.673e-07,0.87141658782,3973.396166013
2,0,1.5187e-07,3.70157240216,5459.3762870782
2,0,1.3717e-07,4.13705109844,6127.6554505572
2,0,1.2455e-07,4.85280703682,2487.4160449478
2,0,1.2109e-07,3.30084266721,3980.5097130138
2,0,1.218e-07,3.07347183013,3281.2385647862
2,0,1.3697e-07,3.1768801329,6677.6344247478
2,0,1.192e-07,3.05684725811,3399.9862886134
2,0,1.244e-07,3.4721824249,4989.0591838972
2,0,1.1984e-07,0.71488214373,1744.4259844152
2,0,1.3602e-07,4.01636834736,3415.3940252671
2,0,1.356e-07,6.04193914571,5085.038411115
2,0,1.1119e-07,3.94896791447,8270.2977486834
2,0,1.1077e-07,1.6796313683,6816.289933435
2,0,1.2942e-07,3.09428514061,8969.568896911
2,0,1.0572e-07,0.49111944928,2921.1277828246
2,0,1.2672e-07,2.10673786116,3265.8308281325
2,0,1.3864e-07,5.14485151295,6546.1597733642
2,0,1.3089e-07,0.23087557907,8955.3418029094
2,0,1.3108e-07,0.46269227053,3443.7052009184
2,0,1.1595e-07,5.83451477433,199.0720014364
2,0,1.0887e-07,5.60860774504,3316.733988952
2,0,1.3658e-07,3.07674640526,3347.6586633978
2,0,1.0779e-07,0.52098721533,3364.4908644476
2,0,1.0586e-07,3.70485484511,5828.0284716476
2,0,1.2245e-07,1.07572499863,135.0650800354
2,0,1.0723e-07,1.74814138432,16173.3711684044
2,0,1.3097e-07,4.64132274437,6688.3384004004
2,0,1.1398e-07,5.58264073154,3237.5196524812
2,0,9.456e-08,1.78215703758,11769.8536931664
2,0,9.867e-08,2.38731218242,14584.2982731206
2,0,1.05e-07,5.05682781706,543.9180590962
2,0,9.346e-08,4.47625335129,3304.5845600224
2,0,1.1269e-07,5.32327854746,525.7588118315
2,0,9.214e-08,1.65436128537,3376.6402933772
2,0,1.1111e-07,2.15386039177,533.6231183577
2,0,8.918e-08,2.45020419452,8273.8208670324
2,0,1.2157e-07,6.01959905524,10014.7237330986
2,0,1.1461e-07,1.82889516132,3024.2205570432
2,0,8.958e-08,0.47938419982,3340.19235060619
2,0,8.958e-08,5.65082995747,3341.0325027934
2,0,1.0166e-07,5.81425336915,1375.7737998458
2,0,1.0566e-07,4.85914109363,10213.285546211
2,0,8.219e-08,3.15133566986,8827.3902698748
2,0,9.305e-08,0.78791668509,10575.4066829418
2,0,1.0555e-07,0.77207843626,12168.0026965746
2,0,1.0404e-07,4.29473071484,3657.0042963564
2,0,7.752e-08,4.94195070566,162.4666361322
2,0,8.284e-08,6.07424265191,6604.958782124
2,0,7.693e-08,5.84469694248,1861.7458526354
2,0,7.33e-08,5.44972077375,3760.097070575
2,0,7.196e-08,1.94802350337,216.4804891757
2,0,8.951e-08,2.07336149122,12566.1516999828
2,0,7.36e-08,5.09396940186,13362.4669604514
2,0,7.036e-08,6.09743344991,210.1177017003
2,0,7.151e-08,0.88141185446,415.5524906121
2,0,9.027e-08,3.31681299907,6784.3176276182
2,0,7.581e-08,2.57329415226,3134.4268782626
2,0,6.868e-08,2.79830848948,117.3198682202
2,0,7.34e-08,3.06011730362,13362.432453147
2,0,6.923e-08,2.23261982586,3169.9395560806
2,0,7.281e-08,3.49687859929,3546.797975137
2,0,7.255e-08,2.38594499181,1265.5674786264
2,0,7.558e-08,1.86612263411,3209.0704650134
2,0,7.302e-08,4.88716898503,2178.137722292
2,0,7.609e-08,3.51290319043,3304.0070613956
2,0,6.549e-08,4.33945759933,1118.7557921028
2,0,7.465e-08,1.30260145767,6923.9534573736
2,0,6.446e-08,4.21304551726,3341.0423098265
2,0,6.446e-08,1.91072140138,3340.1825435731
2,0,7.519e-08,2.61412619102,3377.217792004
2,0,6.453e-08,3.89234671045,3511.285297319
2,0,6.21e-08,1.34955480867,13916.0191096416
2,0,7.639e-08,4.24282694614,11081.2192102886
2,0,6.94e-08,4.25393907229,3472.1543883862
2,0,5.874e-08,5.41165981323,640.8776073822
2,0,5.775e-08,1.73266094244,10184.3039162316
2,0,6.003e-08,1.27473547429,13760.5987102074
2,0,6.79e-08,2.67648931795,2221.856634597
2,0,6.054e-08,4.28573981877,18984.2926300096
2,0,5.577e-08,2.97071984834,6843.6914895318
2,0,5.393e-08,4.75504693723,1228.9621133222
2,0,6.299e-08,6.14054511367,14314.1681130498
2,0,6.33e-08,3.87859376833,70.8494453042
2,0,6.835e-08,2.3045693025,6606.4432548323
2,0,6.855e-08,0.22567806033,263.0839233728
2,0,6.167e-08,1.31162997368,647.0108333148
2,0,6.739e-08,0.48428328724,95.9792272178
2,0,5.362e-08,0.17026677933,2766.267628365
2,0,6.934e-08,3.87163883253,8329.671610597
2,0,5.178e-08,1.81202672403,3274.1250177854
2,0,5.078e-08,2.67641304277,526.5095713569
2,0,5.616e-08,3.05432126136,9866.4168806652
2,0,6.375e-08,4.15539245029,8439.8779318164
2,0,4.977e-08,4.80328860665,532.8723588323
2,0,6.512e-08,3.37621294675,4459.3682188026
2,0,5.006e-08,4.31127259045,3407.0998356142
2,0,5.879e-08,0.79782511263,78.7137518304
2,0,6.52e-08,3.29969103437,3296.8935143948
2,0,4.789e-08,0.36397268503,4407.1079038898
2,0,6.362e-08,2.82772481424,3384.3313390048
2,0,5.468e-08,3.43539764026,14.2270940016
2,0,5.692e-08,3.59213239655,4569.574540022
2,0,6.474e-08,4.73026165299,7107.8230442756
2,0,6.259e-08,0.592569715,1964.838626854
2,0,5.039e-08,2.44093002341,6247.5131155228
2,0,4.722e-08,5.47235333233,6261.7402095244
2,0,4.586e-08,2.93638012393,6709.6740408674
2,0,6.103e-08,4.10884733063,111.4301614968
2,0,4.872e-08,3.8741517995,4392.8808098882
2,0,4.383e-08,1.48980757344,6665.9723822146
2,0,4.39e-08,1.03231511278,13149.1506113612
2,0,4.312e-08,6.19144471077,2807.3983432562
2,0,4.36e-08,1.15230731273,10235.1363755374
2,0,4.314e-08,3.26868649565,3877.4169387952
2,0,4.046e-08,2.2058347732,14054.607308026
2,0,4.008e-08,3.35863378745,574.3447983348
2,0,4.107e-08,3.07058211212,10020.8569590312
2,0,4.044e-08,2.81163214967,13517.8701062334
2,0,3.822e-08,0.64521458656,3490.1756238344
2,0,4.423e-08,6.24070525621,277.0349937414
2,0,4.992e-08,3.29491717942,114.3991069134
2,0,4.095e-08,4.40659363743,10022.8176011676
2,0,5.124e-08,0.28334884652,222.8603229936
2,0,3.703e-08,4.80251536531,6571.0185321802
2,0,4.45e-08,0.89168729077,13524.9163429314
2,0,5.146e-08,2.37068975291,2111.6503133776
2,0,4.526e-08,6.09427525593,3191.0492295652
2,0,4.577e-08,5.47618219772,146.594251718
2,0,3.986e-08,0.10375744687,6048.4411140864
2,0,3.482e-08,4.20107395689,11216.284290324
2,0,3.592e-08,6.26752744572,3873.8265101434
2,0,3.903e-08,5.74518224407,3914.9572250346
2,0,4.495e-08,2.48902481892,10177.2576795336
2,0,3.444e-08,0.47927514937,8425.6508378148
2,0,4.22e-08,0.00535283025,2699.7348193176
2,0,3.954e-08,3.83351128588,6652.7756659318
2,0,3.984e-08,5.84008311937,3981.490034082
2,0,3.41e-08,4.75624627275,13936.794505134
2,0,3.767e-08,0.71635417612,26724.8994135984
2,0,3.387e-08,3.58149706956,18454.601664915
2,0,3.673e-08,5.86946694477,3.9321532631
2,0,3.961e-08,5.31040335152,2384.3232707292
2,0,3.109e-08,6.13038417362,4555.3474460204
2,0,4.007e-08,0.19405096418,266.6070417218
2,0,4.019e-08,5.32092159727,6696.4773245846
2,0,3.611e-08,1.73280486368,2008.557539159
2,0,3.264e-08,1.145868687,16304.9131300908
2,0,3.093e-08,6.28077187263,5305.4510535538
2,0,3.019e-08,5.35351440247,5202.3582793352
2,0,3.273e-08,1.65076758838,5518.7501489918
2,0,2.919e-08,5.38276078287,309.2783226558
2,0,2.877e-08,4.90074910311,1332.0548875408
2,0,2.905e-08,3.25849505328,16858.4825329332
2,0,3.297e-08,1.02769227988,8671.9698704406
2,0,3.761e-08,5.75801604585,490.3340891794
2,0,3.68e-08,2.91690167677,2906.900688823
2,0,2.95e-08,3.68236929509,6944.3087767724
2,0,3.359e-08,2.27893480688,2803.8079146044
2,0,2.717e-08,4.19241426109,6518.7582172674
2,0,2.747e-08,4.8816369395,5724.935697429
2,0,2.645e-08,3.89691136061,5989.0672521728
2,0,2.528e-08,0.08271917291,13171.0014406876
2,0,3.425e-08,0.95244785238,351.8165923087
2,0,2.511e-08,5.88222082993,533.2140834436
2,0,2.483e-08,2.30179531677,3313.210870603
2,0,2.456e-08,3.82204754724,3368.0139827966
2,0,2.623e-08,1.58355072138,16699.53901514999
2,0,2.405e-08,4.84605046787,9168.6408983474
2,0,2.398e-08,2.56649522216,17924.9106998204
2,0,2.423e-08,3.17994958247,5732.0492444298
2,0,3.339e-08,5.12360857553,17277.4069318338
2,0,2.38e-08,0.10213592195,2125.8774073792
2,0,2.435e-08,4.4131265808,9485.032768004
2,0,2.416e-08,0.73041207552,13362.517017102
2,0,2.405e-08,0.20257003589,3561.0250691386
2,0,2.532e-08,3.29260787559,6475.0393049624
2,0,2.392e-08,4.34374406796,10596.1820784342
2,0,2.432e-08,2.40533150763,3171.0322435668
2,0,2.922e-08,5.30505468617,109.9456887885
2,0,2.274e-08,1.39549918259,6686.747777707
2,0,2.4e-08,4.57758726706,4672.6673142406
2,0,2.448e-08,3.02028279202,6418.1409300268
2,0,2.366e-08,1.05045564841,15508.6151232744
2,0,2.427e-08,0.38892764633,6040.3472460174
2,0,2.247e-08,0.65129974134,3343.3639373108
2,0,2.247e-08,5.4724671773,3337.8609160888
2,0,2.471e-08,1.29713026645,625.6701923124
2,0,2.377e-08,3.75701877252,3510.1926098328
2,0,2.861e-08,0.41825730841,3342.0968994081
2,0,2.948e-08,5.86605020349,6414.6178116778
2,0,2.139e-08,4.06717048102,7799.9806455024
2,0,2.827e-08,5.70543977377,3339.1279539915
2,0,2.582e-08,0.96409333017,16706.585251848
2,0,2.546e-08,3.54027578863,12722.5524204852
2,0,2.16e-08,4.92254263405,9779.1086761254
2,0,2.1e-08,3.3570755161,3929.677253708
2,0,2.903e-08,4.6926040041,661.232926781
2,0,2.222e-08,1.26294843768,7314.0085927128
2,0,2.345e-08,1.78744472133,299.1263942692
2,0,2.127e-08,5.81675710469,3120.199784261
2,0,2.352e-08,5.40138877221,6675.7019290922
2,0,2.072e-08,4.69329841596,16460.33352952499
2,0,2.771e-08,6.09091685365,9872.2740829648
2,0,1.996e-08,0.01333352875,792.7748884674
2,0,1.98e-08,5.95709631826,14158.7477136156
2,0,2.065e-08,0.49388965272,12295.9542296092
2,0,2.328e-08,4.98945470018,1169.5882514086
2,0,2.016e-08,4.23253734433,6701.5801727984
2,0,2.042e-08,3.11100955297,1545.3539829788
2,0,1.975e-08,5.70749246997,8542.970706035
2,0,2.04e-08,1.07943023634,1214.7350193206
2,0,2.428e-08,1.78991515376,17256.6315363414
2,0,2.221e-08,2.56014240865,6660.8695340008
2,0,2.648e-08,2.51945261752,15110.4661198662
2,0,1.929e-08,4.56673745966,1272.6810256272
2,0,2.185e-08,4.81676561022,10042.6126755918
2,0,2.357e-08,0.65442854372,6460.8122109608
2,0,1.914e-08,2.82746024893,2751.5475996916
2,0,1.929e-08,3.1893483562,1795.258443721
2,0,1.933e-08,2.114673352,3230.4061054804
2,0,1.855e-08,0.4001338741,3416.8784979754
2,0,1.838e-08,3.38443937909,16276.463942623
2,0,2.273e-08,2.67716254538,10001.061884607
2,0,1.861e-08,1.2657364548,2945.9865416406
2,0,2.216e-08,0.91630812456,9499.2598620056
2,0,1.805e-08,0.77929673675,6691.8615187494
2,0,2.36e-08,2.94494997079,14712.317116458
2,0,2.416e-08,1.13890846236,13362.3823964964
2,0,2.281e-08,2.287122896,6643.0918177618
2,0,1.855e-08,5.1104670489,13553.8979729108
2,0,1.748e-08,3.00019460001,5032.7780962022
2,0,1.715e-08,3.81102983458,4039.8835749274
2,0,1.721e-08,3.21935371748,6456.8800576977
2,0,1.966e-08,3.45968546817,12310.1813236108
2,0,2.109e-08,0.54415878969,7203.8022714934
2,0,1.672e-08,0.98005371506,6947.8318951214
2,0,2.199e-08,5.30054419513,28.4491874678
2,0,1.702e-08,0.53249868858,2675.8563815698
2,0,1.669e-08,0.92596345981,1435.1476617594
2,0,1.651e-08,4.33968588892,6756.0064519669
2,0,1.66e-08,3.37483790709,9638.9407478762
2,0,1.892e-08,5.7985639935,799.8211251654
2,0,2.194e-08,3.25078967175,20.7753954924
2,0,2.096e-08,4.33264269742,13119.72110282519
2,0,1.589e-08,2.0018336515,2494.5295919486
2,0,1.728e-08,1.51696851378,1045.1548361876
2,0,1.82e-08,4.24734832675,33.6796175129
2,0,1.859e-08,6.04674502398,1905.4647649404
2,0,1.639e-08,4.23392283443,2679.3794999188
2,0,1.532e-08,5.5007524069,4005.3684718298
2,0,1.548e-08,6.24678563405,6578.132079181
2,0,1.844e-08,1.12596393242,4.4534181249
2,0,1.844e-08,4.01089057973,1039.0266107904
2,0,1.555e-08,4.98628025111,10028.9508271002
2,0,1.553e-08,2.32867697517,4193.8088084518
2,0,1.869e-08,5.29702557581,3113.1362939108
2,0,1.486e-08,2.31499101353,2641.3412784722
2,0,1.756e-08,1.78471143136,1155.361157407
2,0,1.547e-08,0.07021288134,13355.3361597984
2,0,1.463e-08,4.98430780024,3318.7615973734
2,0,1.463e-08,1.1394591184,3362.4632560262
2,0,1.867e-08,1.7565023611,13892.1406718938
2,0,1.484e-08,4.23315329914,2604.735913168
2,0,1.444e-08,3.5197899254,10018.2468514476
2,0,1.862e-08,6.02925087361,6670.5881880498
2,0,1.434e-08,4.87139095958,2075.0449480734
2,0,1.428e-08,4.47987818809,9468.267877257
2,0,1.516e-08,2.83788149379,4922.5717749828
2,0,1.429e-08,1.03218970015,12995.2253778368
2,0,1.596e-08,1.50060360357,440.8252848776
2,0,1.487e-08,4.35858219478,412.3710968744
2,0,1.637e-08,5.89268196003,9070.1188738488
2,0,1.434e-08,4.16617594484,3283.7140517642
2,0,1.552e-08,5.46766076359,9886.772200064
2,0,1.443e-08,5.12250897854,19800.9459562248
2,0,1.43e-08,3.95481187554,10025.4277087512
2,0,1.411e-08,5.78666438291,7895.9598727202
2,0,1.403e-08,1.95715148848,3397.5108016354
2,0,1.477e-08,5.05923233039,664.75604513
2,0,1.371e-08,6.16123966003,942.062061969
2,0,1.422e-08,1.7384933914,17395.2197347258
2,0,1.893e-08,3.78808072052,7255.5696517344
2,0,1.455e-08,3.95724694508,2693.601593385
2,0,1.7e-08,0.82628421144,3568.0885594888
2,0,1.599e-08,3.45368152649,3212.5935833624
2,0,1.492e-08,2.02335847018,6155.057006654
2,0,1.33e-08,4.10649504401,5625.3660415594
2,0,1.458e-08,4.17345665885,1015.6630178842
2,0,1.556e-08,5.03343705939,699.2711482276
2,0,1.329e-08,1.62600812826,3347.2960905739
2,0,1.329e-08,4.49775879038,3333.9287628257
2,0,1.502e-08,4.97796968434,3378.7454623376
2,0,1.522e-08,2.67171739921,3468.6312700372
2,0,1.395e-08,4.73053455402,589.0648270082
2,0,1.286e-08,0.30379131125,3152.68727893721
2,0,1.428e-08,4.17962469716,65.2203710117
2,0,1.682e-08,6.22849241635,4775.7600884592
2,0,1.563e-08,3.16953602104,6674.1786167016
2,0,1.454e-08,4.0500377952,8799.988713778
2,0,1.26e-08,1.69516681295,3742.284548457
2,0,1.361e-08,3.130545565,6034.2140200848
2,0,1.702e-08,0.42639470325,8646.0634802536
2,0,1.307e-08,4.86294984681,1190.9238918756
2,0,1.413e-08,0.07531190902,42.5864537627
2,0,1.582e-08,3.59667619676,3450.8187479192
2,0,1.272e-08,4.68635069953,6997.6167230562
2,0,1.293e-08,3.67069504345,10124.930054318
2,0,1.157e-08,2.59571504503,4885.9664096786
2,0,1.193e-08,5.74461193872,6685.1061887576
2,0,1.175e-08,1.89791109723,4076.4889402316
2,0,1.172e-08,1.91815417884,1485.9801210652
2,0,1.162e-08,2.67584368769,2324.9494088156
2,0,1.273e-08,5.05031878952,66.4874089144
2,0,1.127e-08,4.03094666313,17654.7805397496
2,0,1.325e-08,5.10332504416,59.3738619136
2,0,1.485e-08,6.11611294959,210.8514148832
2,0,1.205e-08,3.32707601504,6688.2710900976
2,0,1.183e-08,4.18544310209,11670.2840372968
2,0,1.415e-08,2.81550588094,9588.1255422226
2,0,1.473e-08,1.91659379347,215.7467759928
2,0,1.112e-08,4.50778167602,15.252471185
2,0,1.136e-08,0.27209358118,19402.7969528166
2,0,1.102e-08,2.41369298606,6364.832983743
2,0,1.104e-08,1.71931758367,6148.010769956
2,0,1.171e-08,3.63619587357,2771.7905526724
2,0,1.128e-08,3.40922804025,6621.850991486
2,0,1.312e-08,3.60055878901,3311.18291816379
2,0,1.312e-08,2.52320812963,3370.0419352358
2,0,1.148e-08,3.06473482787,1063.3140834523
2,0,1.101e-08,4.21878444844,3774.3241645766
2,0,1.229e-08,0.96680072191,3145.6410422392
2,0,1.266e-08,4.04475782677,6887.4104018368
2,0,1.197e-08,4.66589167515,2284.7536148596
2,0,1.097e-08,0.74070558229,13745.3462390224
2,0,1.222e-08,2.97118716033,3184.2117061974
2,0,1.052e-08,4.36133521546,1197.9701285736
2,0,1.365e-08,4.39428439358,225.8292684102
2,0,1.116e-08,4.29110122176,11610.9101753832
2,0,1.368e-08,3.5574035986,79.2350166922
2,0,1.218e-08,2.02574751453,10156.9023601348
2,0,1.068e-08,5.67373061677,12721.572099417
2,0,1.106e-08,2.77068073078,2597.6223661672
2,0,1.019e-08,5.67612773072,145.6310438715
2,0,1.093e-08,4.53871388488,5618.3198048614
2,0,1.421e-08,0.83890525684,152.5321425512
2,0,1.188e-08,1.28708061167,70.3281804424
2,0,1.029e-08,1.30291490467,422.6660376129
2,0,1.024e-08,0.06601478472,11766.2632645146
2,0,1.193e-08,1.05540356619,6677.3435180416
2,0,1.102e-08,3.69331514825,7321.1221397136
2,0,9.9e-09,4.38326935686,3181.6689089166
2,0,9.92e-09,6.20838604911,4140.4335518652
2,0,1.146e-08,3.15309955963,3497.0131472022
2,0,1.269e-08,3.62847699186,3188.7151456146
2,0,1.009e-08,4.15469691601,4142.976349146
2,0,1.311e-08,0.82653092367,3302.479391062
2,0,1.268e-08,3.68256833294,6740.5987153132
2,0,1.371e-08,0.13077559897,9945.5712088238
2,0,1.109e-08,1.53029152367,394.6258850592
2,0,9.77e-09,5.76688159627,3361.9480671668
2,0,9.77e-09,0.35688532238,3319.2767862328
2,0,1.185e-08,5.733965555,9602.3526362242
2,0,1.013e-08,5.48278778939,2277.7073781616
2,0,1.02e-08,2.11079504561,2538.2485042536
2,0,1.079e-08,0.6102191536,9389.0535407862
2,0,1.347e-08,2.06223654324,19513.9835951042
2,0,9.77e-09,0.76357046359,84.3428261229
2,0,9.86e-09,1.69206195363,20809.4676246452
2,0,1.106e-08,0.06094765066,3264.3463554242
2,0,9.68e-09,4.43227430163,931.3630868518
2,0,1.187e-08,4.34414977303,5835.1420186484
2,0,9.57e-09,4.82126145069,6645.1969867222
2,0,1.198e-08,5.16932600912,9065.5481241288
2,0,1.076e-08,5.29118995114,212.3358875915
2,0,1.071e-08,2.73962355675,214.2623032845
2,0,9.43e-09,5.33537557967,3344.152798701
2,0,9.43e-09,3.92998399256,3337.0720546986
2,0,9.29e-09,2.07677392189,4001.8453534808
2,0,1.243e-08,1.3034374492,184.7272873558
2,0,9.6e-09,2.48503648557,3909.4343007272
2,0,9.09e-09,2.06833342083,3326.3853326982
2,0,1.071e-08,4.54619279368,5195.2447323344
2,0,9.43e-09,5.96075562405,3337.106562003
2,0,9.43e-09,3.30460394818,3344.11829139661
2,0,9.02e-09,5.15672426526,169.580183133
2,0,8.88e-09,1.4311725215,16865.5287696312
2,0,9.19e-09,2.0470122491,2067.9314010726
2,0,8.84e-09,5.16952206002,36.6053653042
2,0,8.91e-09,2.41639607024,213.2509113282
2,0,8.9e-09,5.61419511254,213.3472795478
2,0,8.79e-09,4.09361898695,3354.8395207014
2,0,1.201e-08,6.09845178677,16062.1845261168
2,0,9.63e-09,2.78734439237,11614.4332937322
2,0,8.56e-09,0.80926398517,6705.1032911474
2,0,9.69e-09,5.16633148001,8958.9322315612
2,0,1.2e-08,3.92847129115,2970.9126107594
2,0,1.039e-08,0.35365785785,4936.7988689844
2,0,8.97e-09,3.73527891349,11780.4903585162
2,0,9.95e-09,0.26138866358,16335.8378045366
2,0,8.68e-09,2.65649534956,9947.0556815321
2,0,1.041e-08,4.2368554784,137.0330241624
2,0,8.9e-09,4.7571215039,6747.712262314
2,0,1.141e-08,0.97184844335,131.5419616864
2,0,8.34e-09,0.81428487363,6680.804777306
2,0,8.84e-09,1.87315288737,3232.9489027612
2,0,8.18e-09,5.38279925907,9380.9596727172
2,0,8.18e-09,4.78663456281,8013.2797409404
2,0,8.14e-09,3.39899123402,16703.0448798468
2,0,1.043e-08,2.49681718942,3492.509707785
2,0,8.14e-09,5.42976286552,16703.07938715119
2,0,8.12e-09,0.69907573293,288.0806940053
2,0,8.19e-09,5.28403120371,529.6427809848
2,0,8.19e-09,2.19867289777,529.7391492044
2,0,9e-09,4.50924525053,8965.9784682592
2,0,8.21e-09,6.16771533756,3358.4249488178
2,0,8.21e-09,6.23923688826,3322.7999045818
2,0,9.67e-09,1.9276420253,9654.612951137
2,0,7.92e-09,5.67450968586,7100.7094972748
2,0,7.79e-09,1.71729257907,3499.555944483
2,0,1.037e-08,2.70514798372,527.2432845398
2,0,8.41e-09,4.23759405799,3448.2759506384
2,0,1.029e-08,4.77626567802,532.1386456494
2,0,8.59e-09,0.82190799976,74.6697239827
2,0,7.88e-09,4.5798360583,14421.8316369884
2,0,8.58e-09,3.85737061744,74.8934731519
2,0,9.36e-09,3.01733724066,437.6438911399
2,0,1e-08,6.00174788672,1055.4497769261
2,0,8.36e-09,1.41619053095,170.6728706192
2,0,8.44e-09,3.21239075987,4356.275444584
2,0,9.89e-09,3.67005329922,20199.094959633
2,0,9e-09,1.00211769457,401.6721217572
2,0,7.76e-09,2.50668810243,203.7378678824
2,0,1.013e-08,4.38954237559,8859.3625756916
2,0,1.009e-08,5.94344429551,6657.3464156518
2,0,8.19e-09,4.90700253923,802.3639224462
2,0,1.03e-08,2.19496889171,3710.3122426402
2,0,7.34e-09,3.78800004602,112.9146342051
2,0,7.87e-09,3.72966883127,3308.640120883
2,0,7.87e-09,2.39409808737,3372.5847325166
2,0,7.25e-09,4.63532264917,3229.4257844122
2,0,8.25e-09,4.27026639346,3253.30422216
2,0,8.38e-09,3.66947874674,3116.2676309979
2,0,8.64e-09,1.98924766986,6717.252720077
2,0,7.29e-09,0.68449736491,22743.4093795164
2,0,7.2e-09,5.55705118503,20597.2439630412
2,0,7e-09,3.77746305049,3613.2853840514
2,0,8.89e-09,3.55978260808,7910.1869667218
2,0,6.97e-09,0.43842850413,628.8515860501
2,0,7.2e-09,3.7922741939,1062.9050485382
2,0,6.94e-09,1.48841585184,3451.7990689874
2,0,6.92e-09,2.36882551276,3067.9394693482
2,0,7.3e-09,1.00727748667,6016.4688082696
2,0,7.95e-09,1.85354458694,3427.9206312396
2,0,8.76e-09,5.35866130411,2391.43681773
2,0,7.23e-09,3.92475752469,3735.238311759
2,0,7.22e-09,2.23341954634,15906.7641266826
2,0,6.61e-09,3.51665460883,7270.2896804078
2,0,9.25e-09,1.39948133634,160.6088973985
2,0,6.51e-09,0.7854506365,6357.7194367422
2,0,7.9e-09,1.64323479127,10264.5658840734
2,0,6.49e-09,1.04328215728,860.3099287528
2,0,6.52e-09,1.55852371558,3212.6608936652
2,0,7.11e-09,1.63332630369,5642.1982426092
2,0,6.34e-09,1.60298193598,17101.2111369072
2,0,7.4e-09,5.72740272247,1073.6090241908
2,0,7.42e-09,1.23961445295,9.5612275556
2,0,6.52e-09,4.45799464174,485.9720527896
2,0,6.66e-09,1.27481108934,15664.03552270859
2,0,6.25e-09,2.36814325199,5938.234792867
2,0,6.39e-09,1.93449381766,5408.5438277724
2,0,8.75e-09,3.776475304,380.12776796
2,0,6.21e-09,1.4229275692,17468.8551979454
2,0,6.84e-09,2.60266690573,1437.1756141986
2,0,6.31e-09,3.77351547579,3329.5667264359
2,0,6.31e-09,2.35025144285,3351.6581269637
2,0,6.31e-09,4.86274156896,3343.1552239806
2,0,8.34e-09,5.98573063128,6681.6449294932
2,0,6.19e-09,4.56322346372,3468.5639597344
2,0,7.79e-09,4.63356167618,22324.9050567094
2,0,6.83e-09,4.49253838209,3336.6802734367
2,0,6.83e-09,1.63122853655,3344.5445799629
2,0,6.08e-09,5.34042465771,430.5303441391
2,0,6e-09,1.0784289625,3338.069629419
2,0,8.34e-09,2.1190181669,24150.080051345
2,0,7.35e-09,1.11347228352,2409.249339848
2,0,6.21e-09,5.1173741722,10448.4354709754
2,0,7.07e-09,5.58024367459,1699.2792165032
2,0,7.76e-09,1.37472992157,6019.9919266186
2,0,7.06e-09,2.94874370922,6717.8302187038
2,0,6.98e-09,2.06677132854,838.9692877504
2,0,6.38e-09,3.48875178863,3826.5844794894
2,0,5.86e-09,5.86003431075,3528.5375744624
2,0,5.86e-09,2.19200605264,22345.2603761082
2,0,5.97e-09,5.87197147428,2540.7913015344
2,0,5.89e-09,3.6595073093,7380.4960016272
2,0,7.04e-09,1.0429702098,3547.3131639964
2,0,6.63e-09,0.71782437194,2301.58581590939
2,0,6.02e-09,4.5511698104,6681.6547365263
2,0,6.72e-09,5.83404606009,6666.997759398
2,0,6.91e-09,5.87625321159,6679.7403806913
2,0,6.44e-09,0.37433972538,4289.7880356696
2,0,5.59e-09,2.62955480222,6314.0005244372
2,0,6.13e-09,2.81666478638,18451.07854656599
2,0,5.84e-09,0.31894691338,2171.0241752912
2,0,6.48e-09,1.07818407115,4133.3873151672
2,0,6.1e-09,5.23007688005,9911.63095888
2,0,5.98e-09,5.09026310864,423.4167971383
2,0,6.33e-09,1.58661078881,12.5301729722
2,0,6.47e-09,1.86412144751,528.7277572481
2,0,7.16e-09,1.72986045966,19004.6479494084
2,0,6.46e-09,5.61853780158,530.6541729411
2,0,6.02e-09,2.63805578157,2854.6403739102
2,0,6e-09,3.16504307436,6724.9437657046
2,0,5.84e-09,2.96924262775,8226.5788363784
2,0,5.88e-09,2.59221040836,1685.0521225016
2,0,7.42e-09,3.68753265144,2547.8375382324
2,0,5.89e-09,1.36560850845,20.3553193988
2,0,6.13e-09,2.32622469131,6549.6828917132
2,0,6.34e-09,2.56923863836,6510.5519827804
2,0,6.02e-09,2.24884569451,6680.7949702729
2,0,5.27e-09,3.82884166493,11140.5930722022
2,0,5.7e-09,2.11592750094,1574.8458012822
2,0,5.22e-09,2.2697791497,3341.7930693519
2,0,5.22e-09,3.85398776894,3339.4317840477
2,0,5.46e-09,3.96156394907,3193.8007401762
2,0,5.33e-09,0.7290183677,12323.4230960088
2,0,5.53e-09,2.12191066592,3487.4241132234
2,0,7.14e-09,6.24453003731,4503.0871311076
2,0,6.72e-09,1.51129840313,221.3758502853
2,0,5.84e-09,4.9946027291,3133.9116894032
2,0,6.49e-09,0.91092905161,1641.3332101966
2,0,5.11e-09,1.27411646883,16489.763038061
2,0,6.94e-09,4.54072508194,43.718912305
2,0,5.42e-09,2.95211033167,1596.1191319818
2,0,4.9e-09,1.40385202337,71.6002048296
2,0,5.09e-09,4.40726650224,6812.766815086
2,0,4.89e-09,1.49622890471,13575.7488022372
2,0,5.35e-09,3.39733194552,9072.6616711296
2,0,5.36e-09,4.94177551833,3198.4337996636
2,0,6.19e-09,3.39724967275,13207.029307365
2,0,4.73e-09,3.26277772078,77.962992305
2,0,4.74e-09,0.14710048229,4246.0691233646
2,0,5.27e-09,4.43881694959,3289.33208883739
2,0,5.27e-09,1.68494996905,3391.89276456221
2,0,4.91e-09,6.12686543849,3288.352111787
2,0,4.91e-09,6.28008678733,3392.8727416126
2,0,6.48e-09,6.03788509546,22.0914005278
2,0,6.24e-09,1.28974618222,330.6189636582
2,0,4.73e-09,1.6554987582,4296.9015826704
2,0,6.53e-09,1.15486761496,388.4651552382
2,0,5.33e-09,5.15285623089,3535.5838111604
2,0,4.83e-09,2.35115764175,3334.54651107
2,0,4.83e-09,3.77260927689,3346.6783423296
2,0,4.6e-09,2.87294253141,2281.2477501628
2,0,4.6e-09,0.84217089992,2281.2132428584
2,0,6.04e-09,5.04411661351,2373.6415492642
2,0,4.55e-09,2.71347773637,8962.4726035624
2,0,4.55e-09,0.68270610488,8962.438096258
2,0,5.06e-09,1.18178617794,3482.791053736
2,0,5.2e-09,4.81778266341,382.879278571
2,0,4.53e-09,2.02135344772,2957.7331481288
2,0,6.33e-09,5.05090698547,2963.238818784
2,0,5.32e-09,1.20297674206,728.762966531
2,0,5.02e-09,3.05307431011,5562.4690612968
2,0,4.75e-09,4.42459668952,23.8784377478
2,0,5.74e-09,4.09850700417,87.3117715395
2,0,6.04e-09,2.76951680562,3370.1042450032
2,0,6.04e-09,3.35425011302,3311.1206083964
2,0,4.48e-09,3.40867489514,13361.469385731
2,0,5e-09,0.96736492114,4819.4790007642
2,0,4.4e-09,3.12274959821,3564.9572224017
2,0,6.04e-09,0.41299096165,984.6003316219
2,0,5.41e-09,1.50869067477,72.3339180125
2,0,4.42e-09,0.45808507261,227.476132789
2,0,4.77e-09,4.42611192431,4379.6390374902
2,0,4.92e-09,3.86744898089,11250.7993934216
2,0,4.76e-09,3.15928705457,2295.4575905122
2,0,4.68e-09,3.75342375537,4186.695261451
2,0,4.3e-09,0.16981325181,4716.3862265456
2,0,5.05e-09,5.41670810903,3495.9655158312
2,0,4.68e-09,3.76982493207,212.7778305762
2,0,4.5e-09,0.92683652577,8116.372515159
2,0,5.61e-09,4.79003110975,4271.9755135516
2,0,4.66e-09,4.26202338577,213.8203602998
2,0,4.22e-09,1.90347011233,5753.3848848968
2,0,4.56e-09,1.82684055018,10006.5848089144
2,0,4.22e-09,4.38918966666,5223.6939198022
2,0,5.39e-09,0.5950972354,3185.2593375684
2,0,4.25e-09,6.16545314121,5888.4499649322
2,0,4.19e-09,1.18672277137,429.7795846137
2,0,4.36e-09,1.02599155499,23539.7073863328
2,0,4.23e-09,5.23795043183,340.7708920448
2,0,4.78e-09,4.03784097782,5095.6750764648
2,0,4.43e-09,5.24107173006,1854.6323056346
2,0,4.75e-09,4.30595945262,6850.8050365326
2,0,4.33e-09,3.62643265779,3305.0496922312
2,0,4.33e-09,2.49733426085,3376.1751611684
2,0,4.1e-09,5.02461670016,2480.302497947
2,0,5.58e-09,6.20652192769,4025.6564809258
2,0,4.23e-09,5.65906920843,10037.0897512844
2,0,4.81e-09,5.74335395262,6685.1570066627
2,0,4.02e-09,0.22199197504,6151.5511419572
2,0,4.02e-09,4.47440565072,6151.5166346528
2,0,4.25e-09,2.8922986632,21265.5231265202
2,0,4.3e-09,0.28354344501,2655.5683724738
2,0,5.31e-09,3.22678253563,6637.5059410946
2,0,4.77e-09,2.15054075988,6614.7374444852
2,0,3.95e-09,1.29871885769,18849.2275499742
2,0,5.55e-09,1.07136034497,3717.9860346156
2,0,4.25e-09,4.00058546704,7218.029365495
2,0,4.56e-09,3.63646339661,9374.8264467846
2,0,3.92e-09,4.13330005973,3723.4917052708
2,0,4.3e-09,4.01774033971,7696.8878712838
2,0,4.86e-09,3.27620484219,10050.2864675672
2,0,4.13e-09,4.62181012252,7483.5887758458
2,0,4.03e-09,3.03715170877,18606.4989460002
2,0,3.88e-09,4.53563064046,8564.306346502
2,0,3.94e-09,0.17224799893,4981.9456368964
2,0,4.87e-09,3.89276175312,1655.5603041982
2,0,4.04e-09,3.65562985264,6644.6194880954
2,0,3.82e-09,0.83080012585,3017.1070100424
2,0,4.14e-09,0.69798224448,7747.7203305896
2,0,3.95e-09,3.55436765622,1368.660252845
2,0,3.76e-09,1.97925827985,20735.83216142559
2,0,3.78e-09,1.0765085821,9801.4246376606
2,0,4.32e-09,1.20025313626,905.4566966648
2,0,4.48e-09,3.40168164363,2277.2983432475
2,0,5.11e-09,3.34354440535,77.2292791221
2,0,3.66e-09,3.33686353957,912.5702436656
2,0,4.37e-09,0.33111846337,2285.1626497737
2,0,4.91e-09,3.39044076994,3.1813937377
2,0,3.64e-09,0.19370376341,15806.146839442
2,0,5.09e-09,4.47318747635,1765.7666254176
2,0,4.24e-09,0.31309571718,5881.4037282342
2,0,4.75e-09,2.97743590747,1329.51209026
2,0,3.63e-09,2.53252878777,25685.872802808
2,0,3.79e-09,5.77822316957,7366.2689076256
2,0,3.55e-09,2.42667156551,5636.070017212
2,0,4.75e-09,3.89107293655,21795.21409161479
2,0,3.51e-09,4.13578832624,6851.8977240188
2,0,4.52e-09,0.50803184514,6106.8800550648
2,0,3.44e-09,5.37144778531,16894.5103996106
2,0,3.64e-09,0.71572042055,6682.7093261079
2,0,3.88e-09,2.20834855471,20618.0193585336
2,0,3.43e-09,6.13470925292,2435.155730035
2,0,4.52e-09,1.07313020826,4307.5833041354
2,0,3.39e-09,4.53065010744,1883.0814931024
2,0,3.61e-09,5.00906964184,27682.1407441564
2,0,3.51e-09,2.80463066915,5452.2627400774
2,0,4.13e-09,0.42041417925,145.1097790097
2,0,3.35e-09,0.80197784093,15636.566656309
2,0,3.36e-09,5.60932577353,127.4717966068
2,0,4.34e-09,0.32563509977,7214.4389368432
2,0,3.95e-09,4.16776570158,9993.3880926316
2,0,3.52e-09,2.61512238463,1250.8301963008
2,0,4.09e-09,0.70233676711,350.3321196004
2,0,3.94e-09,3.54014449716,9797.4924843975
2,0,3.27e-09,4.04880436765,3353.85419909779
2,0,3.27e-09,2.07496255099,3327.3706543018
2,0,3.51e-09,0.12561529818,13212.8865096646
2,0,4.15e-09,3.58472859131,21947.1113727
2,0,4.47e-09,4.74470130101,13363.4300278674
2,0,3.36e-09,2.93237714822,0.9803210682
2,0,3.89e-09,1.05447612688,30065.5118402982
2,0,3.61e-09,1.50116564732,5749.8617665478
2,0,4.44e-09,0.28150228175,8982.810669309
2,0,3.95e-09,1.7535868115,3337.1566186536
2,0,3.27e-09,4.40197406437,146.8116865236
2,0,3.83e-09,4.56297720194,909.8187330546
2,0,3.2e-09,4.04485044014,25287.7237993998
2,0,3.39e-09,4.51129199209,14556.8967170238
2,0,3.89e-09,4.52937583175,18052.9295431578
2,0,4.08e-09,6.10449821431,11883.5831327348
2,0,3.84e-09,4.30166402202,7733.493236588
2,0,3.35e-09,2.75369658972,3060.8259223474
2,0,3.44e-09,0.16236119441,568.8218740274
2,0,3.14e-09,2.59903777963,15265.8865193004
2,0,3.55e-09,6.17242188932,7322.1024607818
2,0,3.16e-09,5.59149424389,3440.1820825694
2,0,3.16e-09,0.53227267475,3241.0427708302
2,0,3.54e-09,0.6423515439,4606.1799053262
2,0,3.75e-09,0.23620758788,108.4612160802
2,0,3.1e-09,5.64297192066,6453.7487206106
2,0,3.17e-09,2.40423598623,2973.3880977374
2,0,3e-09,2.21725287793,1987.221898692
2,0,3.13e-09,2.04966851954,234.6397364404
2,0,2.99e-09,4.05930436366,10284.9212034722
2,0,3.42e-09,1.05396519831,14128.2427712456
2,0,3.79e-09,2.27965866856,1461.0540519464
2,0,3.82e-09,0.24418522119,186.2117600641
2,0,2.94e-09,1.92173439518,20040.15144184979
2,0,3.6e-09,3.42990211925,16063.164847185
2,0,3.13e-09,1.30391208259,6286.5989683404
2,0,3.07e-09,6.22295802105,9755.2302383776
2,0,3.06e-09,4.47697327581,8756.269801473
2,0,3.61e-09,1.45253410618,685.044054226
2,0,3.92e-09,1.48127453453,19645.5255567906
2,0,3.28e-09,2.03910800196,3397.4156888696
2,0,3.28e-09,4.08465891668,3283.80916453
2,0,3.16e-09,2.32828995492,5621.8601768626
2,0,3.97e-09,5.55627760256,23141.5583829246
2,0,2.94e-09,1.441295586,5483.254724826
2,0,2.91e-09,0.90595258507,11986.6759069534
2,0,3.07e-09,2.00013192821,8749.1562544722
2,0,3.14e-09,2.64774700056,9983.7042444616
2,0,3.4e-09,3.83856139387,12509.2533250472
2,0,3.39e-09,0.25931753019,3856.0762977928
2,0,3.39e-09,5.86444938845,2825.1485556068
2,0,2.83e-09,3.01099503487,5244.049239201
2,0,3.83e-09,3.2864023088,2921.6880277992
2,0,2.82e-09,3.52940833364,5106.3790521174
2,0,3.02e-09,4.91996410033,12825.6451947038
2,0,2.87e-09,2.38824152806,194.9713844606
2,0,3.1e-09,0.61972171326,2060.8178540718
2,0,3.82e-09,1.17991122952,3267.3153008408
2,0,3.82e-09,4.94385568912,3413.9095525588
2,0,3.04e-09,3.37219185052,3620.3989310522
2,0,2.85e-09,4.10904023674,279.7865043524
2,0,3.16e-09,0.29751832342,5621.8256695582
2,0,2.83e-09,1.21247425709,12839.8722887054
2,0,2.96e-09,3.06136390749,187.9251477626
2,0,2.83e-09,4.53197273536,9859.3706439672
2,0,2.81e-09,3.88336320291,596.178374009
2,0,3.08e-09,1.11858229845,362.8622925726
2,0,2.88e-09,0.91165100893,1471.7530270636
2,0,2.8e-09,0.42006444847,16511.6138673874
2,0,2.98e-09,0.08485122631,11236.57229942
2,0,3.11e-09,2.87485251647,297.6419215609
2,0,2.89e-09,0.35271915498,529.1697002328
2,0,2.89e-09,0.84527308658,530.2122299564
2,0,2.85e-09,0.56726195027,206.7007372966
2,0,3.66e-09,1.3541242166,604.4725636619
2,0,2.82e-09,0.0683283499,62.2514255951
2,0,3e-09,3.90419594378,5820.9149246468
2,0,3.21e-09,0.39004570182,2267.003402509
2,0,2.61e-09,1.23435301369,20206.141196331
2,0,3.16e-09,1.01160877914,5490.300961524
2,0,2.63e-09,4.77643040513,52.6901980395
2,0,2.61e-09,6.22536803454,1279.794572628
2,0,2.57e-09,2.63966270921,1258.4539316256
2,0,2.71e-09,3.8470823227,3336.0416769798
2,0,2.71e-09,2.27668459594,3345.1831764198
2,0,2.59e-09,2.83680935134,2744.4340526908
2,0,2.68e-09,5.19560766387,2149.6885348242
2,0,2.51e-09,2.15515665308,3337.5093844444
2,0,2.51e-09,3.96861026556,3343.7154689552
2,0,2.51e-09,3.37137074296,9758.7533567266
2,0,2.51e-09,1.54323704062,1903.4368125012
2,0,2.91e-09,4.03266591834,367.2243289624
2,0,2.5e-09,0.13361485614,2142.6422981262
2,0,2.67e-09,0.96036007447,6830.7880505342
2,0,3.06e-09,1.35986909253,12012.5822971404
2,0,2.55e-09,3.17215031285,12928.7379689224
2,0,2.9e-09,1.30201044096,20047.1976785478
2,0,2.68e-09,1.47703232305,16702.9948231962
2,0,3.24e-09,5.37496427957,200.7689224658
2,0,2.5e-09,0.9528086814,9698.331863442
2,0,2.46e-09,3.89830112418,15650.7937503106
2,0,2.47e-09,5.7395080802,10016.314355792
2,0,2.57e-09,3.566579398,5430.3946570988
2,0,2.55e-09,4.87354006866,21548.9623692918
2,0,2.69e-09,1.11468463011,36.0278666774
2,0,2.75e-09,6.25194576299,565.1156877467
2,0,2.69e-09,4.90534085198,140.001969579
2,0,2.55e-09,2.82393072524,26482.1708096244
2,0,3.21e-09,5.03461670419,703.6331846174
2,0,2.55e-09,1.56711743342,1727.6610936682
2,0,2.76e-09,4.96569192497,6670.1791531357
2,0,3.2e-09,5.04391570277,11904.9187732018
2,0,2.49e-09,4.80534758404,210.3783341312
2,0,2.48e-09,3.22187918056,216.2198567448
2,0,2.43e-09,5.15609899738,1062.5633239269
2,0,3.36e-09,6.10975677385,454.9093665273
2,0,2.4e-09,1.67381717935,37.611770776
2,0,2.8e-09,5.37126197378,5401.4302807716
2,0,2.37e-09,2.15132956903,212.5483359126
2,0,2.55e-09,3.33122871209,153.4953503977
2,0,2.58e-09,2.6884630015,9488.6231966558
2,0,2.69e-09,1.83867958993,3866.7802734454
2,0,2.65e-09,2.90618128587,3053.6500655792
2,0,2.4e-09,1.73397693635,10027.3602044068
2,0,3.21e-09,2.82885605337,3759.5368256004
2,0,3.19e-09,3.59122436698,9815.6517316622
2,0,2.36e-09,5.87788994285,214.0498549634
2,0,2.51e-09,5.02021336588,2790.5661422064
2,0,3.22e-09,4.83706419059,17085.9586657222
2,0,3.26e-09,4.20517834971,3707.8367556622
2,0,2.36e-09,2.66792286959,38.6543004996
2,0,2.52e-09,3.0398888356,209.106309744
2,0,3.11e-09,5.99598016839,3391.4448860056
2,0,3.11e-09,0.12778675025,3289.779967394
2,0,2.72e-09,4.72506446876,10706.8813343254
2,0,2.3e-09,1.6259097452,10654.6210194126
2,0,2.92e-09,5.65389851248,3050.1269472302
2,0,2.35e-09,2.10330649321,5945.3483398678
2,0,3.01e-09,2.35277176785,9495.6694333538
2,0,2.48e-09,4.9851301617,217.491881132
2,0,2.27e-09,5.71659702017,1868.8593996362
2,0,2.33e-09,3.39950183393,4996.172730898
2,0,2.25e-09,2.61344044624,2938.9403049426
2,0,2.25e-09,1.81041528541,223.5940361765
2,0,2.25e-09,4.67024091816,24341.5283174566
2,0,3.12e-09,4.2232801454,4403.517475238
2,0,2.24e-09,4.82206915571,5.5229243074
2,0,2.24e-09,3.9482441124,38.084851528
2,0,2.23e-09,0.39234241482,38.1812197476
2,0,2.22e-09,1.20460555062,1835.3246176068
2,0,2.89e-09,0.65812694051,6901.6374958384
2,0,2.44e-09,2.21530907924,5349.1699658588
2,0,2.68e-09,1.0685359362,16703.1294438018
2,0,2.43e-09,1.91517218823,1442.2612087602
2,0,2.2e-09,2.74511541811,6511.6446702666
2,0,2.34e-09,0.06116213374,17499.3601403154
2,0,2.24e-09,6.22254343881,3542.8658218739
2,0,2.24e-09,6.18440878701,3138.3590315257
2,0,2.18e-09,5.88781974409,6283.0931036436
2,0,2.18e-09,3.8570481126,6283.0585963392
2,0,2.56e-09,6.05446717792,151.8972810852
2,0,2.2e-09,3.19711314225,3987.6232600146
2,0,2.19e-09,1.5646093298,8584.6616659008
2,0,2.15e-09,5.15532893112,13383.2251022916
2,0,2.44e-09,2.64604748092,173.9422195228
2,0,2.15e-09,5.16313544064,5511.636601991
2,0,2.19e-09,5.27028412241,1802.3719907218
2,0,2.15e-09,2.86756714739,5617.9107699473
2,0,2.44e-09,5.85362027072,2814.4445799542
2,0,2.11e-09,0.74742043486,19676.4502312364
2,0,2.27e-09,2.5960689698,9278.8472195668
2,0,2.11e-09,5.04144285274,12199.9750023914
2,0,2.12e-09,0.14538044968,2392.4171387982
2,0,2.34e-09,5.26336192114,74.2603337055
2,0,2.33e-09,5.70130722395,75.3028634291
2,0,2.37e-09,3.21759075914,3627.57478782039
2,0,2.87e-09,1.05955224588,12465.5344127422
2,0,2.2e-09,0.54828486823,6530.1771835567
2,0,2.63e-09,5.32330172342,4531.5363185754
2,0,2.49e-09,2.58328462618,3084.6420503278
2,0,2.52e-09,3.03997100024,3382.1632176846
2,0,2.52e-09,3.0837959184,3299.061635715
2,0,2.67e-09,5.74809850023,5415.6573747732
2,0,2.39e-09,1.63889533266,3344.068234746
2,0,2.62e-09,0.46948508418,3631.0979061694
2,0,2.06e-09,1.80117058552,7082.8969751568
2,0,2.1e-09,5.81059147043,6678.4733427886
2,0,2.55e-09,1.55350830983,1994.26813539
2,0,2.1e-09,6.25153793027,1484.9324896942
2,0,2.74e-09,4.79336564976,12306.590894959
2,0,2.04e-09,0.76733899172,6382.0984591304
2,0,2.23e-09,3.13516948674,3336.25039031
2,0,2.23e-09,2.9885974319,3344.9744630896
2,0,2.55e-09,5.289084529,2942.4806769438
2,0,2.24e-09,1.52427347828,6533.1461289733
2,0,2.47e-09,5.27605423414,252.6559713532
2,0,2.33e-09,5.90676932856,19146.7592661418
2,0,2.03e-09,5.54978754111,18.1592472647
2,0,2.01e-09,5.35533176059,9360.6043533184
2,0,2.82e-09,6.12964546434,563.6312150384
2,0,2.11e-09,1.15148869397,3890.65871119319
2,0,2.27e-09,6.03580433993,5625.7750764735
2,0,2e-09,6.2628908265,7586.6815500644
2,0,1.99e-09,3.26137019616,3029.7716278314
2,0,2.43e-09,4.23643794604,9329.6796788726
2,0,1.99e-09,3.94721644624,2089.782230399
2,0,2.5e-09,5.43333163998,24889.5747959916
2,0,2.24e-09,0.66388865647,88.865680217
2,0,1.97e-09,1.1540923221,3436.5916539176
2,0,1.97e-09,4.96967459654,3244.633199482
2,0,2.23e-09,0.34944239276,3.5904286518
2,0,1.97e-09,0.20677207241,15106.8756912144
2,0,2.26e-09,3.40580699459,2428.0421830342
2,0,2.31e-09,2.63984097637,6653.8232973028
2,0,2.05e-09,4.98750840184,417.0369633204
2,0,1.98e-09,3.9213115295,3094.36070437679
2,0,2.23e-09,3.01290266414,13341.6743113068
2,0,2.11e-09,3.56508711838,37.1698277913
2,0,1.98e-09,4.43881610804,18208.349942592
2,0,1.91e-09,5.50522939133,3752.9835235742
2,0,1.91e-09,0.61853752731,2928.2413298254
2,0,1.92e-09,3.48407799837,15121.102785216
2,0,1.92e-09,2.70968461449,66.70484372
2,0,2.21e-09,0.94687593506,3649.8907493556
2,0,2.12e-09,4.83879513966,4538.5825552734
2,0,1.92e-09,2.0079917095,3315.7536678838
2,0,1.92e-09,4.11577520914,3365.4711855158
2,0,2.26e-09,3.54050854737,3596.5828030718
2,0,2.04e-09,2.47411750627,207.6700211455
2,0,2.55e-09,3.25831289751,2942.4461696394
2,0,1.91e-09,0.88273497404,10544.4146981932
2,0,2.28e-09,3.58367417249,207.8824694666
2,0,2.03e-09,0.77682463263,39.0962434843
2,0,2.05e-09,0.67759896423,1059.364676537
2,0,1.88e-09,0.18939361921,3363.3809233092
2,0,1.88e-09,5.93437329943,3317.8439300904
2,0,2.31e-09,2.52066042702,9093.9973115966
2,0,2.28e-09,2.13919737338,369.6998159404
2,0,1.82e-09,1.3312797427,5960.0856221934
2,0,2.2e-09,4.46432405157,218.7157214094
2,0,1.83e-09,1.25274653764,4878.8528626778
2,0,1.82e-09,1.65755265452,1382.8873468466
2,0,1.93e-09,2.43223658328,7417.1013669314
2,0,1.88e-09,0.40235506847,2735.762685995
2,0,1.86e-09,2.59788381829,508.3503240922
2,0,1.89e-09,5.13510234469,11353.8921676402
2,0,1.8e-09,5.03093948829,1755.062649765
2,0,2.22e-09,6.00721433544,3070.4149563262
2,0,2.33e-09,3.17507790219,5351.7127631396
2,0,1.95e-09,5.53819155539,218.9281697305
2,0,1.77e-09,2.86226760448,3651.4532255682
2,0,2.32e-09,3.46445207879,3163.918696566
2,0,2.32e-09,2.65931483985,3517.3061568336
2,0,1.76e-09,3.48010790145,6342.9821544166
2,0,1.8e-09,5.30008115245,3332.5185586308
2,0,1.8e-09,0.82368576619,3348.7062947688
2,0,1.79e-09,2.20235361692,3586.8641490228
2,0,1.85e-09,5.05060067762,4061.751657906
2,0,2.05e-09,2.70837059572,1059.3991838414
2,0,1.87e-09,1.04746838799,2619.4731954936
2,0,1.76e-09,3.90353461991,13465.5424810178
2,0,2.08e-09,2.66589443408,4253.1826703654
2,0,1.74e-09,4.55814413103,10096.6188786667
2,0,1.88e-09,3.92958586943,2574.8193622534
2,0,1.75e-09,5.69635587487,12299.544658261
2,0,2.4e-09,2.78491358774,5085.1057214178
2,0,2.08e-09,1.23374873483,10721.108428327
2,0,2.42e-09,2.13161585563,11925.2740926006
2,0,1.73e-09,5.89789471349,28230.18722269139
2,0,1.77e-09,5.31666142975,2572.7636073512
2,0,1.78e-09,4.08297672654,211.8146227297
2,0,2.25e-09,1.90849387608,23958.6317852334
2,0,2.24e-09,2.49436555659,1056.2005364515
2,0,2.31e-09,5.4046848565,31022.7531708562
2,0,2.1e-09,0.98942403448,6683.9763640106
2,0,1.75e-09,4.13281638704,6708.6264094964
2,0,1.74e-09,4.83665165671,3155.7625187296
2,0,1.69e-09,3.90681440181,4694.0029547076
2,0,1.69e-09,3.5473361492,6684.73071809641
2,0,1.95e-09,0.90841744066,28.5718080822
2,0,1.69e-09,5.5781077807,6684.7652254008
2,0,1.91e-09,3.61332015676,11567.1912630782
2,0,2.07e-09,2.89825036062,10001.48196070061
2,0,1.9e-09,4.35107066119,142.4496501338
2,0,1.85e-09,3.07114551783,3936.7908007088
2,0,1.89e-09,5.77291316706,2783.5199055084
2,0,1.97e-09,5.75026594358,8166.1573430938
2,0,2.03e-09,3.1667662317,4466.4817658034
2,0,1.71e-09,1.38853028989,526.7702037878
2,0,1.67e-09,5.13944886262,158.9435177832
2,0,1.65e-09,1.89458907755,6566.8257464862
2,0,2.19e-09,4.30567311434,3070.482266629
2,0,1.77e-09,3.00242387112,2978.491289969
2,0,1.79e-09,2.14367659492,17232.7530985936
2,0,1.86e-09,5.42678326989,554.0699874828
2,0,1.69e-09,0.26354444683,11456.9849418588
2,0,1.69e-09,6.09402587013,532.6117264014
2,0,2.17e-09,2.01707572818,124.433415221
2,0,1.84e-09,6.1155365962,12942.965062924
2,0,2.14e-09,5.24745003905,604.8497407048
2,0,1.68e-09,1.24832202487,1111.642245102
2,0,1.62e-09,0.40163918127,16695.94858649819
2,0,1.75e-09,5.92248308601,525.4981794006
2,0,1.67e-09,0.42456512338,24491.4257925834
2,0,2e-09,0.11649489032,3610.8098970734
2,0,1.88e-09,0.87790891193,2385.3709021002
2,0,1.85e-09,0.38071563992,4452.2546718018
2,0,1.7e-09,4.45477263786,28628.3362260996
2,0,1.68e-09,0.43144821098,6165.7609823066
2,0,2.01e-09,3.99164016173,3738.7441764558
2,0,1.88e-09,1.10311001587,1744.493294718
2,0,1.59e-09,3.67101894096,14481.205498902
2,0,1.62e-09,5.14005106474,272.6729573516
2,0,1.56e-09,5.01784452685,8436.2875031646
2,0,1.58e-09,5.04734034343,528.9402055692
2,0,1.7e-09,5.97804289682,4825.544916394
2,0,1.63e-09,0.14934835314,3345.8116178656
2,0,1.63e-09,5.9744185655,3335.413235534
2,0,1.57e-09,2.43465536306,530.44172462
2,0,1.88e-09,1.87050370857,569.0478410098
2,0,1.65e-09,0.42827361678,10.6366653498
2,0,1.94e-09,2.5516685558,183.2428146475
2,0,1.66e-09,4.24037747344,1898.3512179396
2,0,1.74e-09,0.55658276896,10787.6303445458
2,0,1.75e-09,5.91625467468,2757.6135153214
2,0,1.53e-09,0.22099888781,7447.017917846
2,0,1.84e-09,3.91518117795,5220.1708014532
2,0,2.14e-09,2.37690992241,1385.8952763362
2,0,1.71e-09,0.07657131354,10011.2006147496
2,0,1.63e-09,0.47065867853,13286.1836355236
2,0,1.52e-09,2.34971090866,2011.1003364398
2,0,1.54e-09,3.98395343557,8771.0070837986
2,0,1.51e-09,4.45990869608,15010.8964639966
2,0,1.78e-09,6.20228633181,5.9378908332
2,0,1.53e-09,5.74866858603,9153.9036160218
2,0,1.71e-09,4.58339007555,21393.5419698576
2,0,1.69e-09,4.62232700739,7064.1041319706
2,0,1.66e-09,5.48604111479,6719.3578890374
2,0,2.07e-09,0.24572465192,73.8183907208
2,0,1.85e-09,3.34815986923,265.9892934775
2,0,1.51e-09,4.3310606862,10228.0228285366
2,0,1.51e-09,1.2587671405,3525.46233467
2,0,1.75e-09,5.99371438486,217.964961884
2,0,1.49e-09,0.32471999674,3664.1178433572
2,0,1.96e-09,1.82164041147,3610.7425867706
2,0,1.66e-09,0.46106393944,5466.489834079
2,0,1.67e-09,1.32101864186,10288.4443218212
2,0,1.67e-09,5.49820703705,5813.291189322
2,0,1.48e-09,2.8310165378,519.3960243561
2,0,1.47e-09,0.61292233753,1898.3339642874
2,0,1.66e-09,1.16464294435,6908.7009861886
2,0,1.72e-09,3.82515637777,19617.07636932279
2,0,1.46e-09,2.06659470489,82.8583534146
2,0,1.82e-09,4.81327110244,8535.8571590342
2,0,1.54e-09,2.09016136698,1346.3442913098
2,0,1.45e-09,5.82715197678,14577.1847261198
2,0,2.01e-09,6.02241179322,3738.7786837602
2,0,1.46e-09,5.33364778234,13369.5632538
2,0,1.7e-09,4.17129374991,6677.6844813984
2,0,1.47e-09,0.30529245684,9918.7445058808
2,0,1.92e-09,4.39395898967,425.1137181677
2,0,1.59e-09,1.3811751479,3346.4696289994
2,0,1.59e-09,4.74259177074,3334.7552244002
2,0,1.44e-09,1.48919516907,8322.5580635962
2,0,1.49e-09,1.961573921,414.0680179038
2,0,1.43e-09,5.81404981785,13227.3846267638
2,0,1.89e-09,4.57066567683,10042.1925994982
2,0,1.65e-09,3.65136085639,231.4583427027
2,0,1.53e-09,3.12132749782,3702.7335634306
2,0,2.01e-09,4.11002299299,453.424893819
2,0,2e-09,4.96476307548,1439.5096981492
2,0,1.7e-09,6.22747964368,5607.6158292088
2,0,1.68e-09,1.11741682536,10032.4739454492
2,0,1.51e-09,0.91764249974,1859.2030553546
2,0,1.63e-09,6.13290323794,2964.8466951296
2,0,1.49e-09,5.6434045189,12406.1605508286
2,0,1.68e-09,5.38234820743,27490.6924780448
2,0,1.79e-09,5.09214529715,2714.9422343874
2,0,1.79e-09,1.03162162149,3966.2826190122
2,0,1.55e-09,4.37389063339,4686.95671800959
2,0,1.4e-09,3.29233960935,18461.71521191579
2,0,1.83e-09,5.08915245987,6791.431174619
2,0,1.5e-09,3.63195159063,2922.1081038928
2,0,1.4e-09,4.10887314023,408.4389436113
2,0,1.46e-09,0.34180400613,2714.9872905026
2,0,1.65e-09,5.85179950459,7345.9808985296
2,0,1.91e-09,0.62441184949,3202.0242283154
2,0,1.91e-09,5.49935506915,3479.2006250842
2,0,1.91e-09,4.47590456732,75.7448064138
2,0,1.6e-09,3.89847950064,3287.304480416
2,0,1.6e-09,2.225287418,3393.9203729836
2,0,1.43e-09,4.66819102175,5298.337506553
2,0,1.93e-09,4.93382263995,3031.334104044
2,0,1.37e-09,1.10831878106,1538.240435978
2,0,1.89e-09,0.82918253553,27832.0382192832
2,0,1.61e-09,0.41487404103,3897.7049478912
2,0,1.36e-09,4.94904122324,4665.5537672398
2,0,1.49e-09,1.58541955295,533.8837507886
2,0,1.46e-09,4.58946121962,29424.634232916
2,0,1.44e-09,5.67407580544,3945.4621674046
2,0,1.55e-09,4.11300986064,25135.8265183146
2,0,1.7e-09,6.2020653814,6677.71898870279
2,0,1.41e-09,2.26693908625,6279.5527316424
2,0,1.36e-09,5.68923166061,4288.8077146014
2,0,1.67e-09,3.71126958427,8336.7851575978
2,0,1.51e-09,4.63496418774,8962.522660213
2,0,1.58e-09,2.03821572977,208.633228992
2,0,1.51e-09,4.79490046168,2281.2978068134
2,0,1.59e-09,3.23471035128,8958.5231966471
2,0,1.51e-09,5.20339684853,2281.1631862078
2,0,1.37e-09,1.47758341153,6703.075682726
2,0,1.51e-09,5.04346057458,8962.3880396074
2,0,1.33e-09,5.72069663156,4295.8539512994
2,0,1.59e-09,0.16407854844,8966.3875031733
2,0,1.53e-09,3.42669369028,47.6942631934
2,0,1.37e-09,0.73335617283,12729.665967486
2,0,1.32e-09,4.69707830142,12171.5258149236
2,0,1.36e-09,4.0221396175,8695.8483081884
2,0,1.31e-09,6.22770537067,203.0041546995
2,0,1.83e-09,0.59231255504,1021.2488945514
2,0,1.39e-09,4.27354999851,373.9079928365
2,0,1.32e-09,4.38025942738,10824.2012025456
2,0,1.3e-09,2.78423915943,529.6737114424
2,0,1.32e-09,5.86985041939,2472.6787626222
2,0,1.33e-09,4.50452650479,6624.326478464
2,0,1.48e-09,2.40612364993,7050.92466934
2,0,1.3e-09,3.08795138602,7593.7950970652
2,0,1.6e-09,3.35966837618,10081.211142013
2,0,1.39e-09,4.04425486837,214.7835681463
2,0,1.3e-09,4.81501079092,529.7082187468
2,0,1.43e-09,3.29046013826,10014.7910434014
2,0,1.58e-09,3.17182640229,6092.1600263914
2,0,1.33e-09,6.23099356596,21150.8133658836
2,0,1.48e-09,2.44769901406,1505.28780909299
2,0,1.37e-09,1.98411709382,34554.8138636676
2,0,1.34e-09,4.61132825315,2954.1927761276
2,0,1.29e-09,3.37544159152,11527.1250891924
2,0,1.45e-09,3.33531716268,8373.390522902
2,0,1.72e-09,1.36733410756,1086.783486286
2,0,1.41e-09,1.22591570561,3041.4860324306
2,0,1.37e-09,4.29535110956,6137.3067943034
2,0,1.66e-09,3.85823242782,107.6635239386
2,0,1.27e-09,3.67470240475,10294.510237451
2,0,1.37e-09,3.8901960173,14580.7751547716
2,0,1.3e-09,0.80714408434,4108.4612460484
2,0,1.41e-09,2.61333516815,5088.2198048527
2,0,1.65e-09,3.99987517019,8006.1661939396
2,0,1.24e-09,4.81729498841,10177.1903692308
2,0,1.66e-09,1.38695682715,305.3461693927
2,0,1.26e-09,0.28235988406,18447.48811791419
2,0,1.41e-09,6.2764956991,3716.37815827
2,0,1.24e-09,1.96413242139,6687.9085172737
2,0,1.21e-09,4.72300940105,3090.7079659576
2,0,1.21e-09,1.40075751759,3590.516887442
2,0,1.3e-09,0.69748880175,654.1243803156
2,0,1.41e-09,5.98008002738,5096.0841113789
2,0,1.22e-09,5.79431680023,2257.3520587628
2,0,1.23e-09,2.86133242277,6710.6543619356
2,0,1.44e-09,6.2638142156,4.192785694
2,0,1.66e-09,3.56556372747,6553.2060100622
2,0,1.39e-09,5.93780077355,251.4321310758
2,0,1.23e-09,2.97984792859,14591.4118201214
2,0,1.28e-09,5.37813947668,3600.1732317236
2,0,1.28e-09,0.74562744196,3081.051621676
2,0,1.21e-09,3.73123340759,479.2883889155
2,0,1.22e-09,4.8541934552,1236.075660323
2,0,1.38e-09,4.02406657968,7167.1969061892
2,0,1.19e-09,5.90821338773,114.1384744825
2,0,1.27e-09,2.49182650403,3759.1167495068
2,0,1.43e-09,5.8118874143,2228.9701815978
2,0,1.52e-09,3.52185876402,3340.6469340042
2,0,1.52e-09,5.74350080821,3340.5779193954
2,0,1.4e-09,6.07921710613,2233.473621015
2,0,1.18e-09,2.67439157216,7534.4212351516
2,0,1.37e-09,3.22022096656,14587.8213914696
2,0,1.24e-09,2.27970099563,9124.9219860424
2,0,1.61e-09,3.75731973309,4576.6880870228
2,0,1.16e-09,5.02262371793,10338.229149756
2,0,1.26e-09,4.15150267519,4083.6024872324
2,0,1.33e-09,0.20063412038,3923.6113380782
2,0,1.39e-09,1.28995256706,4782.87363546
2,0,1.22e-09,6.02851032493,6836.577942531
2,0,1.21e-09,2.88286714942,4179.5817144502
2,0,1.62e-09,5.96659239053,8852.2490286908
2,0,1.53e-09,3.5072433555,49225.5801891408
2,0,1.37e-09,1.59056057693,8219.4652893776
2,0,1.15e-09,4.65379442884,539.9859058331
2,0,1.34e-09,5.30662276999,6659.3740240732
2,0,1.33e-09,0.75283219591,6147.6017350419
2,0,1.13e-09,5.67984864041,4782.8908891122
2,0,1.12e-09,1.64583106043,4106.4054911462
2,0,1.16e-09,1.51226089331,3727.032077272
2,0,1.15e-09,2.23873164969,27433.88921587499
2,0,1.11e-09,3.49092955755,6837.625573902
2,0,1.22e-09,4.66180533919,4953.5637597314
2,0,1.1e-09,4.24429487321,2980.5016447382
2,0,1.14e-09,3.22069040111,213.4109700226
2,0,1.14e-09,4.81084790265,213.1872208534
2,0,1.29e-09,6.17361043988,302.164775655
2,0,1.4e-09,2.67829796301,2214.7430875962
2,0,1.3e-09,5.53821276618,14267.906403464
2,0,1.16e-09,3.61048176759,1593.0050485469
2,0,1.14e-09,5.78198829675,3966.237562897
2,0,1.29e-09,3.09576574234,3101.4069410748
2,0,1.29e-09,3.0280011763,3579.8179123248
2,0,1.33e-09,2.29548900012,6738.1232283352
2,0,1.09e-09,3.91214172233,6953.8978107512
2,0,1.14e-09,4.23798377032,13517.8027959306
2,0,1.46e-09,4.3973907944,3398.4911227036
2,0,1.46e-09,1.72637612424,3282.733730696
2,0,1.42e-09,2.28691321864,1879.5583747534
2,0,1.16e-09,5.36019004356,524.0618908021
2,0,1.15e-09,3.13902228769,2501.6431389494
2,0,1.3e-09,3.94430245099,6155.4660415681
2,0,1.23e-09,4.36600516245,2185.2512692928
2,0,1.12e-09,1.26819666087,27.4015560968
2,0,1.16e-09,2.98356645564,8976.6824439118
2,0,1.05e-09,3.84139235085,17821.81792560179
2,0,1.15e-09,2.12419003336,535.3200393871
2,0,1.44e-09,4.28618515178,8446.9914788172
2,0,1.03e-09,5.03658750394,1059.3146198864
2,0,1.26e-09,5.34406107671,540.7366653585
2,0,1.07e-09,2.17771924213,7075.8507384588
2,0,1.05e-09,3.92288350713,6961.011357752
2,0,1.29e-09,2.19437663723,3719.98584057399
2,0,1.29e-09,3.92939028141,2961.2390128256
2,0,1.03e-09,4.8443787408,550.0462844934
2,0,1.4e-09,4.00106611918,14867.73751589219
2,0,1.21e-09,1.12112792863,27676.617819849
2,0,1.36e-09,5.86999649219,765.7930644464
2,0,1.19e-09,4.95824095217,983.1158589136
2,0,1.15e-09,4.67040651182,2631.6226244232
2,0,1.04e-09,4.68807983986,31449.8270427518
2,0,1.15e-09,0.35603129387,98.8999885246
2,0,1.27e-09,4.38747549084,2655.501062171
2,0,1.01e-09,3.19137230221,21791.69097326579
2,0,1.03e-09,6.01933155949,18617.0683010472
2,0,1.18e-09,4.91950265277,525.0250986486
2,0,1.38e-09,3.24007735232,3480.3105662226
2,0,1.38e-09,2.88368956632,3200.914287177
2,0,1.02e-09,1.89629804705,56.6223513026
2,0,1e-09,2.14566059864,529.851023789
2,0,1e-09,5.33661471676,529.5309064002
2,0,9.9e-10,6.15309320274,4555.4147563232
2,0,9.9e-10,0.29530316101,198.321241911
2,0,1.02e-09,6.02433300674,963.4027029714
2,0,1.06e-09,0.15103316185,32367.0976562076
2,0,1e-09,0.79624016231,2651.977943822
2,0,1.09e-09,2.17221801259,175.1660598002
2,0,1e-09,5.44381740844,3340.6969906548
2,0,1e-09,3.82154216379,3340.52786274481
2,0,1.08e-09,4.12360777653,249.9044607422
2,0,9.9e-10,5.78300785457,5312.5646005546
2,0,1.15e-09,4.2520331432,21000.9158907568
2,0,1.11e-09,6.01414242152,80.1982245387
2,0,9.7e-10,1.57959120195,31214.2014369678
2,0,1.03e-09,6.25904312579,1585.1407420207
2,0,1.03e-09,5.8967981388,2125.8100970764
2,0,9.6e-10,5.43048994495,213.0866471169
2,0,9.6e-10,2.6010483588,213.5115437591
2,0,9.5e-10,3.12474282092,3370.49447031
2,0,9.5e-10,2.99902409772,3310.7303830896
2,0,9.9e-10,4.90758830995,551.031606097
2,0,1e-09,5.85231379528,3340.5623700492
2,0,1e-09,3.41304577695,3340.6624833504
2,0,1.3e-09,1.10368790224,26084.0218062162
2,0,1.11e-09,2.56844286864,534.3568315406
2,0,1.17e-09,0.19396627342,524.2743391232
2,0,1.02e-09,2.9918853221,34115.1140692746
2,0,9.8e-10,0.97971049082,1784.0442797444
2,0,1.01e-09,0.76366487468,987.746272928
2,0,1.29e-09,2.93910550678,4591.4426230006
2,0,9.5e-10,3.70643398698,327.4375699205
2,0,9.9e-10,0.66802090434,1755.4716846791
2,0,1.24e-09,0.43401574548,3532.0779464636
2,0,9.8e-10,5.40084312405,24768.6021893522
2,0,1.04e-09,5.47404374073,32.1951448046
2,0,1.04e-09,0.45494263259,25827.9841195414
2,0,1.27e-09,3.26672162678,21.3406410024
2,0,1.25e-09,1.84276822733,30227.9784764304
2,0,1.15e-09,1.00365590687,535.107591066
2,0,9.5e-10,3.71389775515,16975.7350908506
2,0,1.18e-09,5.3917456356,3343.5813721164
2,0,1.18e-09,0.73202128304,3337.6434812832
2,0,9.5e-10,0.21486058971,11506.7697697936
2,0,1.05e-09,3.93832329439,42388.934936307
2,0,9.2e-10,1.91807045515,155.3530891314
2,0,1.18e-09,5.04524690579,2523.9591004846
2,0,1.24e-09,4.68642942116,3532.0434391592
2,0,9.2e-10,1.46728426349,31172.650645983
2,0,1.02e-09,3.49211510967,27946.7479799198
2,0,1.03e-09,2.642096341,20235.1228263104
2,0,1.2e-09,4.1401258891,4845.9002357928
2,0,9.1e-10,5.12604154487,14469.588512484
2,0,1.18e-09,4.0768477877,3396.995612776
2,0,1.18e-09,2.04691913094,3284.2292406236
2,0,1.12e-09,1.33743249046,20995.3929664494
2,0,9.6e-10,4.77567549605,35.685355083
2,0,1.13e-09,3.43964396126,948.1952879016
2,0,1.04e-09,4.79113313233,3149.1814142404
2,0,1e-09,1.97504060165,20426.571092422
2,0,1.21e-09,2.63871762078,30774.5016425748
2,0,1.03e-09,2.84917048342,219.891377577
2,0,1.11e-09,2.18997917347,2104.5367663768
2,0,9.4e-10,3.66066776842,10610.9021071076
2,0,1.12e-09,3.12304973052,24606.13555322
2,0,9.3e-10,4.2056530957,99.1606209555
2,0,9.4e-10,2.34382286871,3346.7456526324
2,0,9.4e-10,3.77994404993,3334.4792007672
2,0,9e-10,5.67779575724,15746.7729775284
2,0,9.1e-10,1.14441655193,50818.1762027736
2,0,9.1e-10,1.77732756353,24093.2767891752
2,0,9.2e-10,1.72406156484,12892.1326036182
2,0,9.2e-10,4.79118378192,1957.7250798532
2,0,8.7e-10,1.28166497839,228.276948965
2,0,1.11e-09,2.46277729789,27417.0570148252
2,0,9.8e-10,0.78906971914,24532.9765835682
2,0,8.9e-10,0.64518470975,3368.08129309939
2,0,8.9e-10,5.47858220889,3313.1435603002
2,0,1.03e-09,4.62809111709,1059.449240492
2,0,9.2e-10,0.19061509302,32509.208972941
2,0,8.6e-10,5.37692725135,11375.2278081072
2,0,1e-09,1.82319423846,96.8729990951
2,0,9.5e-10,0.84451353118,529.6236547918
2,0,1.2e-09,6.10556233132,3202.0949298291
2,0,1.2e-09,0.01820458732,3479.1299235705
2,0,8.6e-10,5.35131508131,3762.6398678558
2,0,8.6e-10,0.77245183733,2918.5849855438
2,0,9e-10,1.59914115894,23546.7536230308
2,0,9.9e-10,4.06854104969,3222.7996238078
2,0,9.9e-10,2.05522586895,3458.4252295918
2,0,8.9e-10,1.74434664412,22531.09060514659
2,0,1.07e-09,2.43223672203,3369.5940566792
2,0,1.07e-09,3.69153019661,3311.6307967204
2,0,9.5e-10,1.39752616185,11560.0777160774
2,0,9.5e-10,2.86255032254,8186.5126624926
2,0,9.1e-10,4.99433536381,11876.469585734
2,0,9e-10,3.38202540962,4670.1245169598
2,0,1.06e-09,0.31966498575,44535.1003527822
2,0,9.4e-10,1.9543607635,796.2807531642
2,0,8.5e-10,5.95986051189,809.477469447
2,0,8.5e-10,3.6368910479,74.8297826771
2,0,8.9e-10,1.64580481078,6534.413166876
2,0,8.5e-10,1.04303023325,74.7334144575
2,0,8.4e-10,3.00387278181,4777.7880408984
2,0,1.04e-09,2.76036150084,3149.146906936
2,0,1.16e-09,5.49068681139,14694.50459434
2,0,8.7e-10,6.0893179175,12410.7313005486
2,0,1.13e-09,5.85548952542,177.8743727859
2,0,8.9e-10,6.17341366104,3332.9386347244
2,0,8.9e-10,6.23353856478,3348.2862186752
2,0,8.7e-10,0.07344243508,13105.4316990562
2,0,8.3e-10,3.79093953875,1107.1388056848
2,0,1.15e-09,3.71714517813,1971.9521738548
2,0,8.4e-10,0.9278581125,2942.5307335944
2,0,8.2e-10,5.477100921,3330.0430716528
2,0,8.2e-10,0.64666599764,3351.1817817468
2,0,1.12e-09,1.67391351043,14900.6901427772
2,0,8.2e-10,0.58327444061,22317.79150970859
2,0,8.5e-10,5.99437376237,191.9584544356
2,0,8.7e-10,5.84639583938,40.5807161926
2,0,8.4e-10,2.91538822338,3083.5944189568
2,0,8.4e-10,3.20837869526,3597.6304344428
2,0,9.5e-10,0.43601714434,529.7582753974
2,0,8.5e-10,4.86833452232,1055.8588118402
2,0,1.14e-09,1.28659258054,3063.5774329584
2,0,1.14e-09,4.8371743381,3617.6474204412
2,0,8.5e-10,2.68073374708,54789.936689978
2,0,8.6e-10,3.41488083723,23009.94911093539
2,0,1.02e-09,4.67254721576,131.4039498699
2,0,1.12e-09,3.74867220051,5295.3295770634
2,0,8.3e-10,2.23224723099,20103.0484221124
2,0,9.3e-10,5.7797706969,74.5209661364
2,0,8.1e-10,2.93799035242,1552.4675299796
2,0,8.1e-10,5.44968688605,3190.714951573
2,0,8.1e-10,0.67408003259,3490.5099018266
2,0,9.4e-10,3.985132395,796.3152604686
2,0,9.6e-10,1.55756600347,4049.6022289764
2,0,9.3e-10,5.18093640996,75.0422309982
2,0,8e-10,2.87647086515,278.5194664497
2,0,8.9e-10,1.46011729281,191.2076949102
2,0,9.7e-10,5.9885782607,45494.58142974879
2,0,1.06e-09,2.45927282558,10191.4174632324
2,0,7.9e-10,2.74811848231,38.0211610532
2,0,8.6e-10,4.76571809299,2544.2971662312
2,0,8.9e-10,4.15046971529,6311.5250374592
2,0,7.9e-10,1.59253269036,38.2449102224
2,0,9.9e-10,1.41761453417,19683.5637782372
2,0,8.5e-10,4.83661771107,14715.840234807
2,0,7.9e-10,5.5348657334,31979.5180078464
2,0,1.02e-09,1.6186393779,3524.48201360179
2,0,1.02e-09,4.50512754074,3156.7428397978
2,0,8.4e-10,1.33635449934,2942.3961129888
2,0,8.4e-10,2.73273226011,4801.6664786462
2,1,0.01427318093,3.14159265359,0.0
2,1,0.00551063576,3.52128320402,6681.2248533996
2,1,0.00077091888,3.86082685753,10021.8372800994
2,1,0.00037310479,1.16016958445,3340.6124266998
2,1,9.582122e-05,4.19942354479,13362.4497067992
2,1,2.617695e-05,1.4728455552,3337.0893083508
2,1,2.611572e-05,4.65030772498,3344.1355450488
2,1,1.505462e-05,1.71640125299,1059.3819301892
2,1,1.162955e-05,4.53778503576,16703.062133499
2,1,8.24978e-06,5.87391611892,426.598190876
2,1,7.79959e-06,1.12906192582,206.1855484372
2,1,7.53085e-06,0.61961478496,220.4126424388
2,1,5.62043e-06,4.00005312764,522.5774180938
2,1,5.49334e-06,3.48662006999,536.8045120954
2,1,4.3199e-06,1.20122419783,2942.4634232916
2,1,3.89982e-06,4.38779713561,5621.8429232104
2,1,3.80122e-06,4.93073729444,3738.761430108
2,1,3.94355e-06,4.91119397796,6684.7479717486
2,1,3.36661e-06,3.63990879619,3149.1641605882
2,1,3.33604e-06,0.88647104051,3185.1920272656
2,1,3.18324e-06,2.48122345477,3532.0606928114
2,1,3.16743e-06,5.23316524269,3496.032826134
2,1,3.11468e-06,2.66149474204,2544.3144198834
2,1,2.83006e-06,3.01270555394,796.2980068164
2,1,2.59715e-06,3.4528500754,4136.9104335162
2,1,2.04277e-06,1.62196956205,1194.4470102246
2,1,2.03146e-06,2.00978303868,1589.0728952838
2,1,1.40506e-06,4.8761106037,20043.6745601988
2,1,1.33054e-06,3.06497749499,5884.9268465832
2,1,1.32221e-06,2.12903733409,4399.994356889
2,1,1.26748e-06,1.25031299906,6677.7017350506
2,1,1.03023e-06,4.48653117588,5486.777843175
2,1,1.28526e-06,0.2232809582,1592.5960136328
2,1,1.01352e-06,3.97061208738,3339.6321056316
2,1,1.01253e-06,2.15203295056,3341.592747768
2,1,9.0029e-07,4.30631925657,3870.3033917944
2,1,8.3977e-07,5.1043829904,1990.745017041
2,1,7.8865e-07,3.69323302292,2146.1654164752
2,1,7.7132e-07,5.35293989072,7079.3738568078
2,1,8.1297e-07,4.10751911033,5092.1519581158
2,1,8.5141e-07,0.11489010013,419.4846438752
2,1,6.3835e-07,3.70028305724,2388.8940204492
2,1,5.7287e-07,5.21462580599,10025.3603984484
2,1,5.6119e-07,0.33784373101,3097.88382272579
2,1,6.9177e-07,5.81634207831,5088.6288397668
2,1,7.5448e-07,2.03864215811,4535.0594369244
2,1,5.5487e-07,5.92856755611,9492.1463150048
2,1,5.2915e-07,5.76012128769,3583.3410306738
2,1,7.0493e-07,2.29434635167,2787.0430238574
2,1,5.7687e-07,5.46627318905,639.897286314
2,1,5.0121e-07,0.89975887576,4690.4798363586
2,1,5.0653e-07,6.11457948121,433.7117378768
2,1,5.4006e-07,1.17848219667,2957.7158944766
2,1,4.9131e-07,6.22165192434,191.4482661116
2,1,4.9195e-07,0.93502149184,6681.2075997474
2,1,4.6173e-07,1.93548588356,7.1135470008
2,1,5.7046e-07,3.78172576129,3894.1818295422
2,1,4.3884e-07,2.32328576357,4292.3308329504
2,1,4.9195e-07,2.96579325551,6681.2421070518
2,1,4.6747e-07,4.90372286627,3723.508958923
2,1,5.3525e-07,2.72772193635,155.4203994342
2,1,5.0928e-07,4.24418873708,1066.49547719
2,1,4.7371e-07,4.07058844113,6489.776587288
2,1,3.7259e-07,4.77560729076,3553.9115221378
2,1,4.9446e-07,5.26552893882,529.6909650946
2,1,3.6147e-07,1.35491513022,3127.3133312618
2,1,4.1915e-07,2.20116878635,213.299095438
2,1,3.5282e-07,1.23254843453,6525.8044539654
2,1,3.3179e-07,3.51707222671,3333.498879699
2,1,3.4809e-07,4.18192362595,1748.016413067
2,1,3.9091e-07,3.80640955175,7477.522860216
2,1,3.0807e-07,3.84122209973,1052.2683831884
2,1,2.941e-07,3.771018022,6254.6266625236
2,1,2.9901e-07,1.19787611097,149.5631971346
2,1,3.0407e-07,5.07104519098,1349.8674096588
2,1,2.7239e-07,1.35659219412,553.5694028424
2,1,2.7517e-07,2.17565128432,12303.06777661
2,1,2.7442e-07,0.6202827068,4933.2084403326
2,1,2.8052e-07,2.6698550999,3347.7259737006
2,1,2.5853e-07,1.75047537209,2810.9214616052
2,1,2.7323e-07,0.020957819,951.7184062506
2,1,2.1401e-07,5.29701461619,316.3918696566
2,1,2.7621e-07,2.30197583456,2118.7638603784
2,1,2.1261e-07,2.2737036536,4929.6853219836
2,1,2.3424e-07,2.34960187821,382.8965322232
2,1,1.9019e-07,0.48946385175,227.5261894396
2,1,1.8679e-07,5.30877056453,242.728603974
2,1,1.8299e-07,5.31873037196,9623.6882766912
2,1,1.705e-07,0.73617668321,3320.257107301
2,1,1.6932e-07,5.38596885509,3360.96774609859
2,1,1.6989e-07,5.21435353899,23384.2869868986
2,1,1.6202e-07,5.29675788446,6681.1575430968
2,1,1.7035e-07,1.13076170583,6674.1113063988
2,1,1.4564e-07,0.35017458981,10018.3141617504
2,1,1.6726e-07,5.37963018761,7210.9158184942
2,1,1.7704e-07,2.46673313442,7740.6067835888
2,1,1.603e-07,2.67705196127,3325.3599555148
2,1,1.5941e-07,3.44411402721,3355.8648978848
2,1,1.5088e-07,2.42313044286,110.2063212194
2,1,1.6202e-07,4.88823057997,6681.2921637024
2,1,1.3784e-07,6.2614952116,12832.7587417046
2,1,1.739e-07,4.27687578959,76.2660712756
2,1,1.2927e-07,4.1602292836,2281.2304965106
2,1,1.6504e-07,3.81227944624,4562.4609930212
2,1,1.4766e-07,2.06347095335,2274.1169495098
2,1,1.2471e-07,2.52252246459,6682.2051744678
2,1,1.2672e-07,5.48550960002,5331.3574437408
2,1,1.2581e-07,1.49409639076,632.7837393132
2,1,1.2413e-07,4.14057132118,515.463871093
2,1,1.3354e-07,1.61202229522,2288.3440435114
2,1,1.3054e-07,2.91942689347,3767.2106175758
2,1,1.3252e-07,3.5892518546,36.6485629295
2,1,1.2488e-07,0.74887488462,39.6175083461
2,1,1.0891e-07,0.68185023633,6438.4962494256
2,1,1.0294e-07,2.38590207291,7875.6718636242
2,1,9.941e-08,5.46223635331,398.1490034082
2,1,1.0388e-07,1.4308276236,5614.7293762096
2,1,1.25e-07,5.71657132706,10419.9862835076
2,1,1.0164e-07,0.6299231039,73.297125859
2,1,1.0337e-07,3.30570903459,10021.8545337516
2,1,9.227e-08,5.1874999368,6836.6452528338
2,1,8.846e-08,6.25668148581,3205.5473466644
2,1,9.222e-08,1.25927718333,199.0720014364
2,1,1.1308e-07,5.02952138409,6041.3275670856
2,1,8.356e-08,6.1498032758,3475.6775067352
2,1,8.663e-08,3.35360012494,543.9180590962
2,1,1.0337e-07,1.27493070103,10021.8200264472
2,1,7.914e-08,1.1132566067,103.0927742186
2,1,7.741e-08,5.02756320298,1751.539531416
2,1,7.737e-08,5.74646451299,2700.7151403858
2,1,8.096e-08,5.53364318065,13365.9728251482
2,1,7.402e-08,2.50809887388,15643.6802033098
2,1,7.789e-08,2.64751868576,6127.6554505572
2,1,7.147e-08,1.44609341809,949.1756089698
2,1,7.616e-08,3.55216836649,6151.533888305
2,1,6.888e-08,0.93821376086,5628.9564702112
2,1,6.665e-08,3.04085693375,3178.1457905676
2,1,6.77e-08,4.59405247148,1596.1864422846
2,1,6.214e-08,1.52971949909,6298.3283211764
2,1,6.611e-08,5.46296206225,853.196381752
2,1,6.257e-08,3.08467357092,3503.079062832
2,1,6.358e-08,4.0205443973,3316.733988952
2,1,7.832e-08,4.06330977332,5729.506447149
2,1,6.311e-08,2.10530552076,3364.4908644476
2,1,6.743e-08,4.45650314997,9830.3890139878
2,1,7.061e-08,3.40544179657,8962.4553499102
2,1,7.288e-08,5.3492272906,6894.5239488376
2,1,5.17e-08,0.37516758388,209.3669421749
2,1,5.569e-08,4.1485667648,10818.1352869158
2,1,5.081e-08,1.3905945573,217.2312487011
2,1,5.485e-08,2.65233655309,2648.454825473
2,1,5.114e-08,5.13541858012,8031.0922630584
2,1,5.536e-08,2.55163508803,1758.6530784168
2,1,4.856e-08,4.10977779468,1581.959348283
2,1,6.551e-08,4.25238620522,6680.2445323314
2,1,4.66e-08,0.15626149972,216.4804891757
2,1,4.553e-08,1.60431626596,210.1177017003
2,1,5.494e-08,6.1009025268,6923.9534573736
2,1,4.643e-08,1.64332559992,7234.794256242
2,1,4.842e-08,5.16943706039,6158.6474353058
2,1,4.482e-08,5.4110161692,323.5054166574
2,1,4.542e-08,2.44702860525,7064.1213856228
2,1,4.336e-08,5.65658515228,12964.300703391
2,1,4.779e-08,5.76036610082,6144.4203413042
2,1,5.227e-08,1.73074923787,14.2270940016
2,1,4.151e-08,1.93098926861,63.7358983034
2,1,4.652e-08,2.63332997018,2914.0142358238
2,1,4.58e-08,1.41608119487,5085.038411115
2,1,3.97e-08,5.05439636873,3312.163239232
2,1,5.474e-08,0.24241650562,7632.9432596502
2,1,4.214e-08,3.49717782339,4032.7700279266
2,1,3.894e-08,1.06212840662,3369.0616141676
2,1,3.817e-08,3.9099898245,640.8776073822
2,1,4.144e-08,2.71826934826,735.8765135318
2,1,3.721e-08,3.02454190848,3346.1353510072
2,1,3.72e-08,3.09809824482,3335.0895023924
2,1,4.799e-08,3.06592497293,6688.3384004004
2,1,4.128e-08,1.57312639696,9866.4168806652
2,1,3.556e-08,0.96329089902,8273.8208670324
2,1,3.629e-08,5.96999972361,3304.5845600224
2,1,3.577e-08,0.15378568235,3376.6402933772
2,1,4.442e-08,2.50701068861,11773.3768115154
2,1,3.832e-08,1.42518467938,8969.568896911
2,1,3.41e-08,5.22584770856,10021.9045904022
2,1,3.443e-08,2.77873462243,85.8272988312
2,1,4.071e-08,1.88545339582,3863.1898447936
2,1,3.884e-08,1.89998927465,8955.3418029094
2,1,4.357e-08,4.12849233981,2818.035008606
2,1,3.302e-08,0.78944659795,11.0457002639
2,1,3.574e-08,2.44194831685,1744.4259844152
2,1,3.246e-08,4.47251198694,526.5095713569
2,1,3.18e-08,3.00772018402,532.8723588323
2,1,3.156e-08,1.61783457949,3980.5097130138
2,1,3.13e-08,3.88131318196,3344.4937620578
2,1,3.117e-08,2.24732563525,3336.7310913418
2,1,3.4e-08,5.63288877479,10021.7699697966
2,1,3.594e-08,5.57561267387,647.0108333148
2,1,3.128e-08,3.75424825002,8432.7643848156
2,1,3.01e-08,5.98032518225,10551.528245194
2,1,3.084e-08,0.21639027416,13358.9265884502
2,1,2.934e-08,0.51109476282,2487.4160449478
2,1,2.903e-08,3.22514351914,525.7588118315
2,1,2.896e-08,1.12069020939,117.3198682202
2,1,2.863e-08,4.25448918131,533.6231183577
2,1,2.876e-08,2.58450457222,8270.2977486834
2,1,2.838e-08,0.45959307618,202.2533951741
2,1,3.502e-08,1.28355216461,5099.2655051166
2,1,2.761e-08,0.30940368701,956.2891559706
2,1,3.129e-08,2.49440075955,5459.3762870782
2,1,3.208e-08,1.56658459531,2699.7348193176
2,1,2.528e-08,4.21676297033,3333.5661900018
2,1,2.863e-08,2.16989496338,95.9792272178
2,1,3.353e-08,2.01774997575,9225.539273283
2,1,2.447e-08,4.92763323216,2766.267628365
2,1,2.993e-08,4.34648489293,3981.490034082
2,1,2.323e-08,5.60449935667,9381.9399937854
2,1,2.315e-08,3.69144185016,8429.2412664666
2,1,2.297e-08,1.21245935813,1692.1656695024
2,1,2.186e-08,5.0304365537,4407.1079038898
2,1,2.333e-08,3.51432934451,8827.3902698748
2,1,2.51e-08,0.31296140818,16173.3711684044
2,1,2.391e-08,5.51442084031,9808.5381846614
2,1,2.153e-08,6.04353805522,1221.8485663214
2,1,2.428e-08,2.80037448528,11081.2192102886
2,1,2.711e-08,5.83797793809,5828.0284716476
2,1,2.044e-08,3.86812530423,138.5174968707
2,1,2.751e-08,2.14536436215,6467.9257579616
2,1,2.016e-08,2.19445612298,742.9900605326
2,1,2.111e-08,2.06365035238,15113.9892382152
2,1,2.486e-08,0.24395631995,6283.0758499914
2,1,2.114e-08,1.63888168497,3347.6586633978
2,1,1.862e-08,6.06481817113,13760.5987102074
2,1,1.717e-08,3.64496480459,13362.4669604514
2,1,1.744e-08,0.22355971935,6816.289933435
2,1,1.781e-08,0.87193778743,6660.4494579072
2,1,1.699e-08,1.87566644469,70.8494453042
2,1,1.717e-08,1.61419317923,13362.432453147
2,1,1.771e-08,0.59857555923,10973.55568635
2,1,1.856e-08,1.06629718188,3914.9572250346
2,1,1.668e-08,0.60430699219,3340.629680352
2,1,1.738e-08,2.0782081439,3281.2385647862
2,1,1.612e-08,5.64202929021,3.523118349
2,1,2.059e-08,5.55274042469,26724.8994135984
2,1,2.154e-08,0.1534752665,6872.6731195112
2,1,1.831e-08,4.08960877991,6247.5131155228
2,1,1.698e-08,4.04559929798,3399.9862886134
2,1,1.57e-08,2.80724611689,78.7137518304
2,1,1.668e-08,4.85673659823,3340.5951730476
2,1,1.95e-08,2.18129131439,224.3447957019
2,1,1.533e-08,1.46147125549,3877.4169387952
2,1,1.638e-08,1.96384800147,6040.3472460174
2,1,1.5e-08,4.88545461881,574.3447983348
2,1,1.628e-08,2.88073838002,10022.8176011676
2,1,1.493e-08,5.97213767442,440.8252848776
2,1,1.807e-08,3.79979610143,6696.4773245846
2,1,1.592e-08,4.8287099632,2921.1277828246
2,1,1.767e-08,1.07911448965,6660.8695340008
2,1,1.54e-08,2.31576232583,8439.8779318164
2,1,1.378e-08,2.72606150117,11216.284290324
2,1,1.685e-08,3.32579486669,7107.8230442756
2,1,1.849e-08,2.11621487275,10575.4066829418
2,1,1.559e-08,2.97028792257,1045.1548361876
2,1,1.36e-08,0.70553844479,3074.005384978
2,1,1.302e-08,2.98694021349,6665.9723822146
2,1,1.305e-08,5.68793695675,6701.5801727984
2,1,1.584e-08,5.82704739199,8671.9698704406
2,1,1.379e-08,1.15800118386,74.7815985673
2,1,1.529e-08,5.28219831652,3546.797975137
2,1,1.498e-08,1.47147884583,10014.7237330986
2,1,1.231e-08,2.92458380429,1228.9621133222
2,1,1.494e-08,0.8079080931,3134.4268782626
2,1,1.411e-08,2.84106148241,18984.2926300096
2,1,1.219e-08,5.41837474083,3607.2194684216
2,1,1.195e-08,5.80939850807,3361.3878221922
2,1,1.159e-08,5.00834942258,11371.7046897582
2,1,1.161e-08,0.30017004686,3319.8370312074
2,1,1.108e-08,1.71153266675,12935.8515159232
2,1,1.503e-08,3.03363878314,6702.000248892
2,1,1.157e-08,5.78852492425,10235.1363755374
2,1,1.089e-08,0.71433907378,3169.9395560806
2,1,1.068e-08,2.16721753485,6684.8152820514
2,1,1.093e-08,0.92444199357,6531.661656265
2,1,1.373e-08,2.53168716711,1039.0266107904
2,1,1.037e-08,1.46452965647,4555.3474460204
2,1,1.104e-08,1.77456576036,4569.574540022
2,1,1.029e-08,3.75910353418,6261.7402095244
2,1,1.133e-08,4.77291959539,35.1640902212
2,1,1.057e-08,0.79522639484,309.2783226558
2,1,1.002e-08,0.43098035565,9779.1086761254
2,1,1.112e-08,2.89652371372,625.6701923124
2,1,1.02e-08,5.40929385267,3511.285297319
2,1,1.063e-08,1.7298287471,6677.6344247478
2,1,1.026e-08,4.06155146814,1265.5674786264
2,1,1.245e-08,4.07589616535,10177.2576795336
2,1,9.5e-09,4.82806218316,2125.8774073792
2,1,9.93e-09,2.20093983157,8425.6508378148
2,1,9.38e-09,4.81919246949,4989.0591838972
2,1,9.22e-09,2.99264828336,9468.267877257
2,1,9.18e-09,4.81951639068,13171.0014406876
2,1,8.89e-09,4.77878515126,3561.0250691386
2,1,8.87e-09,0.78830636358,3760.097070575
2,1,9.98e-09,3.90126093816,11769.8536931664
2,1,9.89e-09,6.14826697847,412.3710968744
2,1,1.056e-08,4.56585915944,2906.900688823
2,1,9.28e-09,4.41590375701,9070.1188738488
2,1,8.8e-09,0.90436253322,3313.210870603
2,1,1.01e-08,5.75999052682,3253.30422216
2,1,8.7e-09,5.21940713846,3368.0139827966
2,1,9.67e-09,2.95682389977,9595.2390892234
2,1,8.25e-09,4.16526325583,1861.7458526354
2,1,8.19e-09,1.28139939096,3120.199784261
2,1,8.12e-09,0.30945449993,9168.6408983474
2,1,1.074e-08,1.6831100034,1162.4747044078
2,1,9.74e-09,0.36385416352,3427.9206312396
2,1,8.82e-09,5.83304308882,41.1019810544
2,1,1.092e-08,4.03195323532,2803.8079146044
2,1,1.121e-08,5.8588247069,16706.585251848
2,1,9.43e-09,0.21048093986,151.0476698429
2,1,7.71e-09,1.58200018736,942.062061969
2,1,7.57e-09,4.49953469679,14158.7477136156
2,1,7.51e-09,1.17837342292,12566.1516999828
2,1,7.44e-09,1.14486727666,3443.7052009184
2,1,7.69e-09,1.8809188397,9638.9407478762
2,1,7.27e-09,2.52800596414,10404.7338123226
2,1,8.86e-09,3.06194121734,1169.5882514086
2,1,8e-09,3.22072343557,6518.7582172674
2,1,7.29e-09,4.58667469649,1375.7737998458
2,1,7.25e-09,1.60568151338,6475.0393049624
2,1,7.3e-09,1.45023184025,6709.6740408674
2,1,7.94e-09,5.99496548901,16304.9131300908
2,1,7.5e-09,4.51007684915,3296.8935143948
2,1,7.62e-09,3.4341834437,1155.361157407
2,1,6.88e-09,3.43319222752,10028.9508271002
2,1,7.37e-09,1.61370530514,3384.3313390048
2,1,6.46e-09,4.99729356736,3237.5196524812
2,1,7.12e-09,1.82235727085,71.8126531507
2,1,6.74e-09,1.39940720264,2807.3983432562
2,1,8.45e-09,5.55182215578,9499.2598620056
2,1,6.27e-09,5.82304741654,13149.1506113612
2,1,6.29e-09,2.87628485086,1214.7350193206
2,1,7.18e-09,2.94974266304,77.7505439839
2,1,6.87e-09,4.23661989758,13517.8701062334
2,1,6.3e-09,1.23559488085,6604.958782124
2,1,7.1e-09,2.32420903412,6460.8122109608
2,1,7.01e-09,5.09953279615,3311.18291816379
2,1,7.01e-09,1.02423412249,3370.0419352358
2,1,7.27e-09,4.12859968267,2111.6503133776
2,1,7.16e-09,1.82681889911,12310.1813236108
2,1,6.33e-09,0.43972121001,692.1576012268
2,1,5.76e-09,2.64908131601,13916.0191096416
2,1,5.44e-09,0.40037320261,16699.53901514999
2,1,5.48e-09,2.52376915314,3340.6797370026
2,1,5.39e-09,3.72942723734,2178.137722292
2,1,6.23e-09,0.15818615271,10264.5658840734
2,1,5.39e-09,5.53271145759,3490.1756238344
2,1,5.57e-09,5.56701497497,13362.517017102
2,1,5.63e-09,1.10897333902,1437.1756141986
2,1,5.36e-09,5.6929531488,2693.601593385
2,1,6.47e-09,5.65118044969,4392.8808098882
2,1,5.38e-09,4.72229720906,3873.8265101434
2,1,5.84e-09,0.5515933998,4193.8088084518
2,1,6.3e-09,2.13231136184,11243.6858464208
2,1,5.05e-09,6.09305482682,9485.032768004
2,1,6.69e-09,5.2291177122,2707.8286873866
2,1,5.04e-09,2.36012441072,277.0349937414
2,1,6.7e-09,4.37490154824,6657.3464156518
2,1,4.91e-09,2.6037657515,3774.3241645766
2,1,5.13e-09,3.36932239157,3232.9489027612
2,1,5.9e-09,4.86990668927,6034.2140200848
2,1,5.77e-09,2.26728370057,18454.601664915
2,1,6.13e-09,2.82948093577,5989.0672521728
2,1,5.35e-09,3.23990732356,5642.1982426092
2,1,4.92e-09,2.75437635016,3448.2759506384
2,1,4.86e-09,5.53252452947,422.6660376129
2,1,4.77e-09,2.98529100201,6843.6914895318
2,1,4.83e-09,2.08187058985,12295.9542296092
2,1,4.63e-09,6.10084466162,3229.4257844122
2,1,5.06e-09,2.386989887,2301.58581590939
2,1,5.4e-09,3.87479718518,7903.073419721
2,1,5.46e-09,1.42380603644,2221.856634597
2,1,4.46e-09,4.30997409674,6048.4411140864
2,1,4.44e-09,2.38797656832,6705.1032911474
2,1,4.43e-09,0.02289876855,3451.7990689874
2,1,5.3e-09,5.18892175358,7255.5696517344
2,1,5.57e-09,5.97553834508,13362.3823964964
2,1,4.49e-09,1.81656165831,1478.8665740644
2,1,5.48e-09,2.93176743519,3340.545116397
2,1,4.94e-09,1.91461298039,13207.029307365
2,1,4.02e-09,0.14917407616,6571.0185321802
2,1,4.13e-09,2.77393455325,8799.988713778
2,1,3.98e-09,1.17032491098,7895.9598727202
2,1,4.21e-09,2.9281123929,4379.6390374902
2,1,3.91e-09,3.73837604066,1073.6090241908
2,1,4.19e-09,0.51900494769,135.0650800354
2,1,4.72e-09,5.05179451193,4936.7988689844
2,1,5.15e-09,5.86680894517,13119.72110282519
2,1,5.15e-09,3.61483236959,6675.7019290922
2,1,4.07e-09,5.97123577955,3289.33208883739
2,1,4.07e-09,0.15253113909,3391.89276456221
2,1,3.75e-09,0.35041804232,234.6397364404
2,1,4.74e-09,0.17715160287,13892.1406718938
2,1,3.85e-09,5.77663237032,10596.1820784342
2,1,3.66e-09,6.2098979878,2384.3232707292
2,1,3.84e-09,4.23498307074,6685.1061887576
2,1,3.73e-09,3.98254461376,415.5524906121
2,1,4.25e-09,1.30634943039,11614.4332937322
2,1,3.84e-09,5.6497651674,330.6189636582
2,1,3.7e-09,6.07331404337,3274.1250177854
2,1,3.61e-09,0.89534079814,12721.572099417
2,1,4e-09,4.53551800839,9588.1255422226
2,1,3.56e-09,6.03950898739,846.0828347512
2,1,3.6e-09,0.05053136141,3407.0998356142
2,1,4.53e-09,0.5282713392,3113.1362939108
2,1,3.38e-09,0.67656842155,9380.9596727172
2,1,3.37e-09,3.00609814338,15.252471185
2,1,4.22e-09,0.62250110261,19513.9835951042
2,1,3.53e-09,2.87159892794,20.3553193988
2,1,3.73e-09,4.44069988433,10020.8569590312
2,1,3.37e-09,3.18444650009,71.6002048296
2,1,3.24e-09,0.71684229879,423.4167971383
2,1,4.33e-09,1.36147512776,3.9321532631
2,1,3.75e-09,2.90507995378,11610.9101753832
2,1,3.18e-09,6.0147056402,5724.935697429
2,1,3.35e-09,2.98604214434,2938.9403049426
2,1,3.74e-09,2.47243769504,3415.3940252671
2,1,3.26e-09,1.48465704932,77.962992305
2,1,3.4e-09,2.07425079531,7321.1221397136
2,1,3.28e-09,6.22461934829,16460.33352952499
2,1,3.69e-09,2.13551229622,14584.2982731206
2,1,4.12e-09,5.59494780647,3568.0885594888
2,1,3.1e-09,3.13767541137,14421.8316369884
2,1,3.16e-09,5.62533566974,429.7795846137
2,1,3.64e-09,5.30890025348,860.3099287528
2,1,3.3e-09,0.49540756155,3318.7615973734
2,1,3.3e-09,5.62835935709,3362.4632560262
2,1,3.5e-09,4.05599588288,9602.3526362242
2,1,3.29e-09,3.37223997989,10042.6126755918
2,1,3.04e-09,3.9876164825,145.6310438715
2,1,3.27e-09,3.28894035861,1272.6810256272
2,1,3.52e-09,0.64575728139,2.9689454166
2,1,3.4e-09,3.21395005886,22324.9050567094
2,1,3.52e-09,0.51052280975,263.0839233728
2,1,3.9e-09,0.53675687816,6717.252720077
2,1,2.98e-09,5.27506560855,3416.8784979754
2,1,3.87e-09,3.10555839309,7373.3824546264
2,1,2.91e-09,6.25952120602,6645.1969867222
2,1,2.93e-09,2.11849465997,2675.8563815698
2,1,3.84e-09,4.55881127062,210.8514148832
2,1,3.8e-09,3.47993786173,215.7467759928
2,1,3.46e-09,3.68559919908,3265.8308281325
2,1,2.82e-09,1.5183035478,5732.0492444298
2,1,3.6e-09,2.88459167183,728.762966531
2,1,3.04e-09,2.34810025389,7203.8022714934
2,1,2.8e-09,0.05535474901,3397.5108016354
2,1,2.8e-09,6.06841216963,3283.7140517642
2,1,3.38e-09,4.7351332153,4459.3682188026
2,1,2.8e-09,1.83816934995,6688.2710900976
2,1,2.68e-09,1.68224981136,11766.2632645146
2,1,2.71e-09,2.02912231281,11780.4903585162
2,1,3.63e-09,1.22201726104,10001.061884607
2,1,2.65e-09,1.44919316453,7910.1869667218
2,1,2.74e-09,0.01061104159,13936.794505134
2,1,3.38e-09,4.31589716519,148.0787244263
2,1,2.59e-09,1.56009469393,5032.7780962022
2,1,2.53e-09,0.12054819282,17101.2111369072
2,1,2.55e-09,0.6871636125,437.6438911399
2,1,2.53e-09,1.95240011543,16703.0448798468
2,1,2.53e-09,5.79374784837,6947.8318951214
2,1,2.78e-09,4.67472382984,7322.1024607818
2,1,2.52e-09,4.72342010347,533.2140834436
2,1,3.22e-09,0.95155923546,162.4666361322
2,1,2.53e-09,3.98317215792,16703.07938715119
2,1,2.84e-09,3.67849455855,838.9692877504
2,1,2.43e-09,4.59637992289,5244.049239201
2,1,2.46e-09,1.15950003329,3304.0070613956
2,1,2.46e-09,4.96426688535,3377.217792004
2,1,2.46e-09,2.02033156272,16276.463942623
2,1,2.35e-09,4.67612716033,16858.4825329332
2,1,2.39e-09,1.58157022935,5305.4510535538
2,1,2.25e-09,2.07472210939,10018.2468514476
2,1,2.34e-09,0.03317726903,223.5940361765
2,1,2.48e-09,2.91218176275,2075.0449480734
2,1,2.84e-09,0.56682884608,10156.9023601348
2,1,2.72e-09,5.85412476416,14712.317116458
2,1,2.22e-09,4.29914928209,508.3503240922
2,1,2.31e-09,0.92206582002,1485.9801210652
2,1,2.26e-09,2.11036808486,4039.8835749274
2,1,2.43e-09,5.89092212082,30065.5118402982
2,1,2.18e-09,1.77859119613,3029.7716278314
2,1,2.21e-09,4.00610570086,4005.3684718298
2,1,2.16e-09,2.67268933641,15664.03552270859
2,1,2.28e-09,1.42035440998,17924.9106998204
2,1,2.24e-09,2.50666934513,10025.4277087512
2,1,2.16e-09,4.14679941286,10037.0897512844
2,1,2.13e-09,3.70755457019,10448.4354709754
2,1,2.65e-09,1.64615612331,3.1813937377
2,1,2.11e-09,2.3315880495,6944.3087767724
2,1,2.15e-09,2.61875466736,3212.5935833624
2,1,2.08e-09,1.06606795539,2008.557539159
2,1,2.22e-09,2.20339233927,12323.4230960088
2,1,2.22e-09,0.48962551079,14314.1681130498
2,1,2.88e-09,1.38313040903,16062.1845261168
2,1,2.34e-09,5.47802199777,3185.2593375684
2,1,2.15e-09,5.96415874701,23.8784377478
2,1,2.13e-09,1.54853404609,1545.3539829788
2,1,2.01e-09,5.99546009327,1835.3246176068
2,1,1.98e-09,4.9375355625,6578.132079181
2,1,2.22e-09,0.6157850578,3495.9655158312
2,1,2.04e-09,3.5048996332,3468.6312700372
2,1,2.13e-09,5.38883317666,7747.7203305896
2,1,2.09e-09,3.74698259846,3230.4061054804
2,1,1.95e-09,3.20214800961,1903.4368125012
2,1,1.93e-09,4.34393649097,3651.4532255682
2,1,2.42e-09,2.25789470004,6621.850991486
2,1,1.9e-09,0.52807642845,2480.302497947
2,1,1.82e-09,3.98767129842,8542.970706035
2,1,2e-09,2.50870443352,6677.3435180416
2,1,2.49e-09,3.21268045476,699.2711482276
2,1,2.02e-09,6.20004176432,12012.5822971404
2,1,2.05e-09,6.27860457332,2945.9865416406
2,1,1.83e-09,5.8252958636,15508.6151232744
2,1,2.22e-09,1.76032428059,8982.810669309
2,1,2.39e-09,5.27791146118,6106.8800550648
2,1,2e-09,1.41969751355,10001.48196070061
2,1,1.71e-09,2.8666425553,6756.0064519669
2,1,1.81e-09,2.37018594067,88.865680217
2,1,1.74e-09,1.67207569825,6418.1409300268
2,1,1.82e-09,5.80987770417,6887.4104018368
2,1,1.71e-09,5.86062733644,5618.3198048614
2,1,1.7e-09,4.73099425239,6456.8800576977
2,1,1.68e-09,6.18245369751,13575.7488022372
2,1,1.84e-09,2.36721526307,7218.029365495
2,1,1.66e-09,2.25679462872,15650.7937503106
2,1,1.99e-09,1.40110998613,430.5303441391
2,1,2.12e-09,3.23189207115,13363.4300278674
2,1,1.89e-09,0.25718944825,124.433415221
2,1,1.69e-09,5.08935042454,2655.5683724738
2,1,1.68e-09,6.08539442812,7314.0085927128
2,1,1.74e-09,5.22081710422,1368.660252845
2,1,1.67e-09,3.42353804022,1062.5633239269
2,1,1.77e-09,3.64016669145,6686.747777707
2,1,1.56e-09,1.91880783576,19402.7969528166
2,1,1.92e-09,1.70878546664,2751.5475996916
2,1,1.53e-09,3.28724376065,3347.2960905739
2,1,1.53e-09,2.83652315799,3333.9287628257
2,1,1.54e-09,0.41279284728,3499.555944483
2,1,1.52e-09,5.50666765279,160.6088973985
2,1,1.69e-09,0.15684943582,19645.5255567906
2,1,1.72e-09,0.02323350795,65.2203710117
2,1,1.67e-09,3.08668060635,931.3630868518
2,1,1.95e-09,5.14066365776,6546.1597733642
2,1,1.54e-09,4.59717983879,519.3960243561
2,1,1.83e-09,4.3959037465,1332.0548875408
2,1,1.86e-09,1.43141139959,4025.6564809258
2,1,1.58e-09,3.03919160267,14556.8967170238
2,1,1.43e-09,3.7490671198,13553.8979729108
2,1,1.71e-09,2.92431770122,1062.9050485382
2,1,1.4e-09,2.99678875427,8584.6616659008
2,1,1.39e-09,3.64890818066,1055.4497769261
2,1,1.38e-09,4.30414447043,1258.4539316256
2,1,1.48e-09,1.43175701702,3053.6500655792
2,1,1.89e-09,2.8469399345,2409.249339848
2,1,1.4e-09,5.61689203595,6691.8615187494
2,1,1.35e-09,2.53133290785,2604.735913168
2,1,1.35e-09,3.59243401079,4076.4889402316
2,1,1.75e-09,4.87680231442,20.7753954924
2,1,1.77e-09,0.10410066671,8958.9322315612
2,1,1.78e-09,3.44819299296,2284.7536148596
2,1,1.31e-09,0.64621084098,3191.0492295652
2,1,1.77e-09,4.22515628202,4672.6673142406
2,1,1.32e-09,5.18037129096,654.1243803156
2,1,1.31e-09,2.84299146166,11670.2840372968
2,1,1.33e-09,4.52679079571,18606.4989460002
2,1,1.36e-09,5.45594231263,9374.8264467846
2,1,1.33e-09,5.74550598907,5195.2447323344
2,1,1.36e-09,1.73632400099,203.0041546995
2,1,1.75e-09,3.29046570107,8965.9784682592
2,1,1.61e-09,6.02169024946,2494.5295919486
2,1,1.38e-09,6.18657392368,20047.1976785478
2,1,1.28e-09,3.58997483094,8859.3625756916
2,1,1.26e-09,3.21322516874,6148.010769956
2,1,1.51e-09,2.9394299556,3077.528503327
2,1,1.33e-09,5.83386254701,12839.8722887054
2,1,1.37e-09,4.24430027174,6674.1786167016
2,1,1.69e-09,4.97651092293,9389.0535407862
2,1,1.32e-09,4.07654693615,15265.8865193004
2,1,1.65e-09,3.26928756084,19004.6479494084
2,1,1.46e-09,0.52279831791,3397.4156888696
2,1,1.46e-09,5.60096860073,3283.80916453
2,1,1.53e-09,4.43481405976,3929.677253708
2,1,1.45e-09,3.13103384589,13745.3462390224
2,1,1.33e-09,4.69278266341,3627.57478782039
2,1,1.65e-09,1.99476868352,3450.8187479192
2,1,1.24e-09,6.1167034703,6593.9166488598
2,1,1.21e-09,4.88476463619,1063.3140834523
2,1,1.17e-09,0.91596190605,3337.106562003
2,1,1.17e-09,2.066212359,3344.11829139661
2,1,1.2e-09,0.73600487058,14054.607308026
2,1,1.47e-09,1.07606700174,6510.5519827804
2,1,1.17e-09,4.09698399049,3344.152798701
2,1,1.17e-09,5.16837558174,3337.0720546986
2,1,1.18e-09,4.20346162229,9886.772200064
2,1,1.18e-09,3.20236689438,551.031606097
2,1,1.57e-09,5.69136299054,5820.9149246468
2,1,1.58e-09,4.02596829239,1648.4467571974
2,1,1.54e-09,0.46704906665,3133.9116894032
2,1,1.18e-09,3.61740536581,169.580183133
2,1,1.18e-09,4.79097648197,3317.8439300904
2,1,1.18e-09,1.33279043667,3363.3809233092
2,1,1.2e-09,2.88381733148,539.9859058331
2,1,1.17e-09,5.06197162174,3497.0131472022
2,1,1.17e-09,1.0617952969,3184.2117061974
2,1,1.16e-09,1.22222105263,15906.7641266826
2,1,1.15e-09,1.85848730524,6724.9437657046
2,1,1.57e-09,0.17397913596,12722.5524204852
2,1,1.24e-09,3.17983191905,2631.6226244232
2,1,1.4e-09,4.29359662977,1056.2005364515
2,1,1.35e-09,3.17789391939,3603.6963500726
2,1,1.19e-09,5.17512579994,16511.6138673874
2,1,1.55e-09,0.79719420494,6155.057006654
2,1,1.15e-09,3.22959858043,6997.6167230562
2,1,1.11e-09,4.11806246187,222.8603229936
2,1,1.11e-09,6.21075063523,87.30820453981
2,1,1.11e-09,6.13183853822,9065.5481241288
2,1,1.33e-09,3.06193509061,22.0914005278
2,1,1.14e-09,1.52684026531,3987.6232600146
2,1,1.38e-09,4.58738400697,2233.473621015
2,1,1.31e-09,5.25025552048,6901.6374958384
2,1,1.45e-09,1.83381548553,0.9803210682
2,1,1.19e-09,3.96125292511,1505.28780909299
2,1,1.07e-09,2.70035870913,2973.3880977374
2,1,1.44e-09,2.57852789272,2060.8178540718
2,1,1.11e-09,2.15559505693,6357.7194367422
2,1,1.06e-09,0.16426574878,12509.2533250472
2,1,1.12e-09,2.39983700427,2574.8193622534
2,1,1.39e-09,5.65976385263,3547.3131639964
2,1,1.22e-09,2.84793235795,3346.4696289994
2,1,1.22e-09,3.27583456069,3334.7552244002
2,1,1.36e-09,1.56582531149,21.3406410024
2,1,1.44e-09,6.19128577365,299.1263942692
2,1,1.44e-09,4.64913835608,1905.4647649404
2,1,1.38e-09,0.0935174731,10213.285546211
2,1,1.05e-09,2.94616046913,10184.3039162316
2,1,1.08e-09,1.67634660643,302.164775655
2,1,1.4e-09,4.52778173929,6670.5881880498
2,1,1.02e-09,2.83477159707,17468.8551979454
2,1,1.01e-09,1.41448120448,191.9584544356
2,1,9.9e-10,1.0110408147,17917.79715281959
2,1,9.9e-10,2.31748689016,10713.9948813262
2,1,1.2e-09,1.40938335297,3370.1042450032
2,1,1.2e-09,4.71438356567,3311.1206083964
2,1,1.18e-09,0.83092751777,6606.4432548323
2,1,1.23e-09,3.59177506566,11925.2740926006
2,1,1.29e-09,1.38615714913,7366.2689076256
2,1,1.32e-09,4.17530089524,3050.1269472302
2,1,1.06e-09,4.20303552484,2641.3412784722
2,1,1.01e-09,2.19730971635,10124.930054318
2,1,9.5e-10,3.83184038977,18.1592472647
2,1,1.26e-09,1.43242174074,7380.4960016272
2,1,9.8e-10,5.7127925128,2679.3794999188
2,1,9.8e-10,1.64590778764,59.3738619136
2,1,1.04e-09,0.35230601699,4296.9015826704
2,1,1.15e-09,2.20406459405,11250.7993934216
2,1,1.11e-09,6.0015220095,10042.1925994982
2,1,9.4e-10,1.7480159064,87.3117715395
2,1,9.6e-10,3.26945343269,10006.5848089144
2,1,1.08e-09,6.1250867933,3735.238311759
2,1,9.3e-10,4.2345827251,3528.5375744624
2,1,1.19e-09,3.20779882655,1574.8458012822
2,1,9.2e-10,3.39944116355,3707.8367556622
2,1,9.7e-10,2.13059348085,2922.1081038928
2,1,1.27e-09,3.31567374097,4271.9755135516
2,1,9.7e-10,4.65833476763,5835.1420186484
2,1,9.4e-10,3.19086921862,35464.9814789334
2,1,1.13e-09,1.01321609658,5401.4302807716
2,1,1.22e-09,4.9562733274,84.3428261229
2,1,1.15e-09,1.94984091716,9815.6517316622
2,1,9.3e-10,2.14810622027,2771.7905526724
2,1,1.15e-09,4.92888947995,21947.1113727
2,1,1.02e-09,3.03180744336,4049.6022289764
2,1,1e-09,0.08917971251,26887.3660497306
2,1,9e-10,3.65721451906,664.75604513
2,1,9.3e-10,0.23047883797,10706.8813343254
2,1,9.7e-10,4.30891602532,217.964961884
2,1,1.13e-09,4.93121887014,4922.5717749828
2,1,9.7e-10,4.5461920072,1795.258443721
2,1,9.7e-10,1.89933290057,17654.7805397496
2,1,9.3e-10,6.00441441624,33.6796175129
2,1,1.11e-09,2.46536345909,21795.21409161479
2,1,8.7e-10,4.40897064967,2540.7913015344
2,1,1.19e-09,1.94808743738,3631.0979061694
2,1,8.7e-10,1.75505290273,231.4583427027
2,1,9.7e-10,0.07381843439,72.3339180125
2,1,1.01e-09,1.61168636694,2171.0241752912
2,1,9e-10,3.89285886336,628.8515860501
2,1,9.8e-10,0.70463876405,6768.5330579394
2,1,8.4e-10,5.11902672644,3152.68727893721
2,1,8.4e-10,4.83188308723,11527.1250891924
2,1,8.5e-10,0.0773186353,21548.9623692918
2,1,1.17e-09,4.51077566996,5518.7501489918
2,1,8.3e-10,3.81620714151,22345.2603761082
2,1,9.3e-10,1.26560426088,2538.2485042536
2,1,8.9e-10,3.43002043997,1699.2792165032
2,1,8.5e-10,6.12091736058,16489.763038061
2,1,9.2e-10,0.03950789229,2277.7073781616
2,1,8.5e-10,5.91600131489,18208.349942592
2,1,9.4e-10,4.47767830246,12942.965062924
2,1,1.07e-09,0.22163493976,6286.5989683404
2,1,8.1e-10,0.5065079058,3326.3853326982
2,1,8.1e-10,5.61725901284,3354.8395207014
2,1,7.9e-10,1.50975699375,4777.7880408984
2,1,7.9e-10,1.00513556613,1118.7557921028
2,1,8.3e-10,3.99316690617,3759.1167495068
2,1,9.3e-10,3.39442497787,685.044054226
2,1,8e-10,5.99267916099,12.5301729722
2,1,1.09e-09,1.11061888688,765.7930644464
2,1,7.9e-10,2.69826809389,3378.7454623376
2,1,7.9e-10,3.42549882475,3302.479391062
2,1,7.9e-10,1.18088037992,9947.0556815321
2,1,8e-10,0.54798761722,1442.2612087602
2,1,7.8e-10,5.30952786068,26357.675084636
2,1,8.7e-10,5.4529346931,3181.6689089166
2,1,8.6e-10,3.72646183478,208.633228992
2,1,1.06e-09,5.10677964557,7214.4389368432
2,1,1.07e-09,5.7869639853,4845.9002357928
2,1,7.9e-10,1.67795651281,5562.4690612968
2,1,9.6e-10,1.84507576066,11236.57229942
2,1,7.6e-10,4.8873316164,9.5612275556
2,1,8.3e-10,3.97986520401,42153.969003049
2,1,9.4e-10,5.43325086005,1655.5603041982
2,1,7.7e-10,4.73669756226,38.1330356378
2,1,7.7e-10,0.48016044263,4001.8453534808
2,1,1.03e-09,3.3151845468,6279.5527316424
2,1,7.6e-10,4.1894702217,288.0806940053
2,1,7.5e-10,1.36914522483,6710.6543619356
2,1,1e-09,1.23379947915,6653.8232973028
2,1,8.5e-10,3.0449261991,3649.8907493556
2,1,8.5e-10,3.07884071954,3031.334104044
2,1,7.6e-10,3.19773799012,20809.4676246452
2,1,7.4e-10,5.28765123522,1107.1388056848
2,1,7.7e-10,3.97237865801,3909.4343007272
2,1,7.3e-10,2.57751806041,42942.50433914939
2,1,8.5e-10,3.82359953731,42146.20633233299
2,1,1.02e-09,3.28709663996,3282.733730696
2,1,1.02e-09,2.83667027868,3398.4911227036
2,1,7.3e-10,3.23527061256,2067.9314010726
2,1,7.7e-10,5.68309610758,20199.02764933019
2,1,7.2e-10,1.29867546702,20206.141196331
2,1,8.2e-10,3.69322064361,20597.2439630412
2,1,7.3e-10,3.78223099359,13369.5632538
2,1,9.7e-10,0.21157168319,6784.3176276182
2,1,9.6e-10,4.64169775712,203.7378678824
2,1,8.3e-10,1.1445724165,4447.7512323846
2,1,9.2e-10,0.9218844582,3492.509707785
2,1,7.6e-10,1.15437371557,19403.7772738848
2,1,7.3e-10,0.71840007075,6364.832983743
2,1,7.1e-10,1.82715162268,15121.102785216
2,1,8e-10,2.74785809382,8756.269801473
2,1,7.7e-10,0.8627916683,6549.6828917132
2,1,7.6e-10,5.1245373061,362.8622925726
2,1,7.6e-10,2.48257518078,1471.7530270636
2,1,8.8e-10,4.48241968748,11883.5831327348
2,1,7.4e-10,4.29411598595,2011.1003364398
2,1,7.5e-10,0.38132378506,525.0250986486
2,1,9.3e-10,1.79949400982,10050.2864675672
2,1,6.9e-10,2.64295754993,114.3991069134
2,1,8.1e-10,3.2999206154,15636.566656309
2,1,6.8e-10,3.31942545345,4106.4054911462
2,1,7.5e-10,1.30266865618,7447.017917846
2,1,7.7e-10,5.18502579516,5466.489834079
2,1,6.8e-10,5.35287430069,153.4953503977
2,1,6.8e-10,5.70841220182,73.8183907208
2,1,7.9e-10,6.08882534383,3329.5667264359
2,1,7.9e-10,0.03494157481,3351.6581269637
2,1,7.5e-10,2.41908956194,32124.36905223359
2,1,7.4e-10,2.6486174898,25135.8265183146
2,1,6.9e-10,3.476992488,11353.8921676402
2,1,8.7e-10,1.38741665452,43340.6533425576
2,1,7.1e-10,0.81628722181,534.3568315406
2,1,6.6e-10,6.18253618298,13517.8027959306
2,1,7.1e-10,4.0778431843,1279.794572628
2,1,7.2e-10,5.32558972032,25287.7237993998
2,1,8.5e-10,0.02377577064,1854.6323056346
2,1,8.8e-10,1.52868546432,3067.9394693482
2,1,7.5e-10,2.26613010488,15110.4661198662
2,1,6.9e-10,0.02278259907,43738.8023459658
2,1,7.8e-10,5.07801637655,34363.365597556
2,1,8.2e-10,1.79056505886,4885.9664096786
2,1,6.5e-10,5.47583793528,6708.6264094964
2,1,7e-10,0.39852574719,12725.453434775
2,1,9e-10,3.58467854106,6740.5987153132
2,1,6.5e-10,4.81926081363,4140.4335518652
2,1,6.4e-10,2.78199198599,9801.4246376606
2,1,6.4e-10,5.24500232218,75.7448064138
2,1,8.7e-10,3.48209962852,9859.3706439672
2,1,7e-10,5.5862139736,35707.7100829074
2,1,8.4e-10,4.62280003448,3613.2853840514
2,1,8.4e-10,3.1304828962,5202.3582793352
2,1,6.5e-10,5.65188017283,6680.804777306
2,1,7.4e-10,0.70811376982,19800.9459562248
2,1,6.6e-10,5.79488701874,3414.213382615
2,1,6.6e-10,0.3288798999,3267.0114707846
2,1,6.4e-10,5.41618225042,3193.8007401762
2,1,6.4e-10,0.70758466822,3487.4241132234
2,1,8e-10,5.83125066323,9175.7544453482
2,1,6.9e-10,0.45288984585,10177.1903692308
2,1,7.8e-10,2.47729712704,14128.2427712456
2,1,6.8e-10,3.28509813085,12808.8803039568
2,1,6.8e-10,0.42906740811,6614.7374444852
2,1,6.2e-10,1.67556973,18461.71521191579
2,1,6.6e-10,4.6069910944,42.5864537627
2,1,7.3e-10,4.9344366469,10730.82708237599
2,1,6.1e-10,1.32159131349,207.8824694666
2,1,6.6e-10,4.71978579468,9997.9588423516
2,1,6.2e-10,1.47129847545,18451.07854656599
2,1,6.4e-10,4.43457293456,40796.33892267419
2,1,7.8e-10,4.80114448945,35309.5610794992
2,1,6.2e-10,0.61927789333,20040.15144184979
2,1,6.4e-10,2.03965634077,10787.6303445458
2,1,6.9e-10,0.35279777025,16858.41522263039
2,1,7.5e-10,5.80439292359,40398.189919266
2,1,5.9e-10,0.45173742414,218.7157214094
2,1,5.9e-10,5.95742231142,408.4389436113
2,1,7.8e-10,5.47505498554,14867.73751589219
2,1,6.2e-10,4.44452076035,799.8211251654
2,1,6.3e-10,6.2831050139,20742.9457084264
2,1,6.1e-10,1.46903295029,14591.4118201214
2,1,6e-10,4.02422394326,10016.314355792
2,1,6.9e-10,0.07133537091,10721.108428327
2,1,6.3e-10,0.32856760942,12082.6551341712
2,1,6.1e-10,0.87700826571,36.6053653042
2,1,8e-10,3.82715184041,12168.0026965746
2,1,6.8e-10,4.35850169699,8186.5126624926
2,1,6.7e-10,3.09157172324,9329.6796788726
2,1,6.4e-10,5.61072669942,5223.6939198022
2,1,6.4e-10,1.96539963912,7799.9806455024
2,1,5.8e-10,5.32198378648,41748.0573289248
2,1,7.8e-10,1.6408389657,24606.13555322
2,1,6.7e-10,5.29778871808,152.5321425512
2,1,7.6e-10,4.82056450443,77.2292791221
2,1,5.7e-10,4.85968404475,12928.7379689224
2,1,8e-10,0.99981693234,27417.0570148252
2,1,6.3e-10,1.72943225747,79.2350166922
2,1,7.2e-10,0.47301045978,24889.5747959916
2,1,8e-10,1.29024393938,14047.4937610252
2,1,6.2e-10,2.85518372165,12988.111830836
2,1,6.7e-10,3.88281422282,41427.4869831788
2,1,5.7e-10,1.8737049943,24491.4257925834
2,1,5.9e-10,0.42163716106,5945.3483398678
2,1,7.4e-10,1.15958679714,17395.2197347258
2,1,5.7e-10,2.71055933927,42544.3553357412
2,1,7e-10,1.62633648043,21265.5231265202
2,1,5.8e-10,4.86596352164,15423.267560871
2,1,6.2e-10,1.39408141536,3357.44462774959
2,1,6.2e-10,4.72968550328,3323.78022565
2,1,5.6e-10,1.12816132291,16063.164847185
2,1,5.6e-10,1.61217428661,2978.491289969
2,1,5.6e-10,4.51159263204,3702.7335634306
2,1,5.8e-10,1.36447893952,8226.5788363784
2,1,5.5e-10,1.48510731583,200.7689224658
2,1,5.5e-10,3.98578162953,12715.4388734844
2,1,5.5e-10,2.03729558857,340.7708920448
2,1,7.6e-10,0.68351123517,146.594251718
2,1,7.2e-10,1.86379528122,127.4717966068
2,1,5.4e-10,2.71910253259,5607.6158292088
2,1,7.3e-10,1.42919585711,4775.7600884592
2,1,5.3e-10,3.09693738935,6788.8883773382
2,1,5.8e-10,0.22442483444,3412.6681600546
2,1,5.8e-10,5.8993420842,3268.556693345
2,1,5.3e-10,2.19689791795,14481.205498902
2,1,5.5e-10,3.89290884441,831.8557407496
2,1,5.3e-10,0.15615144357,25841.29320224219
2,1,5.2e-10,3.15010220845,6812.766815086
2,1,5.3e-10,1.4067614419,2391.43681773
2,1,5.3e-10,0.46935053804,44959.5476759902
2,1,5.4e-10,5.80670820759,18849.2275499742
2,1,5.2e-10,4.45343178668,45884.967762441
2,1,5.7e-10,2.86057303027,5408.5438277724
2,1,5.3e-10,2.93504488248,37895.4262903674
2,1,7.2e-10,1.0487011096,3339.1279539915
2,1,7.2e-10,5.07506580904,3342.0968994081
2,1,5.6e-10,5.29729400428,17660.303464057
2,1,5.4e-10,5.90243120665,13532.0298899322
2,1,6e-10,1.10585615388,5511.636601991
2,1,5.1e-10,1.99163070525,225.8292684102
2,1,5.7e-10,5.68632410752,4.4534181249
2,1,5.2e-10,1.45564798177,22487.3716928416
2,1,5.5e-10,5.86720570151,3344.2028553516
2,1,5.1e-10,4.59732093524,12410.7313005486
2,1,5.9e-10,4.32589692662,618.5566453116
2,1,5.4e-10,1.41387939355,21150.8133658836
2,1,7e-10,6.26592499392,40000.04091585779
2,1,5.8e-10,1.90611100788,29580.05463235019
2,1,5.3e-10,3.04286367857,70.3281804424
2,1,5.4e-10,2.06257459061,2735.762685995
2,1,5.6e-10,5.51147391507,23539.7073863328
2,1,4.9e-10,6.08800383828,16865.5287696312
2,1,6.1e-10,2.80664860295,2655.501062171
2,1,5e-10,0.09542687607,1727.6610936682
2,1,5.9e-10,4.25647242104,12516.366872048
2,1,5e-10,1.70549407364,3564.9572224017
2,1,4.9e-10,1.47890962284,55516.4187098482
2,1,5.6e-10,1.83267921871,16328.72425753579
2,1,5e-10,6.13050078847,44768.0994098786
2,1,5e-10,2.19360927774,3742.284548457
2,1,4.8e-10,3.12373703961,1883.0814931024
2,1,6.8e-10,5.14882675659,4142.976349146
2,1,4.8e-10,2.75851599881,350.3321196004
2,1,5.9e-10,4.61160954089,4356.275444584
2,1,6.1e-10,2.37259677368,19617.07636932279
2,1,4.8e-10,6.23507805833,19190.4781784468
2,1,5.5e-10,1.90836976863,1971.9521738548
2,1,6.5e-10,5.33022366023,20213.25474333179
2,1,5.1e-10,3.1363613912,5749.8617665478
2,1,5.8e-10,1.55579966471,1015.6630178842
2,1,5.3e-10,6.07174122305,38086.874556479
2,1,5.1e-10,0.22846885309,210.3783341312
2,1,5.1e-10,1.50810894489,216.2198567448
2,1,4.8e-10,6.09265191924,24341.5283174566
2,1,4.7e-10,5.4813102995,11876.469585734
2,1,4.7e-10,4.23447844874,2257.3520587628
2,1,4.8e-10,0.75363318363,3264.3463554242
2,1,6.4e-10,1.47602449306,1329.51209026
2,1,4.9e-10,4.34430964617,963.4027029714
2,1,5.5e-10,2.47607337246,4403.517475238
2,1,4.8e-10,5.05047802604,14955.045720432
2,1,5.9e-10,0.56447699816,4289.7880356696
2,1,4.8e-10,5.64269937258,1859.2030553546
2,1,5.2e-10,3.85502826049,32765.2466596158
2,1,5.2e-10,0.6055475888,2963.238818784
2,1,5.2e-10,5.51821932984,3717.9860346156
2,1,5.2e-10,5.9753200218,142.4496501338
2,1,5.4e-10,5.75638873525,1055.8588118402
2,1,4.5e-10,3.23715580244,37.611770776
2,1,4.5e-10,1.58216758277,3973.396166013
2,1,6e-10,3.2631347357,46283.11676584919
2,1,4.9e-10,2.80004822014,31214.2014369678
2,1,4.4e-10,2.92943406327,62.2514255951
2,1,5e-10,2.96247842378,1038.0412891868
2,1,4.4e-10,0.54252101929,14469.588512484
2,1,4.6e-10,4.82251602641,5881.4037282342
2,1,4.4e-10,0.39621574967,14061.7208550268
2,1,4.4e-10,4.2384871156,3436.5916539176
2,1,4.4e-10,1.88527980304,3244.633199482
2,1,4.4e-10,4.49857181022,17499.3601403154
2,1,4.4e-10,4.06912509984,524.2743391232
2,1,4.4e-10,1.10360628,38.6543004996
2,1,5.8e-10,3.38424006936,5625.3660415594
2,1,4.5e-10,4.80756715462,39048.3225096072
2,1,4.3e-10,1.18491417532,97670.38771289718
2,1,4.4e-10,3.4131531898,535.107591066
2,1,4.6e-10,3.97050301429,18052.9295431578
2,1,5.9e-10,3.54996675378,2523.9591004846
2,1,5.3e-10,5.27381050235,8336.7851575978
2,1,4.8e-10,4.20516196539,2125.8100970764
2,1,4.3e-10,3.74169704813,12199.9750023914
2,1,4.3e-10,1.95551974467,15106.8756912144
2,1,4.2e-10,4.34126456452,12729.665967486
2,1,4.3e-10,0.33738122272,8123.4860621598
2,1,4.2e-10,3.2699949263,195.1398481733
2,1,4.6e-10,0.42675039162,2324.9494088156
2,1,4.3e-10,4.93866317055,3826.5844794894
2,1,4.3e-10,1.18510374809,2854.6403739102
2,1,4.3e-10,2.09042966596,74.8934731519
2,1,4.3e-10,2.58927275174,74.6697239827
2,1,4.9e-10,5.73530227247,15849.865751747
2,1,5e-10,0.24741236723,131.4039498699
2,1,4.4e-10,3.32911228947,1685.0521225016
2,1,4.5e-10,0.86869575514,28230.18722269139
2,1,4.2e-10,5.52275728942,2651.977943822
2,1,4.9e-10,4.20329151784,207.6700211455
2,1,4.8e-10,0.38320382112,12825.6451947038
2,1,5.2e-10,4.39773367298,6666.997759398
2,1,4.1e-10,5.43225265078,3385.26625994
2,1,4.1e-10,0.69151426786,3295.9585934596
2,1,5e-10,5.89153916228,7788.3636590844
2,1,4.5e-10,4.22332404514,3116.2676309979
2,1,4.8e-10,3.25825537595,39601.8919124496
2,1,4e-10,1.42664872496,26239.44220565039
2,1,4.3e-10,1.84674416334,46681.2657692574
2,1,4e-10,1.11930161769,14577.1847261198
2,1,4.8e-10,0.71033320787,109.9456887885
2,1,4e-10,4.72158737154,2814.4445799542
2,1,4e-10,0.36674922708,20728.71861442479
2,1,4.1e-10,1.94224224037,4670.1245169598
2,1,5.2e-10,3.29121165005,3382.1632176846
2,1,5.2e-10,2.83255526859,3299.061635715
2,1,4.4e-10,5.64683761753,29698.2875113358
2,1,4.1e-10,5.62926912301,30220.9322397324
2,1,4.2e-10,0.62187667623,24076.4445881254
2,1,4.6e-10,2.010121321,19247.3765533824
2,1,3.9e-10,3.61794457591,27433.88921587499
2,1,4.5e-10,6.00306408589,227.476132789
2,2,0.00035452579,3.14159265359,0.0
2,2,0.00021950751,1.96291594946,6681.2248533996
2,2,6.07599e-05,2.35864321001,10021.8372800994
2,2,2.571425e-05,5.64795745327,3340.6124266998
2,2,1.129099e-05,2.71576248963,13362.4497067992
2,2,1.82443e-06,3.06335050462,16703.062133499
2,2,1.60849e-06,2.83104666823,206.1855484372
2,2,1.55973e-06,5.19309730583,220.4126424388
2,2,1.68357e-06,3.01017878073,3337.0893083508
2,2,1.67747e-06,3.10922702911,3344.1355450488
2,2,1.18316e-06,5.70681506981,522.5774180938
2,2,1.15781e-06,1.78259431361,536.8045120954
2,2,9.389e-07,5.65913038458,3185.1920272656
2,2,8.9244e-07,0.46137270696,3496.032826134
2,2,7.5625e-07,0.30809373033,1059.3819301892
2,2,1.0396e-06,4.03649382706,213.299095438
2,2,6.2193e-07,4.06412225662,426.598190876
2,2,7.19e-07,0.61307162988,529.6909650946
2,2,4.0563e-07,3.45931070999,6684.7479717486
2,2,2.7526e-07,3.40697584132,20043.6745601988
2,2,2.4574e-07,2.05709261735,3149.1641605882
2,2,2.3302e-07,4.06054703458,3532.0606928114
2,2,2.4401e-07,4.20197858679,2544.3144198834
2,2,2.0299e-07,1.91147990337,4136.9104335162
2,2,1.8006e-07,1.85198728948,3097.88382272579
2,2,1.7221e-07,2.74161867582,2942.4634232916
2,2,1.6902e-07,4.2513618632,3583.3410306738
2,2,1.5777e-07,5.91718781131,5621.8429232104
2,2,1.5856e-07,0.0684191841,1194.4470102246
2,2,1.5264e-07,3.35254931189,3738.761430108
2,2,1.4254e-07,4.25680464915,433.7117378768
2,2,1.3171e-07,3.578773354,1990.745017041
2,2,1.6812e-07,0.77954286997,2787.0430238574
2,2,1.2593e-07,2.18013310837,2388.8940204492
2,2,1.5019e-07,4.97047493091,1592.5960136328
2,2,1.1289e-07,6.01290979033,6525.8044539654
2,2,1.2302e-07,5.54713651711,3339.6321056316
2,2,1.1373e-07,0.77777603216,1589.0728952838
2,2,1.2284e-07,0.57411575365,3341.592747768
2,2,1.1117e-07,1.40530378545,796.2980068164
2,2,1.2723e-07,1.91903810105,419.4846438752
2,2,1.3747e-07,5.31116419768,3894.1818295422
2,2,1.0577e-07,0.59752271504,4399.994356889
2,2,1.2705e-07,4.25802747859,155.4203994342
2,2,1.0098e-07,5.47747691225,2146.1654164752
2,2,8.863e-08,3.88169637617,4292.3308329504
2,2,8.121e-08,3.78260601575,10025.3603984484
2,2,8.12e-08,2.48132497663,4690.4798363586
2,2,8.061e-08,6.02603958883,5486.777843175
2,2,7.72e-08,5.06798604557,227.5261894396
2,2,7.433e-08,3.31822028018,639.897286314
2,2,8.308e-08,5.94980766794,2957.7158944766
2,2,8.789e-08,0.17466315765,7.1135470008
2,2,6.944e-08,2.332799702,1066.49547719
2,2,8.863e-08,0.51480663563,4535.0594369244
2,2,7.306e-08,0.1513358509,3723.508958923
2,2,8.322e-08,1.11264211549,5088.6288397668
2,2,6.121e-08,3.80547694913,7079.3738568078
2,2,5.467e-08,5.23241346125,1052.2683831884
2,2,5.292e-08,2.91159592616,553.5694028424
2,2,5.26e-08,4.6173705081,5884.9268465832
2,2,5.181e-08,3.78652084191,242.728603974
2,2,5.04e-08,5.84239832938,515.463871093
2,2,4.788e-08,5.08946784428,3333.498879699
2,2,4.994e-08,3.77687231272,2274.1169495098
2,2,5.294e-08,2.49424280894,6489.776587288
2,2,4.31e-08,5.38385773303,4933.2084403326
2,2,4.451e-08,6.20023805343,2288.3440435114
2,2,4.108e-08,1.09332741074,3347.7259737006
2,2,3.907e-08,5.34892103731,5092.1519581158
2,2,4.168e-08,1.63291442825,951.7184062506
2,2,3.986e-08,3.74911328925,23384.2869868986
2,2,4.16e-08,0.01637628167,1748.016413067
2,2,3.729e-08,2.96611895542,199.0720014364
2,2,3.853e-08,2.50327269341,3870.3033917944
2,2,3.521e-08,1.65043749771,543.9180590962
2,2,3.509e-08,0.57679733808,1349.8674096588
2,2,4.609e-08,2.29503773584,7477.522860216
2,2,3.076e-08,2.19921948725,6438.4962494256
2,2,2.496e-08,3.96886138858,5331.3574437408
2,2,2.377e-08,0.38140430638,6836.6452528338
2,2,2.686e-08,3.8756914885,382.8965322232
2,2,2.208e-08,4.32192232999,9492.1463150048
2,2,2.174e-08,1.14140386023,6127.6554505572
2,2,2.254e-08,5.32326617203,2281.2304965106
2,2,2.234e-08,3.34034105089,6677.7017350506
2,2,2.008e-08,0.9723381371,6682.2051744678
2,2,1.886e-08,0.88359569638,4929.6853219836
2,2,1.966e-08,5.66277094404,6681.2075997474
2,2,1.838e-08,1.25415083586,2118.7638603784
2,2,1.709e-08,3.15485228182,3553.9115221378
2,2,1.623e-08,2.91176858936,3127.3133312618
2,2,1.966e-08,1.40934384205,6681.2421070518
2,2,2.129e-08,0.96593329639,7740.6067835888
2,2,1.613e-08,0.87522364052,7875.6718636242
2,2,1.959e-08,4.59967067607,6923.9534573736
2,2,1.707e-08,1.58055507525,191.4482661116
2,2,1.563e-08,6.0482531252,8969.568896911
2,2,1.562e-08,3.60601030893,8955.3418029094
2,2,1.351e-08,0.59351678849,316.3918696566
2,2,1.856e-08,2.55647948443,5729.506447149
2,2,1.727e-08,2.85561952146,6674.1113063988
2,2,1.409e-08,4.65471130275,216.4804891757
2,2,1.321e-08,3.39383854482,647.0108333148
2,2,1.368e-08,3.38543777835,210.1177017003
2,2,1.467e-08,4.10525560389,13365.9728251482
2,2,1.717e-08,0.02861328541,14.2270940016
2,2,1.489e-08,0.07763972898,9866.4168806652
2,2,1.241e-08,2.40154751214,640.8776073822
2,2,1.216e-08,5.32666382225,6254.6266625236
2,2,1.163e-08,0.02680352381,6298.3283211764
2,2,1.127e-08,4.74702347824,12832.7587417046
2,2,1.479e-08,4.19328625081,10419.9862835076
2,2,1.11e-08,0.62876661717,12303.06777661
2,2,1.201e-08,1.3502781298,3767.2106175758
2,2,1.277e-08,4.14556116975,2810.9214616052
2,2,9.96e-09,4.74526775741,4562.4609930212
2,2,1.177e-08,3.11858509884,2699.7348193176
2,2,1.107e-08,3.43598182944,7210.9158184942
2,2,9.8e-09,4.10189301724,1751.539531416
2,2,9.92e-09,2.89543127786,9830.3890139878
2,2,8.79e-09,2.65396505074,10818.1352869158
2,2,9.5e-09,2.81842708673,632.7837393132
2,2,8.48e-09,6.23917434526,526.5095713569
2,2,8.06e-09,2.96434145307,103.0927742186
2,2,8.01e-09,3.12247047301,7234.794256242
2,2,8.25e-09,1.24361863355,532.8723588323
2,2,7.61e-09,4.73161044526,209.3669421749
2,2,7.5e-09,5.47332571883,10018.3141617504
2,2,1.02e-08,2.84383580823,3981.490034082
2,2,7.52e-09,3.75998155147,9623.6882766912
2,2,8.17e-09,1.80163831596,10021.8545337516
2,2,7.33e-09,3.30972792259,217.2312487011
2,2,9.8e-09,2.36639419833,6151.533888305
2,2,8.85e-09,0.58376168802,110.2063212194
2,2,8.17e-09,3.2628681263,853.196381752
2,2,6.89e-09,4.2195539578,440.8252848776
2,2,8.16e-09,6.05414506463,10021.8200264472
2,2,9.2e-09,0.39289007555,6041.3275670856
2,2,6.85e-09,5.75193209744,8273.8208670324
2,2,6.47e-09,3.74908813669,6681.1575430968
2,2,8.5e-09,1.47881746342,6688.3384004004
2,2,6.31e-09,5.6730897127,117.3198682202
2,2,6e-09,3.56706010534,323.5054166574
2,2,6.52e-09,3.34981557701,6681.2921637024
2,2,7e-09,1.67530129882,7632.9432596502
2,2,5.77e-09,1.04070762372,15643.6802033098
2,2,5.49e-09,3.2449557523,949.1756089698
2,2,6.06e-09,3.86357846284,95.9792272178
2,2,7.26e-09,5.43722942949,74.7815985673
2,2,6.04e-09,4.38406109733,149.5631971346
2,2,7.17e-09,2.07519839097,3178.1457905676
2,2,6.52e-09,3.70253626949,6894.5239488376
2,2,5.45e-09,4.73162468373,1045.1548361876
2,2,5.45e-09,3.41522137104,2766.267628365
2,2,6.73e-09,4.04821743411,3503.079062832
2,2,6.17e-09,0.99680091352,3253.30422216
2,2,5.36e-09,3.52327599023,6040.3472460174
2,2,5.99e-09,4.43359462367,735.8765135318
2,2,5.96e-09,5.12699846907,3427.9206312396
2,2,4.9e-09,1.25898273127,525.7588118315
2,2,4.88e-09,6.22654201321,533.6231183577
2,2,4.75e-09,0.27257730049,8031.0922630584
2,2,4.37e-09,2.81553406247,1596.1864422846
2,2,4.52e-09,3.92413733398,7064.1213856228
2,2,5.45e-09,5.75151872801,6680.2445323314
2,2,4.1e-09,0.01129204844,3980.5097130138
2,2,4.07e-09,3.71457448004,398.1490034082
2,2,5.61e-09,4.09070736733,26724.8994135984
2,2,4.49e-09,1.70068184172,2648.454825473
2,2,3.94e-09,4.16793050853,12964.300703391
2,2,4.94e-09,4.4965544796,2914.0142358238
2,2,4.06e-09,2.58759397313,3914.9572250346
2,2,4.95e-09,1.02025723901,1039.0266107904
2,2,3.69e-09,1.17514057075,8270.2977486834
2,2,3.8e-09,1.32206670955,11081.2192102886
2,2,3.62e-09,0.90947170771,2700.7151403858
2,2,3.28e-09,2.75210171118,6872.6731195112
2,2,4.02e-09,4.93492106682,8962.4553499102
2,2,3.48e-09,0.42381697714,5614.7293762096
2,2,3e-09,1.28282479527,5459.3762870782
2,2,3.26e-09,1.34710144821,10022.8176011676
2,2,2.89e-09,0.11523060708,574.3447983348
2,2,2.77e-09,1.25004682191,11216.284290324
2,2,2.72e-09,4.28209348126,10551.528245194
2,2,2.81e-09,4.56486810428,13760.5987102074
2,2,3.53e-09,4.32675452202,8671.9698704406
2,2,2.68e-09,3.7293251525,10021.9045904022
2,2,3.49e-09,4.12933332026,63.7358983034
2,2,2.97e-09,1.37206169767,5828.0284716476
2,2,2.63e-09,1.47811633236,9468.267877257
2,2,3.15e-09,5.10166124248,16173.3711684044
2,2,2.65e-09,2.25319243195,2487.4160449478
2,2,3.37e-09,1.63942541135,412.3710968744
2,2,2.7e-09,5.28007746957,1581.959348283
2,2,2.71e-09,3.92820739547,8432.7643848156
2,2,2.6e-09,4.50952770985,625.6701923124
2,2,2.42e-09,5.37781682645,13358.9265884502
2,2,2.37e-09,0.07292901465,70.8494453042
2,2,2.97e-09,4.56177638218,4032.7700279266
2,2,2.33e-09,2.05217226701,9779.1086761254
2,2,2.67e-09,4.13774104917,10021.7699697966
2,2,2.27e-09,4.92862031663,234.6397364404
2,2,2.46e-09,4.9480491689,10264.5658840734
2,2,2.19e-09,5.43349299793,11.0457002639
2,2,2.56e-09,5.25900695618,956.2891559706
2,2,2.18e-09,4.61617873387,78.7137518304
2,2,2.85e-09,0.15954661286,12310.1813236108
2,2,2.83e-09,0.60090092021,85.8272988312
2,2,2.11e-09,3.29348428114,942.062061969
2,2,2.44e-09,3.99455029761,1221.8485663214
2,2,2.66e-09,1.39174746943,18984.2926300096
2,2,1.99e-09,2.16282411281,13362.4669604514
2,2,1.99e-09,0.13210292707,13362.432453147
2,2,2.02e-09,4.05984593475,2301.58581590939
2,2,2.39e-09,4.43362254313,16706.585251848
2,2,2.26e-09,3.69462756239,73.297125859
2,2,2e-09,5.38904642432,8429.2412664666
2,2,2.35e-09,0.31453942563,36.6485629295
2,2,2.13e-09,2.54349021425,309.2783226558
2,2,2.12e-09,1.84457939183,7107.8230442756
2,2,2.26e-09,3.49275518587,10575.4066829418
2,2,2.24e-09,4.02383631251,39.6175083461
2,2,1.93e-09,2.86847666295,9070.1188738488
2,2,2.31e-09,2.66318410477,202.2533951741
2,2,1.72e-09,3.27689792601,13171.0014406876
2,2,1.98e-09,4.83262833047,5642.1982426092
2,2,1.87e-09,1.2911565383,1169.5882514086
2,2,1.96e-09,0.42643861999,13207.029307365
2,2,1.67e-09,2.07259165182,1073.6090241908
2,2,1.77e-09,0.37846184022,9638.9407478762
2,2,1.96e-09,5.64541899687,224.3447957019
2,2,1.7e-09,1.42477887702,4379.6390374902
2,2,2.04e-09,5.68029274716,10177.2576795336
2,2,1.55e-09,3.91618675743,12295.9542296092
2,2,2.11e-09,1.76754517424,6283.0758499914
2,2,1.58e-09,5.13689612572,1155.361157407
2,2,1.48e-09,4.1828092682,10235.1363755374
2,2,1.37e-09,0.50600690701,742.9900605326
2,2,1.35e-09,5.63458486706,138.5174968707
2,2,1.41e-09,1.85259563214,10028.9508271002
2,2,1.48e-09,1.53909219281,76.2660712756
2,2,1.33e-09,6.00639174435,508.3503240922
2,2,1.36e-09,5.89922987098,1437.1756141986
2,2,1.31e-09,0.25161165723,3029.7716278314
2,2,1.26e-09,3.76226961231,330.6189636582
2,2,1.53e-09,1.90910985368,10973.55568635
2,2,1.26e-09,2.61435997717,860.3099287528
2,2,1.16e-09,5.87205002685,3651.4532255682
2,2,1.58e-09,2.17797348306,38.1330356378
2,2,1.21e-09,5.22121986472,3340.629680352
2,2,1.29e-09,2.33699517207,6696.4773245846
2,2,1.17e-09,4.27299444995,6701.5801727984
2,2,1.21e-09,3.19272980929,3340.5951730476
2,2,1.07e-09,3.5743186937,4407.1079038898
2,2,1.14e-09,3.18684723749,7322.1024607818
2,2,1.36e-09,0.83727417601,15113.9892382152
2,2,1.04e-09,1.56408098268,6665.9723822146
2,2,1.14e-09,2.24681555636,9168.6408983474
2,2,1.15e-09,4.52412782775,223.5940361765
2,2,1.01e-09,2.89480529792,14158.7477136156
2,2,1e-09,5.7415157211,17924.9106998204
2,2,1.1e-09,4.93056089704,71.6002048296
2,2,1.15e-09,3.7675461565,429.7795846137
2,2,1.04e-09,5.03602136971,8827.3902698748
2,2,1.31e-09,5.90938471415,6660.8695340008
2,2,1e-09,1.58394187969,6467.9257579616
2,2,1.06e-09,6.02834271847,77.962992305
2,2,1.14e-09,2.14940221332,6518.7582172674
2,2,1.14e-09,1.16549646319,11773.3768115154
2,2,1.23e-09,4.57966985938,728.762966531
2,2,9.5e-10,5.01859144435,6816.289933435
2,2,8.8e-10,4.49180629006,1835.3246176068
2,2,9.1e-10,0.68664247876,9381.9399937854
2,2,1.05e-09,6.21526366678,1162.4747044078
2,2,1.02e-09,3.63292130858,422.6660376129
2,2,9.2e-10,3.16422844303,10014.7237330986
2,2,8.8e-10,0.28956834699,7255.5696517344
2,2,8.9e-10,0.16636618973,11371.7046897582
2,2,8.4e-10,4.77208861984,124.433415221
2,2,8e-10,4.02168669717,10404.7338123226
2,2,7.8e-10,2.06677323042,27433.88921587499
2,2,9.6e-10,4.52498397749,16304.9131300908
2,2,7.5e-10,2.28006075482,9380.9596727172
2,2,9.4e-10,3.73226580941,9808.5381846614
2,2,7.8e-10,5.39451215886,1505.28780909299
2,2,7.4e-10,4.85473384301,1903.4368125012
2,2,7.4e-10,4.08123538694,88.865680217
2,2,7.6e-10,2.6343235702,423.4167971383
2,2,8.2e-10,1.6445432952,20752.6643624754
2,2,7.2e-10,0.22271495096,19800.9459562248
2,2,7.3e-10,5.78330657332,1265.5674786264
2,2,7.1e-10,1.48891806144,551.031606097
2,2,8.5e-10,5.16678830189,4193.8088084518
2,2,7.3e-10,5.59564088175,6660.4494579072
2,2,8.1e-10,0.1337158219,519.3960243561
2,2,8e-10,0.85355076616,13119.72110282519
2,2,6.8e-10,3.39472444791,654.1243803156
2,2,9.4e-10,3.63777789316,7903.073419721
2,2,7.5e-10,5.7767592354,13517.8701062334
2,2,6.7e-10,0.10543129344,12935.8515159232
2,2,6.6e-10,1.89459556834,4845.9002357928
2,2,6.7e-10,6.03101420173,5244.049239201
2,2,6.9e-10,4.43286275856,30065.5118402982
2,2,6.5e-10,2.27540626241,12721.572099417
2,2,7.9e-10,3.75639786511,9225.539273283
2,2,7e-10,3.03096982456,5628.9564702112
2,2,6.5e-10,1.67356767606,2631.6226244232
2,2,7.2e-10,6.15951862716,21.3406410024
2,2,6.5e-10,5.74828882968,20199.094959633
2,2,6e-10,3.13717737901,191.9584544356
2,2,6.3e-10,4.08619875728,13362.517017102
2,2,5.7e-10,3.94042480034,27035.7402124668
2,2,8e-10,0.78152072903,21795.21409161479
2,2,6.4e-10,5.47349341844,6768.5330579394
2,2,6.5e-10,3.55971117777,203.0041546995
2,2,6.2e-10,1.66193360966,5989.0672521728
2,2,6.4e-10,1.05451249819,539.9859058331
2,2,6.1e-10,5.33630384952,838.9692877504
2,2,6.3e-10,1.04268183515,14128.2427712456
2,2,5.9e-10,4.57660740933,25287.7237993998
2,2,5.7e-10,5.46713966805,16699.53901514999
2,2,5.8e-10,1.21995619161,27832.0382192832
2,2,6.2e-10,5.98946104494,8425.6508378148
2,2,5.7e-10,1.09390665574,17412.0519357756
2,2,5.8e-10,2.47846050317,22743.4093795164
2,2,6.1e-10,0.00617004446,3.1813937377
2,2,6.7e-10,3.07992916082,2233.473621015
2,2,6e-10,2.73711498745,16062.1845261168
2,2,4.9e-10,5.0814741761,11128.9760857842
2,2,4.9e-10,1.66916016303,14421.8316369884
2,2,5e-10,2.94640653891,14584.2982731206
2,2,5.7e-10,3.23516782078,8982.810669309
2,2,5e-10,1.30948740291,6593.9166488598
2,2,6.5e-10,3.77065948973,6106.8800550648
2,2,5e-10,4.44975506045,4049.6022289764
2,2,4.7e-10,3.46367064388,302.164775655
2,2,5e-10,6.04891397878,21265.5231265202
2,2,5.6e-10,4.09019049345,9499.2598620056
2,2,5.6e-10,4.4943344609,13362.3823964964
2,2,4.6e-10,4.322776571,13149.1506113612
2,2,4.5e-10,2.73683504159,846.0828347512
2,2,4.5e-10,4.42820214061,8584.6616659008
2,2,4.5e-10,2.31642282675,145.6310438715
2,2,5.1e-10,5.47523455944,19513.9835951042
2,2,4.8e-10,1.25598529065,23141.5583829246
2,2,4.7e-10,0.46146406745,7321.1221397136
2,2,5.2e-10,3.19972838822,4447.7512323846
2,2,5.8e-10,0.8084128666,18454.601664915
2,2,4.3e-10,1.51803973261,8799.988713778
2,2,4.3e-10,0.61818181916,6684.8152820514
2,2,4.6e-10,0.99074391135,10713.9948813262
2,2,4.7e-10,1.7473863533,1062.5633239269
2,2,4.2e-10,4.67651911489,9485.032768004
2,2,5e-10,5.4785491574,8186.5126624926
2,2,4.3e-10,0.99542400694,6705.1032911474
2,2,4.7e-10,3.65366177977,12323.4230960088
2,2,4.8e-10,0.80944904899,10596.1820784342
2,2,4.8e-10,1.24802855734,16460.33352952499
2,2,5.6e-10,1.474499208,6702.000248892
2,2,4.3e-10,6.2384443428,6709.6740408674
2,2,4e-10,2.13905875018,13553.8979729108
2,2,4.3e-10,0.18705839538,6677.6344247478
2,2,4.3e-10,3.41309849056,7373.3824546264
2,2,5e-10,4.87873224736,13892.1406718938
2,2,4.8e-10,2.99107811521,17654.7805397496
2,2,4.6e-10,3.14760491945,3.9321532631
2,2,3.8e-10,4.13769543996,15664.03552270859
2,2,3.8e-10,0.87505173893,3340.6797370026
2,2,3.8e-10,5.98916947033,1258.4539316256
2,2,4.4e-10,4.36036807845,25685.872802808
2,2,4.9e-10,2.91514601795,6657.3464156518
2,2,3.8e-10,2.44636146068,6531.661656265
2,2,3.8e-10,0.17112950159,5099.2655051166
2,2,4.9e-10,1.48899492537,11610.9101753832
2,2,3.7e-10,5.99921778091,18606.4989460002
2,2,3.6e-10,3.12140441287,6158.6474353058
2,2,3.8e-10,5.80724401811,11614.4332937322
2,2,3.5e-10,6.26763450664,1692.1656695024
2,2,3.8e-10,1.7588702949,22324.9050567094
2,2,4.5e-10,4.50061115897,30376.3526391666
2,2,3.5e-10,5.17758129009,20735.83216142559
2,2,3.8e-10,2.84376159594,10213.285546211
2,2,4.6e-10,4.74541684756,3333.5661900018
2,2,4.6e-10,4.51994272467,3347.6586633978
2,2,4.3e-10,1.8806765253,31570.7996493912
2,2,4.2e-10,1.70888858696,13363.4300278674
2,2,3.3e-10,4.03936498647,277.0349937414
2,2,3.6e-10,3.0699789941,26084.0218062162
2,2,3.3e-10,0.0143930754,4777.7880408984
2,2,3.6e-10,6.11394649079,24606.13555322
2,2,3.9e-10,1.28072614128,3340.545116397
2,2,3.7e-10,4.59423799549,19004.6479494084
2,2,3e-10,5.15711969407,8439.8779318164
2,2,3e-10,3.29256356524,2125.8774073792
2,2,3.5e-10,5.96755475967,1056.2005364515
2,2,3.1e-10,5.25117631915,4106.4054911462
2,2,3.1e-10,0.87259059949,2574.8193622534
2,2,3.1e-10,0.98186586659,28230.18722269139
2,2,2.8e-10,0.10419361626,12509.2533250472
2,2,2.9e-10,0.50244127169,16276.463942623
2,2,3.9e-10,4.91039224856,1574.8458012822
2,2,3.5e-10,0.12378304174,3.523118349
2,2,3e-10,5.37981269791,24076.4445881254
2,2,3.4e-10,4.37235683472,11769.8536931664
2,2,2.8e-10,0.5960355704,15650.7937503106
2,2,3.6e-10,4.84158532799,437.6438911399
2,2,2.7e-10,6.26048737681,11527.1250891924
2,2,2.8e-10,1.90040914464,1055.4497769261
2,2,2.7e-10,1.20265931007,20809.4676246452
2,2,2.7e-10,4.82118994609,17101.2111369072
2,2,3.1e-10,1.8250253891,1272.6810256272
2,2,3.1e-10,3.11642365383,19402.7969528166
2,2,3.4e-10,0.07900082872,28628.3362260996
2,2,2.6e-10,1.55966729504,21548.9623692918
2,2,3e-10,5.04089195924,11925.2740926006
2,2,2.7e-10,4.68673408301,1038.0412891868
2,2,2.6e-10,4.11559858625,13916.0191096416
2,2,3.1e-10,3.85373149878,6843.6914895318
2,2,2.6e-10,5.44448128332,13745.3462390224
2,2,2.6e-10,2.52360223364,16066.0658614748
2,2,2.9e-10,0.0837558359,1485.9801210652
2,2,2.7e-10,6.07872663556,618.5566453116
2,2,2.8e-10,5.50723877314,15265.8865193004
2,2,2.6e-10,5.523800002,415.5524906121
2,2,2.5e-10,3.73793787048,23695.127785767
2,2,3.2e-10,4.88973346842,20597.2439630412
2,2,2.6e-10,6.0412257218,12722.5524204852
2,2,2.6e-10,3.49078871449,430.5303441391
2,2,2.4e-10,1.9982061405,18.1592472647
2,2,2.5e-10,4.910850181,29026.48522950779
2,2,2.3e-10,6.16563076611,231.4583427027
2,2,2.3e-10,5.58098323545,831.8557407496
2,2,2.3e-10,2.8758703644,31172.650645983
2,2,2.2e-10,0.59265034235,22747.2907148744
2,2,2.6e-10,0.10826980097,21947.1113727
2,2,2.2e-10,5.95022215185,16858.4825329332
2,2,2.4e-10,5.54824366988,3877.4169387952
2,2,2.4e-10,0.26293436197,23539.7073863328
2,2,2.1e-10,4.15712645283,447.9388318784
2,2,2.4e-10,0.66675947895,1368.660252845
2,2,2e-10,5.70175704295,10.2949407385
2,2,2.1e-10,5.54933439149,1744.4259844152
2,2,2e-10,0.82610997828,33318.8160624582
2,3,1.451417e-05,0.0,0.0
2,3,5.48277e-06,0.33360423382,6681.2248533996
2,3,3.16422e-06,0.81609547752,10021.8372800994
2,3,1.21864e-06,4.21281448757,3340.6124266998
2,3,8.8558e-07,1.20276993071,13362.4497067992
2,3,2.2088e-07,4.54598360855,206.1855484372
2,3,2.1546e-07,3.46116671016,220.4126424388
2,3,1.9088e-07,1.56560410465,16703.062133499
2,3,1.7293e-07,1.97503775578,3496.032826134
2,3,1.705e-07,4.14879086475,3185.1920272656
2,3,1.63e-07,1.14934178921,522.5774180938
2,3,1.5923e-07,0.06221071687,536.8045120954
2,3,7.913e-08,4.62482643997,3337.0893083508
2,3,7.879e-08,1.48801834339,3344.1355450488
2,3,3.598e-08,1.91971055963,20043.6745601988
2,3,3.724e-08,2.74263177823,3583.3410306738
2,3,3.706e-08,3.37952847105,3097.88382272579
2,3,3.093e-08,2.22514436528,426.598190876
2,3,2.859e-08,1.93515168613,6684.7479717486
2,3,2.568e-08,2.47493921494,433.7117378768
2,3,2.392e-08,4.50849572151,6525.8044539654
2,3,2.105e-08,3.35595521974,227.5261894396
2,3,2.041e-08,5.09904909662,1059.3819301892
2,3,2.389e-08,0.57456638903,3894.1818295422
2,3,2.357e-08,5.54957319553,2787.0430238574
2,3,2.125e-08,5.75979360774,155.4203994342
2,3,1.378e-08,1.27086042787,515.463871093
2,3,1.266e-08,3.80209162712,419.4846438752
2,3,1.301e-08,5.46343073746,4292.3308329504
2,3,1.265e-08,0.6583236952,2388.8940204492
2,3,1.16e-08,5.63751190575,3532.0606928114
2,3,1.144e-08,0.47525689968,3149.1641605882
2,3,1.14e-08,0.36648108968,4136.9104335162
2,3,1.363e-08,4.63636570705,7.1135470008
2,3,1.013e-08,4.67704889552,199.0720014364
2,3,1.037e-08,0.69915801725,1066.49547719
2,3,1.033e-08,5.74652285578,2544.3144198834
2,3,9.64e-09,6.2204514585,543.9180590962
2,3,9.99e-09,0.83738148713,3339.6321056316
2,3,9.03e-09,4.06289414325,4690.4798363586
2,3,9.93e-09,5.28170605059,3341.592747768
2,3,8.66e-09,2.03957182186,1990.745017041
2,3,7.8e-09,2.29915840069,10025.3603984484
2,3,7.95e-09,1.68810281929,3723.508958923
2,3,8.49e-09,1.26670686968,639.897286314
2,3,7.81e-09,4.42878840709,2957.7158944766
2,3,6.78e-09,0.7955478313,1052.2683831884
2,3,6.26e-09,2.26722464083,23384.2869868986
2,3,7.18e-09,5.26216518522,4535.0594369244
2,3,6.3e-09,2.66594816549,5088.6288397668
2,3,6.19e-09,0.8718544069,2146.1654164752
2,3,5.91e-09,3.4196173012,1592.5960136328
2,3,4.5e-09,0.35535293147,3333.498879699
2,3,4.26e-09,1.74413244329,3738.761430108
2,3,4.11e-09,4.29235402771,2942.4634232916
2,3,4.13e-09,5.78184272155,3347.7259737006
2,3,3.98e-09,5.34760414214,4399.994356889
2,3,3.72e-09,1.83526632397,6836.6452528338
2,3,4.89e-09,3.10015454635,6923.9534573736
2,3,3.56e-09,5.91358813779,6127.6554505572
2,3,3.99e-09,0.93216820629,6489.776587288
2,3,3.92e-09,4.59101411052,14.2270940016
2,3,2.91e-09,1.57357745396,647.0108333148
2,3,2.8e-09,1.1407128883,5621.8429232104
2,3,3.57e-09,4.8635856647,9866.4168806652
2,3,2.93e-09,2.25152589204,7079.3738568078
2,3,3.38e-09,0.7742808913,7477.522860216
2,3,2.48e-09,5.85725743749,1589.0728952838
2,3,2.38e-09,3.64302943603,6438.4962494256
2,3,2.14e-09,5.70028080048,6682.2051744678
2,3,2.14e-09,2.46865385667,440.8252848776
2,3,2.31e-09,2.85226310193,216.4804891757
2,3,2.2e-09,5.18394074276,210.1177017003
2,3,1.76e-09,2.42829974834,5331.3574437408
2,3,2.15e-09,1.03281362505,5729.506447149
2,3,1.57e-09,3.81392312629,4933.2084403326
2,3,1.53e-09,5.6415747771,7875.6718636242
2,3,1.49e-09,4.80621690834,6298.3283211764
2,3,1.73e-09,2.64284412795,13365.9728251482
2,3,1.29e-09,0.22762324749,1045.1548361876
2,3,1.44e-09,0.84473821034,7234.794256242
2,3,1.56e-09,5.74300569044,7740.6067835888
2,3,1.42e-09,4.53500950354,6677.7017350506
2,3,1.23e-09,0.51351773704,853.196381752
2,3,1.37e-09,2.1543586326,529.6909650946
2,3,9.2e-10,3.22442461302,234.6397364404
2,3,1e-09,1.34247959502,9830.3890139878
2,3,8.7e-10,4.52965482365,103.0927742186
2,3,1.08e-09,2.66869708217,10419.9862835076
2,3,8.3e-10,5.73181738271,4929.6853219836
2,3,9.2e-10,3.90819414656,117.3198682202
2,3,8.4e-10,1.14929842944,10818.1352869158
2,3,8.5e-10,5.57189606315,95.9792272178
2,3,9.4e-10,2.25901632919,213.299095438
2,3,9.9e-10,2.61551137742,26724.8994135984
2,3,7.6e-10,5.73955552897,7632.9432596502
2,3,7.5e-10,1.30082808866,1596.1864422846
2,3,8.4e-10,3.85936136739,796.2980068164
2,3,7.8e-10,4.96547279129,110.2063212194
2,3,7.1e-10,4.48281367743,632.7837393132
2,3,7.6e-10,3.40988387446,412.3710968744
2,3,6.4e-10,2.39566214965,316.3918696566
2,3,6.5e-10,3.44980702826,10264.5658840734
2,3,8.2e-10,6.18741349378,6688.3384004004
2,3,5.7e-10,6.2648323529,9468.267877257
2,3,5.7e-10,3.22569928236,12832.7587417046
2,3,5.6e-10,1.44254805098,508.3503240922
2,3,5.7e-10,1.64237063245,7210.9158184942
2,3,5.6e-10,2.67589330508,9492.1463150048
2,3,5.3e-10,5.43922764587,398.1490034082
2,3,5.5e-10,1.71252125469,323.5054166574
2,3,5.1e-10,4.25693864007,8273.8208670324
2,3,4.8e-10,0.40111970766,1073.6090241908
2,3,5e-10,2.5124081809,1194.4470102246
2,3,5e-10,5.21362719324,13207.029307365
2,3,4.4e-10,5.38376440301,12303.06777661
2,3,4.7e-10,4.01504004134,6681.2075997474
2,3,4.3e-10,1.11183270113,3870.3033917944
2,3,5.6e-10,6.19540120033,735.8765135318
2,3,4.7e-10,6.04581305192,6681.2421070518
2,3,4.6e-10,4.32857993306,8031.0922630584
2,3,4.2e-10,6.13276553266,625.6701923124
2,3,4.2e-10,0.26848832014,10021.8545337516
2,3,4.3e-10,6.08984121699,10022.8176011676
2,3,3.7e-10,4.08178891841,1349.8674096588
2,3,3.9e-10,5.02961841371,942.062061969
2,3,4.2e-10,4.52104600477,10021.8200264472
2,3,3.5e-10,4.87091729626,8827.3902698748
2,3,3.6e-10,6.10910831551,11081.2192102886
2,3,3.6e-10,3.01279484364,209.3669421749
2,3,3.5e-10,1.39789454098,9070.1188738488
2,3,3.3e-10,5.71992391629,15643.6802033098
2,3,3.7e-10,4.27106838047,10018.3141617504
2,3,3.1e-10,0.883562469,1581.959348283
2,3,3.1e-10,6.0331046314,551.031606097
2,3,3.2e-10,4.98300318004,217.2312487011
2,3,3.3e-10,0.75212348383,860.3099287528
2,3,3.1e-10,5.50269500344,951.7184062506
2,3,3.7e-10,1.88071119483,7064.1213856228
2,3,3e-10,4.51763020093,70.8494453042
2,3,2.7e-10,2.35184788494,149.5631971346
2,3,2.8e-10,1.91930691377,330.6189636582
2,3,2.7e-10,0.05305218851,2118.7638603784
2,3,2.8e-10,0.17790568355,78.7137518304
2,3,2.6e-10,6.01108995623,11216.284290324
2,3,2.7e-10,4.37487614145,21.3406410024
2,3,2.6e-10,1.55191904155,10575.4066829418
2,3,3.1e-10,0.94089475776,6680.2445323314
2,3,2.9e-10,5.17540731322,949.1756089698
2,3,2.6e-10,2.14397962255,9623.6882766912
2,3,2.5e-10,3.02081007506,124.433415221
2,3,3.3e-10,2.73570572399,223.5940361765
2,3,2.8e-10,4.00361922136,8432.7643848156
2,3,2.5e-10,3.04909888089,13760.5987102074
2,3,2.5e-10,5.88306502494,1169.5882514086
2,3,3.3e-10,2.81930816477,8671.9698704406
2,3,2.5e-10,5.31993147893,8962.4553499102
2,3,2.4e-10,6.25389986741,63.7358983034
2,3,2.4e-10,4.81432332838,191.9584544356
2,3,2.8e-10,0.01012773075,728.762966531
2,3,3e-10,0.63584180471,553.5694028424
2,3,2.7e-10,2.96898104191,16706.585251848
2,3,2.4e-10,1.59054971444,654.1243803156
2,3,2.6e-10,3.11614471488,1748.016413067
2,3,3e-10,4.35202882411,309.2783226558
2,3,2.2e-10,0.58430377684,1155.361157407
2,3,2.4e-10,6.0325995894,8270.2977486834
2,3,2.5e-10,2.12757387882,6894.5239488376
2,3,2e-10,5.79574932921,88.865680217
2,3,2.3e-10,3.64404039148,956.2891559706
2,3,1.9e-10,4.74503190924,85.8272988312
2,3,2e-10,5.94324542589,3767.2106175758
2,3,1.9e-10,5.66498805054,73.297125859
2,3,2e-10,5.16271011972,9638.9407478762
2,3,1.8e-10,2.62494525957,2281.2304965106
2,3,2.5e-10,1.94036276937,429.7795846137
2,3,1.8e-10,0.54862494405,6674.1113063988
2,3,1.7e-10,1.71122423456,13171.0014406876
2,3,2.4e-10,1.95947716237,519.3960243561
2,3,2e-10,0.29570924626,71.6002048296
2,3,1.9e-10,1.19709776876,5486.777843175
2,3,2.3e-10,0.12198032175,10973.55568635
2,3,1.6e-10,2.13814265982,6681.1575430968
2,3,1.8e-10,4.38365354248,77.962992305
2,3,1.7e-10,5.90592241107,242.728603974
2,3,1.9e-10,0.71454311343,2810.9214616052
2,3,1.6e-10,4.70914310164,202.2533951741
2,3,1.6e-10,2.45822520726,10551.528245194
2,3,1.5e-10,6.18242140747,5459.3762870782
2,3,2e-10,5.48263393467,539.9859058331
2,3,1.6e-10,3.45867068386,224.3447957019
2,3,1.5e-10,5.26771574252,302.164775655
2,3,1.6e-10,1.72964627298,6681.2921637024
2,3,1.4e-10,0.28512193614,10028.9508271002
2,3,1.4e-10,5.35318240788,76.2660712756
2,3,1.3e-10,1.74759770781,10177.2576795336
2,3,1.4e-10,5.31424135483,191.4482661116
2,3,1.7e-10,5.40518600219,203.0041546995
2,3,1.1e-10,3.8720682463,11.0457002639
2,3,1.4e-10,4.95938607846,12310.1813236108
2,3,1.1e-10,3.23427487345,8429.2412664666
2,3,1.1e-10,1.66323689163,382.8965322232
2,3,1e-10,2.40929335654,36.6485629295
2,4,1.2136e-07,5.53171096923,10021.8372800994
2,4,1.4623e-07,0.0,0.0
2,4,9.397e-08,5.00023134055,6681.2248533996
2,4,3.728e-08,2.31744309373,3340.6124266998
2,4,5.176e-08,5.94994449818,13362.4497067992
2,4,2.424e-08,3.4821298382,3496.032826134
2,4,2.408e-08,2.63869857743,3185.1920272656
2,4,2.278e-08,6.2738890301,206.1855484372
2,4,2.245e-08,1.70782913671,220.4126424388
2,4,1.682e-08,2.8998895537,522.5774180938
2,4,1.636e-08,4.60365551069,536.8045120954
2,4,1.495e-08,0.04984648713,16703.062133499
2,4,5.96e-09,4.88542666193,3097.88382272579
2,4,5.91e-09,1.23338318291,3583.3410306738
2,4,4.31e-09,1.63508563664,227.5261894396
2,4,3.8e-09,2.99761351607,6525.8044539654
2,4,3.54e-09,0.41910666274,20043.6745601988
2,4,3.49e-09,0.69586528581,433.7117378768
2,4,2.91e-09,3.00165310731,515.463871093
2,4,2.86e-09,2.0745118338,3894.1818295422
2,4,2.85e-09,4.04744586305,2787.0430238574
2,4,2.06e-09,4.48461122025,543.9180590962
2,4,2.04e-09,0.11049991144,199.0720014364
2,4,2.53e-09,6.13013788772,3344.1355450488
2,4,2.56e-09,6.25236569892,3337.0893083508
2,4,1.52e-09,0.37871347738,6684.7479717486
2,4,1.23e-09,5.38340390628,1066.49547719
2,4,1.28e-09,3.68714753439,6836.6452528338
2,4,9.9e-10,5.70623543947,419.4846438752
2,4,1.17e-09,0.28020890432,426.598190876
2,4,9.6e-10,2.80306869168,7.1135470008
2,4,8.8e-10,1.59660002748,6923.9534573736
2,4,7.1e-10,0.77284614163,23384.2869868986
2,4,6.1e-10,2.82818345895,14.2270940016
2,4,5.6e-10,0.77975710465,10025.3603984484
2,4,5.2e-10,3.37268534533,1059.3819301892
2,4,6.6e-10,2.63263056615,1052.2683831884
2,4,5e-10,0.71576934216,440.8252848776
2,4,4.9e-10,4.4092178379,6127.6554505572
2,4,6.3e-10,3.35944487422,9866.4168806652
2,4,5.9e-10,5.6953289291,639.897286314
2,4,4.9e-10,6.02940323662,647.0108333148
2,4,3.4e-10,5.11011261832,6438.4962494256
2,4,2.8e-10,0.2606415733,213.299095438
2,4,2.4e-10,1.48209397973,234.6397364404
2,4,2.3e-10,2.06131193005,1045.1548361876
2,4,1.8e-10,5.672737055,6489.776587288
2,4,1.4e-10,3.25423631036,508.3503240922
2,4,1.3e-10,4.48491117264,1589.0728952838
2,4,1.5e-10,5.54124089005,7477.522860216
2,4,1.2e-10,4.18496035489,6682.2051744678
2,4,1.2e-10,3.79977496971,4399.994356889
2,4,1.3e-10,4.15046759496,10177.2576795336
2,4,1.4e-10,2.25691477586,7234.794256242
2,4,1.1e-10,1.94853565727,10264.5658840734
2,4,1.1e-10,5.24080280774,412.3710968744
2,4,1.2e-10,4.87116288717,853.196381752
2,4,1.1e-10,0.69449787915,7079.3738568078
2,4,1e-10,5.03146150255,1073.6090241908
2,4,1.2e-10,5.8313725715,5729.506447149
2,4,1.3e-10,1.15304574873,13365.9728251482
2,4,1e-10,1.05727005468,95.9792272178
2,4,1e-10,6.0679955502,1596.1864422846
2,4,1e-10,5.7109180202,529.6909650946
2,4,1e-10,0.93942138709,5331.3574437408
2,4,1.1e-10,1.10451949945,26724.8994135984
2,4,8e-11,3.3179497645,6298.3283211764
2,4,9e-11,2.7638405123,21.3406410024
2,4,7e-11,4.15606002322,7875.6718636242
2,4,7e-11,2.33508864924,4933.2084403326
2,4,8e-11,6.23072779166,103.0927742186
2,4,1e-10,2.05522879011,117.3198682202
2,4,7e-11,3.08813888762,110.2063212194
2,4,7e-11,4.1477376535,551.031606097
2,4,6e-11,6.11652071967,654.1243803156
2,5,3.53e-09,3.94830849426,10021.8372800994
2,5,2.74e-09,4.99240388971,3496.032826134
2,5,2.72e-09,1.12308951649,3185.1920272656
2,5,2.38e-09,4.40065412405,13362.4497067992
2,5,1.68e-09,1.70751121627,206.1855484372
2,5,1.68e-09,6.23113008656,220.4126424388
2,5,1.51e-09,1.08010493938,3340.6124266998
2,5,1.26e-09,4.78360062168,522.5774180938
2,5,1.7e-09,3.14159265359,0.0
2,5,1.21e-09,2.73213408225,536.8045120954
2,5,9.3e-10,4.81201084553,16703.062133499
2,5,7.7e-10,0.11215015675,3097.88382272579
2,5,7.7e-10,6.01161676189,3583.3410306738
2,5,6.5e-10,6.17991345652,227.5261894396
2,5,5.9e-10,2.67997407478,6681.2248533996
2,5,4.9e-10,1.49385098876,6525.8044539654
2,5,4.7e-10,4.76645839063,515.463871093
2,5,3.8e-10,5.19126826175,433.7117378768
2,5,3.2e-10,2.69880941648,543.9180590962
2,5,2.7e-10,5.18582314898,20043.6745601988
2,5,2.7e-10,1.88223142168,199.0720014364
2,5,2.6e-10,3.60298036992,3894.1818295422
2,5,2.6e-10,2.52078654872,2787.0430238574
2,5,1.3e-10,5.15994044385,6836.6452528338
2,5,1.1e-10,1.18187733048,14.2270940016
2,5,1.1e-10,3.7642025128,1066.49547719
2,5,1.3e-10,0.0900096193,6923.9534573736
2,5,1e-10,5.22684912304,440.8252848776
2,5,6e-11,5.09874289885,6684.7479717486
2,5,7e-11,1.85064036647,9866.4168806652
2,5,5e-11,2.89632661954,6127.6554505572
2,5,7e-11,4.23388483049,647.0108333148
2,5,5e-11,5.5580438783,23384.2869868986
2,5,4e-11,0.31530831962,6438.4962494256
2,5,4e-11,4.91327178242,1052.2683831884
2,5,4e-11,2.02140363828,419.4846438752
2,5,3e-11,3.88823715659,639.897286314
2,5,3e-11,6.08770400766,234.6397364404
3,0,0.04901205639,3.76712324293,3340.6124266998
3,0,0.00659516885,0.0,0.0
3,0,0.00228333831,4.10544022266,6681.2248533996
3,0,0.00015958402,4.44367058261,10021.8372800994
3,0,0.00011803129,0.45922638235,213.299095438
3,0,0.00011012894,0.3930742899,529.6909650946
3,0,4.80193e-05,4.58262362363,38.1330356378
3,0,1.321976e-05,4.78186604114,13362.4497067992
3,0,1.130585e-05,5.75854380515,74.7815985673
3,0,6.7966e-06,5.65109977813,3337.0893083508
3,0,6.79219e-06,5.02527030899,3344.1355450488
3,0,5.3114e-06,3.86748390045,2281.2304965106
3,0,4.4365e-06,1.58511946273,1059.3819301892
3,0,3.01376e-06,5.99676838171,426.598190876
3,0,2.18762e-06,1.18094849702,3340.5951730476
3,0,2.18761e-06,3.21172012852,3340.629680352
3,0,1.52333e-06,6.0810956613,6151.533888305
3,0,1.46631e-06,5.09927022855,398.1490034082
3,0,1.52443e-06,2.1325453585,5621.8429232104
3,0,1.20328e-06,5.12010663983,16703.062133499
3,0,1.26016e-06,3.67803475473,796.2980068164
3,0,1.16766e-06,4.8691358301,2942.4634232916
3,0,1.12925e-06,5.76548397681,3738.761430108
3,0,9.4338e-07,3.70945651427,206.1855484372
3,0,8.1761e-07,0.33704188871,220.4126424388
3,0,7.429e-07,2.43508234938,8962.4553499102
3,0,7.1989e-07,5.54217679275,3340.545116397
3,0,6.8644e-07,5.54532471548,6283.0758499914
3,0,7.1987e-07,5.13368040597,3340.6797370026
3,0,6.3219e-07,5.36590967098,6684.7479717486
3,0,7.5858e-07,4.51645136094,3149.1641605882
3,0,6.3502e-07,4.1674838574,1751.539531416
3,0,6.3828e-07,5.98786823499,6677.7017350506
3,0,5.9355e-07,0.72879549961,5884.9268465832
3,0,5.0332e-07,1.96033823263,2810.9214616052
3,0,4.9616e-07,2.11296039316,1589.0728952838
3,0,5.1292e-07,2.64769056433,2914.0142358238
3,0,4.4615e-07,5.88956380171,3532.0606928114
3,0,4.5526e-07,2.27415776311,1194.4470102246
3,0,4.5098e-07,4.08200115074,4136.9104335162
3,0,4.0233e-07,0.43178323417,522.5774180938
3,0,3.3148e-07,2.01609063016,5486.777843175
3,0,3.0856e-07,3.41662901377,536.8045120954
3,0,3.3968e-07,0.46851841759,2544.3144198834
3,0,2.7697e-07,5.54319865094,191.4482661116
3,0,3.0473e-07,4.98782051819,3870.3033917944
3,0,2.4534e-07,5.66491831903,36.6485629295
3,0,2.3291e-07,0.36646817056,39.6175083461
3,0,2.5107e-07,1.90049463354,149.5631971346
3,0,2.3112e-07,1.07197693861,7.1135470008
3,0,2.2262e-07,0.19101027284,9492.1463150048
3,0,2.1566e-07,2.45059201892,3333.498879699
3,0,1.9445e-07,3.36733718353,5088.6288397668
3,0,2.2415e-07,2.8079235337,3496.032826134
3,0,1.9109e-07,0.86825937304,1592.5960136328
3,0,2.4101e-07,2.57371991774,4399.994356889
3,0,2.0382e-07,3.55004736979,6681.2421070518
3,0,1.9409e-07,3.19792759578,76.2660712756
3,0,1.9188e-07,1.51640815942,3185.1920272656
3,0,2.0382e-07,1.5192757383,6681.2075997474
3,0,1.47e-07,1.56227576202,110.2063212194
3,0,1.3488e-07,2.86475891587,3341.592747768
3,0,1.3492e-07,1.5279118483,3339.6321056316
3,0,1.1777e-07,4.79772279974,3553.9115221378
3,0,1.2741e-07,6.05559229749,7079.3738568078
3,0,1.1907e-07,1.65033513222,6254.6266625236
3,0,1.1511e-07,2.75835305381,12303.06777661
3,0,1.1629e-07,5.4583223769,20043.6745601988
3,0,1.0504e-07,2.26694979515,316.3918696566
3,0,1.0048e-07,2.70644507479,419.4846438752
3,0,1.178e-07,4.75307421274,4690.4798363586
3,0,8.746e-08,1.07533372055,9225.539273283
3,0,9.3e-08,5.74426412364,1990.745017041
3,0,9.01e-08,5.91031650213,9623.6882766912
3,0,9.437e-08,5.4263045328,639.897286314
3,0,9.099e-08,4.14734627288,3127.3133312618
3,0,8.399e-08,2.6594277273,4535.0594369244
3,0,1.1208e-07,2.64763421097,8432.7643848156
3,0,8.425e-08,5.67806346712,6467.9257579616
3,0,7.879e-08,6.16301318418,4292.3308329504
3,0,8.04e-08,3.7701074117,73.297125859
3,0,6.986e-08,1.31599425886,3894.1818295422
3,0,7.013e-08,4.83160093113,6489.776587288
3,0,6.707e-08,5.47201048198,6681.2921637024
3,0,8.732e-08,5.94456391651,5092.1519581158
3,0,6.427e-08,6.10941025846,4562.4609930212
3,0,8.234e-08,3.68630710748,2700.7151403858
3,0,7.214e-08,1.11647593098,3319.8370312074
3,0,6.128e-08,4.51741845562,1221.8485663214
3,0,6.627e-08,5.70488581385,10025.3603984484
3,0,6.712e-08,0.04223488375,10018.3141617504
3,0,7.157e-08,3.27593626835,3361.3878221922
3,0,5.667e-08,1.8457232492,2957.7158944766
3,0,6.707e-08,5.88050686882,6681.1575430968
3,0,5.096e-08,2.58887167453,103.0927742186
3,0,4.916e-08,2.93046960145,2787.0430238574
3,0,4.722e-08,2.41041908083,3344.2028553516
3,0,4.742e-08,1.97920373919,3337.021998048
3,0,4.597e-08,4.41002877977,7477.522860216
3,0,5.894e-08,2.37544303737,2118.7638603784
3,0,5.433e-08,4.33760555117,2388.8940204492
3,0,4.194e-08,5.86775522337,433.7117378768
3,0,4.363e-08,2.24320799714,11773.3768115154
3,0,4.127e-08,2.04411881734,2146.1654164752
3,0,3.613e-08,3.61081984797,8429.2412664666
3,0,3.478e-08,2.64660968975,4929.6853219836
3,0,3.714e-08,1.76418965622,382.8965322232
3,0,3.331e-08,6.17753431621,7210.9158184942
3,0,3.58e-08,3.90470994536,7903.073419721
3,0,3.111e-08,2.03406809335,155.4203994342
3,0,3.351e-08,0.47359753009,3475.6775067352
3,0,3.948e-08,0.33532528162,1.4844727083
3,0,3.025e-08,1.91083270977,9595.2390892234
3,0,3.493e-08,2.25666784516,3723.508958923
3,0,3.509e-08,3.91758478184,3205.5473466644
3,0,3.007e-08,0.8124734182,2274.1169495098
3,0,2.982e-08,3.68257004005,2288.3440435114
3,0,2.699e-08,5.36817159012,632.7837393132
3,0,2.567e-08,4.96092533051,8031.0922630584
3,0,2.649e-08,2.98742483865,3767.2106175758
3,0,2.559e-08,4.63571839354,1066.49547719
3,0,2.322e-08,1.23249592342,4933.2084403326
3,0,2.733e-08,0.51395284395,12832.7587417046
3,0,2.136e-08,3.8884222335,10021.8545337516
3,0,2.136e-08,1.857650602,10021.8200264472
3,0,2.772e-08,2.43968968772,8827.3902698748
3,0,2.162e-08,3.01828376513,6041.3275670856
3,0,2.091e-08,3.80489059877,6872.6731195112
3,0,2.233e-08,2.94758000961,7740.6067835888
3,0,2.614e-08,4.45694073527,6674.1113063988
3,0,2.255e-08,6.11824868545,1162.4747044078
3,0,2.513e-08,0.10458597053,3583.3410306738
3,0,1.861e-08,4.13522134185,1349.8674096588
3,0,1.728e-08,2.95584201533,12168.0026965746
3,0,1.783e-08,3.1460820881,846.0828347512
3,0,1.84e-08,0.20978853293,4032.7700279266
3,0,1.669e-08,5.50497155791,951.7184062506
3,0,1.566e-08,1.99768150464,202.2533951741
3,0,1.911e-08,2.94107630035,1748.016413067
3,0,1.442e-08,1.8773123749,3077.528503327
3,0,1.589e-08,1.736012972,3369.0616141676
3,0,1.473e-08,0.17358194104,35.1640902212
3,0,1.379e-08,0.09013023527,10419.9862835076
3,0,1.392e-08,0.27504136647,3325.3599555148
3,0,1.58e-08,4.486651763,3.523118349
3,0,1.766e-08,1.85661467458,6525.8044539654
3,0,1.292e-08,2.51829136056,3603.6963500726
3,0,1.297e-08,5.48481699939,11371.7046897582
3,0,1.613e-08,0.62341029242,553.5694028424
3,0,1.384e-08,4.11719633248,3355.8648978848
3,0,1.261e-08,1.86730474733,6680.2445323314
3,0,1.61e-08,2.65671079949,3312.163239232
3,0,1.274e-08,0.55350948232,3191.0492295652
3,0,1.704e-08,4.50757815133,3097.88382272579
3,0,1.46e-08,0.04101454115,7632.9432596502
3,0,1.216e-08,2.98306649362,6836.6452528338
3,0,1.161e-08,4.60505013406,1648.4467571974
3,0,1.579e-08,3.09053337023,15643.6802033098
3,0,1.137e-08,6.15183461939,2.9689454166
3,0,1.118e-08,6.05429252683,9808.5381846614
3,0,1.376e-08,0.81116680514,3503.079062832
3,0,1.226e-08,4.21385605828,949.1756089698
3,0,1.32e-08,3.23812050004,3347.7259737006
3,0,1.419e-08,0.32932000507,3264.3463554242
3,0,1.028e-08,0.21025596115,227.5261894396
3,0,1.103e-08,5.79565205719,6894.5239488376
3,0,1.257e-08,3.20326473314,6682.2051744678
3,0,1.004e-08,4.71380449727,2487.4160449478
3,0,1.014e-08,0.55883970461,10973.55568635
3,0,9.5e-09,2.98201757904,3178.1457905676
3,0,1.045e-08,0.86029132561,1052.2683831884
3,0,9.58e-09,1.45300862079,12566.1516999828
3,0,9.64e-09,5.98684645223,242.728603974
3,0,9.25e-09,5.46131905325,5614.7293762096
3,0,9.35e-09,4.94933845312,1758.6530784168
3,0,9.83e-09,2.64122033139,2648.454825473
3,0,1.171e-08,5.79646129252,23384.2869868986
3,0,8.82e-09,0.48413591726,209.3669421749
3,0,8.62e-09,5.26762490934,41.1019810544
3,0,8.53e-09,4.81086337808,15110.4661198662
3,0,9.01e-09,5.6792882339,2921.1277828246
3,0,1.125e-08,6.27341969245,12964.300703391
3,0,8.44e-09,2.97906384874,7875.6718636242
3,0,8.11e-09,0.19379046862,3346.1353510072
3,0,8.12e-09,4.19639785587,3335.0895023924
3,0,9.09e-09,3.41244701373,10213.285546211
3,0,7.74e-09,1.38696439205,7234.794256242
3,0,8.64e-09,2.92013522974,148.0787244263
3,0,7.42e-09,0.37908087243,13358.9265884502
3,0,8.46e-09,3.60649450344,217.2312487011
3,0,7.32e-09,5.16784948008,9830.3890139878
3,0,9.46e-09,1.88936722079,5628.9564702112
3,0,8.2e-09,4.37824637524,7373.3824546264
3,0,7.79e-09,3.77257775192,63.7358983034
3,0,6.76e-09,1.45080754975,1692.1656695024
3,0,8.31e-09,6.2001643149,323.5054166574
3,0,7.85e-09,4.59990880607,6438.4962494256
3,0,6.68e-09,3.61130377946,6702.000248892
3,0,6.55e-09,2.60002275981,11243.6858464208
3,0,7.6e-09,3.03501058836,3360.96774609859
3,0,7.64e-09,4.37581912554,11769.8536931664
3,0,7.04e-09,5.80908299008,10021.9045904022
3,0,8.4e-09,6.11799044851,5331.3574437408
3,0,6.29e-09,1.09880202633,14314.1681130498
3,0,6.48e-09,1.31807916461,1581.959348283
3,0,7.04e-09,6.21757937692,10021.7699697966
3,0,6.46e-09,3.01919436853,9381.9399937854
3,0,6.12e-09,3.40750819704,10713.9948813262
3,0,7.32e-09,6.04237219046,13365.9728251482
3,0,7.71e-09,2.47252701375,15113.9892382152
3,0,6.21e-09,5.85690842904,3351.2490920496
3,0,6.87e-09,2.88181717922,71.8126531507
3,0,7.67e-09,1.35441792357,3320.257107301
3,0,6.92e-09,1.46718257115,6660.4494579072
3,0,6.69e-09,0.51352618116,7064.1213856228
3,0,6e-09,5.04547651146,692.1576012268
3,0,6.23e-09,4.81491846507,3329.97576135
3,0,6.61e-09,2.79286199869,2906.900688823
3,0,5.59e-09,1.77674120898,742.9900605326
3,0,5.7e-09,4.61307898923,3074.005384978
3,0,5.24e-09,6.05770135572,3607.2194684216
3,0,5.16e-09,2.43629649577,13916.0191096416
3,0,5.07e-09,2.02939502894,3333.5661900018
3,0,6.05e-09,1.93804011864,10575.4066829418
3,0,4.79e-09,3.05388055553,224.3447957019
3,0,4.88e-09,4.67812564849,5729.506447149
3,0,4.65e-09,5.5622476658,8955.3418029094
3,0,4.67e-09,3.02812406788,6144.4203413042
3,0,4.59e-09,3.95268976842,77.7505439839
3,0,5.24e-09,2.17529898104,6298.3283211764
3,0,5.75e-09,3.85836565065,199.0720014364
3,0,4.49e-09,4.27905913954,6546.1597733642
3,0,4.42e-09,2.21279250958,3347.6586633978
3,0,4.42e-09,0.35835774849,18052.9295431578
3,0,4.52e-09,4.74868579573,5828.0284716476
3,0,4.44e-09,2.31126753824,6677.6344247478
3,0,4.57e-09,2.7648217207,5459.3762870782
3,0,4.52e-09,2.18667537557,12935.8515159232
3,0,4.4e-09,2.2802455372,8969.568896911
3,0,4.39e-09,3.26823913184,6127.6554505572
3,0,4.21e-09,5.42036909165,11.0457002639
3,0,4.5e-09,4.97549718782,6531.661656265
3,0,4.67e-09,5.81074791371,6158.6474353058
3,0,4.3e-09,4.78793443738,3863.1898447936
3,0,4.09e-09,1.99836071636,3980.5097130138
3,0,3.99e-09,4.74255258433,10818.1352869158
3,0,4.53e-09,6.26634249241,14712.317116458
3,0,4.37e-09,2.74634913436,6684.8152820514
3,0,3.98e-09,5.55088274653,853.196381752
3,0,5.34e-09,0.54255389653,515.463871093
3,0,4e-09,2.77865299135,4989.0591838972
3,0,5.06e-09,1.18461823734,1744.4259844152
3,0,4.38e-09,5.18436075568,1596.1864422846
3,0,3.85e-09,0.88914902748,151.0476698429
3,0,3.8e-09,4.9781884912,10014.7237330986
3,0,3.71e-09,3.33405966002,10177.2576795336
3,0,4.29e-09,1.40544578224,14.2270940016
3,0,3.61e-09,5.24088703687,2178.137722292
3,0,4e-09,1.62063267593,14584.2982731206
3,0,4.03e-09,1.82423390219,3399.9862886134
3,0,4.1e-09,4.54392931383,3344.4937620578
3,0,4.18e-09,4.88395861492,3443.7052009184
3,0,3.41e-09,3.76526341028,6688.3384004004
3,0,3.87e-09,2.20624213901,3281.2385647862
3,0,3.28e-09,1.6070657338,3546.797975137
3,0,3.46e-09,5.93876607715,3364.4908644476
3,0,4.27e-09,0.42766619939,10551.528245194
3,0,3.33e-09,2.9739119878,17256.6315363414
3,0,3.21e-09,6.22426544685,956.2891559706
3,0,3.51e-09,0.89374033083,16173.3711684044
3,0,3.19e-09,1.05944718196,117.3198682202
3,0,3.87e-09,5.50555914948,3973.396166013
3,0,4.1e-09,6.13790219128,3336.7310913418
3,0,3.49e-09,4.74282066857,3316.733988952
3,0,3.54e-09,5.82762457026,1478.8665740644
3,0,3.12e-09,6.24838646568,216.4804891757
3,0,2.9e-09,5.11770361174,647.0108333148
3,0,2.84e-09,2.49529211057,6784.3176276182
3,0,3.38e-09,3.01411006339,8270.2977486834
3,0,2.79e-09,0.15295518242,135.0650800354
3,0,2.9e-09,4.30595018325,16858.4825329332
3,0,3.14e-09,4.10256974515,210.1177017003
3,0,2.77e-09,3.21266616465,8329.671610597
3,0,3.03e-09,4.39325865345,2818.035008606
3,0,3.02e-09,5.76020823903,2384.3232707292
3,0,3.6e-09,0.81576341528,6816.289933435
3,0,2.87e-09,5.89677690833,3340.19235060619
3,0,2.96e-09,1.59458223926,309.2783226558
3,0,3e-09,3.61030466166,3304.5845600224
3,0,2.64e-09,5.4585926658,6604.958782124
3,0,3.3e-09,3.81421832191,13517.8701062334
3,0,2.98e-09,5.25958947836,415.5524906121
3,0,2.76e-09,3.54425558449,525.7588118315
3,0,2.87e-09,4.7850373588,3341.0325027934
3,0,3.43e-09,1.02525479822,3230.4061054804
3,0,2.46e-09,2.64795288862,3304.0070613956
3,0,3.1e-09,1.76905174573,10404.7338123226
3,0,3.17e-09,3.85456671343,85.8272988312
3,0,2.41e-09,3.33235757149,11081.2192102886
3,0,2.77e-09,0.31958662741,138.5174968707
3,0,2.45e-09,1.00254307216,3209.0704650134
3,0,2.95e-09,0.7885615813,3376.6402933772
3,0,2.47e-09,4.74687572675,9779.1086761254
3,0,2.41e-09,1.74832761256,3377.217792004
3,0,2.41e-09,3.32660302434,543.9180590962
3,0,2.64e-09,1.82146900201,17654.7805397496
3,0,2.74e-09,2.60650323538,3657.0042963564
3,0,2.38e-09,0.43806562773,6923.9534573736
3,0,2.27e-09,2.88048108848,3415.3940252671
3,0,3e-09,0.70241789966,3134.4268782626
3,0,2.37e-09,2.19737291235,13362.432453147
3,0,2.23e-09,4.77142901401,1375.7737998458
3,0,2.2e-09,1.4383620968,6606.4432548323
3,0,2.22e-09,3.39627559384,3472.1543883862
3,0,2.17e-09,2.18530503085,20995.3929664494
3,0,2.54e-09,2.93819031378,5085.038411115
3,0,2.36e-09,4.23042638023,13362.4669604514
3,0,2.42e-09,0.41755696147,1861.7458526354
3,0,2.85e-09,0.10171887281,17085.9586657222
3,0,2.18e-09,0.33151885058,16304.9131300908
3,0,2.07e-09,3.60591178333,7107.8230442756
3,0,1.96e-09,3.34505476799,8439.8779318164
3,0,1.92e-09,5.08475415071,13119.72110282519
3,0,1.98e-09,2.49240240273,95.9792272178
3,0,2.69e-09,0.19698472851,3024.2205570432
3,0,1.86e-09,4.39437140248,277.0349937414
3,0,1.86e-09,1.75940958561,2221.856634597
3,0,1.94e-09,3.41534671398,18984.2926300096
3,0,2.08e-09,3.02738720944,3511.285297319
3,0,2.04e-09,6.00463791835,162.4666361322
3,0,1.83e-09,3.62962279261,9168.6408983474
3,0,1.75e-09,4.04165128738,3760.097070575
3,0,1.74e-09,4.51117927233,23539.7073863328
3,0,1.93e-09,5.88968824988,2803.8079146044
3,0,2.42e-09,0.43270824867,533.6231183577
3,0,1.9e-09,6.176374849,13745.3462390224
3,0,2.08e-09,3.34809361979,3341.0423098265
3,0,1.98e-09,0.9731134796,3265.8308281325
3,0,2.05e-09,4.20157952693,6843.6914895318
3,0,2.22e-09,1.37049171707,3169.9395560806
3,0,1.83e-09,2.1904167858,9866.4168806652
3,0,2.25e-09,0.3245021951,13149.1506113612
3,0,2.11e-09,4.38136759956,640.8776073822
3,0,1.73e-09,3.90520749444,5099.2655051166
3,0,1.58e-09,2.98574812713,13524.9163429314
3,0,1.7e-09,3.37406232659,15508.6151232744
3,0,1.71e-09,4.75570011379,6261.7402095244
3,0,1.88e-09,5.56241899175,16460.33352952499
3,0,2.05e-09,5.01940138208,1118.7557921028
3,0,1.56e-09,3.68058177082,13553.8979729108
3,0,1.61e-09,3.79231132145,490.3340891794
3,0,2.08e-09,1.0457695039,3340.1825435731
3,0,1.46e-09,0.92939894424,114.3991069134
3,0,1.56e-09,4.90620162208,20199.094959633
3,0,1.74e-09,5.5877831813,2766.267628365
3,0,1.69e-09,3.71127165203,10184.3039162316
3,0,1.71e-09,3.60600294119,20597.2439630412
3,0,1.57e-09,0.79065950021,1265.5674786264
3,0,1.4e-09,1.54110979029,2111.6503133776
3,0,1.45e-09,6.1716114054,19800.9459562248
3,0,1.56e-09,0.43599559375,4459.3682188026
3,0,1.43e-09,0.19892133285,10235.1363755374
3,0,1.84e-09,1.58017928752,8273.8208670324
3,0,1.33e-09,2.86759235449,20618.0193585336
3,0,1.51e-09,1.59809012076,13892.1406718938
3,0,1.33e-09,6.14918807002,17277.4069318338
3,0,1.67e-09,0.94707767481,3274.1250177854
3,0,1.26e-09,4.54286582844,3914.9572250346
3,0,1.54e-09,0.00941929392,735.8765135318
3,0,1.45e-09,2.88581037055,4392.8808098882
3,0,1.65e-09,5.44939669734,1228.9621133222
3,0,1.24e-09,2.73197400851,3407.0998356142
3,0,1.45e-09,5.65866985683,4407.1079038898
3,0,1.29e-09,5.30043284887,351.8165923087
3,0,1.17e-09,4.81725910872,625.6701923124
3,0,1.58e-09,1.72206104768,3296.8935143948
3,0,1.16e-09,0.0290460957,26482.1708096244
3,0,1.56e-09,1.25691413032,3384.3313390048
3,0,1.17e-09,4.96153079924,3981.490034082
3,0,1.13e-09,3.04973288935,532.8723588323
3,0,1.54e-09,2.172550318,1964.838626854
3,0,1.17e-09,2.13763640035,29424.634232916
3,0,1.29e-09,2.20198223551,3450.8187479192
3,0,1.16e-09,0.92093201468,526.5095713569
3,0,1.15e-09,5.2485095315,3237.5196524812
3,0,1.12e-09,6.26358102825,2125.8774073792
3,0,1.12e-09,4.67861613977,2807.3983432562
3,0,1.15e-09,0.38603739544,12721.572099417
3,0,1.29e-09,1.1107906312,33.6796175129
3,0,1.13e-09,1.36558076768,6709.6740408674
3,0,1.44e-09,0.22567806033,263.0839233728
3,0,1.09e-09,5.27187307952,5518.7501489918
3,0,1.25e-09,2.20397088123,30220.9322397324
3,0,1.08e-09,6.20219802547,6665.9723822146
3,0,1.27e-09,2.68652319514,7321.1221397136
3,0,1.1e-09,0.18586807658,29822.7832363242
3,0,1.07e-09,0.50226646577,22743.4093795164
3,0,1.07e-09,3.59856046864,5989.0672521728
3,0,1.06e-09,5.69966166034,33561.5446664322
3,0,1.05e-09,3.9737597608,9380.9596727172
3,0,9.5e-10,4.92440852569,4.4534181249
3,0,1.06e-09,2.29924580245,111.4301614968
3,0,1.03e-09,3.99294762314,70.3281804424
3,0,8.5e-10,6.03717451925,127.4717966068
3,1,0.00331842851,6.05027773492,3340.6124266998
3,1,0.00047797013,3.14159265359,0.0
3,1,9.896501e-05,1.61155844715,6681.2248533996
3,1,1.700147e-05,2.63703242065,10021.8372800994
3,1,5.44575e-06,1.80145347856,213.299095438
3,1,3.74686e-06,4.72268881166,529.6909650946
3,1,2.40176e-06,3.12712303414,13362.4497067992
3,1,1.14908e-06,0.95987621952,3337.0893083508
3,1,4.5174e-07,3.39965147567,3344.1355450488
3,1,4.1579e-07,2.22748839237,2281.2304965106
3,1,3.1106e-07,3.52760107307,16703.062133499
3,1,3.7294e-07,5.40133589632,206.1855484372
3,1,2.8944e-07,4.9324571056,220.4126424388
3,1,2.8635e-07,3.15447649004,74.7815985673
3,1,3.8808e-07,5.94308603611,1059.3819301892
3,1,2.3537e-07,3.65397196617,426.598190876
3,1,2.2409e-07,3.7341509001,5621.8429232104
3,1,1.6081e-07,0.74382156251,2942.4634232916
3,1,1.4813e-07,5.49499542641,3340.629680352
3,1,1.4813e-07,3.46422358566,3340.5951730476
3,1,1.6942e-07,1.91917177965,3532.0606928114
3,1,1.349e-07,1.69673495675,536.8045120954
3,1,1.1449e-07,6.22900609249,2810.9214616052
3,1,1.1579e-07,0.76965497835,398.1490034082
3,1,1.2609e-07,4.39901271761,3496.032826134
3,1,1.3077e-07,2.01113624837,2544.3144198834
3,1,1.1945e-07,2.28204761113,522.5774180938
3,1,9.983e-08,6.22961426585,3185.1920272656
3,1,9.112e-08,3.83699360404,6684.7479717486
3,1,9.113e-08,3.13081230007,3738.761430108
3,1,8.702e-08,2.50173196599,5884.9268465832
3,1,9.628e-08,2.1799873564,6151.533888305
3,1,8.141e-08,2.28833672455,3149.1641605882
3,1,8.01e-08,5.28413417446,38.1330356378
3,1,5.865e-08,1.2118973083,6677.7017350506
3,1,4.878e-08,4.29048044043,419.4846438752
3,1,5.111e-08,2.48436031878,1751.539531416
3,1,5.432e-08,1.11528937942,796.2980068164
3,1,4.878e-08,1.13276481337,3340.6797370026
3,1,5.354e-08,2.17844612869,4136.9104335162
3,1,4.937e-08,4.54706347937,8962.4553499102
3,1,4.834e-08,1.4257842413,6283.0758499914
3,1,4.817e-08,0.99936257717,2914.0142358238
3,1,4.978e-08,0.42028381998,1194.4470102246
3,1,4.388e-08,4.00376892513,5092.1519581158
3,1,4.016e-08,3.25291411222,3339.6321056316
3,1,4.876e-08,1.53898509406,3340.545116397
3,1,4.674e-08,3.93431019327,5486.777843175
3,1,3.606e-08,5.74826249892,7.1135470008
3,1,3.907e-08,3.89954335391,20043.6745601988
3,1,3.595e-08,5.45219310813,1592.5960136328
3,1,3.375e-08,3.44635837371,2146.1654164752
3,1,3.336e-08,5.20503259965,5088.6288397668
3,1,3.313e-08,2.58038243859,3870.3033917944
3,1,2.887e-08,2.9489117555,3894.1818295422
3,1,3.775e-08,0.28510069911,1589.0728952838
3,1,2.995e-08,0.74761803993,4399.994356889
3,1,2.657e-08,1.05973335133,3341.592747768
3,1,2.425e-08,4.10643839121,1990.745017041
3,1,2.707e-08,0.21082942855,4690.4798363586
3,1,2.437e-08,1.55037887709,4292.3308329504
3,1,2.154e-08,1.34196532034,2787.0430238574
3,1,1.985e-08,4.05464973145,433.7117378768
3,1,2.375e-08,5.44579536089,3127.3133312618
3,1,1.892e-08,3.08716660647,639.897286314
3,1,1.65e-08,4.24815484143,3723.508958923
3,1,1.595e-08,0.91889240925,4535.0594369244
3,1,1.929e-08,2.73824451634,2388.8940204492
3,1,1.56e-08,3.28261094599,316.3918696566
3,1,1.444e-08,0.15895080264,2957.7158944766
3,1,1.405e-08,3.64849603977,155.4203994342
3,1,1.471e-08,4.20495798401,10025.3603984484
3,1,1.523e-08,4.04272530212,7079.3738568078
3,1,1.553e-08,5.95800074808,3097.88382272579
3,1,1.436e-08,3.01319373979,6254.6266625236
3,1,1.52e-08,4.8258032163,3583.3410306738
3,1,1.347e-08,1.63836991777,191.4482661116
3,1,1.178e-08,4.84813144707,1748.016413067
3,1,1.068e-08,4.7808396462,8432.7643848156
3,1,1.207e-08,2.94341645482,6489.776587288
3,1,1.029e-08,5.86675536556,149.5631971346
3,1,8.84e-09,5.30840180453,6681.2075997474
3,1,9e-09,2.90436997781,3553.9115221378
3,1,9.22e-09,2.71708263246,7477.522860216
3,1,8.84e-09,1.05598798263,6681.2421070518
3,1,1.004e-08,2.08646328422,2288.3440435114
3,1,8.21e-09,0.5091882684,6674.1113063988
3,1,1.013e-08,4.01590051998,9492.1463150048
3,1,9.69e-09,1.31742925335,3333.498879699
3,1,7.75e-09,4.79688880139,227.5261894396
3,1,7.66e-09,2.7521660676,9225.539273283
3,1,1.056e-08,0.30211067524,6525.8044539654
3,1,1.046e-08,2.79906620797,1066.49547719
3,1,7.21e-09,4.45548872348,4562.4609930212
3,1,6.37e-09,2.65140853163,2274.1169495098
3,1,6.96e-09,3.46051409766,382.8965322232
3,1,6.08e-09,5.86051939698,4933.2084403326
3,1,6.67e-09,6.06355547392,1349.8674096588
3,1,5.73e-09,0.9973761345,951.7184062506
3,1,5.91e-09,1.92029762929,3325.3599555148
3,1,5.99e-09,2.35105017113,76.2660712756
3,1,5.42e-09,1.44488755125,110.2063212194
3,1,7.11e-09,2.28848181506,553.5694028424
3,1,5.15e-09,5.51446088347,3361.3878221922
3,1,5.41e-09,4.53250433908,6836.6452528338
3,1,5.46e-09,2.6493926184,1221.8485663214
3,1,5.78e-09,4.59190674427,3360.96774609859
3,1,5.11e-09,4.39136424744,242.728603974
3,1,4.93e-09,1.51453356449,6467.9257579616
3,1,4.87e-09,5.76370767302,3205.5473466644
3,1,4.63e-09,0.99068109709,4929.6853219836
3,1,4.62e-09,3.4579256367,3319.8370312074
3,1,4.42e-09,4.14870457392,6041.3275670856
3,1,4.77e-09,1.29132635006,3347.7259737006
3,1,4.47e-09,2.4480701544,3355.8648978848
3,1,3.95e-09,0.7490498573,5614.7293762096
3,1,4.03e-09,1.25691345472,36.6485629295
3,1,5.16e-09,6.08458990599,3320.257107301
3,1,4.38e-09,1.29035103833,7740.6067835888
3,1,4.84e-09,4.25897353296,23384.2869868986
3,1,4.54e-09,1.00892151622,2118.7638603784
3,1,4.77e-09,0.34212243439,2700.7151403858
3,1,4.15e-09,0.30661716598,12303.06777661
3,1,3.52e-09,4.79823464785,39.6175083461
3,1,4.35e-09,3.69772502222,7210.9158184942
3,1,3.88e-09,6.25800132393,6438.4962494256
3,1,4.69e-09,3.94488775543,8827.3902698748
3,1,4.46e-09,5.55248874462,199.0720014364
3,1,3.68e-09,5.32358181908,103.0927742186
3,1,3.41e-09,1.37941086735,3767.2106175758
3,1,3.02e-09,5.15335876647,632.7837393132
3,1,3.41e-09,1.49962309683,6682.2051744678
3,1,3.43e-09,2.32388226037,515.463871093
3,1,2.91e-09,3.3871649001,6681.1575430968
3,1,2.86e-09,4.6133737226,10419.9862835076
3,1,2.98e-09,5.02335774639,12832.7587417046
3,1,2.78e-09,3.96374902099,2921.1277828246
3,1,2.71e-09,3.64021714596,6680.2445323314
3,1,3.17e-09,4.41640100211,3337.021998048
3,1,3.16e-09,4.84749260614,3344.2028553516
3,1,2.58e-09,5.99544147559,14.2270940016
3,1,2.38e-09,1.69500091019,6127.6554505572
3,1,2.29e-09,1.25926585958,7875.6718636242
3,1,3.11e-09,4.47336599498,5331.3574437408
3,1,2.27e-09,2.07959309341,10021.8545337516
3,1,2.91e-09,2.97870352125,6681.2921637024
3,1,2.81e-09,5.09122041999,7903.073419721
3,1,2.27e-09,0.04882339645,10021.8200264472
3,1,2.66e-09,0.4946802772,73.297125859
3,1,2.83e-09,3.18659167678,9623.6882766912
3,1,2.17e-09,3.0743980113,5729.506447149
3,1,2.21e-09,4.53139041634,3312.163239232
3,1,2.51e-09,5.58497774438,217.2312487011
3,1,2.04e-09,4.52559015591,12168.0026965746
3,1,2.1e-09,5.87638250776,210.1177017003
3,1,2e-09,1.60953815793,543.9180590962
3,1,2.07e-09,2.80641141402,6872.6731195112
3,1,2.19e-09,1.31943624453,3364.4908644476
3,1,2.11e-09,3.18975604764,1758.6530784168
3,1,1.87e-09,3.39876387294,9830.3890139878
3,1,2.39e-09,2.8400995764,1052.2683831884
3,1,2.25e-09,4.53161555673,13365.9728251482
3,1,2.4e-09,4.10377804654,11773.3768115154
3,1,1.86e-09,4.63128120913,209.3669421749
3,1,1.81e-09,5.02103622915,6144.4203413042
3,1,1.66e-09,3.25384215179,647.0108333148
3,1,1.7e-09,3.82076107858,9595.2390892234
3,1,1.79e-09,0.52534002868,6298.3283211764
3,1,1.88e-09,4.4560144698,216.4804891757
3,1,1.97e-09,3.29154622691,17654.7805397496
3,1,1.73e-09,6.17700699189,5628.9564702112
3,1,1.85e-09,1.76841265719,3.523118349
3,1,1.64e-09,5.16565812417,6923.9534573736
3,1,2.12e-09,2.49710874752,3503.079062832
3,1,1.91e-09,3.06147941687,3316.733988952
3,1,1.49e-09,3.0996476674,10818.1352869158
3,1,1.99e-09,3.91203195189,6894.5239488376
3,1,1.47e-09,4.91154015633,202.2533951741
3,1,1.48e-09,6.00943832296,949.1756089698
3,1,1.43e-09,3.70203142149,323.5054166574
3,1,1.64e-09,0.87273677571,2487.4160449478
3,1,1.42e-09,0.91426251678,2699.7348193176
3,1,1.47e-09,1.1394946699,8955.3418029094
3,1,1.61e-09,1.29304586194,15643.6802033098
3,1,1.41e-09,0.78662586077,10018.3141617504
3,1,1.4e-09,0.83132381305,735.8765135318
3,1,1.7e-09,2.304755908,3346.1353510072
3,1,1.56e-09,4.25533461379,3475.6775067352
3,1,1.84e-09,5.78264875545,11769.8536931664
3,1,1.71e-09,3.43368780535,1596.1864422846
3,1,1.3e-09,1.31377876815,7632.9432596502
3,1,1.3e-09,2.61778742289,7234.794256242
3,1,1.52e-09,2.12818166833,3178.1457905676
3,1,1.22e-09,5.67146512225,117.3198682202
3,1,1.25e-09,0.64246695673,9866.4168806652
3,1,1.18e-09,1.97713868087,6688.3384004004
3,1,1.39e-09,1.48720938048,14712.317116458
3,1,1.27e-09,4.40635089709,12964.300703391
3,1,1.3e-09,5.22946780555,3304.5845600224
3,1,1.4e-09,4.09411983665,6158.6474353058
3,1,1.1e-09,2.9631373151,10575.4066829418
3,1,1.08e-09,1.42758307106,7064.1213856228
3,1,1.16e-09,1.77024829602,3335.0895023924
3,1,1.03e-09,3.5376408609,1744.4259844152
3,1,1e-09,2.78745027781,1.4844727083
3,1,1.37e-09,3.37678223302,1581.959348283
3,1,1.2e-09,1.56367501585,3336.7310913418
3,1,9.8e-10,0.1872176489,3980.5097130138
3,1,9.8e-10,1.72351303556,18052.9295431578
3,1,1.1e-09,0.34606761114,8969.568896911
3,1,1e-09,1.71152868829,2648.454825473
3,1,1.19e-09,2.97602189356,640.8776073822
3,1,9.6e-10,1.41608119487,5085.038411115
3,1,8.9e-10,0.38926679495,5459.3762870782
3,1,8.2e-10,3.96541084548,10021.9045904022
3,1,8.4e-10,4.30248448955,1162.4747044078
3,1,8.4e-10,2.77343761472,3344.4937620578
3,1,8e-10,4.57789872343,11243.6858464208
3,1,8.1e-10,4.5198439279,9381.9399937854
3,1,7.7e-10,4.22942639128,95.9792272178
3,1,7.9e-10,0.36636125409,11.0457002639
3,1,1.02e-09,5.43466097744,3376.6402933772
3,1,7.5e-10,1.47982807612,525.7588118315
3,1,7.6e-10,4.59412107241,10177.2576795336
3,1,7.4e-10,0.46347570603,8429.2412664666
3,1,7.8e-10,1.36874721918,11081.2192102886
3,1,7.6e-10,1.24245643745,532.8723588323
3,1,8e-10,5.47863871673,3369.0616141676
3,1,9.6e-10,0.86129378681,63.7358983034
3,1,7.1e-10,0.91306168512,8270.2977486834
3,1,7.1e-10,2.75365102566,526.5095713569
3,1,7.2e-10,4.45423986754,17256.6315363414
3,1,9.7e-10,4.31072201688,3077.528503327
3,1,7.7e-10,5.06342636467,1692.1656695024
3,1,7.1e-10,4.62498165607,10551.528245194
3,1,6.6e-10,0.13337760475,15110.4661198662
3,1,6.7e-10,2.62252809221,692.1576012268
3,1,8e-10,1.32412177054,21393.5419698576
3,1,6.5e-10,2.49553722094,10973.55568635
3,1,8.3e-10,3.48044851764,13916.0191096416
3,1,7.7e-10,0.30886632738,3863.1898447936
3,1,7.6e-10,6.15364247126,8273.8208670324
3,1,6.3e-10,3.9886854671,440.8252848776
3,1,8.7e-10,4.95360412434,3603.6963500726
3,1,6.1e-10,3.16734182399,2766.267628365
3,1,6.1e-10,2.62473045895,533.6231183577
3,1,7.6e-10,4.86164511219,20597.2439630412
3,1,8.2e-10,4.37174958841,10021.7699697966
3,1,6.6e-10,0.21946862187,8031.0922630584
3,1,6.2e-10,3.4568900512,13517.8701062334
3,1,6.7e-10,3.22378160844,853.196381752
3,1,7.7e-10,4.77622965669,4032.7700279266
3,1,6.9e-10,4.07458572512,4407.1079038898
3,1,5.7e-10,5.01958511504,5828.0284716476
3,1,7.4e-10,2.77773427484,3981.490034082
3,1,5.9e-10,2.42227935458,12566.1516999828
3,1,5.6e-10,3.55730072615,10713.9948813262
3,1,5.5e-10,6.23004856059,3914.9572250346
3,1,5.5e-10,5.34452429591,13358.9265884502
3,1,5.5e-10,0.80155920044,11371.7046897582
3,1,5.4e-10,1.42941204449,85.8272988312
3,1,5.6e-10,4.79027072937,16173.3711684044
3,1,6.3e-10,4.38809621285,7373.3824546264
3,1,6.5e-10,1.83461015336,14314.1681130498
3,1,6.1e-10,3.35711733735,20995.3929664494
3,1,5.7e-10,3.98493436395,309.2783226558
3,1,5.4e-10,0.51358052231,6702.000248892
3,1,5.3e-10,6.24589101777,20199.094959633
3,1,5.9e-10,4.96649103229,3191.0492295652
3,1,5.2e-10,4.94957858677,24734.1543965574
3,1,5e-10,4.13806710714,10213.285546211
3,1,5.1e-10,0.39392917326,742.9900605326
3,1,4.9e-10,4.84482792493,956.2891559706
3,2,0.00013705355,1.04212852598,3340.6124266998
3,2,5.933274e-05,3.14159265359,0.0
3,2,7.16728e-06,0.12154825255,6681.2248533996
3,2,1.38514e-06,0.78090653399,10021.8372800994
3,2,3.7556e-07,3.22969663577,213.299095438
3,2,2.6824e-07,6.18626318965,529.6909650946
3,2,2.5745e-07,1.39077449077,13362.4497067992
3,2,1.2181e-07,2.58732834908,3337.0893083508
3,2,8.616e-08,0.7720923931,206.1855484372
3,2,5.511e-08,3.23377546695,220.4126424388
3,2,4.371e-08,1.87368859535,16703.062133499
3,2,4.536e-08,1.36770001683,3344.1355450488
3,2,3.737e-08,6.00280902795,3496.032826134
3,2,2.969e-08,6.27419756063,536.8045120954
3,2,2.587e-08,4.62868565055,3185.1920272656
3,2,2.239e-08,4.95092849019,1059.3819301892
3,2,2.272e-08,4.09618627765,522.5774180938
3,2,1.893e-08,2.36062716274,426.598190876
3,2,1.722e-08,0.98795977798,2281.2304965106
3,2,1.615e-08,5.66791333096,5621.8429232104
3,2,1.52e-08,3.54344603378,3532.0606928114
3,2,1.037e-08,2.63342459156,2942.4634232916
3,2,9.05e-09,2.04669399323,6684.7479717486
3,2,1.041e-08,3.88701726221,2544.3144198834
3,2,7.7e-09,5.10113036277,2810.9214616052
3,2,6.88e-09,4.59085360596,3894.1818295422
3,2,7.13e-09,4.16328040173,5884.9268465832
3,2,7.43e-09,6.08844686068,419.4846438752
3,2,6.89e-09,2.29465541114,20043.6745601988
3,2,6.41e-09,4.8931748395,74.7815985673
3,2,6.22e-09,4.93952624143,3339.6321056316
3,2,6.96e-09,5.39983895631,5486.777843175
3,2,5.67e-09,0.51314316796,5088.6288397668
3,2,6.1e-09,0.49406493231,3340.629680352
3,2,6.1e-09,4.74647860799,3340.5951730476
3,2,6.47e-09,1.17822960287,3097.88382272579
3,2,5.15e-09,0.52495804247,3149.1641605882
3,2,5.27e-09,2.28325191846,433.7117378768
3,2,4.62e-09,6.01031568571,2787.0430238574
3,2,4.39e-09,0.29884669602,4136.9104335162
3,2,5.03e-09,2.83961174727,6677.7017350506
3,2,3.99e-09,4.1115678078,7.1135470008
3,2,4.46e-09,3.21959306381,4292.3308329504
3,2,3.93e-09,5.15600015824,2146.1654164752
3,2,3.84e-09,4.87193587713,5092.1519581158
3,2,3.9e-09,1.91255819503,4690.4798363586
3,2,3.74e-09,4.8008500837,1194.4470102246
3,2,4.3e-09,3.34783108483,3583.3410306738
3,2,3.75e-09,3.66085423366,1592.5960136328
3,2,3.37e-09,5.84337571937,3723.508958923
3,2,3.25e-09,2.38085319573,1990.745017041
3,2,3.23e-09,5.28429586359,155.4203994342
3,2,3e-09,3.09602587558,227.5261894396
3,2,3.61e-09,0.940891209,2388.8940204492
3,2,2.95e-09,5.53803343526,3341.592747768
3,2,3.32e-09,5.8549974358,796.2980068164
3,2,3.42e-09,2.58974309074,398.1490034082
3,2,3.15e-09,1.3987811526,3738.761430108
3,2,3.48e-09,3.88712290311,6151.533888305
3,2,2.57e-09,5.22188438508,4399.994356889
3,2,2.96e-09,5.13307368643,1589.0728952838
3,2,2.65e-09,0.10458265918,1748.016413067
3,2,3.09e-09,4.99847336546,6525.8044539654
3,2,2.21e-09,0.39725518064,1066.49547719
3,2,2.22e-09,5.9252721835,8962.4553499102
3,2,2.12e-09,2.47672225613,6283.0758499914
3,2,2.01e-09,2.41602653811,3340.6797370026
3,2,2.02e-09,4.74840488839,2957.7158944766
3,2,2.45e-09,1.22451806258,639.897286314
3,2,2.22e-09,4.45800445697,3333.498879699
3,2,1.9e-09,5.71991161418,2914.0142358238
3,2,1.87e-09,2.55575861239,10025.3603984484
3,2,2.01e-09,2.82452292485,3340.545116397
3,2,1.81e-09,5.40590734087,4535.0594369244
3,2,1.67e-09,0.66523343049,2288.3440435114
3,2,1.75e-09,1.38046108142,1349.8674096588
3,2,1.84e-09,0.95286916137,199.0720014364
3,2,1.46e-09,2.68515136013,951.7184062506
3,2,1.44e-09,5.14515012962,6254.6266625236
3,2,1.47e-09,2.71904898461,242.728603974
3,2,1.49e-09,4.90906266305,316.3918696566
3,2,1.49e-09,4.80676029564,2274.1169495098
3,2,1.29e-09,2.21550319598,7079.3738568078
3,2,1.18e-09,1.29196638351,3127.3133312618
3,2,1.19e-09,4.09508225076,515.463871093
3,2,1.45e-09,3.92808522801,553.5694028424
3,2,1.19e-09,1.55095338268,6438.4962494256
3,2,1.04e-09,4.20382366423,4933.2084403326
3,2,1.02e-09,6.08136575732,6836.6452528338
3,2,1.22e-09,1.15508040838,6489.776587288
3,2,8.8e-10,2.28726712369,6674.1113063988
3,2,8.5e-10,6.16812793384,543.9180590962
3,2,9.5e-10,0.97194852729,7477.522860216
3,2,9.8e-10,0.37829296009,3870.3033917944
3,2,1e-09,2.67089921368,23384.2869868986
3,2,7.9e-10,4.29766380692,14.2270940016
3,2,9.9e-10,6.15770796955,3347.7259737006
3,2,8.2e-10,0.88675647815,1751.539531416
3,2,7.2e-10,3.6901065824,1052.2683831884
3,2,6.8e-10,1.33776656115,210.1177017003
3,2,7.7e-10,2.58299228393,9492.1463150048
3,2,6.4e-10,3.82120225839,6681.2075997474
3,2,6.4e-10,5.85173773053,6681.2421070518
3,2,6.1e-10,0.07710122678,6127.6554505572
3,2,6.5e-10,5.05560764351,38.1330356378
3,2,5.8e-10,1.55728577024,103.0927742186
3,2,6.1e-10,5.00961469844,4562.4609930212
3,2,5.7e-10,2.83943419184,8955.3418029094
3,2,5.4e-10,3.61966169219,6923.9534573736
3,2,6.6e-10,2.79752228075,5331.3574437408
3,2,5.1e-10,2.7102630025,191.4482661116
3,2,6.7e-10,5.17453941928,382.8965322232
3,2,5.1e-10,5.98427244306,6682.2051744678
3,2,5.2e-10,1.39967850157,5729.506447149
3,2,4.7e-10,1.96623457652,10419.9862835076
3,2,5e-10,1.42158496561,647.0108333148
3,2,4.3e-10,0.76139880953,6681.2921637024
3,2,5e-10,3.77884547078,7210.9158184942
3,2,4.2e-10,1.14028846687,217.2312487011
3,2,3.9e-10,5.87950681446,7875.6718636242
3,2,3.9e-10,1.40731285611,3553.9115221378
3,2,5.3e-10,2.6757041376,216.4804891757
3,2,4.6e-10,5.03496308376,8969.568896911
3,2,5.1e-10,5.75564577567,7740.6067835888
3,2,3.7e-10,2.30909423712,3320.257107301
3,2,3.7e-10,0.67405360149,3360.96774609859
3,2,3.6e-10,5.69385236083,4929.6853219836
3,2,3.8e-10,2.50888031088,10018.3141617504
3,2,3.7e-10,4.54908428517,9866.4168806652
3,2,3.3e-10,5.95090153832,6041.3275670856
3,2,3.5e-10,2.08435955688,2699.7348193176
3,2,3.2e-10,0.6024403571,640.8776073822
3,2,3.6e-10,5.01009549942,12303.06777661
3,2,3.4e-10,5.99924292309,3767.2106175758
3,2,3.5e-10,4.24982817116,3325.3599555148
3,2,3.1e-10,4.21025720942,110.2063212194
3,2,3.5e-10,5.01800237749,3355.8648978848
3,2,2.9e-10,3.61321450446,10021.8200264472
3,2,3.6e-10,2.91699961934,13365.9728251482
3,2,2.9e-10,5.64395801617,10021.8545337516
3,2,2.9e-10,6.18539185721,632.7837393132
3,2,2.8e-10,3.21594452948,12832.7587417046
3,2,3.1e-10,4.2889773433,6298.3283211764
3,2,2.8e-10,2.23145809257,440.8252848776
3,2,3.3e-10,0.42157783312,853.196381752
3,2,2.5e-10,3.95236444346,117.3198682202
3,2,2.5e-10,2.784604304,209.3669421749
3,3,4.89822e-06,2.06392886831,3340.6124266998
3,3,2.11337e-06,0.0,0.0
3,3,8.245e-08,4.91827993759,6681.2248533996
3,3,7.509e-08,5.39641448313,10021.8372800994
3,3,2.012e-08,5.97751013737,13362.4497067992
3,3,1.302e-08,4.8480613686,213.299095438
3,3,1.364e-08,2.43564490971,206.1855484372
3,3,9.36e-09,1.69954459864,529.6909650946
3,3,8.94e-09,4.1416076551,3337.0893083508
3,3,7.16e-09,1.50799790954,220.4126424388
3,3,7.38e-09,1.31585722361,3496.032826134
3,3,4.38e-09,0.21206488997,16703.062133499
3,3,4.23e-09,4.54129218357,536.8045120954
3,3,4.33e-09,3.01442752205,3185.1920272656
3,3,2.82e-09,5.95440671732,522.5774180938
3,3,1.89e-09,6.19720760024,3344.1355450488
3,3,1.54e-09,2.72447562109,3097.88382272579
3,3,1.04e-09,6.24240951231,3894.1818295422
3,3,1.18e-09,5.13964237695,3532.0606928114
3,3,1.01e-09,3.84221865764,2942.4634232916
3,3,9.5e-10,0.71711229332,5621.8429232104
3,3,1.13e-09,5.32734880412,2544.3144198834
3,3,8.6e-10,0.66972591039,20043.6745601988
3,3,9e-10,0.51819099535,433.7117378768
3,3,9.4e-10,1.55249614896,419.4846438752
3,3,7.9e-10,1.38892285542,227.5261894396
3,3,9.6e-10,1.67496098296,3583.3410306738
3,3,9.4e-10,0.17438010106,426.598190876
3,3,6.7e-10,0.38442120869,6684.7479717486
3,3,6.5e-10,0.30552815689,3339.6321056316
3,3,5.7e-10,0.60718635813,155.4203994342
3,3,5.5e-10,4.34004913784,2787.0430238574
3,3,6e-10,4.89147405929,4292.3308329504
3,3,4.9e-10,0.4133941359,2146.1654164752
3,3,4.8e-10,3.55422009987,4690.4798363586
3,3,6.1e-10,3.43120186635,6525.8044539654
3,3,5e-10,2.64433369691,199.0720014364
3,3,4.1e-10,1.23015429434,3723.508958923
3,3,4.2e-10,2.65785543548,7.1135470008
3,3,4e-10,2.30430764194,5088.6288397668
3,3,5e-10,2.81423639662,1059.3819301892
3,3,2.8e-10,4.95849994924,3149.1641605882
3,3,2.8e-10,5.8939451804,515.463871093
3,3,2.7e-10,5.17159300173,1066.49547719
3,3,2.7e-10,5.04320678135,4136.9104335162
3,3,2.4e-10,4.43334493389,543.9180590962
3,3,2.7e-10,5.55557540179,2388.8940204492
3,3,2.4e-10,3.8128117738,3341.592747768
3,3,2.6e-10,5.61220088462,639.897286314
3,3,2.1e-10,0.32087488984,1990.745017041
3,3,1.9e-10,0.93486196404,3340.629680352
3,3,1.9e-10,5.18727563972,3340.5951730476
3,3,1.9e-10,3.01047939751,2957.7158944766
3,3,1.8e-10,0.02154769101,74.7815985673
3,3,1.8e-10,1.32103617334,1592.5960136328
3,3,1.8e-10,1.66958194924,1194.4470102246
3,3,1.7e-10,0.16564148066,23384.2869868986
3,3,2.3e-10,0.28320385867,2281.2304965106
3,3,1.7e-10,2.57902262762,14.2270940016
3,3,1.8e-10,6.04232503139,7079.3738568078
3,3,1.8e-10,3.82519107334,4535.0594369244
3,3,1.8e-10,1.08925641141,5486.777843175
3,3,1.5e-10,5.86641996435,5884.9268465832
3,3,2.1e-10,2.78318267,398.1490034082
3,3,1.6e-10,0.95206290089,10025.3603984484
3,3,1.5e-10,4.7743108984,6489.776587288
3,3,1.5e-10,4.15953675017,6677.7017350506
3,3,1.5e-10,5.82992617855,3333.498879699
3,3,1.3e-10,3.07320748125,210.1177017003
3,3,1.2e-10,5.68952008926,1052.2683831884
3,4,1.5151e-07,0.0,0.0
3,4,1.0395e-07,3.33271505543,3340.6124266998
3,4,2.56e-09,3.7624317359,10021.8372800994
3,4,2.01e-09,0.78166958626,6681.2248533996
3,4,1.64e-09,4.10546661445,206.1855484372
3,4,1.16e-09,2.88209375806,3496.032826134
3,4,1.17e-09,4.32489294756,13362.4497067992
3,4,7.2e-10,6.04348211714,220.4126424388
3,4,7e-10,6.10651561968,213.299095438
3,4,6e-10,1.43227319487,3185.1920272656
3,4,4.7e-10,5.67989354532,3337.0893083508
3,4,4.4e-10,2.79536133222,536.8045120954
3,4,3.3e-10,4.85494204968,16703.062133499
3,4,2.6e-10,1.66128176108,522.5774180938
3,4,2.6e-10,4.32019018052,3097.88382272579
3,4,1.6e-10,5.95724279756,227.5261894396
3,4,1.5e-10,0.04553834693,3583.3410306738
3,4,1.1e-10,4.33140895473,199.0720014364
3,4,1.2e-10,5.02489197754,433.7117378768
3,4,9e-11,5.34528843607,20043.6745601988
3,4,8e-11,1.15875671922,3894.1818295422
3,4,8e-11,1.82884997572,2787.0430238574
3,4,1e-10,1.73117485258,6525.8044539654
3,4,8e-11,4.21120519002,6684.7479717486
3,4,8e-11,3.36029048603,419.4846438752
3,4,6e-11,1.39462759175,515.463871093
3,4,5e-11,2.67511593664,543.9180590962
3,5,5.05e-09,4.62558150778,3340.6124266998
3,5,7.7e-10,3.14159265359,0.0
3,5,2.7e-10,5.16649907997,6681.2248533996
3,5,1.5e-10,4.43919916342,3496.032826134
3,5,1.5e-10,5.7556312675,206.1855484372
3,5,6e-11,6.16271063962,3185.1920272656
3,5,5e-11,4.29978807671,220.4126424388
3,5,4e-11,1.89844577416,10021.8372800994
3,5,4e-11,2.66634523708,13362.4497067992
3,5,3e-11,0.96254361103,536.8045120954
