# VSOP87E (barycentric rectangular, ecliptic and equinox J2000.0), body=mercury
# Source: Bretagnon P., Francou G. 1988, Astron. Astrophys. 202, 309 (VSOP87 original theory, Bureau des Longitudes/IMCCE), via SunPosition_VSOP87 v2.0.0 (Meysam Mahooti, BSD-3-Clause), file vsop87e.mer.mat
# term contribution to coordinate `var` (1=X,2=Y,3=Z, AU): T^pow * A * cos(B + C*T), T = (JD-2451545.0)/365250 (Julian millennia from J2000.0)
var,pow,A,B,C
1,0,0.37546285495,4.39651506942,26087.9031415742
1,0,0.03825746037,1.16485604343,52175.8062831484
1,0,0.02596241714,3.14159265359,0.0
1,0,0.00584261236,4.21599394757,78263.70942472259
1,0,0.00495586029,3.74115422358,529.6909650946
1,0,0.0027179749,4.01600769847,213.299095438
1,0,0.00155435621,2.17052060921,38.1330356378
1,0,0.00105716677,0.98379033182,104351.61256629678
1,0,0.00083792888,2.3396763991,74.7815985673
1,0,0.00021011726,4.03469353923,130439.51570787099
1,0,0.00012216168,4.05786119279,1059.3819301892
1,0,7.626285e-05,3.24347023009,426.598190876
1,0,4.433373e-05,0.80236674527,156527.41884944518
1,0,1.941401e-05,1.01217625416,206.1855484372
1,0,1.940365e-05,4.79909733719,149.5631971346
1,0,1.888858e-05,3.89255617078,220.4126424388
1,0,1.434125e-05,3.86895692507,522.5774180938
1,0,1.406213e-05,0.47615061971,536.8045120954
1,0,1.186821e-05,0.77658632871,76.2660712756
1,0,9.74967e-06,3.85319674536,182615.3219910194
1,0,7.00327e-06,4.45478725367,24978.5245894808
1,0,6.26468e-06,1.18563492001,27197.2816936676
1,0,8.13685e-06,3.25483611884,36.6485629295
1,0,7.67074e-06,4.22743731914,39.6175083461
1,0,6.24812e-06,0.27936893005,73.297125859
1,0,4.67479e-06,4.35792521143,1589.0728952838
1,0,3.75923e-06,5.16022341123,7.1135470008
1,0,3.98749e-06,1.86365789543,20426.571092422
1,0,3.15851e-06,6.15857821682,419.4846438752
1,0,3.14857e-06,2.49951875103,639.897286314
1,0,2.77216e-06,3.77909548342,31749.2351907264
1,0,2.78645e-06,4.93493981951,110.2063212194
1,0,2.76845e-06,4.89238788428,6283.0758499914
1,0,1.90657e-06,4.27201801941,53285.1848352418
1,0,2.26936e-06,5.27772010421,103.0927742186
1,0,2.1613e-06,5.80363672433,316.3918696566
1,0,1.8179e-06,4.94857138217,1109.3785520934
1,0,1.94418e-06,0.67806013045,4551.9534970588
1,0,2.21028e-06,0.62082250658,208703.2251325936
1,0,1.90713e-06,1.17385212686,5661.3320491522
1,0,1.38492e-06,1.22446421973,51066.427731055
1,0,1.51693e-06,2.67604566886,51116.4243529592
1,0,1.35803e-06,2.0018647073,1.4844727083
1,0,1.1661e-06,2.42632951225,632.7837393132
1,0,1.06112e-06,3.12532830282,433.7117378768
1,0,1.00462e-06,3.02865667414,1052.2683831884
1,0,1.14338e-06,0.56002737806,57837.1383323006
1,0,1.09057e-06,3.1553014827,1162.4747044078
1,0,7.5179e-07,6.06954012703,27147.28507176339
1,0,7.4528e-07,4.92454709213,46514.4742339962
1,0,7.0803e-07,0.79035955122,1066.49547719
1,0,9.301e-07,0.02433900731,10213.285546211
1,0,6.8378e-07,0.19832816518,25132.3033999656
1,0,6.5034e-07,4.90982770245,21535.9496445154
1,0,5.7815e-07,5.70200416012,14765.2390432698
1,0,5.8577e-07,5.41671940122,27043.5028831828
1,0,5.6837e-07,1.32380222396,949.1756089698
1,0,6.0503e-07,4.99652964522,47623.8527860896
1,0,5.2662e-07,2.29801650543,26617.5941066688
1,0,6.6085e-07,0.27580418539,846.0828347512
1,0,5.7105e-07,5.28946104639,12566.1516999828
1,0,6.3197e-07,5.79375225998,148.0787244263
1,0,6.3056e-07,0.7366597508,224.3447957019
1,0,4.783e-07,1.04296800531,79373.087976816
1,0,5.1287e-07,3.67162149494,234791.12827416777
1,0,4.8308e-07,3.65259825204,25558.2121764796
1,0,4.8571e-07,5.72915514275,77204.32749453338
1,0,4.8172e-07,3.06679584815,3340.6124266998
1,0,3.4348e-07,5.67940957102,51646.11531805379
1,0,3.2947e-07,2.99496495895,955.5997416086
1,0,4.4563e-07,2.47566796995,41962.5207369374
1,0,3.7824e-07,4.58891701161,35.1640902212
1,0,3.115e-07,1.37429681895,63.7358983034
1,0,2.8371e-07,0.70323037778,30639.856638633
1,0,3.0669e-07,4.22235088222,11.0457002639
1,0,3.1389e-07,4.27598213407,77154.33087262919
1,0,2.7626e-07,6.14846127958,37410.5672398786
1,0,3.1953e-07,3.61313384181,83925.0414738748
1,0,2.8737e-07,3.71532292172,151.0476698429
1,0,2.858e-07,2.84721981555,41.1019810544
1,0,2.7138e-07,0.33631401741,39609.6545831656
1,0,2.3212e-07,2.29683623821,53131.406024757
1,0,2.6667e-07,6.25618354827,36301.18868778519
1,0,2.198e-07,4.66869175639,2118.7638603784
1,0,2.5545e-07,3.71486034105,11322.6640983044
1,0,2.3782e-07,3.76207354349,227.5261894396
1,0,2.3267e-07,0.46827104623,85.8272988312
1,0,2.2744e-07,1.67012539714,71.8126531507
1,0,2.0743e-07,5.6802480783,15874.6175953632
1,0,2.3509e-07,3.99714350287,13521.7514415914
1,0,2.2286e-07,3.93734569173,2.9689454166
1,0,2.1989e-07,0.11301830216,77.7505439839
1,0,1.6406e-07,1.69451902864,72602.37737557039
1,0,2.0026e-07,4.02923197304,209.3669421749
1,0,1.6077e-07,3.22492362452,9103.9069941176
1,0,1.9681e-07,0.87544248531,217.2312487011
1,0,1.9072e-07,5.91967226872,202.2533951741
1,0,1.6554e-07,2.54975052084,735.8765135318
1,0,1.5716e-07,5.27155686277,742.9900605326
1,0,2.1076e-07,1.76532979749,73711.75592766379
1,0,1.506e-07,2.81388532705,18849.2275499742
1,0,1.8273e-07,3.06935035992,323.5054166574
1,0,1.736e-07,3.01137661271,138.5174968707
1,0,1.7093e-07,2.11618772835,51749.20809227239
1,0,1.5488e-07,4.00542220967,515.463871093
1,0,1.5401e-07,0.38409642418,7238.6755916
1,0,1.3833e-07,2.86060252439,53235.18821333759
1,0,1.6621e-07,2.16299341033,50586.73338786459
1,0,1.6955e-07,1.83475003851,853.196381752
1,0,1.3461e-07,5.21674902395,52705.49724824299
1,0,1.3312e-07,5.80885733761,25028.521211385
1,0,1.3751e-07,3.01700253042,63498.47038145279
1,0,1.2986e-07,3.87848079183,26107.57290247399
1,0,1.3012e-07,1.77284954668,26068.2333806744
1,0,1.3561e-07,3.25355689343,51220.20654153979
1,0,1.3481e-07,2.49743950723,103292.23063610759
1,0,1.2122e-07,0.43923849384,260879.03141574195
1,0,1.139e-07,1.97720953024,19317.1925403286
1,0,1.1231e-07,1.18032609366,199.0720014364
1,0,1.0112e-07,2.38879888058,77734.01845962799
1,0,1.1952e-07,5.53005209823,68050.42387851159
1,0,1.208e-07,4.09566440961,105460.99111839019
1,0,1.0836e-07,0.34185057335,543.9180590962
1,0,1.1585e-07,0.610817605,525.7588118315
1,0,1.1447e-07,3.7270425577,533.6231183577
1,0,9.187e-08,2.47899096314,40853.142184844
1,0,9.526e-08,2.1068557905,38654.05484155699
1,0,1.2384e-07,3.88491364454,45892.73043315699
1,0,8.93e-08,0.47010685402,26084.0218062162
1,0,8.927e-08,5.18134720032,26091.7844769322
1,0,1.2067e-07,3.39979120537,65697.55772473979
1,0,8.856e-08,0.33573269125,26514.5013324502
1,0,8.88e-08,0.74693819701,3442.5749449654
1,0,8.473e-08,0.3816582038,110012.94461544899
1,0,8.573e-08,3.46685189655,1692.1656695024
1,0,8.768e-08,4.86692437236,32370.9789915656
1,0,7.627e-08,3.72724507066,56727.7597802072
1,0,8.15e-08,0.32531424488,27676.976036858
1,0,7.854e-08,2.40990683887,1478.8665740644
1,0,7.21e-08,1.15776232612,6770.7106012456
1,0,7.185e-08,3.51955509534,216.4804891757
1,0,7.015e-08,1.38855213071,210.1177017003
1,0,7.114e-08,2.46075736232,415.5524906121
1,0,7.049e-08,2.53147779108,33326.5787331742
1,0,6.865e-08,4.39764457707,117.3198682202
1,0,7.2e-08,4.03820346831,1265.5674786264
1,0,6.909e-08,2.82613157893,956.2891559706
1,0,7.466e-08,5.015235595,14.2270940016
1,0,7.695e-08,3.23922848464,1581.959348283
1,0,6.725e-08,2.38169410823,647.0108333148
1,0,7.373e-08,4.54270714371,23869.1460373874
1,0,5.95e-08,5.34652499897,79219.3091663312
1,0,7.534e-08,1.04407773149,103242.2340142034
1,0,5.961e-08,3.04054522257,62389.09182935939
1,0,6.001e-08,5.97534098237,59414.4818747484
1,0,6.074e-08,3.52491992077,32858.61374281979
1,0,6.397e-08,5.30170474809,95.9792272178
1,0,5.423e-08,2.27094643224,43071.8992890308
1,0,5.824e-08,0.72194174801,19804.8272915828
1,0,6.244e-08,5.44473078234,70.8494453042
1,0,5.074e-08,4.24610777191,526.5095713569
1,0,6.044e-08,4.8176554623,99799.65906923798
1,0,4.978e-08,0.09070559075,532.8723588323
1,0,6.266e-08,5.2264344128,25874.6040461362
1,0,5.875e-08,2.3690711315,78.7137518304
1,0,5.832e-08,1.0705186629,28306.66024576099
1,0,6.109e-08,5.6799009541,111.4301614968
1,0,5.003e-08,0.33033193603,26301.2022370122
1,0,5.657e-08,4.82919740832,22645.32819660879
1,0,4.603e-08,4.10818821236,26095.016688575
1,0,4.092e-08,0.55410491255,58946.51688439399
1,0,4.46e-08,0.56879234991,1375.7737998458
1,0,5.44e-08,5.1787410361,76674.63652943878
1,0,4.418e-08,1.60012301239,26080.78959457339
1,0,4.023e-08,1.08659411853,1596.1864422846
1,0,3.888e-08,4.74721605492,98690.28051714458
1,0,4.739e-08,4.7839399138,114.3991069134
1,0,5.32e-08,5.16942669114,77837.11123384659
1,0,5.183e-08,1.85968638934,222.8603229936
1,0,4.288e-08,1.51938558324,277.0349937414
1,0,4.598e-08,0.7640556722,146.594251718
1,0,3.619e-08,5.54847850901,129380.13377768178
1,0,3.309e-08,1.9506216712,78793.40038981718
1,0,3.903e-08,0.75356452005,29530.4780865396
1,0,3.055e-08,5.92110388322,79323.09135491178
1,0,3.593e-08,0.17002529302,91785.46086631398
1,0,3.054e-08,5.55498513785,69159.80243060499
1,0,3.082e-08,2.29839877933,94138.32702008578
1,0,3.462e-08,0.6571764012,71980.63357473118
1,0,2.908e-08,3.48998577457,286966.9345573162
1,0,3.697e-08,6.07251486266,89586.37352302698
1,0,3.754e-08,1.04640420137,490.3340891794
1,0,2.722e-08,5.88257146743,44937.1306915484
1,0,2.714e-08,5.41990364356,103821.92160120218
1,0,3.249e-08,0.27004450324,16983.9961474566
1,0,3.195e-08,4.87662483707,2218.7571041868
1,0,2.65e-08,4.82437940961,52156.1365222486
1,0,2.821e-08,3.44307787269,299.1263942692
1,0,3.239e-08,2.7067086486,25934.1243310894
1,0,3.208e-08,2.94509218256,26241.681952059
1,0,3.418e-08,2.52366884638,351.8165923087
1,0,2.655e-08,2.90453219642,625.6701923124
1,0,3.077e-08,0.02256903738,77308.10968311399
1,0,2.481e-08,5.31236272529,24498.8302462904
1,0,3.094e-08,0.8649724496,131548.89425996438
1,0,2.982e-08,0.59289983624,109.9456887885
1,0,2.67e-08,0.64762614763,52195.47604404819
1,0,2.225e-08,3.43314585329,136100.84775702318
1,0,2.352e-08,2.71420212859,6681.2248533996
1,0,1.969e-08,5.16585183325,64741.95798313119
1,0,2.412e-08,4.23189156828,54394.56338733519
1,0,2.336e-08,5.79016324229,33.6796175129
1,0,1.942e-08,1.68431166303,58458.88213313979
1,0,2.561e-08,0.03725644332,1169.5882514086
1,0,1.869e-08,0.48618542978,82815.66292178139
1,0,1.825e-08,1.94930670328,52179.6876185064
1,0,1.832e-08,5.52981828535,66941.04532641819
1,0,2.311e-08,2.79299718787,1045.1548361876
1,0,1.778e-08,1.93899005409,25619.9381512198
1,0,1.82e-08,3.5216819755,52171.9249477904
1,0,2.115e-08,2.90697905251,51535.90899683439
1,0,1.965e-08,5.03484402548,45405.0956819028
1,0,1.705e-08,3.714230834,26555.8681319286
1,0,1.639e-08,3.39953737033,52602.4044740244
1,0,1.664e-08,3.83119379567,5327.4761083828
1,0,1.925e-08,5.78531479532,13655.8604911764
1,0,1.946e-08,3.29035282124,1155.361157407
1,0,1.65e-08,1.58612017312,125887.56221081219
1,0,1.859e-08,2.69741164079,4.4534181249
1,0,1.656e-08,3.01808711333,440.8252848776
1,0,1.514e-08,3.39500148443,53764.8791784322
1,0,1.866e-08,4.09501965735,129330.13715577759
1,0,1.539e-08,5.57331447211,65.2203710117
1,0,1.627e-08,4.79352239798,48733.23133818299
1,0,1.673e-08,4.32252049417,52168.69273614759
1,0,1.445e-08,6.10060041654,88476.99497093359
1,0,1.433e-08,1.48123692595,942.062061969
1,0,1.539e-08,2.12017582322,105307.21230790539
1,0,1.536e-08,1.96319343567,102762.53967101299
1,0,1.393e-08,1.25587354727,26081.27458267419
1,0,1.393e-08,4.3957451789,26094.53170047421
1,0,1.411e-08,1.31309973304,49957.0491789616
1,0,1.529e-08,2.73364151205,85502.38501632259
1,0,1.247e-08,4.05247492508,51962.5071877104
1,0,1.266e-08,6.24072120577,35191.8101356918
1,0,1.458e-08,1.93796370187,103925.01437542078
1,0,1.39e-08,6.12238564495,412.3710968744
1,0,1.413e-08,1.64650599332,42.5864537627
1,0,1.537e-08,3.4321010467,52389.1053785864
1,0,1.483e-08,1.40459440941,210.8514148832
1,0,1.421e-08,5.99347128723,225.8292684102
1,0,1.472e-08,3.48774945967,215.7467759928
1,0,1.157e-08,5.00834366696,2648.454825473
1,0,1.096e-08,2.83518032659,422.6660376129
1,0,1.074e-08,3.22867432953,1795.258443721
1,0,1.049e-08,0.50853077542,309.2783226558
1,0,1.369e-08,5.12813131118,79.2350166922
1,0,1.411e-08,1.66986522557,50057.04242277
1,0,1.022e-08,0.96352485877,145.6310438715
1,0,1.422e-08,2.40975714524,152.5321425512
1,0,1.014e-08,1.8162082958,74821.13447975718
1,0,1.232e-08,0.8401047377,52182.9198301492
1,0,1.068e-08,5.82601643881,26727.8004278882
1,0,9.63e-09,2.31649309053,155468.036919256
1,0,9.79e-09,2.33360006154,84.3428261229
1,0,9.55e-09,6.15602120913,1272.6810256272
1,0,1.09e-08,2.86573865299,70.3281804424
1,0,9.91e-09,3.22224423668,117873.36400788819
1,0,1.075e-08,0.57961253778,212.3358875915
1,0,1.07e-08,4.31120526838,214.2623032845
1,0,9.39e-09,3.69536889843,12432.0426503978
1,0,9.56e-09,1.51577387873,124778.18365871879
1,0,1.244e-08,2.87441597074,184.7272873558
1,0,1.098e-08,2.95983802473,137.0330241624
1,0,8.89e-09,3.98790631605,213.2509113282
1,0,8.89e-09,0.90251570889,213.3472795478
1,0,8.51e-09,3.47856448633,85034.42002596818
1,0,9.07e-09,3.70816916557,98068.53671630539
1,0,9.73e-09,4.53434491997,437.6438911399
1,0,8.27e-09,4.98534406085,104881.30353139139
1,0,8.19e-09,0.57163728715,529.6427809848
1,0,8.19e-09,3.76946397274,529.7391492044
1,0,8.11e-09,2.26915207928,288.0806940053
1,0,8.27e-09,4.70714045338,25661.3049506982
1,0,7.94e-09,5.3480306076,120226.23016165999
1,0,8.46e-09,2.524727052,51123.53789995999
1,0,1.037e-08,4.27554240329,527.2432845398
1,0,1.031e-08,0.06363683037,532.1386456494
1,0,9.03e-09,5.45953667423,52026.2430860138
1,0,7.97e-09,4.06306935733,203.7378678824
1,0,8.59e-09,2.39272132973,74.6697239827
1,0,8.58e-09,5.4282017878,74.8934731519
1,0,7.34e-09,5.35841388096,112.9146342051
1,0,9.23e-09,2.83668265777,115674.27666460119
1,0,7.14e-09,1.92373551526,628.8515860501
1,0,7.06e-09,0.25739782784,313054.83769889036
1,0,8.02e-09,3.91721323343,157636.79740153858
1,0,9.29e-09,3.79917679735,55618.3812281138
1,0,7.73e-09,2.32134386344,95247.70557217918
1,0,7.23e-09,2.69407605052,105410.99449648599
1,0,6.7e-09,2.85882489359,2008.557539159
1,0,8.59e-09,5.91464456306,51109.31080595839
1,0,6.61e-09,3.20309638077,2111.6503133776
1,0,7.16e-09,2.17754981522,129909.82474277639
1,0,9.26e-09,2.97025862788,160.6088973985
1,0,8.24e-09,3.326909007,838.9692877504
1,0,6.5e-09,3.13131829872,64607.84893354619
1,0,6.73e-09,0.86671401461,28206.6670019526
1,0,6.07e-09,1.59220678788,78244.0396638228
1,0,6.31e-09,0.5005098548,430.5303441391
1,0,6.08e-09,3.76574069937,2221.856634597
1,0,6.92e-09,2.83117936839,9.5612275556
1,0,6.59e-09,5.75914725971,52022.0274726636
1,0,8.32e-09,2.20242516999,380.12776796
1,0,7.39e-09,3.07428442368,103396.01282468818
1,0,6.15e-09,5.13985428393,1368.660252845
1,0,5.85e-09,0.20238616925,162188.75089859738
1,0,6.65e-09,4.44780311571,1063.3140834523
1,0,6.39e-09,3.15793381912,12.5301729722
1,0,5.99e-09,0.38463092695,423.4167971383
1,0,6.74e-09,5.81169972173,38519.945791972
1,0,6.48e-09,3.43475812975,528.7277572481
1,0,6.46e-09,0.90574398043,530.6541729411
1,0,5.9e-09,2.65601790847,71025.0338331226
1,0,5.52e-09,0.88446392196,1055.4497769261
1,0,5.38e-09,6.0410203897,127.4717966068
1,0,6.73e-09,5.9951416592,52329.58509363319
1,0,5.56e-09,2.51501816541,10021.8372800994
1,0,6.61e-09,5.96096138275,77623.81213840858
1,0,5.06e-09,4.78871089926,23754.70674870219
1,0,6.72e-09,3.08200615608,221.3758502853
1,0,6.33e-09,4.13478072308,45494.58142974879
1,0,5.66e-09,2.70414246898,728.762966531
1,0,4.9e-09,2.97472409276,71.6002048296
1,0,6.49e-09,1.32346646305,22.0914005278
1,0,4.71e-09,4.83320292258,77.962992305
1,0,6.24e-09,2.86175235996,330.6189636582
1,0,4.66e-09,4.75460050527,84546.78527471398
1,0,5.92e-09,3.3085271514,7994.5284420242
1,0,4.75e-09,0.67495503078,1073.6090241908
1,0,6.52e-09,2.72637797985,388.4651552382
1,0,5.45e-09,5.80602159358,52099.5402118728
1,0,4.56e-09,1.94151045577,90829.86112470538
1,0,4.69e-09,3.29068228268,26237.46633870879
1,0,5.74e-09,5.66932742997,87.3117715395
1,0,5.21e-09,0.86596201958,80482.46652890938
1,0,6.14e-09,3.69895971929,78283.37918562238
1,0,4.44e-09,4.63869120122,151975.46535238638
1,0,4.4e-09,6.26532535664,27140.17152476259
1,0,6.05e-09,1.98317483331,984.6003316219
1,0,5.41e-09,3.08246188636,72.3339180125
1,0,4.72e-09,0.86276697768,155418.04029735178
1,0,4.67e-09,5.34128135139,212.7778305762
1,0,4.69e-09,3.53622250201,108903.56606335558
1,0,4.66e-09,5.83324087524,213.8203602998
1,0,4.47e-09,1.04087892038,78256.59587772179
1,0,4.18e-09,2.75937640828,429.7795846137
1,0,4.75e-09,1.66738717949,860.3099287528
1,0,4.53e-09,3.64418740188,26137.8997634784
1,0,4.54e-09,2.00715474668,26037.90651966999
1,0,4.36e-09,0.82989514902,2333.196392872
1,0,4.18e-09,5.03310520138,128850.44281258718
1,0,4.29e-09,2.31358963023,29428.515568274
1,0,4.19e-09,5.0008724112,78267.59076008058
1,0,4e-09,0.83625504703,28421.0995344462
1,0,4.38e-09,1.02063855266,78050.41032928458
1,0,5.02e-09,0.81791649248,26720.68688088739
1,0,4.46e-09,5.82498138989,25984.8103673556
1,0,4.26e-09,2.83085905523,27154.3986187642
1,0,4.22e-09,2.30407366448,93028.94846799239
1,0,5.11e-09,4.91405448075,77.2292791221
1,0,4.41e-09,6.19559752006,26190.99591579279
1,0,5.17e-09,4.94804650401,25455.119402261
1,0,3.9e-09,4.99072482742,130012.91751699499
1,0,3.84e-09,0.64251152112,340.7708920448
1,0,3.66e-09,3.54049188579,22747.2907148744
1,0,3.64e-09,0.17059200526,78690.30761559859
1,0,3.6e-09,2.87002870666,114564.89811250778
1,0,4.18e-09,0.29020498002,78259.82808936459
1,0,3.52e-09,0.48243014753,52643.7712735028
1,0,4.47e-09,4.62889752225,76144.94556434419
1,0,3.93e-09,0.20924522982,78477.00852016058
1,0,3.54e-09,2.5486831652,62.2514255951
1,0,3.95e-09,3.9399918655,52.6901980395
1,0,3.37e-09,0.17003651408,79852.78232000639
1,0,4.06e-09,2.27584736071,350.3321196004
1,0,3.96e-09,1.99989177453,145.1097790097
1,0,4.23e-09,1.38576321047,46848.3301747656
1,0,3.28e-09,5.12139261865,72936.23331633979
1,0,3.56e-09,6.07425645036,48835.19385644859
1,0,3.85e-09,6.13244198192,909.8187330546
1,0,3.35e-09,2.06671111251,18207.81398823521
1,0,3.16e-09,4.36448926663,76044.9523205358
1,0,4.03e-09,5.17867896855,131395.11544947958
1,0,3.1e-09,0.83186759417,1905.4647649404
1,0,3.13e-09,3.62090724113,234.6397364404
1,0,3.68e-09,5.56337901283,25565.3257234804
1,0,3.82e-09,1.81523910449,186.2117600641
1,0,4.17e-09,1.80274920701,71492.99882347698
1,0,2.99e-09,4.63500144403,25973.46385288896
1,0,2.97e-09,1.02156805675,26202.34243025941
1,0,4e-09,1.3875243454,454.9093665273
1,0,3.72e-09,4.82853244691,3.1813937377
1,0,2.85e-09,1.16807752441,52182.4348420484
1,0,3.72e-09,1.49143639581,19406.6782881746
1,0,2.8e-09,0.70712927501,3.9321532631
1,0,2.93e-09,4.67573472055,23969.1392811958
1,0,3.03e-09,4.97988934115,51707.84129279399
1,0,2.87e-09,2.94652251384,26164.1692128498
1,0,3.09e-09,2.68979490218,362.8622925726
1,0,3.7e-09,3.57337038653,26162.6847401415
1,0,3.21e-09,0.05550391453,26610.48055966799
1,0,3.24e-09,6.13605453847,20760.4270331914
1,0,3.35e-09,0.71030115582,200.7689224658
1,0,2.67e-09,6.27484488465,143961.2671494624
1,0,3.11e-09,4.44573637765,297.6419215609
1,0,2.89e-09,1.92464337356,529.1697002328
1,0,3.66e-09,2.92406939426,604.4725636619
1,0,2.88e-09,2.41719522186,530.2122299564
1,0,3.66e-09,5.76748576672,111590.2881578968
1,0,3.14e-09,1.8435751869,108.4612160802
1,0,2.59e-09,3.65477257312,1485.9801210652
1,0,2.58e-09,5.37268509995,181555.94006083018
1,0,2.62e-09,4.15566435137,1258.4539316256
1,0,3.43e-09,2.03380599265,26013.1215430069
1,0,2.52e-09,1.39861971442,2125.8774073792
1,0,2.74e-09,1.54026728979,565.1156877467
1,0,3.25e-09,0.32647938806,703.6331846174
1,0,2.52e-09,0.59000537549,25668.418497699
1,0,2.44e-09,4.83556134823,51756.3216392732
1,0,2.68e-09,0.19545433539,140.001969579
1,0,2.85e-09,4.30750157848,52169.17772424839
1,0,2.43e-09,0.44342371962,1062.5633239269
1,0,2.48e-09,0.09445957496,210.3783341312
1,0,2.48e-09,4.79327801971,216.2198567448
1,0,2.41e-09,3.24545153339,37.611770776
1,0,2.55e-09,4.90697050745,153.4953503977
1,0,3.21e-09,1.57031879808,25771.5112719176
1,0,3.2e-09,4.08881851808,26404.2950112308
1,0,2.37e-09,3.72326482255,212.5483359126
1,0,2.37e-09,0.4734303614,124156.43985787958
1,0,2.36e-09,1.16575065097,214.0498549634
1,0,2.36e-09,4.23871934676,38.6543004996
1,0,3.05e-09,3.88207196267,78270.82297172339
1,0,2.52e-09,4.61065643475,209.106309744
1,0,2.47e-09,0.27272991614,217.491881132
1,0,2.25e-09,3.38119852586,223.5940361765
1,0,2.74e-09,5.58277756568,77211.44104153418
1,0,2.24e-09,5.51904045547,38.084851528
1,0,2.23e-09,1.96313876697,38.1812197476
1,0,2.79e-09,2.68601229144,77197.21394753258
1,0,2.59e-09,4.47711002004,32769.1279949738
1,0,2.18e-09,4.7255615517,100909.03762133139
1,0,2.77e-09,4.66039961569,26507.38778544939
1,0,2.45e-09,4.21060733239,173.9422195228
1,0,2.2e-09,0.21393446501,111122.32316754239
1,0,2.13e-09,0.60035314724,16066.0658614748
1,0,2.12e-09,3.53403079789,42153.969003049
1,0,2.34e-09,0.55106604784,74.2603337055
1,0,2.33e-09,0.98887023825,75.3028634291
1,0,2.08e-09,2.11083387325,146314.13330323418
1,0,2.3e-09,5.88454220643,141762.17980617538
1,0,2.41e-09,4.57150130406,150866.08680029298
1,0,2.47e-09,0.56642494969,252.6559713532
1,0,2.1e-09,0.69225590128,183724.7005431128
1,0,2.04e-09,0.84533704687,18.1592472647
1,0,2.82e-09,1.41766310537,563.6312150384
1,0,2.19e-09,0.30631385523,1699.2792165032
1,0,2.79e-09,2.23082630295,78114.14622758799
1,0,2.11e-09,1.74747254431,130969.20667296558
1,0,2.43e-09,1.23801467525,11610.5519583742
1,0,2.65e-09,2.55781243216,39743.7636327506
1,0,2.07e-09,5.75479453376,142.4496501338
1,0,2.22e-09,0.56159148263,81706.28436968799
1,0,2.04e-09,0.27721513871,417.0369633204
1,0,1.95e-09,4.23402090499,66.70484372
1,0,1.97e-09,2.60291082834,52815.7035694624
1,0,2.11e-09,5.13588313603,37.1698277913
1,0,2.47e-09,0.88342639891,71582.48457132299
1,0,2.44e-09,2.23408992933,51742.09454527159
1,0,2.27e-09,5.15751336106,207.8824694666
1,0,2.03e-09,2.35104519506,39.0962434843
1,0,2.02e-09,4.05217682796,207.6700211455
1,0,1.84e-09,3.89765737558,1898.3512179396
1,0,2.02e-09,2.33370581573,25881.717593137
1,0,1.96e-09,3.28084664215,26294.08869001139
1,0,2.19e-09,6.03807342488,218.7157214094
1,0,2.06e-09,5.35930784504,88.865680217
1,0,1.88e-09,2.41909448761,1471.7530270636
1,0,1.85e-09,4.15018423748,508.3503240922
1,0,1.95e-09,0.82662766477,218.9281697305
1,0,1.77e-09,1.97797395237,14477.3511832
1,0,1.97e-09,3.05228592369,1574.8458012822
1,0,2.24e-09,4.06529944699,1056.2005364515
1,0,2.2e-09,1.08810755857,7880.08915333899
1,0,1.74e-09,3.31130146787,339142.7408404646
1,0,1.69e-09,4.11217724456,106570.36967048359
1,0,1.84e-09,6.12955693514,129483.91596626239
1,0,1.72e-09,0.97217516384,51543.0225438352
1,0,1.72e-09,2.9615554216,526.7702037878
1,0,1.86e-09,0.73069210814,554.0699874828
1,0,1.94e-09,2.50663265946,28.5718080822
1,0,1.85e-09,2.73333187819,103711.71527998279
1,0,1.69e-09,1.38093325803,532.6117264014
1,0,2.17e-09,3.59114151623,124.433415221
1,0,1.76e-09,1.20681960915,525.4981794006
1,0,1.72e-09,5.60194767636,211.8146227297
1,0,1.92e-09,3.25987344029,50483.640613646
1,0,1.88e-09,3.44598602635,569.0478410098
1,0,1.58e-09,0.33551046271,528.9402055692
1,0,1.57e-09,4.00545168863,530.44172462
1,0,1.91e-09,5.22978475164,155997.72788435058
1,0,1.77e-09,0.70756419313,32.1951448046
1,0,1.96e-09,5.36844580786,121335.60871375339
1,0,1.91e-09,4.1231488639,183.2428146475
1,0,1.79e-09,1.49110102879,5.9378908332
1,0,1.7e-09,5.83704197169,305.3461693927
1,0,2.07e-09,1.8165611606,73.8183907208
1,0,1.49e-09,3.30525660286,33967.99229491319
1,0,1.52e-09,2.53081717814,78109.93061423779
1,0,1.67e-09,3.7589979746,467.9649903544
1,0,1.75e-09,1.28027815287,217.964961884
1,0,1.53e-09,1.95502612633,44181.27784112419
1,0,1.48e-09,4.39633643688,519.3960243561
1,0,1.55e-09,3.25656297117,188276.6540401716
1,0,1.78e-09,5.74884343681,131498.89763806018
1,0,1.47e-09,3.63497942528,82.8583534146
1,0,1.58e-09,2.94930459323,61279.713277266
1,0,2.05e-09,3.72849237219,51322.60990139639
1,0,1.59e-09,5.6752365324,70269.18098269838
1,0,2.03e-09,2.5456920993,453.424893819
1,0,1.91e-09,5.96603240618,425.1137181677
1,0,1.48e-09,3.53096991388,414.0680179038
1,0,2e-09,0.25134097583,1439.5096981492
1,0,1.65e-09,5.22234420384,231.4583427027
1,0,1.42e-09,3.09515542757,50593.84693486539
1,0,1.48e-09,4.64350567688,104331.94280539699
1,0,1.41e-09,5.69421526925,408.4389436113
1,0,1.52e-09,5.28423765869,52101.02468458109
1,0,1.58e-09,2.76578351678,78417.48823520739
1,0,1.73e-09,5.18821469013,26624.70765366959
1,0,1.91e-09,6.04625942487,75.7448064138
1,0,1.49e-09,3.15621899577,533.8837507886
1,0,1.57e-09,3.61532012746,208.633228992
1,0,1.8e-09,3.80266288374,1685.0521225016
1,0,1.39e-09,2.47064593676,52278.89905736699
1,0,1.53e-09,4.99836680146,47.6942631934
1,0,1.84e-09,2.16301573772,1021.2488945514
1,0,1.62e-09,0.92049935752,25780.3455206046
1,0,1.39e-09,5.84452648935,373.9079928365
1,0,1.55e-09,3.01838392403,13362.4497067992
1,0,1.59e-09,4.73827541063,26395.46076254379
1,0,1.38e-09,5.61172177506,214.7835681463
1,0,1.29e-09,1.5439076208,203.0041546995
1,0,1.28e-09,5.24161490581,479.2883889155
1,0,1.5e-09,4.09326692088,23888.81579828719
1,0,1.49e-09,0.467077474,104371.28232719658
1,0,1.3e-09,4.64320618121,22759.76748529401
1,0,1.25e-09,1.65138113985,66653.15746634839
1,0,1.27e-09,3.92908708947,54294.57014352679
1,0,1.39e-09,3.82303818931,52808.59002246159
1,0,1.33e-09,1.43643107625,102232.84870591838
1,0,1.3e-09,2.26702486739,654.1243803156
1,0,1.7e-09,2.5789315093,78187.44335344699
1,0,1.44e-09,1.54442458059,4.192785694
1,0,1.39e-09,1.2251040797,251.4321310758
1,0,1.19e-09,1.41360479766,178063.3684939606
1,0,1.6e-09,5.11540883899,265.9892934775
1,0,1.21e-09,3.9139738874,181505.94343892598
1,0,1.21e-09,5.05113331022,56.6223513026
1,0,1.22e-09,2.54446157327,52072.71350892979
1,0,1.39e-09,5.71941525592,97112.93697469679
1,0,1.15e-09,6.22459411775,539.9859058331
1,0,1.15e-09,4.07185769679,104344.49901929598
1,0,1.17e-09,1.54182773466,110634.68841628819
1,0,1.27e-09,0.21479421217,26521.614879451
1,0,1.12e-09,1.81733872734,154938.34595416137
1,0,1.11e-09,0.50939039069,18093.37469954999
1,0,1.14e-09,0.09813992796,213.1872208534
1,0,1.14e-09,4.7911677336,213.4109700226
1,0,1.13e-09,0.81015998025,25754.0472008048
1,0,1.08e-09,5.76941118774,25448.00585526019
1,0,1.23e-09,5.10501021239,98.8999885246
1,0,1.46e-09,0.58342798299,60055.89543648739
1,0,1.08e-09,2.35657716458,24176.703658357
1,0,1.16e-09,0.64506154486,524.0618908021
1,0,1.1e-09,4.84051151993,26421.7590823436
1,0,1.15e-09,3.69498632982,535.3200393871
1,0,1.04e-09,0.13113326845,68241.8721446232
1,0,1.27e-09,0.63003020942,540.7366653585
1,0,1.04e-09,1.75849927543,156100.82065856917
1,0,1.1e-09,5.00176300515,116917.76426627958
1,0,1.21e-09,1.57094829203,28286.9904848612
1,0,1.43e-09,0.64505147056,25551.09862947879
1,0,1.18e-09,0.24752969879,983.1158589136
1,0,1.41e-09,5.41856442991,50579.61984086379
1,0,1.01e-09,4.14115345148,26198.1094627936
1,0,1.18e-09,0.19804778544,525.0250986486
1,0,1.05e-09,1.29654862161,963.4027029714
1,0,1e-09,3.71645704441,529.851023789
1,0,1e-09,0.62422783083,529.5309064002
1,0,1e-09,5.46137709146,25035.6347583858
1,0,1.01e-09,2.84451540031,74923.09699802278
1,0,9.9e-10,1.87542989608,198.321241911
1,0,1.09e-09,3.14296852629,51639.00177105299
1,0,1.19e-09,3.40917089591,2324.9494088156
1,0,1.11e-09,1.30109743855,80.1982245387
1,0,9.6e-10,4.1715256913,213.5115437591
1,0,9.6e-10,0.71778197027,213.0866471169
1,0,1e-09,3.26577605891,104564.91166173479
1,0,1.2e-09,0.30678874176,134991.4692049298
1,0,9.8e-10,0.40293133382,31415.379249957
1,0,9.9e-10,0.19873228449,551.031606097
1,0,1.1e-09,0.162370163,24356.7807886416
1,0,1.11e-09,4.13924061941,534.3568315406
1,0,1.17e-09,1.76475239313,524.2743391232
1,0,1.25e-09,4.8523676116,21.3406410024
1,0,9.5e-10,5.28465176922,327.4375699205
1,0,1.27e-09,4.13213704562,104138.31347085879
1,0,9.6e-10,0.03168784215,1802.3719907218
1,0,1.15e-09,2.57406093768,535.107591066
1,0,1e-09,2.94090698274,195.1398481733
1,0,1.03e-09,5.28415599079,55516.4187098482
1,0,9.6e-10,0.06385619665,35.685355083
1,0,9.3e-10,5.06100768596,52125.80966124419
1,0,1.13e-09,1.72263005108,114.1384744825
1,0,9e-10,3.88628119026,54509.0026760204
1,0,1.02e-09,4.42228976166,219.891377577
1,0,1.02e-09,1.76819684789,104355.49390165479
1,0,9.2e-10,0.93585280841,29416.03879785439
1,0,8.9e-10,3.13856979181,1382.8873468466
1,0,9.9e-10,3.05816380866,51951.46148744649
1,0,1.01e-09,5.00210914828,26941.0995233262
1,0,9.3e-10,5.47802579149,27780.06881107659
1,0,8.6e-10,2.85915032438,228.276948965
1,0,9.2e-10,5.92381365319,140652.80125408198
1,0,1.01e-09,0.37463492787,52250.5878817157
1,0,1e-09,3.39323367399,96.8729990951
1,0,1.1e-09,1.19226098509,49527.35145767539
1,0,1.06e-09,1.95430653957,157483.01859105378
1,0,8.5e-10,0.07491193588,52325.36948028299
1,0,8.4e-10,2.61330768505,74.7334144575
1,0,8.4e-10,5.20716850754,74.8297826771
1,0,8.8e-10,5.23856931735,36109.7404216736
1,0,1.14e-09,1.15232105885,177.8743727859
1,0,9.2e-10,4.54873108884,51219.51712717779
1,0,9.9e-10,4.86416581345,97580.90196505119
1,0,9.6e-10,5.49023224946,27819.0254945068
1,0,8.3e-10,3.06701367899,53228.07466633679
1,0,8.6e-10,4.71420290052,52065.59996192899
1,0,8.7e-10,1.13401038923,40.5807161926
1,0,1e-09,0.37157933173,52225.8029050526
1,0,1.02e-09,5.36307297883,119116.85160956658
1,0,8.6e-10,3.22100292543,104778.21075717278
1,0,8e-10,3.16723228694,27999.1026247914
1,0,8.1e-10,3.33902328234,191.2076949102
1,0,9.3e-10,1.06738164563,74.5209661364
1,0,8.2e-10,3.52865654881,78731.674415077
1,0,9.1e-10,6.01617993088,12725.453434775
1,0,9.3e-10,0.46802035326,75.0422309982
1,0,7.9e-10,4.31891477024,38.0211610532
1,0,7.9e-10,3.16332905605,38.2449102224
1,0,8e-10,1.40233563562,191.9584544356
1,0,7.9e-10,4.46070108071,278.5194664497
1,0,8e-10,3.95392779576,175.1660598002
1,0,8.3e-10,2.35608099285,300.6108669775
1,0,7.8e-10,0.92843223712,30.0562807905
1,0,9.7e-10,5.32653372215,259.5088859231
1,0,7.9e-10,3.22192807282,40565.2543247742
1,0,9.1e-10,4.58356981907,51859.41441349179
1,0,7.8e-10,5.89716715733,53242.3017603384
1,0,7.7e-10,2.50991636518,205.2223405907
1,0,7.6e-10,1.13153106088,102132.85546210999
1,0,7.9e-10,3.22173800911,105940.68546158058
1,0,8.5e-10,0.43515691954,44.070926471
1,0,9.6e-10,6.24127646307,131.4039498699
1,0,9.1e-10,3.88112259566,80.7194894005
1,0,9e-10,4.23026579034,51013.33157874059
1,0,8.9e-10,0.85475471665,1911.1994832172
1,0,7.5e-10,4.7865700126,3328.13565628019
1,0,8.9e-10,2.51053764331,137678.191299471
1,0,7.8e-10,2.59112277976,74.6215398729
1,0,7.8e-10,5.22948432343,74.9416572617
1,0,7.5e-10,2.21732650708,302.164775655
1,0,7.3e-10,5.12605342426,50696.93970908399
1,0,1.02e-09,3.3406045612,104347.73123093879
1,0,7.2e-10,3.0520306582,170049.1702910366
1,0,7.2e-10,4.8169886315,213.5597278689
1,0,7.2e-10,0.07231943414,213.0384630071
1,0,8.8e-10,0.84909576958,52492.19815280499
1,0,9.6e-10,4.24511131293,483.2205421786
1,0,7.8e-10,5.73315772437,103285.11708910679
1,0,7.6e-10,2.77567349877,25021.4076643842
1,0,7.4e-10,1.54799312825,52595.29092702359
1,0,7.5e-10,1.65964856775,77844.22478084739
1,0,7.6e-10,5.29592084579,25953.79409198919
1,0,6.9e-10,3.45966511571,529.4785167735
1,0,6.9e-10,0.88102053266,529.9034134157
1,0,9.4e-10,3.68180477512,248.7238180901
1,0,9.3e-10,3.12123076178,52698.38370124219
1,0,7.7e-10,3.59376629306,518.6452648307
1,0,7.1e-10,1.81949696208,99024.13645791399
1,0,6.9e-10,5.67393312508,27669.86248985719
1,0,8.2e-10,4.53867872623,8194.2753332086
1,0,7e-10,3.97459919519,24998.19435038059
1,0,6.6e-10,2.02327672376,635.9651330509
1,0,7.3e-10,0.37194429847,26222.0121911592
1,0,6.6e-10,4.21010251137,78270.3379836226
1,0,7.5e-10,0.63857154574,104358.72611329758
1,0,6.8e-10,1.33087179491,25977.69682035479
1,0,6.5e-10,3.48280450372,2214.7430875962
1,0,6.5e-10,5.87150671106,12546.481939083
1,0,6.8e-10,2.13534804773,207643.8432024044
1,0,7.3e-10,3.92326982541,97670.38771289718
1,0,7.7e-10,5.28001515588,104202.04936916218
1,0,8e-10,5.28926332171,77829.99768684579
1,0,6.3e-10,3.22324471895,20.6069278195
1,0,8.4e-10,0.70408445885,424.1505103212
1,0,7.9e-10,3.79946681872,25446.4895798352
1,0,8.2e-10,1.17323562782,154.0166152595
1,0,6.5e-10,5.99619164093,284.1485407422
1,0,7.6e-10,3.59374291647,831.8557407496
1,0,8.1e-10,3.70025004502,37.8724032069
1,0,6.9e-10,2.58402361347,275.5505210331
1,0,7.1e-10,3.88813675038,835.0371344873
1,0,8e-10,3.78188046031,38.3936680687
1,0,7.3e-10,0.88865626886,115.8835796217
1,0,6.2e-10,3.49840489113,150244.3429994538
1,0,7e-10,3.33224029594,27684.0895838588
1,0,7.2e-10,6.12464480054,50800.03248330259
1,0,6.3e-10,1.68487980742,27177.6119327678
1,0,7e-10,4.93912259682,17893.6278083656
1,0,6.2e-10,4.07249777023,52290.24557183361
1,0,5.9e-10,1.39971005804,52061.36699446317
1,0,7.4e-10,1.85368417401,26729.31670331319
1,0,6.9e-10,2.49762583501,511.5317178299
1,0,7.8e-10,5.50238014696,26086.4186688659
1,0,7.7e-10,2.35428024909,103299.34418310839
1,0,5.8e-10,0.25471831888,46.2097904851
1,0,6.8e-10,1.09479629612,643.8294395771
1,0,7.7e-10,0.15680563848,26089.38761428249
1,0,7.9e-10,5.72688311333,531.1754378029
1,0,5.8e-10,2.64366803071,167850.0829477496
1,0,7.9e-10,0.46444983025,404.5067903482
1,0,7.7e-10,4.08353330283,618.5566453116
1,0,5.6e-10,3.75317204098,209812.60368468694
1,0,5.6e-10,1.44522132533,842.1506814881
1,0,6.2e-10,0.8877165736,99.1606209555
1,0,6.5e-10,1.8446048539,547.8502123593
1,0,6.2e-10,4.06674027154,68.8437077341
1,0,5.8e-10,1.54141936736,25508.2155545754
1,0,6.5e-10,5.37982266335,3178.1457905676
1,0,5.5e-10,5.11846973847,44295.7171298094
1,0,6.1e-10,0.01100073598,121.2520214833
1,0,7.6e-10,4.86986651697,528.2064923863
1,0,7.4e-10,5.40235174363,90695.75207512038
1,0,5.6e-10,5.41213842126,22625.658435709
1,0,7.5e-10,4.7149875591,227.3137411185
1,0,5.8e-10,5.00595087071,24448.8336243862
1,0,5.7e-10,3.38008527236,2641.3412784722
1,0,6.6e-10,1.74137162401,77795.74443436819
1,0,6e-10,3.25440342504,137210.22630911658
1,0,5.3e-10,6.01392123943,52252.07235442399
1,0,5.5e-10,5.16128806691,172402.0364448084
1,0,6.3e-10,0.49748028885,77410.51304297059
1,0,6.1e-10,3.81064825215,650.9429865779
1,0,6.4e-10,4.29409388919,159.1244246902
1,0,5.5e-10,3.60654464612,107794.1875112622
1,0,6.1e-10,2.96999279527,429.0458714308
1,0,6.7e-10,1.36610006933,19.66976089979
1,0,5.2e-10,3.24674394448,2538.2485042536
1,0,5.4e-10,4.25219663118,60370.08161635699
1,0,5.7e-10,3.4622712627,92.940845832
1,0,7.2e-10,1.66730834668,2199.087343287
1,0,7e-10,4.72694535646,24864.08530079559
1,0,6.8e-10,0.4323378747,219.4494345923
1,0,5.9e-10,5.80351575464,33.9402499438
1,0,6.2e-10,5.86330508473,2.4476805548
1,0,5.4e-10,0.83991353377,25938.3399444396
1,0,6.2e-10,6.09623774456,425.6349830295
1,0,5.1e-10,5.10012533555,1048.3362299253
1,0,5.2e-10,5.67389658184,26312.2479372761
1,0,5.1e-10,4.20616611062,55503.94193942859
1,0,5.4e-10,3.07019079387,59.8037450403
1,0,5.1e-10,1.38932880278,126996.94076290558
1,0,5e-10,1.48104982763,960.2213092337
1,0,5.9e-10,5.90527689512,72.0732855816
1,0,5e-10,0.12167728428,426.6463749858
1,0,6.4e-10,4.78297114148,269.9214467406
1,0,5e-10,4.78368432558,514.7131115676
1,0,5.1e-10,5.96112457648,387.2413149608
1,0,5.5e-10,1.61378048542,42.3258213318
1,0,5.2e-10,4.12665298549,26667.590728573
1,0,6.1e-10,2.99099061629,38813.3565763492
1,0,6.3e-10,1.40789341724,750.1036075334
1,0,5e-10,3.20702872042,426.5500067662
1,0,6.3e-10,3.98505374586,494.2662424425
1,0,5.3e-10,2.43583780027,2428.0421830342
1,0,5e-10,1.22898875729,58857.03113654799
1,0,4.9e-10,5.77137528617,129799.61842155698
1,0,4.7e-10,5.83569926578,544.6688186216
1,0,4.8e-10,2.00982466333,39.3568759152
1,0,5.5e-10,4.77668766562,157057.10981453978
1,0,6.6e-10,1.07578161516,78257.08086582259
1,0,4.7e-10,5.68018085277,51969.62073471119
1,0,5.5e-10,5.26856872787,81.8951455681
1,0,5e-10,0.62769089958,27726.9726587622
1,0,5.9e-10,2.11187321665,488.8496164711
1,0,4.7e-10,6.07590356304,76681.75007643958
1,0,6.4e-10,0.02610133525,76571.54375522019
1,0,4.8e-10,3.85151205518,77630.92568540938
1,0,4.7e-10,4.16677363723,27044.1922975448
1,0,4.7e-10,2.89523133719,155571.81910783658
1,0,6.3e-10,4.17349551052,1364.7280995819
1,0,5.4e-10,5.79169304973,23919.1426592916
1,0,5.4e-10,3.62421804697,427.5613987225
1,0,5.2e-10,4.38844382678,210.5907824523
1,0,6.3e-10,0.92748869514,27311.72098235281
1,0,5.1e-10,0.50117453824,216.0074084237
1,0,4.6e-10,4.79961635192,106.2741679563
1,0,5e-10,4.62538441124,1056.9342496344
1,0,4.6e-10,0.24060913723,29550.14784743939
1,0,4.8e-10,1.32358795195,501.3797894433
1,0,5.1e-10,1.39209045161,28736.3579670472
1,0,6.2e-10,1.3356427904,176953.98994186718
1,0,5.3e-10,0.23746311564,27037.07875054399
1,0,5e-10,1.09462754777,355.7487455718
1,0,4.4e-10,5.16479782395,74.0308390419
1,0,4.4e-10,4.12941573514,2751.5475996916
1,0,5.5e-10,2.70454523909,14.977853527
1,0,5.7e-10,3.17248775727,491.8185618877
1,0,4.3e-10,0.99595677376,213.4591541324
1,0,4.3e-10,3.89366939283,213.1390367436
1,0,4.3e-10,2.65544175682,75.5323580927
1,0,4.3e-10,0.76354191371,220.4608265486
1,0,4.9e-10,0.25668378883,1279.794572628
1,0,4.3e-10,5.65844331747,78903.60671103658
1,0,5.3e-10,0.29722112114,54087.0057663656
1,0,5.4e-10,0.68459749075,187.6962327724
1,0,4.3e-10,3.66662961756,16703.062133499
1,0,5.7e-10,0.63863230611,1061.829610744
1,0,5e-10,5.56308110598,296.1574488526
1,0,4.2e-10,2.08219460796,78188.92782615528
1,0,5.3e-10,2.13789461791,147423.51185532758
1,0,4.8e-10,5.60385784254,65831.6667743248
1,0,4.8e-10,5.45683494266,25138.7275326044
1,0,5.3e-10,0.12507223621,52381.99183158559
1,0,4.1e-10,4.51930257295,128.9562693151
1,0,4.9e-10,5.16281052467,26709.6469424134
1,0,5.6e-10,5.4545826458,1057.8974574809
1,0,5.3e-10,1.93518633525,601.7642506762
1,0,4e-10,0.81354779862,132658.27281205778
1,0,4.7e-10,5.03443210464,679.2541622292
1,0,5.4e-10,4.48267339963,207.1487562837
1,0,5.4e-10,0.20680001648,153.7788104848
1,0,4e-10,4.11879245377,1059.430114299
1,0,4.8e-10,0.50977666152,25466.159340735
1,0,4.7e-10,2.1689217457,76667.52298243798
1,0,4.2e-10,3.87088947499,220.364458329
1,0,4.6e-10,4.69192941021,10.2949407385
1,0,4e-10,1.64818311544,26823.77965510599
1,0,4.4e-10,0.08844410692,365230.6439820388
1,0,5.1e-10,5.74770428324,344.7030453079
1,0,4.9e-10,1.91714086006,75930.51303185058
1,0,5.4e-10,1.04857075083,188.9200730498
1,0,4e-10,4.01884342217,25352.02662804239
1,0,4.6e-10,5.62653039055,104275.34649502118
1,0,4.1e-10,2.70677059989,67.6680515665
1,0,4.4e-10,0.034632655,214364.55718174577
1,0,4.4e-10,1.85079090927,52712.61079524379
1,0,4.4e-10,0.29252718625,179.3588454942
1,0,5.1e-10,1.98801868265,182085.63102592478
1,0,4.4e-10,1.83547130154,289.5651667136
1,0,4e-10,4.83551999164,149.45132255
1,0,4.4e-10,6.15351278676,28256.66362385679
1,0,4e-10,0.02735864866,436.1594184316
1,0,4.7e-10,2.80270200743,1038.0412891868
1,0,3.8e-10,5.81365212706,104505.39137678158
1,0,3.7e-10,3.31019033964,1788.1448967202
1,0,4.3e-10,5.33420928917,25867.49049913539
1,0,4.5e-10,2.39073394193,358.9301393095
1,0,3.7e-10,5.57899251145,104197.83375581198
1,0,4.7e-10,1.00325671943,523.5406259403
1,0,4.2e-10,5.19722521758,25169.9728555924
1,0,3.6e-10,2.92998162283,68.1893164283
1,0,3.8e-10,3.94772947506,26102.1302355758
1,0,3.8e-10,3.51956196186,130459.18546877075
1,0,4e-10,0.92098132614,1059.3337460794
1,0,3.6e-10,4.54511004825,128320.75184749259
1,0,3.7e-10,3.02198266683,26118.2300025786
1,0,3.8e-10,5.64242804993,212.0270710508
1,0,3.7e-10,5.53010012107,214.5711198252
1,0,3.7e-10,1.67070947391,24203.0019781568
1,0,3.6e-10,2.65041173436,26057.57628056979
1,0,3.9e-10,2.30481475888,1514.2912967165
1,0,4e-10,0.87236752974,497.4476361802
1,0,3.8e-10,1.66427845773,26402.0893214438
1,0,3.8e-10,5.13531782692,9384.8410080752
1,0,3.9e-10,0.46607609112,27005.83342755599
1,0,3.5e-10,4.30307025009,672.1406152284
1,0,4.7e-10,2.48361583884,50.4025761791
1,0,3.5e-10,4.65523345776,89.7594520943
1,0,3.5e-10,5.32328344021,69.1525242748
1,0,3.7e-10,5.42747720341,78366.80219894118
1,0,3.7e-10,4.00811594346,25773.71696170459
1,0,4.3e-10,2.91924315729,312.4597163935
1,0,3.4e-10,3.56462720934,27566.76971563859
1,0,4e-10,1.58760278423,149.6750717192
1,0,3.5e-10,0.56576540054,78896.49316403578
1,0,3.4e-10,1.75287834063,26073.67604757259
1,0,3.8e-10,1.41911789835,130419.8459469712
1,0,4.4e-10,2.53375250429,157586.80077963436
1,0,4.2e-10,3.3315928375,535.8413042489
1,0,3.4e-10,3.67701355195,25985.94062330859
1,0,3.6e-10,3.18170063426,144.1465711632
1,0,3.3e-10,0.53966934587,51852.30086649099
1,0,3.3e-10,2.37919979646,54.1746707478
1,0,3.5e-10,4.00506060972,27972.80430499159
1,0,3.5e-10,2.61916970082,27463.67694142
1,0,4.4e-10,3.78834210571,237.6781178262
1,0,3.3e-10,1.99538084924,26189.8656598398
1,0,3.5e-10,1.74685819003,529.9515975255
1,0,3.5e-10,2.59415719377,529.4303326637
1,0,3.2e-10,0.69003641909,207593.8465805002
1,0,3.5e-10,3.16175106244,51653.22886505459
1,0,3.2e-10,4.15757729853,206.1373643274
1,0,3.2e-10,0.69603648293,522.529233984
1,0,4.4e-10,0.60569420427,1512.8068240082
1,0,3.4e-10,3.91727152081,522.6256022036
1,0,3.2e-10,4.94879963135,81.3738807063
1,0,3.6e-10,3.21789957686,143.6253063014
1,0,3.4e-10,5.20057828474,1361.5467058442
1,0,3.2e-10,4.93095676351,767.3690829208
1,0,3.4e-10,3.96853644086,51868.2486621788
1,0,3.8e-10,5.50377225938,64901.25971792339
1,0,3.6e-10,3.05228952146,106.9767433719
1,0,4.3e-10,3.02087771501,51528.79544983359
1,0,4e-10,4.86610913022,1593.0050485469
1,0,3.6e-10,0.94812382604,130226.21661243298
1,0,4.2e-10,0.561260004,26308.315784013
1,0,3.1e-10,1.35404435495,35.212274331
1,0,3.1e-10,5.57428335318,78160.61665050399
1,0,3.3e-10,1.35404998174,1060.3451380357
1,0,3e-10,1.18953789068,1585.1407420207
1,0,3.2e-10,4.46013138626,204151.27163553477
1,0,3.2e-10,2.18005598447,51432.81622261579
1,0,3e-10,0.82681675219,130432.40216087017
1,0,3e-10,2.78120590799,116783.65521669458
1,0,3.2e-10,1.19634441527,26011.6370702986
1,0,3e-10,4.81616957225,182188.72380014337
1,0,3e-10,4.58762516085,49842.60989027639
1,0,3.6e-10,1.23021540997,181.0557665236
1,0,2.9e-10,4.88576757444,181026.24909573558
1,0,3.1e-10,4.17809672541,26083.97098831109
1,0,2.9e-10,4.00562317628,23439.44831610119
1,0,3e-10,3.25773726286,94329.77528619739
1,0,3e-10,5.47125895037,458.8415197904
1,0,3e-10,1.04324019127,206.233732547
1,0,2.8e-10,0.70524581752,80382.47328510099
1,0,3e-10,0.97454681171,77101.23472031478
1,0,3.3e-10,3.71848916507,245.5424243524
1,0,3.1e-10,3.62133003349,13541.42120249119
1,0,2.7e-10,5.91976429127,101011.00013959699
1,0,3.7e-10,4.29084367097,37698.4550999484
1,0,3.4e-10,3.84184270652,92.0470739547
1,0,2.9e-10,4.5447525039,426.0769260142
1,0,2.9e-10,1.5097855176,26091.83529483729
1,0,2.7e-10,1.62628759375,52509.6622239178
1,0,2.7e-10,2.00149954913,643.0786800517
1,0,2.7e-10,0.05278402845,130652.81480330898
1,0,2.8e-10,4.627228135,54374.8936264354
1,0,2.9e-10,0.41759634551,536.7563279856
1,0,2.7e-10,4.36788488657,113.3877149571
1,0,2.6e-10,3.63270001708,536.8526962052
1,0,3.4e-10,1.33764060023,77307.42026875199
1,0,2.8e-10,5.03737783889,183570.921732628
1,0,2.6e-10,5.99681746879,26049.7701059364
1,0,3e-10,4.55790675044,247.2393453818
1,0,3e-10,0.32859851834,24395.7374720718
1,0,3.4e-10,1.25342876252,22003.9146348698
1,0,3.3e-10,6.20284454959,77726.90491262719
1,0,2.9e-10,4.59659721132,136722.59155786238
1,0,3.5e-10,1.49684301877,52483.36390411799
1,0,3.1e-10,2.95281812365,567.8240007324
1,0,3.3e-10,2.75649306165,49953.94964855139
1,0,2.6e-10,1.90176515926,76784.84285065818
1,0,2.6e-10,4.09640475404,2001.4439921582
1,0,3.1e-10,6.01278123151,87367.61641884019
1,0,2.6e-10,2.06712180785,312.1990839626
1,0,2.7e-10,4.56810285368,558.0021407459
1,0,2.9e-10,2.06052680441,51226.63067417859
1,0,2.8e-10,5.93842433817,34282.1784747828
1,0,2.6e-10,2.19672734069,528.4189407074
1,0,3.3e-10,5.60590635849,68.5618234438
1,0,2.6e-10,2.1439174589,530.9629894818
1,0,3.4e-10,2.24082486732,81.0013736908
1,0,3.2e-10,3.35937950567,161079.37234650398
1,0,3.1e-10,4.07910584606,75615.25459924959
1,0,3.3e-10,6.12422500331,78039.36462902068
1,0,3.2e-10,3.06209611372,885.4397106664
1,0,2.7e-10,0.11026948051,69.3649725959
1,0,2.7e-10,0.91518492018,1223.81784077861
1,0,3.3e-10,2.48498925172,123200.84011627098
1,0,2.9e-10,0.08978768557,26575.53789282839
1,0,2.5e-10,3.43998049238,78338.49102328988
1,0,2.4e-10,2.66945427931,24824.745778996
1,0,2.9e-10,5.32028981868,181.7583419392
1,0,2.4e-10,6.14830012198,41.0537969446
1,0,3.1e-10,0.66559323336,235.3904959658
1,0,2.9e-10,5.58510707424,25600.26839032
1,0,2.7e-10,0.73776364996,27170.98337386779
1,0,2.7e-10,4.92586138125,25004.8229092806
1,0,2.6e-10,5.97260588863,39450.3528483734
1,0,2.3e-10,3.00242836566,27351.06050415239
1,0,2.7e-10,4.38319692097,88.7962442478
1,0,2.4e-10,2.49215995784,129373.02023068098
1,0,2.5e-10,2.88697470245,50064.15596977079
1,0,2.6e-10,5.05798020797,427.1194557378
1,0,2.6e-10,0.46301099062,206.706813299
1,0,2.3e-10,5.42203185877,146.3818033969
1,0,2.7e-10,1.76553297822,143005.6674078538
1,0,2.4e-10,2.92749869616,447.9388318784
1,0,2.3e-10,3.27216589351,52609.51802102519
1,0,2.7e-10,1.29818173739,24072.9214697764
1,0,2.8e-10,3.14979814758,65717.22748563958
1,0,2.4e-10,0.97156468917,52286.01260436779
1,0,2.6e-10,2.59525206009,746.9222137957
1,0,3e-10,4.42414087291,30171.8916482786
1,0,2.3e-10,5.88384962075,31.5407534988
1,0,3.1e-10,3.78497688028,1058.4187223427
1,0,2.3e-10,1.70061470411,934.9485149682
1,0,2.3e-10,1.81054497604,14.0146456805
1,0,2.6e-10,4.93016524161,342.2553647531
1,0,2.5e-10,1.41122590276,48847.6706268682
1,0,2.9e-10,0.23984449899,23.5758732361
1,0,2.6e-10,1.50614892755,78153.50310350319
1,0,2.3e-10,2.53647453704,523.0986829556
1,0,2.3e-10,1.32747738833,77947.31755506598
1,0,2.3e-10,1.63079770877,123668.80510662538
1,0,3e-10,2.27056118316,53906.92863608099
1,0,2.2e-10,1.83245731848,78213.71280281838
1,0,2.5e-10,5.93871501925,26724.8994135984
1,0,2.5e-10,6.00809531914,25450.90686955
1,0,2.7e-10,3.05550059377,258.0244132148
1,0,2.9e-10,1.56958922292,1023.9572075371
1,0,2.2e-10,5.41897797101,50264.6067999312
1,0,3e-10,2.89300380445,1731.1223529326
1,0,2.9e-10,6.26467372784,6129.2970395066
1,0,2.1e-10,3.01607737644,420.9691165835
1,0,2.2e-10,3.40134712578,6885.14988993081
1,0,2.6e-10,4.37859274213,28102.884813372
1,0,2.4e-10,6.19145581405,78786.28684281638
1,0,2.2e-10,1.08435169766,491.5579294568
1,0,2.8e-10,1.89166907104,162.0933701068
1,0,2.5e-10,0.11282707964,130435.63437251298
1,0,2.2e-10,3.21335876929,50444.6839302158
1,0,2.1e-10,0.94006911216,51955.39364070959
1,0,2.6e-10,0.76643908895,152.0108776894
1,0,2.2e-10,3.51848051148,103498.41618454478
1,0,2.6e-10,0.06021608153,1158.5425511447
1,0,2.1e-10,2.37348270979,35472.7441496494
1,0,2.3e-10,2.0532778504,103917.90082841998
1,0,2.3e-10,4.96709654012,16342.5825857176
1,0,2.5e-10,2.29706808754,52174.32181044009
1,0,2.2e-10,3.88895575058,78580.10129437919
1,0,2.2e-10,0.65838685946,80596.9058175946
1,0,2.4e-10,4.2846135836,260.9933586314
1,0,2.4e-10,3.86546209537,51841.950342379
1,0,2.3e-10,2.51081319916,4.665866446
1,0,2.2e-10,2.53548727754,337.732510659
1,0,2.4e-10,3.3013233092,1134.1635287565
1,0,2.3e-10,5.40491354928,129387.24732468258
1,0,2.1e-10,1.80330951791,536.2832472336
1,0,2.1e-10,3.62446848832,521.6142102473
1,0,2e-10,1.31076853893,51329.7234483972
1,0,2.5e-10,2.01244999882,81604.32185142238
1,0,2e-10,3.10946208664,692.5874843535
1,0,2.1e-10,0.67741466251,123758.29085447139
1,0,2.7e-10,2.90106794933,76887.93562487679
1,0,2e-10,0.95102387062,1603.2999892854
1,0,2.3e-10,3.97874341983,3462.2447058652
1,0,2e-10,1.71776764968,1089.7087911936
1,0,2e-10,2.83591185309,212.0752551606
1,0,2e-10,2.0537143135,214.5229357154
1,0,2e-10,5.53175498038,630.3360587584
1,0,2e-10,2.9687712855,2104.5367663768
1,0,2.2e-10,2.28317396212,24491.71669928959
1,0,2.1e-10,5.53325591048,163766.0944410452
1,0,2.2e-10,3.98134921024,50167.24874398939
1,0,2.1e-10,2.05459082055,130289.95251073639
1,0,2.6e-10,0.67723932625,776.9303104764
1,0,2.3e-10,3.14028242096,495.7507151508
1,0,2.2e-10,5.46738021368,391.1734682239
1,0,2e-10,6.09945384418,196137.07343261078
1,0,1.9e-10,5.79794377748,2.9207613068
1,0,2.3e-10,2.69768658787,166740.70439565618
1,0,2.1e-10,0.6120536964,96357.08412427259
1,0,2.2e-10,0.06669236593,26126.036177212
1,0,2.3e-10,4.74205819227,353.301065017
1,0,2.1e-10,6.19036413024,320.3240229197
1,0,1.9e-10,5.50124179878,423.6774295692
1,0,2.2e-10,5.71636060779,26734.913974889
1,0,2.1e-10,5.5709708801,621.7380390493
1,0,1.9e-10,4.66884897067,78683.19406859778
1,0,2.4e-10,2.12828546843,145204.75475114078
1,0,2.3e-10,4.84049690148,27223.5800134674
1,0,1.9e-10,1.51428153438,44.7253177768
1,0,2e-10,3.04457317761,211.6021744086
1,0,2.1e-10,3.47252263966,73.4090004436
1,0,1.9e-10,3.69323819425,130446.62925487179
1,0,2.4e-10,3.04675754545,52177.29075585669
1,0,1.8e-10,0.72295496626,112231.70171963578
1,0,2.4e-10,4.23773296616,24925.4284371664
1,0,2e-10,0.64353479758,372.4235201282
1,0,2.5e-10,4.82366657336,130443.39704322898
1,0,1.9e-10,1.69613741566,6.1503391543
1,0,2.3e-10,0.24495600934,561.934294009
1,0,2e-10,5.54482262721,39629.32434406539
1,0,2e-10,5.61075502521,157.6399519819
1,0,2.1e-10,4.72389831021,134.5853436076
1,0,2.2e-10,0.8364988896,24952.226269681
1,0,2.3e-10,5.41241581728,8.0767548473
1,0,1.8e-10,3.20573786676,2531.1349572528
1,0,1.9e-10,6.21298740233,24505.94379329119
1,0,2e-10,0.30552664552,104819.57755665119
1,0,1.9e-10,6.23315092064,26248.310510959
1,0,1.9e-10,5.71365941775,25927.49577218939
1,0,1.8e-10,4.18931740994,128220.75860368418
1,0,2e-10,5.93600662958,25907.8260112896
1,0,2e-10,6.01080370881,26267.9802718588
1,0,1.9e-10,4.93432108959,52817.21984488739
1,0,1.8e-10,1.78785742512,53029.0026649004
1,0,1.8e-10,1.87891344947,26411.4085582316
1,0,2.2e-10,4.75001386674,103932.12792242158
1,0,1.8e-10,5.75169680594,99.9113804809
1,0,1.8e-10,4.90666145829,27573.1938482774
1,0,2.1e-10,6.27990297281,130866.11389874699
1,0,2.5e-10,3.36120084514,78313.70604662679
1,0,1.8e-10,0.81718560103,52137.67324751059
1,0,2e-10,5.18305639217,233731.7463439786
1,0,2e-10,0.38279809837,12412.372889498
1,0,1.8e-10,3.15536708233,78413.27262185719
1,0,1.7e-10,1.49131618722,953.1077622329
1,0,1.7e-10,2.29182997194,53867.97195265079
1,0,2e-10,3.28882834991,696.5196376166
1,0,1.9e-10,5.05188282673,1098.7388061044
1,0,1.9e-10,3.08463122927,102659.44689679438
1,0,1.8e-10,3.28242315954,184.9879197867
1,0,1.7e-10,0.77039059907,24602.61243487099
1,0,1.7e-10,3.04543466944,230.5645708254
1,0,2.3e-10,6.00963896724,916.9322800554
1,0,1.9e-10,6.28210678104,132028.58860315479
1,0,1.7e-10,3.20560881801,267.4737661858
1,0,1.8e-10,3.88202573179,182.279606801
1,0,2.3e-10,6.25048261828,6.2197751235
1,0,1.8e-10,2.54015443097,31.019488637
1,0,1.9e-10,0.27995809484,7.4223635415
1,0,1.6e-10,2.6929300486,79330.20490191258
1,0,1.7e-10,5.12544427579,600.5404103988
1,0,1.8e-10,6.15816966745,79315.97780791098
1,0,1.6e-10,2.78510813583,92741.06060792258
1,0,1.9e-10,2.01731902987,86143.79857806159
1,0,2.1e-10,4.27520120566,286.596221297
1,0,1.7e-10,2.82710574399,152.7445908723
1,0,2e-10,3.1549650559,1166.4068576709
1,0,1.9e-10,0.93260332932,778.4147831847
1,0,1.7e-10,0.71577565405,537.7677199419
1,0,1.6e-10,1.31341405081,50903.1252575212
1,0,1.6e-10,2.44368919495,3.881335358
1,0,1.7e-10,0.80031134767,526.9826521089
1,0,1.9e-10,5.7025527009,220.9339073006
1,0,1.6e-10,3.65774554265,50689.82616208319
1,0,1.6e-10,0.85872562979,125.9873238985
1,0,1.6e-10,1.29170718466,241.6102710893
1,0,1.7e-10,0.67834725691,32.2433289144
1,0,1.6e-10,1.08234577224,2435.155730035
1,0,1.6e-10,2.6392912992,436.8931316145
1,0,1.6e-10,0.09975901912,135.5485514541
1,0,1.7e-10,2.24648465702,2744.4340526908
1,0,2e-10,5.59753462144,141.4864422873
1,0,1.6e-10,6.10122094573,28309.75977617119
1,0,1.6e-10,3.0148740034,627.3671133418
1,0,1.6e-10,4.26178376234,6044.2285813754
1,0,1.6e-10,0.71201836603,2228.9701815978
1,0,1.7e-10,1.83689902078,214.9960164674
1,0,2e-10,4.00993370051,505.3119427064
1,0,1.5e-10,3.31455438934,1049.0869894507
1,0,1.5e-10,2.20607541706,319.5732633943
1,0,1.5e-10,2.51967305706,155887.52156313116
1,0,1.8e-10,1.47352611971,576.1613880106
1,0,1.6e-10,6.07005900395,636.7158925763
1,0,1.6e-10,5.19901196241,731.9443602687
1,0,1.7e-10,3.32835182606,55638.05098901359
1,0,1.6e-10,0.9898707834,104358.2411251968
1,0,1.8e-10,0.61423288161,1969.2006632438
1,0,1.5e-10,0.52512621542,235900.50682626115
1,0,1.6e-10,0.28898343422,176332.24614102798
1,0,1.6e-10,0.38827434188,416.3032501375
1,0,1.6e-10,5.12479514781,95.3885263868
1,0,1.5e-10,3.42730813171,52309.9153327334
1,0,1.7e-10,1.84286799688,221.1634019642
1,0,1.5e-10,3.57429118232,532.3992780803
1,0,1.5e-10,0.29047743947,617.8058857862
1,0,1.5e-10,5.0800711448,7.065362891
1,0,1.5e-10,4.08934218455,988.532484885
1,0,1.7e-10,4.88375242853,125112.03959948818
1,0,1.6e-10,1.99816798814,62197.64356324779
1,0,1.6e-10,3.89518074256,273.1028404783
1,0,1.6e-10,4.69568881762,107.0249274817
1,0,1.8e-10,1.55087961326,24.3790223882
1,0,1.8e-10,2.58391340476,421.93232443
1,0,1.4e-10,2.01138855049,211.8628068395
1,0,1.4e-10,2.8782376161,214.7353840365
1,0,1.6e-10,4.51457964099,61560.64729122359
1,0,1.8e-10,4.94346053652,50049.92887576919
1,0,1.5e-10,2.61658139005,50007.0458008658
1,0,1.6e-10,0.32998009587,73.1852512744
1,0,1.5e-10,0.0661075483,26830.8932021068
1,0,1.5e-10,4.43527029177,444.7574381407
1,0,1.4e-10,0.38206454808,133882.09065283637
1,0,1.5e-10,5.28887949143,102755.42612401219
1,0,1.5e-10,2.92331490635,102769.65321801379
1,0,1.4e-10,5.66688710771,193937.9860893238
1,0,1.4e-10,2.27226995206,1058.8606653274
1,0,1.7e-10,3.47272468105,439.1283638482
1,0,1.5e-10,4.98128142959,51.2057253312
1,0,1.8e-10,3.8812866077,523.4711899711
1,0,1.6e-10,4.1309179937,104344.98400739678
1,0,1.4e-10,1.95123243708,26247.2048763664
1,0,1.4e-10,3.71239259413,25928.601406782
1,0,1.4e-10,3.53454927143,219.6618829134
1,0,1.5e-10,1.90941686167,30.7106720963
1,0,1.5e-10,5.21246865831,173511.41499690176
1,0,1.3e-10,5.70370503525,5.4166259714
1,0,1.3e-10,2.28227257639,50380.54783942739
1,0,1.4e-10,2.58219550011,292.0128472684
1,0,1.6e-10,3.86619726,50910.238804522
1,0,1.8e-10,5.2868373624,45.2465826386
1,0,1.5e-10,1.80265598681,2655.5683724738
1,0,1.4e-10,1.68702875678,1070.4276304531
1,0,1.4e-10,5.7863707967,430.79097657
1,0,1.5e-10,2.01136997449,199.2844497575
1,0,1.4e-10,4.00457707297,429.5189521828
1,0,1.3e-10,2.97004270413,425.8474313506
1,0,1.4e-10,4.35629855542,153084.84390447979
1,0,1.4e-10,0.9743742519,282.4516197128
1,0,1.7e-10,1.83348947424,1151.4290041439
1,0,1.6e-10,3.71527476533,53814.87580033639
1,0,1.4e-10,0.41808098652,25234.70675982219
1,0,1.4e-10,4.45337551699,78149.27013603736
1,0,1.6e-10,4.3906066697,203041.8930834414
1,0,1.5e-10,6.07885192222,77616.69859140778
1,0,1.3e-10,4.21520509231,1585.8915015461
1,0,1.7e-10,0.48416118894,535.9107402181
1,0,1.3e-10,3.45936802493,46.470422916
1,0,1.3e-10,4.95992660397,25654.19140369739
1,0,1.6e-10,5.7624901266,418.5214360287
1,0,1.4e-10,4.39150540314,52161.57918914679
1,0,1.3e-10,3.90798490709,598.8434893694
1,0,1.6e-10,5.22774546552,638.4128136057
1,0,1.4e-10,0.84211332161,78378.1487134078
1,0,1.4e-10,0.69241893678,35833.2236974308
1,0,1.3e-10,0.46709169716,498.6714764576
1,0,1.4e-10,3.21771971652,26076.8574413103
1,0,1.4e-10,2.44590531469,26098.9488418381
1,0,1.6e-10,0.56654525193,51534.3927214094
1,0,1.3e-10,0.79337465407,1592.2542890215
1,0,1.5e-10,4.25318608646,945.2434557067
1,0,1.4e-10,4.45033215443,20043.6745601988
1,0,1.6e-10,5.92993311098,347.8844390456
1,0,1.4e-10,0.16692912019,36.7604375141
1,0,1.2e-10,3.75584044196,421.1815649046
1,0,1.4e-10,1.93515798949,198489.9395863826
1,0,1.5e-10,2.90133577623,205.4347889118
1,0,1.3e-10,0.54283839653,103718.82882698359
1,0,1.4e-10,2.49938225869,1550.939859646
1,0,1.6e-10,4.43529118981,1639.069517188
1,0,1.2e-10,4.01378199978,597.3590166611
1,0,1.2e-10,5.6625486513,122444.98726584678
1,0,1.6e-10,6.038894346,34082.4315835984
1,0,1.2e-10,1.26244334627,25984.1209529936
1,0,1.2e-10,4.40118168494,26191.68533015479
1,0,1.4e-10,4.740158296,53265.515074342
1,0,1.2e-10,3.84453802064,560.7104537316
1,0,1.2e-10,3.79179070423,35.4247226521
1,0,1.2e-10,1.71351399381,339.2864193365
1,0,1.4e-10,5.52394393779,147.1155165798
1,0,1.6e-10,1.821299287,1289.9465010146
1,0,1.2e-10,5.94982180077,181659.72224941078
1,0,1.4e-10,3.98129674269,53399.624123927
1,0,1.4e-10,1.3967297394,192.6921676185
1,0,1.4e-10,0.98564818086,39.5056337615
1,0,1.2e-10,0.13991027783,53771.99272543299
1,0,1.2e-10,1.72516185425,43981.5309499398
1,0,1.4e-10,2.01080991907,7.1617311106
1,0,1.2e-10,5.92386757303,28199.55345495179
1,0,1.2e-10,4.15404190165,2317.8358618148
1,0,1.2e-10,4.59110069577,51596.1186961496
1,0,1.3e-10,0.25880243151,52024.75861330549
1,0,1.1e-10,4.6476991643,52911.68279668019
1,0,1.1e-10,1.89863893326,70383.6202713836
1,0,1.1e-10,0.00734522377,938.1299087059
1,0,1.2e-10,5.35882506787,608.404716925
1,0,1.5e-10,4.79472245666,103883.64757594238
1,0,1.2e-10,0.86405998048,166.828672522
1,0,1.4e-10,4.32477700221,27250.37784598199
1,0,1.2e-10,5.95648425326,527.9940440652
1,0,1.2e-10,4.66738670229,531.387886124
1,0,1.3e-10,5.01690772702,208173.534167499
1,0,1.5e-10,0.0367946346,163298.1294506908
1,0,1.1e-10,2.17975116288,48713.5615772832
1,0,1.1e-10,4.53626771028,2015.6710861598
1,0,1.4e-10,1.00856446032,52755.49387014719
1,0,1.4e-10,2.05272684647,52041.69723356339
1,0,1.1e-10,3.36881418888,33.1371007917
1,0,1.2e-10,2.40230884933,130363.24963659538
1,0,1.4e-10,2.76750382786,1059.903195051
1,0,1.1e-10,5.14348161985,104276.83096772949
1,0,1.5e-10,2.03673871596,150.5264049811
1,0,1.3e-10,6.23673461623,432.2272651685
1,0,1.5e-10,5.02019535476,86457.98475793119
1,0,1.2e-10,3.91938817205,116.4260963429
1,0,1.3e-10,1.25530162701,52027.72755872209
1,0,1.3e-10,5.47892889469,205.6642835754
1,0,1.3e-10,3.20863649406,78469.89497315978
1,0,1.1e-10,3.18070767588,57503.2823915312
1,0,1.1e-10,2.09919951698,5.6290742925
1,0,1.1e-10,2.30875109886,333.8559407694
1,0,1.2e-10,2.30318503256,120.9913890524
1,0,1.1e-10,4.76409724067,528.2546764961
1,0,1.1e-10,5.85977371488,531.1272536931
1,0,1.1e-10,1.25057869011,20894.5360827764
1,0,1.2e-10,0.714895525,51439.92976961659
1,0,1.2e-10,4.22401388053,52179.73843641149
1,0,1.1e-10,1.36669731999,206.9363079626
1,0,1e-10,0.52628058703,427.3489504014
1,0,1.2e-10,5.79488724906,19958.6061020676
1,0,1.1e-10,5.64222354696,641.41356173899
1,0,1.1e-10,2.96498568744,629.6023455755
1,0,1.1e-10,3.44074661251,150.0844619964
1,0,1.1e-10,1.70452703232,50536.73676596039
1,0,1e-10,3.96428676306,1891.2376709388
1,0,1.1e-10,3.59458961446,1148.2476104062
1,0,1.2e-10,2.5129454308,53757.76563143139
1,0,1e-10,2.7970080459,78339.97549599818
1,0,1.1e-10,4.88405989087,78800.51393681798
1,0,1.3e-10,5.16830110187,428.0826635843
1,0,1.1e-10,2.85370771355,209.1544938538
1,0,1e-10,4.25860529638,84944.9342781222
1,0,1.2e-10,6.06146445452,142871.55835826878
1,0,1e-10,0.83219814671,210.3301500214
1,0,1.1e-10,1.00519361513,244.318584075
1,0,1.4e-10,1.5337479461,183145.012956114
1,0,1.4e-10,4.25769082986,381.6122406683
1,0,1e-10,3.55930973128,53093.73656913019
1,0,1e-10,1.32119540129,154408.65498906677
1,0,1.2e-10,1.00985107812,28.3111756513
1,0,1e-10,4.22443079945,415.2918581812
1,0,1.4e-10,2.93956277298,54344.56676543099
1,0,1.4e-10,1.44401516208,1173.5204046717
1,0,1.1e-10,4.32318890062,27.0873353739
1,0,1.1e-10,2.53121281826,78057.52387628538
1,0,1e-10,4.38248905741,605.9570363702
1,0,1.2e-10,1.32462443773,26149.62911631439
1,0,1.2e-10,4.33900059348,26026.177166834
1,0,1.3e-10,3.98017256784,212.4053235607
1,0,1.3e-10,0.90945359875,214.1928673153
1,0,1e-10,1.43862971027,25131.61398560359
1,0,1e-10,2.36278600509,91919.56991589899
1,0,1e-10,1.51395699369,867.4234757536
1,0,1.1e-10,2.02395638599,217.4436970222
1,0,1.4e-10,3.26945543294,53124.98189211819
1,0,1.3e-10,3.28064944943,378.6432952517
1,0,1.2e-10,5.83805070397,76041.85279012559
1,0,1e-10,3.56286217757,77940.20400806518
1,0,1e-10,4.17334109977,6751.0408403458
1,0,1e-10,0.5026910815,28791.5192962498
1,0,1.3e-10,5.65469308747,50270.341518208
1,0,1.1e-10,5.25033320568,77520.71936418998
1,0,1.1e-10,5.27964044996,39763.43339365039
1,0,1e-10,0.66820373958,636.9962720242
1,0,1.3e-10,0.95208862336,25241.820306823
1,0,1e-10,4.77279277602,181.806526049
1,0,1.3e-10,4.73304249071,60.7669528868
1,0,9e-11,2.58296270636,130593.29451835579
1,0,9e-11,1.93570258198,26513.8119180882
1,0,9e-11,3.72792244923,25661.9943650602
1,0,1.1e-10,1.50524823194,760.25553592
1,0,1.3e-10,2.905874834,721.6494195302
1,0,1.3e-10,4.75978960525,26161.20026743319
1,0,1.3e-10,0.90383542596,26014.60601571519
1,0,1e-10,3.06250530365,24712.1293417284
1,0,1e-10,0.5847784576,460.5384408198
1,0,1e-10,2.43967897596,104991.50985261079
1,0,1e-10,1.243422923,52061.40717623499
1,0,1.1e-10,5.57723740117,183674.70392120857
1,0,9e-11,3.68049453811,1159.2933106701
1,0,1.2e-10,1.24750093919,1041.2226829245
1,0,9e-11,5.98881741458,4371.8763667742
1,0,1e-10,5.1671693846,23384.2869868986
1,0,9e-11,2.37191444133,80174.90890793978
1,0,1.2e-10,3.47156983874,52396.2189255872
1,0,9e-11,3.96944968919,103189.13786188899
1,0,1e-10,0.54444836634,431.264057322
1,0,9e-11,0.21796861386,156547.08861034497
1,0,1e-10,3.86442437133,546.956440482
1,0,9e-11,2.34791148855,130285.73689738619
1,0,9e-11,5.7376878121,405.2575498736
1,0,1.2e-10,4.72677764054,450.9772132642
1,0,1.2e-10,3.1904833439,738.7972748386
1,0,9e-11,3.61118357787,104984.39630560997
1,0,1.1e-10,3.38048420918,19367.1891622328
1,0,9e-11,2.34685033934,24609.0365675098
1,0,9e-11,5.69493908628,76152.05911134499
1,0,9e-11,0.74268878384,76255.15188556358
1,0,9e-11,4.41648492428,31281.270200372
1,0,9e-11,2.41712554824,51130.65144696079
1,0,9e-11,3.64428252561,158746.17595363196
1,0,1.1e-10,5.44274383166,218.4069048687
1,0,9e-11,1.96969875107,52797.55008398759
1,0,9e-11,5.75989455513,1165.6560981455
1,0,9e-11,5.38585404056,24844.41553989579
1,0,9e-11,0.27777099065,27331.3907432526
1,0,1e-10,1.25786678282,230239.17477710897
1,0,9e-11,5.59272866151,528.4671248172
1,0,9e-11,0.03279656103,465.9550667912
1,0,9e-11,4.03973091884,156314.1197540072
1,0,8e-11,5.03177372934,530.914805372
1,0,9e-11,0.70755225378,754.0357607965
1,0,9e-11,1.62201862141,69.6737891366
1,0,1e-10,1.22710162921,4022.2625319642
1,0,8e-11,3.74557002417,91805.13062721379
1,0,9e-11,5.89077044915,23866.04650697719
1,0,9e-11,0.95857873027,114.43928868521
1,0,9e-11,1.64864876033,41.6444977756
1,0,8e-11,4.86069962324,405.9912630565
1,0,8e-11,2.65669489808,38634.3850806572
1,0,8e-11,3.04567788139,131.5469622218
1,0,1.1e-10,5.69314298563,46046.5092436418
1,0,8e-11,3.30595652486,1056.4611688824
1,0,1e-10,1.63940870221,448.6895914038
1,0,9e-11,0.74288994112,52190.03337714999
1,0,8e-11,3.29997540369,192.8522263129
1,0,1.1e-10,1.6854093825,1020.025054274
1,0,8e-11,6.03813286552,361.3778198643
1,0,1e-10,3.10787144925,391318.54712361295
1,0,9e-11,0.81265678038,101703.15774082378
1,0,1e-10,5.9898425524,381.3516082374
1,0,1e-10,0.7658864788,54060.70744656579
1,0,9e-11,4.70828980485,0.7507595254
1,0,1e-10,5.89858083622,189.1807054807
1,0,8e-11,0.33717409862,464.7312265138
1,0,1e-10,3.69315427501,2168.7604822826
1,0,8e-11,0.99970183807,6.592282139
1,0,9e-11,3.28890530109,36.5366883449
1,0,9e-11,2.36652271316,1485.2907067032
1,0,8e-11,2.14298858852,209658.82487420217
1,0,9e-11,3.83602212713,22595.33157470459
1,0,8e-11,3.42854022505,117893.03376878797
1,0,9e-11,0.899085387,52171.87412988529
1,0,1e-10,3.77821648391,530.5847369719
1,0,1e-10,0.56246916446,528.7971932173
1,0,8e-11,0.66150337713,51876.67988887919
1,0,9e-11,4.72230764398,556.5176680376
1,0,1.1e-10,4.78735190834,28096.46068073319
1,0,8e-11,4.43807120661,422.405405182
1,0,8e-11,2.16844090943,128106.31931499895
1,0,8e-11,0.74099606624,77956.15180375299
1,0,9e-11,3.62993346343,2854.6403739102
1,0,9e-11,4.29850392051,29.2049475286
1,0,8e-11,3.85222972174,100.3844612329
1,0,8e-11,2.4621542991,52400.1510788503
1,0,8e-11,6.23579223483,411.620337349
1,0,8e-11,2.46081725742,10681.2505365654
1,0,8e-11,0.6848248163,1058.6311706638
1,0,8e-11,4.46257369959,54824.2611086214
1,0,1e-10,3.07618265192,240452.46032331997
1,0,8e-11,0.55712719908,77741.13200662879
1,0,8e-11,0.42508106268,42790.9652750732
1,0,8e-11,4.91506773158,533.8355666788
1,0,8e-11,0.46834372601,462.0229135281
1,0,8e-11,4.70625369395,52489.992463018
1,0,8e-11,3.86744165099,156520.30530244438
1,0,7e-11,5.42400420261,26933.9859763254
1,0,8e-11,5.7838508879,0.5212648618
1,0,8e-11,6.22890340169,79.889407998
1,0,7e-11,6.06395790305,52206.1331441528
1,0,8e-11,3.94629223845,333.657345044
1,0,8e-11,2.15800762997,17098.43543614181
1,0,9e-11,4.2673498721,39.7293829307
1,0,8e-11,2.98826447179,120.358249606
1,0,7e-11,4.721587913,50290.905119731
1,0,7e-11,4.89759618258,521.8266585684
1,0,1e-10,4.49694993347,22065.64060961
1,0,8e-11,2.65028306976,51112.49219969609
1,0,9e-11,2.14235988572,104454.70534051539
1,0,8e-11,5.30486076185,3308.4658953804
1,0,7e-11,4.81486070504,412.5835451955
1,0,7e-11,0.15046277095,313.2104759189
1,0,9e-11,2.63948646596,395.578702239
1,0,9e-11,0.18123663037,710.7467316182
1,0,7e-11,0.10534331873,244.791664827
1,0,8e-11,5.75679711029,525.5463635104
1,0,7e-11,4.59358863317,19.1224551112
1,0,7e-11,5.72649982853,537.5552716208
1,0,1e-10,0.23615439292,456.3938392356
1,0,7e-11,1.100809612,27360.58416720139
1,0,7e-11,1.58965037142,233.7459645631
1,0,8e-11,0.11827657719,187167.2754880782
1,0,9e-11,4.39445007595,156507.7490885454
1,0,8e-11,1.73038484337,1062.302691496
1,0,1e-10,3.49567833493,259.769518354
1,0,8e-11,3.78820033364,103.3534066495
1,0,7e-11,3.5289369546,1064.7985561606
1,0,7e-11,0.74218080416,51086.09749195479
1,0,8e-11,5.53615944362,149288.74325784517
1,0,7e-11,3.50458401378,1063.5747158832
1,0,7e-11,3.7044147767,233681.74972207437
1,0,7e-11,2.34002720858,104248.51979207818
1,0,8e-11,5.03600399329,77314.53381575279
1,0,7e-11,1.59729628741,29396.3690369546
1,0,7e-11,4.0663287438,22779.4372461938
1,0,7e-11,5.95614295602,26290.15653674829
1,0,7e-11,5.99066738237,25885.64974640009
1,0,9e-11,1.08053818223,49.9966219042
1,0,9e-11,4.25855108963,148.5999892881
1,0,8e-11,4.35494896361,1060.1326897146
1,0,7e-11,4.18123300134,216.2680408546
1,0,7e-11,3.03792135842,156740.7179448832
1,0,1e-10,3.37701481763,2703.6161546756
1,0,8e-11,6.18508958274,129.9194771616
1,0,9e-11,1.51395746159,32132.1317229496
1,0,8e-11,4.55619991306,78571.26704569219
1,0,7e-11,3.14378763001,52663.44103440259
1,0,8e-11,4.91272317043,102872.74599223239
1,0,7e-11,4.34382102751,917.9302859818
1,0,7e-11,0.43580348099,52073.84376488279
1,0,8e-11,1.8985358333,214.9436268407
1,0,8e-11,2.99109033329,211.6545640353
1,0,7e-11,3.67619371722,149846.1939960456
1,0,7e-11,4.30856641724,77417.62658997139
1,0,7e-11,0.72133340576,229.9738699944
1,0,9e-11,2.82114719216,2957.7331481288
1,0,9e-11,2.22375687747,90989.16285949759
1,0,7e-11,0.27683273956,81591.84508100279
1,0,9e-11,1.15427906487,56259.79478985279
1,0,7e-11,3.54737716837,212.4959462859
1,0,7e-11,1.34224899822,214.1022445901
1,0,8e-11,2.42480688145,73.88782669
1,0,8e-11,5.39618820814,75.6753704446
1,0,8e-11,2.28353993312,32808.6171209156
1,0,8e-11,3.72293090245,49.1787359017
1,0,8e-11,1.79224996176,207114.15223730978
1,1,0.0031755196,0.0,0.0
1,1,0.00105289001,5.91600475006,52175.8062831484
1,1,0.00032315996,2.68247273347,78263.70942472259
1,1,0.00011992887,5.81575112963,26087.9031415742
1,1,8.783198e-05,5.73285747425,104351.61256629678
1,1,2.329042e-05,2.50023793407,130439.51570787099
1,1,8.98287e-06,1.13017425408,426.598190876
1,1,7.76911e-06,2.70599281665,206.1855484372
1,1,7.53642e-06,2.19133343324,220.4126424388
1,1,6.14473e-06,5.55087602844,156527.41884944518
1,1,6.02819e-06,3.22822215396,1059.3819301892
1,1,5.72532e-06,5.56996049465,522.5774180938
1,1,5.61468e-06,5.05753062697,536.8045120954
1,1,1.62192e-06,2.31836529248,182615.3219910194
1,1,1.00287e-06,3.47715618774,7.1135470008
1,1,7.3443e-07,0.36984753681,639.897286314
1,1,6.9028e-07,2.91494938058,24978.5245894808
1,1,8.7678e-07,1.66401690533,419.4846438752
1,1,6.2918e-07,2.73196853262,27197.2816936676
1,1,5.39e-07,1.32943493723,433.7117378768
1,1,5.7346e-07,4.24284649448,213.299095438
1,1,4.5572e-07,3.51792093438,1589.0728952838
1,1,3.1683e-07,4.88628812414,1052.2683831884
1,1,4.2904e-07,5.36906063918,208703.2251325936
1,1,3.0504e-07,5.46040119636,1066.49547719
1,1,3.1093e-07,0.93710976966,529.6909650946
1,1,3.2055e-07,2.84895644824,149.5631971346
1,1,2.1371e-07,0.56918433581,316.3918696566
1,1,1.899e-07,2.06104675595,227.5261894396
1,1,1.7519e-07,5.96830863185,51066.427731055
1,1,1.4011e-07,4.17820222846,110.2063212194
1,1,1.3252e-07,5.78388474441,53285.1848352418
1,1,1.5902e-07,5.77753655907,76.2660712756
1,1,1.2374e-07,5.70562636316,515.463871093
1,1,1.1874e-07,0.17869376191,1109.3785520934
1,1,1.3243e-07,5.16075891864,36.6485629295
1,1,1.1836e-07,3.04995551356,632.7837393132
1,1,1.2487e-07,2.32002507803,39.6175083461
1,1,1.1337e-07,0.3474808326,20426.571092422
1,1,1.1379e-07,2.13659786081,234791.12827416777
1,1,1.0223e-07,2.19747174258,73.297125859
1,1,9.014e-08,2.8687275429,199.0720014364
1,1,8.667e-08,4.924197114,543.9180590962
1,1,7.752e-08,3.01481452904,949.1756089698
1,1,7.532e-08,2.70649061616,103.0927742186
1,1,8.364e-08,5.31326841022,31749.2351907264
1,1,6.296e-08,5.47576447612,4551.9534970588
1,1,5.64e-08,6.01550572633,853.196381752
1,1,5.158e-08,1.94900517603,209.3669421749
1,1,5.079e-08,2.96229494906,217.2312487011
1,1,4.83e-08,0.25724123783,21535.9496445154
1,1,4.653e-08,1.72782369127,216.4804891757
1,1,4.541e-08,3.17727011849,210.1177017003
1,1,4.443e-08,0.77043699175,323.5054166574
1,1,4.843e-08,2.73719284227,77154.33087262919
1,1,4.233e-08,3.49063898076,63.7358983034
1,1,4.247e-08,3.39407863893,46514.4742339962
1,1,4.143e-08,0.52208765222,647.0108333148
1,1,4.379e-08,5.09788247126,25132.3033999656
1,1,4.989e-08,3.32377727482,14.2270940016
1,1,4.317e-08,4.28882152308,735.8765135318
1,1,4.008e-08,4.41606139947,27147.28507176339
1,1,3.755e-08,4.17884091449,14765.2390432698
1,1,4.311e-08,4.26366834787,51116.4243529592
1,1,3.833e-08,0.53521442894,27043.5028831828
1,1,3.445e-08,4.34972240938,85.8272988312
1,1,3.338e-08,2.34738225115,11.0457002639
1,1,3.244e-08,6.04240714038,526.5095713569
1,1,3.181e-08,4.57837074085,532.8723588323
1,1,3.147e-08,1.0983195901,26617.5941066688
1,1,3.134e-08,4.68201320654,25558.2121764796
1,1,2.903e-08,4.79566936964,525.7588118315
1,1,2.864e-08,5.82538312855,533.6231183577
1,1,2.876e-08,2.6926572353,117.3198682202
1,1,3.026e-08,5.1873243031,260879.03141574195
1,1,2.833e-08,2.05576755359,202.2533951741
1,1,2.892e-08,5.426405743,26107.57290247399
1,1,2.888e-08,0.22490912553,26068.2333806744
1,1,3.213e-08,3.80941439686,2118.7638603784
1,1,2.372e-08,2.07173805606,26084.0218062162
1,1,2.367e-08,3.57959596454,26091.7844769322
1,1,2.514e-08,0.74093420826,95.9792272178
1,1,2.06e-08,1.4744477429,37410.5672398786
1,1,2.055e-08,5.42893438245,138.5174968707
1,1,1.996e-08,3.76028525032,742.9900605326
1,1,1.995e-08,5.43702405397,30639.856638633
1,1,1.993e-08,2.49283396541,79373.087976816
1,1,1.852e-08,5.84724393667,1596.1864422846
1,1,1.901e-08,1.95608888549,956.2891559706
1,1,1.882e-08,0.21679831472,47623.8527860896
1,1,1.668e-08,3.43481125656,70.8494453042
1,1,1.581e-08,1.69266319262,9103.9069941176
1,1,1.582e-08,4.31392718266,955.5997416086
1,1,1.57e-08,4.37765395011,78.7137518304
1,1,1.491e-08,1.26055544534,440.8252848776
1,1,1.888e-08,4.97969744328,1581.959348283
1,1,1.5e-08,0.43230658391,19317.1925403286
1,1,1.393e-08,0.16139897514,72602.37737557039
1,1,1.561e-08,4.53702050944,1045.1548361876
1,1,1.444e-08,1.95141505182,74.7815985673
1,1,1.356e-08,3.28177198592,50586.73338786459
1,1,1.586e-08,3.69811718912,12566.1516999828
1,1,1.633e-08,3.97827565764,224.3447957019
1,1,1.205e-08,3.93561468963,52705.49724824299
1,1,1.291e-08,2.48193614053,26095.016688575
1,1,1.468e-08,2.98912712521,23869.1460373874
1,1,1.247e-08,3.22538051848,26080.78959457339
1,1,1.17e-08,5.49212997481,3442.5749449654
1,1,1.101e-08,1.21730591912,53235.18821333759
1,1,1.161e-08,4.49256510074,625.6701923124
1,1,1.372e-08,5.78877124476,103242.2340142034
1,1,1.133e-08,0.06024843139,35.1640902212
1,1,1.238e-08,1.82183266298,51220.20654153979
1,1,1.188e-08,2.63716562694,28306.66024576099
1,1,9.95e-09,5.66894017064,1265.5674786264
1,1,9.66e-09,3.56558363028,53131.406024757
1,1,8.57e-09,0.94331413205,40853.142184844
1,1,8.53e-09,5.33085598917,27676.976036858
1,1,8.28e-09,1.04707260283,25874.6040461362
1,1,8.91e-09,5.15325597213,32858.61374281979
1,1,8.06e-09,1.9547006186,286966.9345573162
1,1,8.82e-09,1.12105057835,41.1019810544
1,1,9.38e-09,4.56608679745,1169.5882514086
1,1,7.97e-09,4.63253542288,26301.2022370122
1,1,9.43e-09,1.78153635749,151.0476698429
1,1,9.65e-09,1.55576378944,412.3710968744
1,1,8.67e-09,2.13196527993,83925.0414738748
1,1,7.69e-09,3.16951506066,942.062061969
1,1,9.81e-09,0.1394516414,22645.32819660879
1,1,7.32e-09,2.19417873413,56727.7597802072
1,1,8.08e-09,4.76289394654,36301.18868778519
1,1,7.21e-09,1.5034693811,18849.2275499742
1,1,7.03e-09,2.68691048153,6770.7106012456
1,1,7.72e-09,5.23111667516,11322.6640983044
1,1,7.65e-09,1.88382728885,39609.6545831656
1,1,7.68e-09,4.99147918103,1155.361157407
1,1,6.62e-09,3.27821203278,52156.1365222486
1,1,7.11e-09,3.39057215594,71.8126531507
1,1,7.19e-09,4.52061983489,77.7505439839
1,1,6.19e-09,3.92327916834,43071.8992890308
1,1,6.66e-09,0.85409428955,15874.6175953632
1,1,6.07e-09,2.02898715788,5661.3320491522
1,1,6.27e-09,0.70425946008,51646.11531805379
1,1,5.72e-09,2.30412060804,309.2783226558
1,1,7.36e-09,3.24301495973,1162.4747044078
1,1,5.33e-09,0.35442356295,52179.6876185064
1,1,6.21e-09,1.43632380898,25028.521211385
1,1,6.51e-09,5.48424947861,29530.4780865396
1,1,5.1e-09,3.90147691268,277.0349937414
1,1,5.25e-09,4.93316232438,26514.5013324502
1,1,5e-09,0.52252923934,38654.05484155699
1,1,5.07e-09,4.51932253005,63498.47038145279
1,1,4.86e-09,0.82245463791,422.6660376129
1,1,4.67e-09,5.15486312196,110012.94461544899
1,1,5.19e-09,2.18877626983,52195.47604404819
1,1,4.55e-09,2.7296177399,1692.1656695024
1,1,4.39e-09,3.21217330239,98690.28051714458
1,1,4.36e-09,4.11931609127,33326.5787331742
1,1,4.86e-09,3.63985026707,51749.20809227239
1,1,5.27e-09,0.13511199028,2218.7571041868
1,1,4.19e-09,1.64150782899,7238.6755916
1,1,4.33e-09,5.12287491235,52171.9249477904
1,1,3.91e-09,5.30832534377,1073.6090241908
1,1,3.86e-09,2.03457265559,58946.51688439399
1,1,3.88e-09,0.61592624795,78793.40038981718
1,1,3.74e-09,1.92168872074,234.6397364404
1,1,4.02e-09,6.00790488958,52168.69273614759
1,1,3.59e-09,1.17874036143,846.0828347512
1,1,3.84e-09,0.93539249733,330.6189636582
1,1,3.71e-09,5.54353838421,415.5524906121
1,1,3.54e-09,1.51714429161,62389.09182935939
1,1,3.43e-09,6.05819298032,860.3099287528
1,1,3.37e-09,4.75525977824,71.6002048296
1,1,3.7e-09,0.98752045979,103292.23063610759
1,1,3.26e-09,4.29715521116,79323.09135491178
1,1,3.24e-09,2.28921417158,423.4167971383
1,1,3.92e-09,2.55718962178,129330.13715577759
1,1,3.82e-09,5.51179087871,52182.9198301492
1,1,4.01e-09,5.75972783493,54394.56338733519
1,1,3.24e-09,3.05393333292,77.962992305
1,1,3.98e-09,3.03220486245,1478.8665740644
1,1,3.17e-09,6.10262679977,76674.63652943878
1,1,3.16e-09,0.91375113764,429.7795846137
1,1,3.61e-09,2.21089537404,2.9689454166
1,1,3.05e-09,5.5579164932,145.6310438715
1,1,3.74e-09,4.41343415577,728.762966531
1,1,3.22e-09,6.0452614857,49957.0491789616
1,1,3.25e-09,4.04813766509,68050.42387851159
1,1,3.83e-09,6.13188528401,210.8514148832
1,1,3.8e-09,5.05058792236,215.7467759928
1,1,3.12e-09,4.91137892283,51535.90899683439
1,1,3.66e-09,4.84960838633,77308.10968311399
1,1,3.15e-09,3.48940938594,45405.0956819028
1,1,3.18e-09,4.23654189229,13655.8604911764
1,1,3.38e-09,5.87862918623,148.0787244263
1,1,2.55e-09,2.25536828287,437.6438911399
1,1,3.11e-09,5.13228886176,838.9692877504
1,1,2.37e-09,2.28726007142,3.9321532631
1,1,2.59e-09,1.48788758809,52389.1053785864
1,1,2.66e-09,5.06649873732,38.1330356378
1,1,2.34e-09,1.6039581886,223.5940361765
1,1,2.3e-09,5.2397039821,82815.66292178139
1,1,2.3e-09,0.8343660479,51123.53789995999
1,1,2.21e-09,5.85413979591,508.3503240922
1,1,2.35e-09,0.14479942195,48733.23133818299
1,1,2.22e-09,3.9929404399,66941.04532641819
1,1,2.15e-09,5.00570874902,313054.83769889036
1,1,2.27e-09,4.13725657267,2648.454825473
1,1,2.34e-09,4.87225306441,1272.6810256272
1,1,2.07e-09,0.32441801559,24498.8302462904
1,1,2.08e-09,1.13897731894,57837.1383323006
1,1,2.74e-09,1.31712695932,51109.31080595839
1,1,2.18e-09,3.35990718284,32370.9789915656
1,1,1.97e-09,2.05074719141,53764.8791784322
1,1,1.95e-09,0.732537072,69159.80243060499
1,1,2.01e-09,4.02545532193,129380.13377768178
1,1,1.95e-09,2.67914149669,50057.04242277
1,1,2e-09,4.46579555836,44937.1306915484
1,1,1.86e-09,1.91764312607,136100.84775702318
1,1,2e-09,6.03453757404,1375.7737998458
1,1,1.79e-09,5.25460376556,105460.99111839019
1,1,1.83e-09,2.74450109107,10213.285546211
1,1,1.74e-09,3.75890575398,51962.5071877104
1,1,1.7e-09,0.05120008168,78244.0396638228
1,1,1.72e-09,0.78909849325,94138.32702008578
1,1,1.99e-09,2.97222353917,430.5303441391
1,1,1.88e-09,1.83168099087,124.433415221
1,1,1.73e-09,0.50653444879,1368.660252845
1,1,1.66e-09,4.99522557947,1062.5633239269
1,1,1.57e-09,3.59078806709,64741.95798313119
1,1,1.56e-09,0.89517325452,59414.4818747484
1,1,1.62e-09,2.48823301223,16983.9961474566
1,1,1.64e-09,2.91444613296,3.1813937377
1,1,1.74e-09,1.61176269489,65.2203710117
1,1,1.63e-09,0.77052245905,88.865680217
1,1,1.55e-09,4.69757523405,35191.8101356918
1,1,1.53e-09,0.79359507111,160.6088973985
1,1,1.54e-09,6.16274455061,519.3960243561
1,1,1.47e-09,1.70693555948,52602.4044740244
1,1,1.59e-09,1.72220460391,6681.2248533996
1,1,1.54e-09,2.29441335016,19804.8272915828
1,1,1.4e-09,5.84592048082,1258.4539316256
1,1,1.81e-09,2.25156652773,55618.3812281138
1,1,1.55e-09,3.39294110953,99799.65906923798
1,1,1.38e-09,5.2213941063,1055.4497769261
1,1,1.38e-09,6.2016354817,25973.46385288896
1,1,1.38e-09,5.74171028268,26202.34243025941
1,1,1.9e-09,3.8724692308,26727.8004278882
1,1,1.36e-09,0.07614870196,23754.70674870219
1,1,1.32e-09,0.46806671232,654.1243803156
1,1,1.35e-09,3.41426499833,78267.59076008058
1,1,1.28e-09,4.56870410553,88476.99497093359
1,1,1.39e-09,1.25262181717,77734.01845962799
1,1,1.34e-09,3.33556330332,203.0041546995
1,1,1.35e-09,6.26763497988,124778.18365871879
1,1,1.48e-09,1.14288127596,27154.3986187642
1,1,1.21e-09,6.2305148172,2125.8774073792
1,1,1.2e-09,0.17691589754,1063.3140834523
1,1,1.18e-09,4.77280443966,551.031606097
1,1,1.2e-09,4.45697558744,539.9859058331
1,1,1.18e-09,5.25266695461,12432.0426503978
1,1,1.21e-09,3.61637465924,104881.30353139139
1,1,1.16e-09,4.75079129151,25934.1243310894
1,1,1.4e-09,5.86589845886,1056.2005364515
1,1,1.13e-09,0.89519838976,26241.681952059
1,1,1.11e-09,5.69390808885,222.8603229936
1,1,1.33e-09,4.62837772547,22.0914005278
1,1,1.1e-09,5.99510808456,28206.6670019526
1,1,1.45e-09,1.02699984744,25661.3049506982
1,1,1.08e-09,1.68420561967,27140.17152476259
1,1,1.15e-09,4.02826839099,103821.92160120218
1,1,1.06e-09,5.56501238566,28421.0995344462
1,1,1.44e-09,1.47900802038,299.1263942692
1,1,1.13e-09,5.61187119686,155418.04029735178
1,1,1.13e-09,2.46071266285,5327.4761083828
1,1,1.09e-09,5.11428178041,2111.6503133776
1,1,1.34e-09,3.16966777445,21.3406410024
1,1,1.36e-09,2.92809875864,1485.9801210652
1,1,1e-09,3.51095185925,25619.9381512198
1,1,9.7e-10,5.41467539027,18.1592472647
1,1,9.6e-10,3.0817040236,191.9584544356
1,1,1.3e-09,1.2493006863,38519.945791972
1,1,1.01e-09,5.56349300645,2333.196392872
1,1,9.6e-10,2.14218398324,26555.8681319286
1,1,1.17e-09,1.76096469784,7994.5284420242
1,1,1.2e-09,4.77545420807,1574.8458012822
1,1,9.4e-10,3.27399866756,74821.13447975718
1,1,9.4e-10,3.3173974237,87.3117715395
1,1,1.01e-09,1.27086316315,33.6796175129
1,1,1.09e-09,1.60677184759,103396.01282468818
1,1,9.7e-10,1.0868841287,105410.99449648599
1,1,9.4e-10,2.74336450397,78256.59587772179
1,1,1.1e-09,6.08725694137,79219.3091663312
1,1,9.5e-10,0.0992469344,58458.88213313979
1,1,1.22e-09,0.24302263595,84.3428261229
1,1,1.03e-09,4.94647459474,91785.46086631398
1,1,8.8e-10,2.61301107864,73711.75592766379
1,1,9.7e-10,5.87982327909,217.964961884
1,1,8.9e-10,0.10217527089,125887.56221081219
1,1,8.7e-10,3.32576161903,231.4583427027
1,1,9.7e-10,1.64179644592,72.3339180125
1,1,8.9e-10,5.45720829907,628.8515860501
1,1,8.2e-10,0.79472961749,155468.036919256
1,1,8.8e-10,5.00348782624,1699.2792165032
1,1,8.2e-10,1.77469219848,77623.81213840858
1,1,9.7e-10,5.37398198079,71980.63357473118
1,1,8.1e-10,3.12863861827,41962.5207369374
1,1,8.1e-10,1.26377078095,12.5301729722
1,1,8.1e-10,2.81711911396,76044.9523205358
1,1,8.6e-10,3.03921945697,127.4717966068
1,1,8e-10,5.04229374313,26137.8997634784
1,1,8.5e-10,5.30523639998,208.633228992
1,1,8e-10,0.61667373644,26037.90651966999
1,1,1.04e-09,2.27911229916,78270.82297172339
1,1,8e-10,4.03019573108,1471.7530270636
1,1,7.6e-10,5.75771357218,288.0806940053
1,1,1.03e-09,5.23326876495,78283.37918562238
1,1,8.8e-10,1.89491499121,78259.82808936459
1,1,7.6e-10,4.59002761471,64607.84893354619
1,1,7.7e-10,0.5215165804,18207.81398823521
1,1,9.6e-10,6.22255663987,203.7378678824
1,1,8.3e-10,3.91650291052,77211.44104153418
1,1,7.6e-10,0.40948960322,362.8622925726
1,1,8.2e-10,4.38336427974,77197.21394753258
1,1,7.2e-10,3.81559276845,302.164775655
1,1,7.5e-10,1.95113506965,525.0250986486
1,1,7.9e-10,2.47113265383,80482.46652890938
1,1,6.9e-10,4.21368560293,114.3991069134
1,1,6.8e-10,0.64071253014,153.4953503977
1,1,6.8e-10,0.16388050208,9.5612275556
1,1,6.8e-10,0.99582401938,73.8183907208
1,1,6.8e-10,5.02161386487,85034.42002596818
1,1,6.7e-10,3.83221093171,120226.23016165999
1,1,7.1e-10,2.38708525663,534.3568315406
1,1,6.5e-10,4.96292091927,162188.75089859738
1,1,6.4e-10,0.53528518109,75.7448064138
1,1,6.4e-10,2.43966713771,102762.53967101299
1,1,7.1e-10,2.00840081014,108903.56606335558
1,1,6.2e-10,3.28305785024,51756.3216392732
1,1,6.6e-10,6.177864772,42.5864537627
1,1,6.1e-10,2.88776849923,207.8824694666
1,1,6e-10,2.02282855033,218.7157214094
1,1,7e-10,0.83559773197,52.6901980395
1,1,5.9e-10,1.24623136375,408.4389436113
1,1,6.7e-10,0.58534149028,152.5321425512
1,1,7.8e-10,3.78933172192,25565.3257234804
1,1,7.6e-10,0.10784891475,77.2292791221
1,1,6.4e-10,3.30054842989,79.2350166922
1,1,6.1e-10,0.45486168004,56.6223513026
1,1,7.8e-10,0.26259075737,71492.99882347698
1,1,7.6e-10,4.60309339869,78477.00852016058
1,1,6.3e-10,0.77267148826,93028.94846799239
1,1,7.6e-10,3.91621214261,51742.09454527159
1,1,5.7e-10,5.5425118148,76144.94556434419
1,1,5.5e-10,3.57207397234,340.7708920448
1,1,5.7e-10,1.77596246202,339142.7408404646
1,1,5.5e-10,3.08168513239,200.7689224658
1,1,7.6e-10,2.25541605095,146.594251718
1,1,6e-10,5.32793915897,831.8557407496
1,1,5.7e-10,1.70642283566,117873.36400788819
1,1,5.4e-10,2.83216128661,1.4844727083
1,1,6.4e-10,5.39890155177,13521.7514415914
1,1,6.6e-10,5.83578469159,618.5566453116
1,1,5.9e-10,1.21407442533,71025.0338331226
1,1,5.8e-10,0.97037460116,4.4534181249
1,1,5.2e-10,2.64769510305,2008.557539159
1,1,5.4e-10,5.76743595117,51322.60990139639
1,1,5.1e-10,3.56752380688,225.8292684102
1,1,5.3e-10,5.07040569914,79852.78232000639
1,1,5.1e-10,4.54732927101,62.2514255951
1,1,5.3e-10,0.21733504041,78050.41032928458
1,1,6.4e-10,5.43530311047,1685.0521225016
1,1,5e-10,4.84629478021,195.1398481733
1,1,5.9e-10,3.03603648397,2221.856634597
1,1,5.2e-10,2.15957506124,98068.53671630539
1,1,5.1e-10,6.00939227801,131548.89425996438
1,1,5.2e-10,4.61821041475,70.3281804424
1,1,4.9e-10,4.31351627712,350.3321196004
1,1,4.9e-10,0.37484483697,90829.86112470538
1,1,5.4e-10,1.04718616168,10021.8372800994
1,1,6.6e-10,1.83477065457,26610.48055966799
1,1,5.1e-10,1.79926614465,210.3783341312
1,1,5.1e-10,3.07938265367,216.2198567448
1,1,4.9e-10,5.92307582908,963.4027029714
1,1,6.1e-10,5.73208306041,1795.258443721
1,1,5.3e-10,1.27341801656,142.4496501338
1,1,5e-10,5.30296789488,81706.28436968799
1,1,4.5e-10,4.8076021519,37.611770776
1,1,5.1e-10,0.72899300866,129909.82474277639
1,1,5e-10,4.51633294079,1038.0412891868
1,1,4.4e-10,5.63991949724,524.2743391232
1,1,4.4e-10,2.6744027939,38.6543004996
1,1,5.6e-10,3.55772283134,26624.70765366959
1,1,4.5e-10,3.0983977878,104331.94280539699
1,1,4.4e-10,4.98395147244,535.107591066
1,1,4.3e-10,4.78106693432,78690.30761559859
1,1,4.2e-10,1.33862549536,114564.89811250778
1,1,4.3e-10,4.16006907854,74.6697239827
1,1,4.3e-10,3.66062507509,74.8934731519
1,1,4.9e-10,5.77857770467,207.6700211455
1,1,4.9e-10,1.81278199589,131.4039498699
1,1,4e-10,5.84877872776,23969.1392811958
1,1,4.7e-10,2.28831256912,109.9456887885
1,1,4.3e-10,0.49578719152,103925.01437542078
1,1,5.2e-10,1.00605916556,39743.7636327506
1,1,3.9e-10,1.67338261788,1382.8873468466
1,1,4.1e-10,2.93602685311,10.2949407385
1,1,3.8e-10,0.10561582384,77204.32749453338
1,1,3.8e-10,4.40087475081,703.6331846174
1,1,3.8e-10,4.961388249,33967.99229491319
1,1,4.6e-10,5.36914408518,218.9281697305
1,1,3.7e-10,3.14446623632,151975.46535238638
1,1,4.9e-10,0.75521435692,50579.61984086379
1,1,3.7e-10,3.08060535588,22759.76748529401
1,1,4.9e-10,2.25743098712,25551.09862947879
1,1,3.7e-10,4.39032344034,511.5317178299
1,1,4.3e-10,4.80730811274,26521.614879451
1,1,3.5e-10,3.184892633,84546.78527471398
1,1,4e-10,0.70008569909,52815.7035694624
1,1,3.5e-10,5.85809750059,565.1156877467
1,1,3.4e-10,0.93646404165,26190.99591579279
1,1,4.4e-10,2.62980232477,7880.08915333899
1,1,4.1e-10,3.03548824144,150866.08680029298
1,1,3.5e-10,6.22608295766,547.8502123593
1,1,4e-10,5.00668302258,26294.08869001139
1,1,3.4e-10,0.8506219457,89586.37352302698
1,1,3.5e-10,2.53628638096,157636.79740153858
1,1,3.8e-10,3.93290315553,490.3340891794
1,1,3.4e-10,5.54907603693,750.1036075334
1,1,4.1e-10,0.57259526223,25881.717593137
1,1,3.7e-10,6.26293750649,635.9651330509
1,1,4.1e-10,4.17638990278,52329.58509363319
1,1,4.2e-10,6.01467005956,26507.38778544939
1,1,3.3e-10,4.72754895093,25984.8103673556
1,1,3.6e-10,3.68841887913,44181.27784112419
1,1,3.3e-10,1.2787580461,50593.84693486539
1,1,3.8e-10,5.99103573925,483.2205421786
1,1,3.5e-10,4.68155089578,526.7702037878
1,1,3.5e-10,5.94254789616,532.6117264014
1,1,3.6e-10,0.34367134726,130969.20667296558
1,1,3.6e-10,0.18284823248,104355.49390165479
1,1,3.2e-10,2.3724307361,181505.94343892598
1,1,3.6e-10,3.11876877578,46848.3301747656
1,1,3.1e-10,1.18565768932,447.9388318784
1,1,3.2e-10,1.30247204488,105307.21230790539
1,1,3e-10,0.44298905817,209.106309744
1,1,3e-10,1.59264152747,92.940845832
1,1,3.2e-10,4.64178119595,129483.91596626239
1,1,3e-10,5.20322865236,52643.7712735028
1,1,3e-10,4.44526322933,217.491881132
1,1,3.5e-10,1.72609608211,265.9892934775
1,1,3.1e-10,2.51185507502,52290.24557183361
1,1,2.9e-10,5.24573487183,25668.418497699
1,1,2.8e-10,3.34466525843,80.1982245387
1,1,2.8e-10,3.83067185571,181555.94006083018
1,1,3.8e-10,4.8440555558,6283.0758499914
1,1,3.1e-10,4.73782198518,51639.00177105299
1,1,2.9e-10,2.51843531665,29416.03879785439
1,1,2.9e-10,4.21426623259,53242.3017603384
1,1,2.7e-10,4.35707854664,1279.794572628
1,1,3.1e-10,5.18940920282,424.1505103212
1,1,2.8e-10,3.64092818784,95247.70557217918
1,1,3.3e-10,0.34449594524,269.9214467406
1,1,2.7e-10,4.81466818286,1802.3719907218
1,1,2.6e-10,2.32663083381,54509.0026760204
1,1,2.6e-10,2.95753849706,52061.36699446317
1,1,2.5e-10,5.13721031791,42153.969003049
1,1,2.7e-10,5.82028492837,1898.3512179396
1,1,3e-10,2.99039613509,26941.0995233262
1,1,2.5e-10,0.4286012593,29428.515568274
1,1,2.9e-10,4.14866394337,131498.89763806018
1,1,2.8e-10,5.32578029265,104358.72611329758
1,1,2.9e-10,1.60408389107,25448.00585526019
1,1,2.5e-10,1.67779796211,26237.46633870879
1,1,2.4e-10,5.28807279458,22747.2907148744
1,1,2.4e-10,2.71950429042,54294.57014352679
1,1,2.3e-10,0.58725165783,146314.13330323418
1,1,2.3e-10,1.56475852877,650.9429865779
1,1,2.3e-10,4.85605613315,35.685355083
1,1,2.7e-10,4.52767940172,25021.4076643842
1,1,2.2e-10,4.74442146801,143961.2671494624
1,1,2.3e-10,3.78299370119,25035.6347583858
1,1,2.3e-10,4.85338065767,28.5718080822
1,1,2.2e-10,0.71803323367,337.732510659
1,1,2.3e-10,0.11555144192,643.0786800517
1,1,2.5e-10,0.72182905302,52026.2430860138
1,1,2.6e-10,1.72512030163,27684.0895838588
1,1,2.3e-10,4.51155345742,284.1485407422
1,1,2.3e-10,1.73611078502,188276.6540401716
1,1,2.1e-10,5.86830807135,102132.85546210999
1,1,2.3e-10,1.39950717748,61279.713277266
1,1,2.2e-10,3.49214829498,130012.91751699499
1,1,2.1e-10,5.7870995232,104344.49901929598
1,1,2.3e-10,6.2229490093,191.2076949102
1,1,2.7e-10,1.377146048,13362.4497067992
1,1,2.1e-10,0.34726135597,137.0330241624
1,1,2.2e-10,0.10565363711,77844.22478084739
1,1,2.1e-10,2.62420739411,40.5807161926
1,1,2.1e-10,5.21078068231,124156.43985787958
1,1,2.1e-10,3.37519693925,934.9485149682
1,1,2.1e-10,2.93989832001,525.4981794006
1,1,2.1e-10,2.38516672571,85502.38501632259
1,1,2.3e-10,4.92629143648,540.7366653585
1,1,2.7e-10,0.68051286566,103299.34418310839
1,1,2.1e-10,1.14211463317,103285.11708910679
1,1,2.3e-10,0.59531277141,1361.5467058442
1,1,2e-10,4.96664866905,103711.71527998279
1,1,2.1e-10,2.16986734764,49527.35145767539
1,1,2.5e-10,0.38304523465,96.8729990951
1,1,2.6e-10,2.05285271079,60055.89543648739
1,1,2.3e-10,0.68702668183,77829.99768684579
1,1,2.7e-10,6.21242304915,1905.4647649404
1,1,2e-10,5.5473492439,251.4321310758
1,1,2.4e-10,4.91328411886,219.4494345923
1,1,1.9e-10,3.64972257327,52125.80966124419
1,1,2.2e-10,0.84681454741,70269.18098269838
1,1,1.9e-10,0.04587600812,3328.13565628019
1,1,2.2e-10,1.42374321926,104564.91166173479
1,1,2e-10,3.55117744188,81.8951455681
1,1,2.5e-10,0.01235262119,24864.08530079559
1,1,1.9e-10,5.60700670343,106570.36967048359
1,1,2.5e-10,5.657508652,27311.72098235281
1,1,2.1e-10,1.17914689008,344.7030453079
1,1,1.8e-10,4.78075197963,53228.07466633679
1,1,1.7e-10,1.99727427214,479.2883889155
1,1,1.8e-10,2.62651922515,47.6942631934
1,1,2e-10,3.30348564295,97580.90196505119
1,1,1.8e-10,2.61349776359,113.3877149571
1,1,2.1e-10,1.9827243883,104371.28232719658
1,1,1.7e-10,2.59293571203,77410.51304297059
1,1,1.7e-10,4.48959133859,235.3904959658
1,1,1.8e-10,0.65002779822,66.70484372
1,1,2e-10,3.91482329597,131395.11544947958
1,1,1.8e-10,0.82070318043,436.8931316145
1,1,1.7e-10,3.10260674166,104138.31347085879
1,1,1.6e-10,5.70285177091,1603.2999892854
1,1,1.7e-10,0.76245918828,909.8187330546
1,1,1.8e-10,0.68490378171,358.9301393095
1,1,2.1e-10,5.05260717886,134991.4692049298
1,1,1.6e-10,6.20867250288,100909.03762133139
1,1,1.7e-10,2.39497408205,18093.37469954999
1,1,1.7e-10,1.44060402818,533.8837507886
1,1,1.9e-10,0.01647605955,207.1487562837
1,1,1.7e-10,1.09605096689,417.0369633204
1,1,1.6e-10,4.32698359511,12546.481939083
1,1,1.6e-10,5.18072747317,1788.1448967202
1,1,1.8e-10,4.91279767114,52698.38370124219
1,1,1.6e-10,0.84901493535,25867.49049913539
1,1,1.7e-10,5.41405900055,497.4476361802
1,1,1.6e-10,5.55931175273,183724.7005431128
1,1,1.7e-10,1.54418014066,115674.27666460119
1,1,1.7e-10,4.81848703132,128850.44281258718
1,1,1.5e-10,2.38102656379,16066.0658614748
1,1,1.7e-10,0.5932047931,2.4476805548
1,1,1.6e-10,5.49478140063,175.1660598002
1,1,1.6e-10,4.29457970004,67.6680515665
1,1,1.7e-10,4.80393132096,51528.79544983359
1,1,2e-10,6.13069123005,11610.5519583742
1,1,1.9e-10,3.74384920337,155997.72788435058
1,1,1.4e-10,3.58173383909,44295.7171298094
1,1,1.5e-10,5.15304621208,220.4608265486
1,1,1.5e-10,2.07746651676,107794.1875112622
1,1,1.4e-10,4.52566394568,3178.1457905676
1,1,1.8e-10,4.53931120962,51543.0225438352
1,1,1.5e-10,4.93940053675,26308.315784013
1,1,1.5e-10,4.99636225149,518.6452648307
1,1,1.5e-10,1.33651838433,26164.1692128498
1,1,1.5e-10,0.95581113217,146.3818033969
1,1,1.5e-10,2.26943407259,102232.84870591838
1,1,1.8e-10,3.82088730679,119116.85160956658
1,1,1.8e-10,5.9186367814,45494.58142974879
1,1,1.5e-10,5.17830960776,26222.0121911592
1,1,1.4e-10,2.27264864715,416.3032501375
1,1,1.9e-10,3.55838458417,554.0699874828
1,1,1.4e-10,5.18725769632,1049.0869894507
1,1,1.5e-10,1.74258697688,52225.8029050526
1,1,1.5e-10,3.82786291889,76667.52298243798
1,1,1.4e-10,4.77147651749,27999.1026247914
1,1,1.8e-10,4.93958674569,104347.73123093879
1,1,1.4e-10,3.43030204306,116917.76426627958
1,1,1.4e-10,5.07734306466,351.8165923087
1,1,1.5e-10,4.82510142643,365230.6439820388
1,1,1.3e-10,0.92750711335,24176.703658357
1,1,1.4e-10,0.49576253379,25953.79409198919
1,1,1.3e-10,6.18203275911,178063.3684939606
1,1,1.7e-10,4.23443256776,97112.93697469679
1,1,1.4e-10,4.66254689609,429.0458714308
1,1,1.5e-10,0.24698669297,52712.61079524379
1,1,1.5e-10,0.8790432663,4.665866446
1,1,1.5e-10,1.05658470808,52099.5402118728
1,1,1.5e-10,5.80214824265,181.0557665236
1,1,1.3e-10,4.30617411007,76681.75007643958
1,1,1.3e-10,5.74254354304,55503.94193942859
1,1,1.6e-10,3.4805982058,404.5067903482
1,1,1.5e-10,1.28342499223,27669.86248985719
1,1,1.4e-10,1.82228184088,105940.68546158058
1,1,1.2e-10,1.79845456663,111122.32316754239
1,1,1.3e-10,3.3120904153,14477.3511832
1,1,1.2e-10,1.90118101257,636.7158925763
1,1,1.2e-10,1.57036398698,104778.21075717278
1,1,1.3e-10,4.39267521476,140652.80125408198
1,1,1.2e-10,1.33521638588,52072.71350892979
1,1,1.3e-10,0.94980339171,82.8583534146
1,1,1.3e-10,5.40390266847,245.5424243524
1,1,1.2e-10,4.66725197197,111590.2881578968
1,1,1.3e-10,5.40346920033,205.2223405907
1,1,1.3e-10,5.26586760806,501.3797894433
1,1,1.2e-10,5.96461527769,867.4234757536
1,1,1.3e-10,4.74446229064,14.977853527
1,1,1.2e-10,6.21958146278,72936.23331633979
1,1,1.5e-10,1.55251538013,20760.4270331914
1,1,1.1e-10,2.98365933273,25977.69682035479
1,1,1.2e-10,6.24533055094,110634.68841628819
1,1,1.2e-10,1.33415706168,99.9113804809
1,1,1.1e-10,1.32350368373,131.5469622218
1,1,1.1e-10,5.26972998156,2214.7430875962
1,1,1.3e-10,3.64005382686,145.1097790097
1,1,1.4e-10,1.03063178545,78417.48823520739
1,1,1.1e-10,3.5704741814,36109.7404216736
1,1,1.1e-10,2.67619239702,26198.1094627936
1,1,1.2e-10,2.37418300803,211.8146227297
1,1,1.4e-10,5.29903467924,77837.11123384659
1,1,1.2e-10,5.21668700555,31415.379249957
1,1,1.1e-10,4.12038634021,51969.62073471119
1,1,1.2e-10,6.15491126193,130419.8459469712
1,1,1.4e-10,4.59700663399,721.6494195302
1,1,1e-10,5.89161262846,214.0498549634
1,1,1.4e-10,2.66253684701,32769.1279949738
1,1,1.2e-10,5.63886804458,198.321241911
1,1,1e-10,4.79225001159,2104.5367663768
1,1,1e-10,4.24154253223,121.2520214833
1,1,1e-10,0.30174606733,28736.3579670472
1,1,1e-10,3.07835250801,643.8294395771
1,1,1.1e-10,0.76353498081,59.8037450403
1,1,1e-10,2.52434543093,444.7574381407
1,1,1e-10,6.02081320033,289.5651667136
1,1,1.1e-10,6.11985601662,206.1373643274
1,1,1e-10,1.78614915805,68241.8721446232
1,1,1.1e-10,3.53222769228,108.4612160802
1,1,1.1e-10,3.62051737282,65697.55772473979
1,1,1.2e-10,4.51767669506,38813.3565763492
1,1,1e-10,1.51502620255,170049.1702910366
1,1,1e-10,0.65896029584,157483.01859105378
1,1,1.2e-10,1.50419920446,12725.453434775
1,1,1e-10,2.48035088853,32.1951448046
1,1,1e-10,1.19722150187,405.2575498736
1,1,9e-11,1.11423953703,152.7445908723
1,1,1e-10,0.60086822741,207643.8432024044
1,1,1.2e-10,0.27544235334,26395.46076254379
1,1,1.2e-10,5.38818267787,25780.3455206046
1,1,9e-11,5.33634723608,212.5483359126
1,1,1.2e-10,4.1814817961,26724.8994135984
1,1,1.2e-10,1.48214323511,25450.90686955
1,1,1e-10,4.43951347141,141762.17980617538
1,1,9e-11,5.62764518642,51219.51712717779
1,1,1.3e-10,3.43354905286,114.1384744825
1,1,9e-11,1.40970085491,155571.81910783658
1,1,9e-11,2.12559306586,177.8743727859
1,1,9e-11,1.49177357269,140.001969579
1,1,9e-11,3.80728835859,78903.60671103658
1,1,9e-11,1.98340877635,78731.674415077
1,1,1e-10,1.06876588648,90695.75207512038
1,1,9e-11,1.26040337097,98.8999885246
1,1,1.2e-10,2.28213947586,25446.4895798352
1,1,1.2e-10,3.38148555535,26729.31670331319
1,1,9e-11,2.46965123782,112.9146342051
1,1,1e-10,1.61631506112,604.4725636619
1,1,9e-11,1.39179110846,33.9402499438
1,1,1e-10,4.04489455556,65831.6667743248
1,1,9e-11,1.9798553735,16703.062133499
1,1,9e-11,0.19461343328,51707.84129279399
1,1,9e-11,5.42812340959,207593.8465805002
1,1,1e-10,3.32445370552,3340.6124266998
1,1,9e-11,0.25320629703,156100.82065856917
1,1,9e-11,4.92060353422,275.5505210331
1,1,9e-11,0.2494331399,319.5732633943
1,1,1.2e-10,6.08675975595,176953.98994186718
1,1,1e-10,5.40172694346,1592.2542890215
1,1,1e-10,3.63300622629,373.9079928365
1,1,8e-11,5.39656213021,1148.2476104062
1,1,9e-11,0.88869633066,69.1525242748
1,1,1e-10,3.67062813456,2015.6710861598
1,1,1.1e-10,2.32296397326,52022.0274726636
1,1,9e-11,0.04502499664,49842.60989027639
1,1,9e-11,3.48790336223,55516.4187098482
1,1,9e-11,1.60659830268,52609.51802102519
1,1,9e-11,2.1965770869,1911.1994832172
1,1,1.1e-10,3.36653560664,157057.10981453978
1,1,1e-10,1.95365576783,52381.99183158559
1,1,1.1e-10,5.20033100734,842.1506814881
1,1,8e-11,2.9216800768,134.5853436076
1,1,8e-11,5.89998501862,52182.4348420484
1,1,9e-11,1.92127276195,561.934294009
1,1,8e-11,5.71207072786,1585.1407420207
1,1,8e-11,6.02739823377,5.9378908332
1,1,8e-11,0.07994652584,27177.6119327678
1,1,8e-11,5.58367850537,24998.19435038059
1,1,1e-10,4.18673679862,436.1594184316
1,1,8e-11,2.51541014083,214.7835681463
1,1,9e-11,3.91205376466,24491.71669928959
1,1,8e-11,2.20996366081,159.1244246902
1,1,9e-11,0.0732014279,414.0680179038
1,1,8e-11,2.77771386082,248.7238180901
1,1,9e-11,3.20602268861,19.66976089979
1,1,8e-11,6.13311048887,48847.6706268682
1,1,8e-11,6.18114959216,42.3258213318
1,1,1e-10,2.59673239232,297.6419215609
1,1,8e-11,5.54190257529,2001.4439921582
1,1,7e-11,5.62789688432,576.1613880106
1,1,9e-11,0.97094953096,621.7380390493
1,1,7e-11,4.63407107324,629.6023455755
1,1,8e-11,2.6244952078,355.7487455718
1,1,7e-11,0.88436036706,81.7521332162
1,1,7e-11,0.62849516745,9384.8410080752
1,1,7e-11,3.37283868879,50696.93970908399
1,1,8e-11,2.95337805438,52595.29092702359
1,1,8e-11,2.09085109942,130446.62925487179
1,1,8e-11,4.12633327906,31.019488637
1,1,7e-11,1.73606122812,320.3240229197
1,1,7e-11,3.72377229422,30.0562807905
1,1,7e-11,1.42009283525,427.5613987225
1,1,9e-11,3.23441439127,130443.39704322898
1,1,8e-11,4.23722680471,26720.68688088739
1,1,8e-11,5.6503915925,1223.81784077861
1,1,7e-11,0.50663219979,2655.5683724738
1,1,7e-11,4.46046826267,69.3649725959
1,1,7e-11,2.30474556787,209812.60368468694
1,1,7e-11,3.64200504235,172402.0364448084
1,1,7e-11,3.15699312277,51013.33157874059
1,1,7e-11,2.34948998718,327.4375699205
1,1,8e-11,6.01739816809,1585.8915015461
1,1,7e-11,0.49384776945,20.6069278195
1,1,7e-11,3.04941872455,27044.1922975448
1,1,7e-11,2.0028301549,528.9402055692
1,1,7e-11,2.33785549347,530.44172462
1,1,7e-11,5.38166348747,2228.9701815978
1,1,8e-11,1.11506407502,144.1465711632
1,1,8e-11,0.93716006393,458.8415197904
1,1,7e-11,1.9933732906,150244.3429994538
1,1,9e-11,3.93059938713,26734.913974889
1,1,7e-11,4.7571496014,52325.36948028299
1,1,7e-11,6.10220034684,278.5194664497
1,1,7e-11,5.10226976956,13541.42120249119
1,1,7e-11,5.38424470913,80596.9058175946
1,1,8e-11,2.79730190848,454.9093665273
1,1,7e-11,1.89853865756,1048.3362299253
1,1,7e-11,4.41206005071,387.2413149608
1,1,7e-11,3.97484854685,425.6349830295
1,1,6e-11,3.78360025001,52278.89905736699
1,1,7e-11,1.42151002751,5.4166259714
1,1,7e-11,5.07915922145,431.264057322
1,1,8e-11,3.73990342667,129387.24732468258
1,1,7e-11,2.71768486617,106.2741679563
1,1,9e-11,3.42497309447,75930.51303185058
1,1,8e-11,2.75106262517,52169.17772424839
1,1,8e-11,1.50347216209,77726.90491262719
1,1,6e-11,1.00543740922,79330.20490191258
1,1,7e-11,5.56521824483,78378.1487134078
1,1,6e-11,4.29538257753,1158.5425511447
1,1,6e-11,6.11632456545,601.7642506762
1,1,8e-11,5.2342657688,228.276948965
1,1,7e-11,0.03631337685,558.0021407459
1,1,6e-11,4.20397273576,129373.02023068098
1,1,6e-11,5.40318267434,1159.2933106701
1,1,7e-11,1.62569971593,26162.6847401415
1,1,7e-11,5.97408505998,221.3758502853
1,1,7e-11,3.36399257591,953.1077622329
1,1,7e-11,3.53380092713,45.2465826386
1,1,6e-11,1.72178265563,241.7532834412
1,1,6e-11,4.50914445356,130652.81480330898
1,1,6e-11,1.09642732127,983.1158589136
1,1,7e-11,1.43696950392,77630.92568540938
1,1,6e-11,3.96501540302,1165.6560981455
1,1,6e-11,6.0712625874,186.2117600641
1,1,6e-11,0.25065144064,25508.2155545754
1,1,6e-11,5.41297359057,26667.590728573
1,1,6e-11,1.04635537302,39629.32434406539
1,1,6e-11,5.52124151783,40565.2543247742
1,1,7e-11,4.39225179954,421.93232443
1,1,7e-11,5.85352766815,8194.2753332086
1,1,6e-11,3.75147990976,103917.90082841998
1,1,8e-11,0.93245740025,157586.80077963436
1,1,6e-11,1.88152710036,313.2104759189
1,1,6e-11,2.36516103356,51653.22886505459
1,1,6e-11,3.62770311218,23.5758732361
1,1,7e-11,1.15740041561,154938.34595416137
1,1,6e-11,4.00716639365,26013.1215430069
1,1,7e-11,4.77970201762,214364.55718174577
1,1,6e-11,1.84888596079,6885.14988993081
1,1,7e-11,4.3658808027,25754.0472008048
1,1,7e-11,1.29774422851,26421.7590823436
1,1,7e-11,1.33257665947,230.7075831773
1,1,6e-11,5.21774017886,1166.4068576709
1,1,6e-11,6.00893693971,78149.27013603736
1,1,5e-11,0.89617169225,50064.15596977079
1,1,6e-11,2.09071241554,80.7194894005
1,1,6e-11,2.93345991787,2538.2485042536
1,1,6e-11,2.63212801251,128220.75860368418
1,1,6e-11,3.92931387452,107.0249274817
1,1,6e-11,3.52705318347,81.0013736908
1,1,6e-11,2.80934233604,66653.15746634839
1,1,6e-11,4.30034572218,426.6463749858
1,1,6e-11,5.86623781176,1891.2376709388
1,1,5e-11,6.05965648339,130226.21661243298
1,1,7e-11,0.5490681387,99.1606209555
1,1,5e-11,5.12395207497,494.2662424425
1,1,6e-11,3.2107594846,1041.2226829245
1,1,6e-11,0.06830775273,123668.80510662538
1,1,6e-11,1.75222718681,421.1815649046
1,1,6e-11,4.58966840558,188.9200730498
1,1,6e-11,4.3107882192,68.5618234438
1,1,6e-11,3.12401775256,35.212274331
1,1,5e-11,4.95793416059,44.070926471
1,1,6e-11,0.7894313524,89.7594520943
1,1,5e-11,1.1767614724,102769.65321801379
1,1,5e-11,0.0532575301,92.0470739547
1,1,6e-11,1.81840060185,161079.37234650398
1,1,6e-11,3.17893579358,103932.12792242158
1,1,5e-11,3.76241459004,46.2097904851
1,1,5e-11,3.89300636955,35472.7441496494
1,1,5e-11,6.03822128054,162.0933701068
1,1,5e-11,2.23177245413,205.4347889118
1,1,5e-11,0.49940419683,1593.0050485469
1,1,5e-11,5.74462559833,80382.47328510099
1,1,5e-11,0.40751082829,78213.71280281838
1,1,6e-11,0.47609620784,182085.63102592478
1,1,5e-11,1.32106578434,505.3119427064
1,1,5e-11,0.72763573757,102755.42612401219
1,1,7e-11,1.01041013974,64901.25971792339
1,1,5e-11,5.06606479586,75615.25459924959
1,1,5e-11,6.09989191383,6044.2285813754
1,1,5e-11,3.68449716556,19406.6782881746
1,1,5e-11,1.27162244422,128.9562693151
1,1,5e-11,6.0256713203,50.4025761791
1,1,5e-11,3.76864982971,916.9322800554
1,1,5e-11,5.98811310538,1251.3403846248
1,1,5e-11,5.08443772017,1080.7225711916
1,1,5e-11,4.35480199188,41.0537969446
1,1,5e-11,0.27144803161,14.0146456805
1,1,5e-11,2.21719938925,29.2049475286
1,1,5e-11,0.64236900268,312.4597163935
1,1,5e-11,0.55347836802,25654.19140369739
1,1,5e-11,5.6587385756,154.0166152595
1,1,5e-11,2.08957091919,88.7962442478
1,1,5e-11,1.21533954768,137678.191299471
1,1,5e-11,1.16644086335,439.1283638482
1,1,5e-11,2.42117857215,53399.624123927
1,1,5e-11,3.99647174335,27780.06881107659
1,1,5e-11,0.51237606895,26402.0893214438
1,1,5e-11,5.15124896226,25773.71696170459
1,1,5e-11,1.58549672991,77616.69859140778
1,1,6e-11,0.1842592699,512.2824773553
1,1,5e-11,5.06579671013,778.4147831847
1,1,6e-11,0.18266035721,50049.92887576919
1,1,5e-11,3.56670679513,17893.6278083656
1,1,5e-11,4.03598888492,347.8844390456
1,1,5e-11,1.61430068646,54087.0057663656
1,1,6e-11,5.1994752817,696.5196376166
1,1,5e-11,0.59515032793,45892.73043315699
1,1,5e-11,4.83208640963,1069.6768709277
1,1,5e-11,0.32110795784,237.6781178262
1,1,5e-11,4.35949013333,24505.94379329119
1,1,4e-11,5.60132825306,54.1746707478
1,1,4e-11,2.54682197432,130432.40216087017
1,1,4e-11,1.97821363637,51852.30086649099
1,1,5e-11,5.02121943499,498.6714764576
1,1,4e-11,0.18629796423,611.4430983108
1,1,5e-11,2.92494499838,204151.27163553477
1,1,4e-11,2.42171570518,132658.27281205778
1,1,4e-11,6.10975670784,672.1406152284
1,1,6e-11,1.1018123296,426.5500067662
1,1,5e-11,4.14081422433,25938.3399444396
1,1,6e-11,3.4435675995,2751.5475996916
1,1,5e-11,4.31428427792,39450.3528483734
1,1,5e-11,4.64089847229,65717.22748563958
1,1,4e-11,4.65745435403,710.7467316182
1,1,4e-11,2.80245159203,51955.39364070959
1,1,4e-11,5.82103664757,68.8437077341
1,1,4e-11,5.66137471686,103498.41618454478
1,1,5e-11,1.63974900109,52396.2189255872
1,1,4e-11,0.38923128315,33.1371007917
1,1,5e-11,4.10075455899,295.0512286542
1,1,4e-11,6.13793028784,849.2642284889
1,1,5e-11,3.04296923489,166.828672522
1,1,4e-11,4.09060007695,679.2541622292
1,1,5e-11,0.43029706877,300.6108669775
1,1,4e-11,4.13434256469,104505.39137678158
1,1,5e-11,0.99790116577,123200.84011627098
1,1,5e-11,5.60265196005,560.7104537316
1,1,4e-11,5.71270004089,2317.8358618148
1,1,4e-11,2.1653964739,28791.5192962498
1,1,4e-11,3.49822855731,23384.2869868986
1,1,5e-11,6.09748705519,53029.0026649004
1,1,4e-11,0.03133309464,1070.4276304531
1,1,4e-11,2.20603900112,152.0108776894
1,1,4e-11,3.38348270644,26823.77965510599
1,1,4e-11,2.28014232477,25352.02662804239
1,1,4e-11,5.11054976948,133882.09065283637
1,1,5e-11,3.37195934008,600.5404103988
1,1,4e-11,4.79464066723,53771.99272543299
1,1,4e-11,3.58076228853,183570.921732628
1,1,5e-11,0.57466690776,145204.75475114078
1,1,4e-11,5.08739935768,23439.44831610119
1,1,4e-11,2.9194232821,27170.98337386779
1,1,4e-11,2.74420174911,25004.8229092806
1,1,4e-11,5.70730765847,757.2171545342
1,1,4e-11,1.71297602638,78786.28684281638
1,1,4e-11,4.89642578031,746.9222137957
1,1,4e-11,2.01320988474,952.3570027075
1,1,4e-11,2.35947871248,32.2433289144
1,1,4e-11,5.16889446071,636.9962720242
1,1,5e-11,3.41506026848,26709.6469424134
1,1,5e-11,2.24856476273,25466.159340735
1,1,4e-11,5.8417274779,52065.59996192899
1,1,4e-11,4.55458054656,50483.640613646
1,1,4e-11,1.7672707004,196.0336200506
1,1,5e-11,3.7695278197,945.9942152321
1,1,4e-11,4.20593460992,312.1990839626
1,1,5e-11,2.4637161389,25234.70675982219
1,1,4e-11,4.73926385495,970.5162499722
1,1,4e-11,2.6851768601,78270.3379836226
1,1,4e-11,2.79716874555,1064.0477966352
1,1,4e-11,2.82246202066,221.1634019642
1,1,4e-11,2.12545244622,182.279606801
1,1,4e-11,1.43142376081,381.3516082374
1,1,5e-11,4.45815571512,432.2272651685
1,1,4e-11,2.85017144667,111.4301614968
1,1,4e-11,2.18178993259,429.5189521828
1,1,4e-11,1.79847863201,34282.1784747828
1,1,4e-11,0.54205020737,199599.31813847594
1,1,4e-11,0.19066423879,143005.6674078538
1,1,4e-11,3.27752582001,78800.51393681798
1,1,4e-11,2.0282962976,2324.9494088156
1,1,3e-11,0.36593642535,661.2379273164
1,1,3e-11,2.50436473789,227.3137411185
1,1,4e-11,5.02476065705,130459.18546877075
1,1,4e-11,4.77848701199,39.3568759152
1,1,4e-11,4.96500381777,52250.5878817157
1,1,3e-11,4.30211830006,78160.61665050399
1,1,4e-11,4.46181026998,87367.61641884019
1,1,4e-11,5.81440577111,60370.08161635699
1,1,3e-11,2.18678252584,554.8207470082
1,1,3e-11,0.76702918347,305.3461693927
1,1,4e-11,1.72859821695,130435.63437251298
1,1,4e-11,1.63790933088,26575.53789282839
1,1,4e-11,4.02571570033,25600.26839032
1,1,4e-11,5.3420938062,128320.75184749259
1,1,4e-11,0.93894074157,395.578702239
1,2,1.484185e-05,4.35401210269,52175.8062831484
1,2,1.25978e-05,0.0,0.0
1,2,9.07467e-06,1.13216343018,78263.70942472259
1,2,3.68809e-06,4.18705944126,104351.61256629678
1,2,2.54306e-06,4.1281737714,26087.9031415742
1,2,1.60293e-06,4.40406062613,206.1855484372
1,2,1.55633e-06,0.48183983171,220.4126424388
1,2,1.30149e-06,0.95681684789,130439.51570787099
1,2,1.18222e-06,0.99338493688,522.5774180938
1,2,1.15842e-06,3.35337160144,536.8045120954
1,2,9.6078e-07,5.56717820853,213.299095438
1,2,6.5114e-07,5.63112398159,426.598190876
1,2,7.4263e-07,2.15657144895,529.6909650946
1,2,4.2868e-07,4.00892196726,156527.41884944518
1,2,3.9449e-07,1.97733652493,1059.3819301892
1,2,1.4232e-07,5.82837756444,433.7117378768
1,2,1.3989e-07,1.76430781021,7.1135470008
1,2,1.3566e-07,0.77740665693,182615.3219910194
1,2,1.2711e-07,3.4914979877,419.4846438752
1,2,9.362e-08,4.71789202402,639.897286314
1,2,7.707e-08,0.35647823047,227.5261894396
1,2,6.797e-08,3.87387149561,1066.49547719
1,2,5.452e-08,0.48898137631,1052.2683831884
1,2,5.027e-08,1.12572622612,515.463871093
1,2,3.902e-08,2.39857684567,1589.0728952838
1,2,3.667e-08,4.56283602529,199.0720014364
1,2,3.523e-08,3.22103209546,543.9180590962
1,2,4.184e-08,3.82884210516,208703.2251325936
1,2,2.906e-08,1.33529655305,24978.5245894808
1,2,2.677e-08,4.31517647277,27197.2816936676
1,2,1.347e-08,2.19024470415,316.3918696566
1,2,1.405e-08,6.22622304401,216.4804891757
1,2,1.32e-08,4.96541286159,647.0108333148
1,2,1.365e-08,4.95810524231,210.1177017003
1,2,1.687e-08,1.62553064962,14.2270940016
1,2,1.268e-08,0.59695956916,234791.12827416777
1,2,1.093e-08,4.21067890946,103.0927742186
1,2,1.011e-08,4.40490230415,51066.427731055
1,2,9.87e-09,4.02683657703,853.196381752
1,2,9.38e-09,4.4067926558,632.7837393132
1,2,8.48e-09,1.52469724284,526.5095713569
1,2,8.26e-09,2.8142597521,532.8723588323
1,2,7.58e-09,0.02371551403,209.3669421749
1,2,7.33e-09,4.88186040762,217.2312487011
1,2,6.88e-09,5.79109380413,440.8252848776
1,2,6.03e-09,5.14215709084,323.5054166574
1,2,6.24e-09,0.96146126905,117.3198682202
1,2,5.49e-09,4.81966003612,949.1756089698
1,2,7.02e-09,0.69460527884,74.7815985673
1,2,5.46e-09,0.01597529774,1045.1548361876
1,2,4.99e-09,2.9539499814,110.2063212194
1,2,5.1e-09,2.48615954177,95.9792272178
1,2,6.04e-09,6.00696167862,735.8765135318
1,2,4.9e-09,2.828895357,525.7588118315
1,2,4.88e-09,1.51375734651,533.6231183577
1,2,4.38e-09,4.38613869498,1596.1864422846
1,2,5.19e-09,6.10806295653,149.5631971346
1,2,3.79e-09,3.64772765617,260879.03141574195
1,2,3.54e-09,1.08917562345,53285.1848352418
1,2,3.5e-09,1.77280702796,1109.3785520934
1,2,3.37e-09,2.76484315037,2118.7638603784
1,2,3.52e-09,1.18170316153,77154.33087262919
1,2,3.53e-09,5.67450059858,63.7358983034
1,2,2.67e-09,6.09793545646,625.6701923124
1,2,2.7e-09,0.56801609869,1581.959348283
1,2,3.35e-09,3.28599535784,412.3710968744
1,2,2.3e-09,1.62446688541,70.8494453042
1,2,2.26e-09,0.21648774887,234.6397364404
1,2,2.57e-09,0.5514183771,956.2891559706
1,2,2.18e-09,6.1873288825,78.7137518304
1,2,2.16e-09,0.69406612425,11.0457002639
1,2,2.83e-09,2.17198423111,85.8272988312
1,2,2.1e-09,4.87169565788,942.062061969
1,2,2.27e-09,5.26494518266,73.297125859
1,2,2.35e-09,1.88541486477,36.6485629295
1,2,2.24e-09,5.59487510601,39.6175083461
1,2,2.28e-09,4.22772621951,202.2533951741
1,2,1.87e-09,2.8627940246,1169.5882514086
1,2,1.93e-09,4.15648107481,25132.3033999656
1,2,1.67e-09,3.64468986986,1073.6090241908
1,2,1.95e-09,0.93545523133,224.3447957019
1,2,1.71e-09,1.47490138738,27043.5028831828
1,2,1.58e-09,0.41813276311,1155.361157407
1,2,1.41e-09,2.05881354566,742.9900605326
1,2,1.4e-09,1.84983910496,21535.9496445154
1,2,1.35e-09,0.93601004324,138.5174968707
1,2,1.49e-09,3.11048959872,76.2660712756
1,2,1.33e-09,1.27948900541,508.3503240922
1,2,1.45e-09,4.08945624026,309.2783226558
1,2,1.26e-09,5.33539657707,330.6189636582
1,2,1.26e-09,4.18511285279,860.3099287528
1,2,1.38e-09,4.99278277428,20426.571092422
1,2,1.17e-09,5.88592772067,26617.5941066688
1,2,1.6e-09,3.7640972839,38.1330356378
1,2,1.15e-09,6.09306139752,25558.2121764796
1,2,1.12e-09,0.41587357894,286966.9345573162
1,2,1.16e-09,1.82846585957,46514.4742339962
1,2,1.07e-09,2.57772432456,14765.2390432698
1,2,1.15e-09,6.09545736763,223.5940361765
1,2,1.05e-09,2.94297794273,27147.28507176339
1,2,1.1e-09,0.21868987814,71.6002048296
1,2,1.24e-09,1.42405663717,23869.1460373874
1,2,1.15e-09,5.33896891891,429.7795846137
1,2,1.05e-09,1.31705960331,77.962992305
1,2,1.27e-09,6.1227713124,728.762966531
1,2,1.03e-09,3.78216777057,4551.9534970588
1,2,1.2e-09,4.23792109159,103242.2340142034
1,2,1.03e-09,4.21297257897,28306.66024576099
1,2,9.9e-10,0.66196730608,31749.2351907264
1,2,1.06e-09,1.49565452639,1162.4747044078
1,2,1.02e-09,5.20836098548,422.6660376129
1,2,8.5e-10,5.14492546566,19317.1925403286
1,2,8.4e-10,0.06183751259,124.433415221
1,2,7.4e-10,1.07138930276,1265.5674786264
1,2,7.6e-10,4.22098650571,423.4167971383
1,2,7.1e-10,3.05925118734,551.031606097
1,2,8.2e-10,1.68324374227,519.3960243561
1,2,6.8e-10,4.9651084623,654.1243803156
1,2,6.8e-10,0.11271966893,9103.9069941176
1,2,6.6e-10,2.46864705656,88.865680217
1,2,6.6e-10,3.92016503259,3442.5749449654
1,2,6.1e-10,4.53397757302,50586.73338786459
1,2,7.3e-10,1.49901280909,21.3406410024
1,2,5.9e-10,4.88869826613,72602.37737557039
1,2,5.8e-10,4.77256654994,191.9584544356
1,2,5.9e-10,3.1050716338,37410.5672398786
1,2,5.9e-10,2.56122053117,52705.49724824299
1,2,6.4e-10,0.59210224706,838.9692877504
1,2,6.5e-10,0.65463924387,51220.20654153979
1,2,5.7e-10,3.80644223882,30639.856638633
1,2,6.4e-10,2.62531230776,539.9859058331
1,2,7e-10,1.72021333432,22645.32819660879
1,2,6.4e-10,5.15957430521,203.0041546995
1,2,5.5e-10,5.61982417509,51116.4243529592
1,2,5.3e-10,0.46679718569,32858.61374281979
1,2,4.9e-10,4.02776993187,27676.976036858
1,2,4.5e-10,4.29961594202,846.0828347512
1,2,4.6e-10,3.88547191366,145.6310438715
1,2,4.5e-10,1.60026053734,25973.46385288896
1,2,4.4e-10,4.05810232577,26202.34243025941
1,2,4.5e-10,5.95361998059,53235.18821333759
1,2,4.7e-10,3.3181830883,1062.5633239269
1,2,5.3e-10,5.1652690047,955.5997416086
1,2,3.9e-10,2.65493111018,25874.6040461362
1,2,3.9e-10,5.64911272409,40853.142184844
1,2,3.8e-10,1.25489937051,1258.4539316256
1,2,3.8e-10,2.96694233358,26301.2022370122
1,2,3.5e-10,1.55855229745,1692.1656695024
1,2,4.4e-10,3.91987173876,29530.4780865396
1,2,3.8e-10,4.27891905126,53131.406024757
1,2,3.6e-10,5.46623211848,302.164775655
1,2,3.4e-10,5.64744481308,277.0349937414
1,2,3.3e-10,0.62515314785,56727.7597802072
1,2,4e-10,1.0119383818,129330.13715577759
1,2,3.3e-10,3.46947113137,313054.83769889036
1,2,3.1e-10,4.26713688144,6770.7106012456
1,2,3e-10,4.86335561218,2125.8774073792
1,2,3.8e-10,1.69042706019,2218.7571041868
1,2,3.5e-10,1.25631519996,1056.2005364515
1,2,3.2e-10,4.48774417428,49957.0491789616
1,2,3.9e-10,0.20293002946,1574.8458012822
1,2,3.6e-10,0.12982829645,437.6438911399
1,2,3.1e-10,3.39518273216,1272.6810256272
1,2,2.7e-10,3.47340764254,1055.4497769261
1,2,2.9e-10,1.32325847141,618.5566453116
1,2,2.8e-10,6.2463721969,1038.0412891868
1,2,2.7e-10,0.8256708548,415.5524906121
1,2,3.1e-10,1.93866033936,47623.8527860896
1,2,2.5e-10,5.55384551516,43071.8992890308
1,2,2.8e-10,1.64332966541,1485.9801210652
1,2,2.5e-10,1.66429605369,98690.28051714458
1,2,2.6e-10,5.05893496491,430.5303441391
1,2,2.4e-10,3.54369543262,18.1592472647
1,2,2.4e-10,0.77717557683,831.8557407496
1,2,2.3e-10,1.45497436681,231.4583427027
1,2,2.4e-10,5.51512603999,78793.40038981718
1,2,2.6e-10,3.18686355416,2648.454825473
1,2,2.5e-10,2.24207971146,1368.660252845
1,2,2.3e-10,3.56120112847,77308.10968311399
1,2,2.1e-10,5.72791145125,447.9388318784
1,2,2.7e-10,0.98357005483,54394.56338733519
1,2,2e-10,0.71402000433,3.1813937377
1,2,2.2e-10,5.3349073995,151.0476698429
1,2,1.9e-10,1.7452825684,1063.3140834523
1,2,2e-10,3.40302634906,1699.2792165032
1,2,2.2e-10,1.92756765233,45405.0956819028
1,2,2e-10,2.53484218621,35.1640902212
1,2,1.8e-10,1.08092680576,10.2949407385
1,2,2.1e-10,0.0494867586,72.3339180125
1,2,1.8e-10,3.61025694461,58946.51688439399
1,2,2.4e-10,0.61193595038,18849.2275499742
1,2,1.8e-10,1.73990981189,52156.1365222486
1,2,1.7e-10,2.72916234159,79323.09135491178
1,2,2.1e-10,2.11586070084,12566.1516999828
1,2,2.1e-10,2.68093863363,13655.8604911764
1,2,1.8e-10,4.11934903377,3.9321532631
1,2,1.8e-10,5.63577174804,1471.7530270636
1,2,1.8e-10,0.31168509807,51535.90899683439
1,2,1.7e-10,6.10620927353,52389.1053785864
1,2,1.6e-10,1.66583339325,23754.70674870219
1,2,1.6e-10,2.13005908431,22.0914005278
1,2,1.6e-10,5.22446000797,1478.8665740644
1,2,1.7e-10,2.07219008042,77.7505439839
1,2,1.7e-10,3.2178718679,51646.11531805379
1,2,1.6e-10,1.85663665448,48733.23133818299
1,2,1.5e-10,5.39822666802,38654.05484155699
1,2,1.5e-10,4.85349684848,1375.7737998458
1,2,1.6e-10,4.1513335606,79373.087976816
1,2,1.6e-10,4.95896524219,41.1019810544
1,2,1.5e-10,5.03114029381,160.6088973985
1,2,1.4e-10,5.09664706361,52179.6876185064
1,2,1.4e-10,3.68991823488,82815.66292178139
1,2,1.4e-10,0.47915039682,195.1398481733
1,2,1.6e-10,2.16860864742,56.6223513026
1,2,1.7e-10,1.59080059391,77.2292791221
1,2,1.4e-10,2.42828725984,66941.04532641819
1,2,1.4e-10,5.69583373076,71.8126531507
1,2,1.4e-10,3.63538725359,110012.94461544899
1,2,1.4e-10,0.69791035823,53764.8791784322
1,2,1.5e-10,3.19537134319,65.2203710117
1,2,1.5e-10,0.66471022805,52195.47604404819
1,2,1.3e-10,1.07484706961,76674.63652943878
1,2,1.5e-10,4.95964145342,33326.5787331742
1,2,1.2e-10,3.86072810652,50057.04242277
1,2,1.6e-10,0.69576423227,55618.3812281138
1,2,1.3e-10,0.67881557905,83925.0414738748
1,2,1.3e-10,4.06012579136,155418.04029735178
1,2,1.2e-10,4.00107179066,28421.0995344462
1,2,1.2e-10,5.1703330367,337.732510659
1,2,1.3e-10,3.64691089977,131.4039498699
1,2,1.3e-10,3.59727069136,52171.9249477904
1,2,1.3e-10,3.14908318702,36301.18868778519
1,2,1.3e-10,3.14880532464,408.4389436113
1,2,1.1e-10,1.67250696064,24498.8302462904
1,2,1.4e-10,4.17248996684,5661.3320491522
1,2,1.2e-10,4.22650218163,963.4027029714
1,2,1.3e-10,2.13490029542,26727.8004278882
1,2,1.1e-10,0.02603069623,511.5317178299
1,2,1.3e-10,0.6371514677,11322.6640983044
1,2,1e-10,4.31465510142,547.8502123593
1,2,1e-10,6.181696215,62389.09182935939
1,2,1.3e-10,0.73737685844,2111.6503133776
1,2,1e-10,0.83598356132,52290.24557183361
1,2,1e-10,4.67908297368,362.8622925726
1,2,1e-10,5.60218831936,127.4717966068
1,2,1.2e-10,0.78764611551,1685.0521225016
1,2,1.3e-10,4.91836873304,84.3428261229
1,2,1.2e-10,3.14290523608,26514.5013324502
1,2,1e-10,3.11126287173,35191.8101356918
1,2,9e-11,1.25757815859,76044.9523205358
1,2,1e-10,2.5227870567,15874.6175953632
1,2,1e-10,0.24410880924,339142.7408404646
1,2,1e-10,5.07263788261,934.9485149682
1,2,1.1e-10,3.00721890024,38519.945791972
1,2,1.2e-10,2.66109784913,148.0787244263
1,2,9e-11,2.44042399381,153.4953503977
1,2,9e-11,4.70984038054,124778.18365871879
1,2,1e-10,2.9353947452,25028.521211385
1,2,9e-11,4.78186604625,78244.0396638228
1,2,9e-11,4.66454207113,52061.36699446317
1,2,9e-11,0.14966079482,1382.8873468466
1,2,1.1e-10,3.37804748354,222.8603229936
1,2,8e-11,6.02198121081,92.940845832
1,2,9e-11,2.18518124277,269.9214467406
1,2,9e-11,3.23143026804,39609.6545831656
1,2,9e-11,3.55537703082,750.1036075334
1,2,8e-11,4.04549915755,2333.196392872
1,2,1e-10,5.30797415249,436.8931316145
1,2,1e-10,1.54068644361,203.7378678824
1,2,8e-11,4.74485412331,28206.6670019526
1,2,9e-11,2.19121952514,104881.30353139139
1,2,1e-10,4.52809483758,643.0786800517
1,2,1e-10,4.26753045931,635.9651330509
1,2,8e-11,0.23967004017,103396.01282468818
1,2,8e-11,0.37987106631,136100.84775702318
1,2,8e-11,3.5097026663,52.6901980395
1,2,8e-11,5.86771297817,131.5469622218
1,2,9e-11,4.9159516199,16983.9961474566
1,2,8e-11,0.60920060214,79219.3091663312
1,2,9e-11,0.20735942028,7994.5284420242
1,2,7e-11,4.10108572333,1603.2999892854
1,2,8e-11,0.45328868578,12432.0426503978
1,2,8e-11,2.09461474144,7238.6755916
1,2,7e-11,2.36547832832,69159.80243060499
1,2,7e-11,0.40212847913,6681.2248533996
1,2,9e-11,2.22913614898,1279.794572628
1,2,7e-11,4.71531871147,52168.69273614759
1,2,8e-11,6.19634687633,63498.47038145279
1,2,7e-11,1.45088892995,483.2205421786
1,2,7e-11,2.1061002797,64741.95798313119
1,2,9e-11,1.10868456658,87.3117715395
1,2,7e-11,1.8591135483,78267.59076008058
1,2,8e-11,6.28154480422,721.6494195302
1,2,7e-11,4.14213787767,867.4234757536
1,2,8e-11,2.28858892249,1361.5467058442
1,2,8e-11,4.00207680038,52182.9198301492
1,2,7e-11,5.23512171216,18207.81398823521
1,2,7e-11,0.31695892601,10213.285546211
1,2,6e-11,5.80443519678,105410.99449648599
1,2,6e-11,5.77664354435,12.5301729722
1,2,7e-11,6.1599962247,51962.5071877104
1,2,8e-11,3.36914220367,44937.1306915484
1,2,6e-11,4.05797292086,288.0806940053
1,2,6e-11,2.40284625703,129380.13377768178
1,2,6e-11,3.20129483122,35.685355083
1,2,6e-11,2.00935271481,2221.856634597
1,2,7e-11,3.03626865288,142.4496501338
1,2,5e-11,2.96155447733,88476.99497093359
1,2,6e-11,0.92070128524,113.3877149571
1,2,6e-11,1.32611782718,1795.258443721
1,2,5e-11,3.5912786219,25661.3049506982
1,2,5e-11,4.28095258999,40.5807161926
1,2,6e-11,6.23825391056,52602.4044740244
1,2,6e-11,2.93043859466,78477.00852016058
1,2,6e-11,0.46188986304,108903.56606335558
1,2,5e-11,0.49574606925,33967.99229491319
1,2,5e-11,3.75441675157,81706.28436968799
1,2,5e-11,5.53673433934,94138.32702008578
1,2,5e-11,5.89664568761,57837.1383323006
1,2,7e-11,5.58296785201,2.9689454166
1,2,5e-11,4.83027667513,74821.13447975718
1,2,7e-11,4.98545551601,71492.99882347698
1,2,7e-11,3.70894912583,78283.37918562238
1,2,5e-11,4.24493371796,416.3032501375
1,2,5e-11,1.29964111137,51322.60990139639
1,2,5e-11,2.49074669996,68050.42387851159
1,2,5e-11,3.82719391877,105460.99111839019
1,2,5e-11,2.97162380262,405.2575498736
1,2,5e-11,3.61271131032,628.8515860501
1,2,5e-11,5.24876798311,299.1263942692
1,2,5e-11,0.74450524979,1049.0869894507
1,2,5e-11,0.35178516619,78259.82808936459
1,2,5e-11,2.93410844815,344.7030453079
1,2,4e-11,1.3028235846,78256.59587772179
1,2,4e-11,4.27653048938,265.9892934775
1,2,6e-11,5.44757978079,103292.23063610759
1,2,4e-11,0.0246427184,241.7532834412
1,2,4e-11,0.0863527237,225.8292684102
1,2,6e-11,5.23548690619,200.7689224658
1,2,4e-11,5.16588074385,80.1982245387
1,2,5e-11,5.27636599134,51749.20809227239
1,2,4e-11,2.56938347762,81.7521332162
1,2,5e-11,0.22804238075,77734.01845962799
1,2,4e-11,6.06869194581,64607.84893354619
1,2,4e-11,4.12693153599,29416.03879785439
1,2,4e-11,1.53669349522,22759.76748529401
1,2,5e-11,1.44239228085,59414.4818747484
1,2,5e-11,5.48943391239,93028.94846799239
1,2,4e-11,4.01088906308,96.8729990951
1,2,4e-11,0.83479952169,181505.94343892598
1,2,4e-11,3.69264490004,79852.78232000639
1,2,4e-11,0.34140382701,76144.94556434419
1,2,5e-11,2.75224221162,146.3818033969
1,2,4e-11,5.28177641555,358.9301393095
1,2,4e-11,5.88554712812,67.6680515665
1,2,4e-11,2.88896913186,284.1485407422
1,2,4e-11,3.14472523304,1802.3719907218
1,2,5e-11,5.86843462535,340.7708920448
1,2,4e-11,0.75750831147,1148.2476104062
1,2,4e-11,4.00150046482,181.0557665236
1,2,4e-11,0.76148268878,77204.32749453338
1,2,4e-11,2.44238421546,490.3340891794
1,2,4e-11,5.73327501105,650.9429865779
1,2,4e-11,5.49142516376,155468.036919256
1,2,4e-11,2.40110600466,32370.9789915656
1,2,4e-11,0.77482738791,54509.0026760204
1,2,3e-11,4.84446847204,9.5612275556
1,2,4e-11,0.61986604146,444.7574381407
1,2,3e-11,3.42320644167,162188.75089859738
1,2,3e-11,3.20404843433,424.1505103212
1,2,3e-11,3.74930692682,561.934294009
1,2,5e-11,5.60476147871,44181.27784112419
1,2,5e-11,0.45142513016,62.2514255951
1,2,3e-11,1.84477177776,81.8951455681
1,2,4e-11,0.72336948817,78270.82297172339
1,2,3e-11,1.52504306431,501.2367770914
1,2,3e-11,5.55946330424,107.0249274817
1,2,4e-11,0.8284147516,1788.1448967202
1,2,4e-11,4.12628804953,7880.08915333899
1,2,3e-11,6.02151068856,350.3321196004
1,2,4e-11,3.98922640345,80482.46652890938
1,2,4e-11,2.43169796555,191.2076949102
1,2,4e-11,5.74841518024,39743.7636327506
1,2,4e-11,5.69417470352,13521.7514415914
1,2,3e-11,1.9292919146,2.4476805548
1,2,4e-11,3.26891108104,99.9113804809
1,2,3e-11,1.56317795942,104331.94280539699
1,2,3e-11,0.87507671453,245.5424243524
1,2,3e-11,4.88795554029,125887.56221081219
1,2,3e-11,3.50991384903,33.6796175129
1,2,3e-11,0.41265687641,14.977853527
1,2,3e-11,2.54235804923,703.6331846174
1,2,3e-11,3.38935474258,77623.81213840858
1,2,3e-11,3.77971209044,25448.00585526019
1,2,4e-11,4.09930467385,27311.72098235281
1,2,4e-11,1.56432035736,24864.08530079559
1,2,3e-11,2.27664811174,120226.23016165999
1,2,3e-11,1.92640543576,99799.65906923798
1,2,3e-11,5.32912761349,58458.88213313979
1,2,3e-11,5.99165196975,73711.75592766379
1,2,3e-11,4.3184314583,102132.85546210999
1,2,3e-11,5.70821751092,152.7445908723
1,2,3e-11,3.24943700009,129483.91596626239
1,2,3e-11,1.49035567017,150866.08680029298
1,2,3e-11,4.1966045785,636.7158925763
1,2,3e-11,0.30901128223,2104.5367663768
1,2,3e-11,5.13470741781,90829.86112470538
1,2,3e-11,5.78301640092,295.0512286542
1,2,3e-11,2.71986865181,19804.8272915828
1,2,3e-11,1.95356715655,611.4430983108
1,2,3e-11,3.85793781437,351.8165923087
1,2,3e-11,2.81668831922,103821.92160120218
1,2,3e-11,3.04748693631,1069.6768709277
1,2,3e-11,5.20351790812,130969.20667296558
1,2,3e-11,2.45534643692,2015.6710861598
1,2,2e-11,1.11040820961,2008.557539159
1,2,2e-11,1.60034178501,3328.13565628019
1,2,3e-11,2.08626177083,235.3904959658
1,2,3e-11,3.31128356539,1080.7225711916
1,2,2e-11,4.89027491282,661.2379273164
1,2,3e-11,1.19742120401,26941.0995233262
1,2,2e-11,0.08750953819,629.6023455755
1,2,3e-11,3.76716252474,1592.2542890215
1,2,2e-11,1.36199631852,1251.3403846248
1,2,2e-11,4.46447256795,99.1606209555
1,2,3e-11,1.61169744064,1898.3512179396
1,2,3e-11,6.22248876679,71025.0338331226
1,2,2e-11,6.05228562355,114564.89811250778
1,2,2e-11,4.04823185356,565.1156877467
1,2,2e-11,3.8985657434,78378.1487134078
1,2,2e-11,0.39766202841,5849.3641121146
1,2,3e-11,4.92249999513,104355.49390165479
1,2,2e-11,1.0086753927,79.2350166922
1,2,2e-11,2.7554476201,5863.5912061162
1,2,2e-11,3.28730608507,365230.6439820388
1,2,3e-11,5.24274548309,52815.7035694624
1,2,2e-11,2.84424981131,77197.21394753258
1,2,2e-11,5.92578945602,404.5067903482
1,2,2e-11,3.05496732731,78690.30761559859
1,2,2e-11,1.82124178733,9779.5738083342
1,2,2e-11,4.88213175725,319.5732633943
1,2,2e-11,0.47881810383,104371.28232719658
1,2,2e-11,4.17903188614,9793.8009023358
1,2,2e-11,5.3263591232,2655.5683724738
1,2,2e-11,4.04031673296,42.5864537627
1,2,2e-11,0.80305623259,824.7421937488
1,2,2e-11,2.67706562881,121.2520214833
1,2,2e-11,1.00755310729,23969.1392811958
1,2,2e-11,0.52578577848,70.3281804424
1,2,2e-11,4.92704633158,1905.4647649404
1,2,2e-11,2.35946048456,77211.44104153418
1,2,2e-11,3.8237647829,208.633228992
1,2,2e-11,0.40927512393,10021.8372800994
1,2,2e-11,3.50337598721,313.2104759189
1,2,2e-11,4.20516065977,217.964961884
1,2,2e-11,4.2974993645,104344.49901929598
1,2,2e-11,2.20171652063,429.0458714308
1,2,2e-11,4.04146812069,757.2171545342
1,2,2e-11,4.57276707328,152.5321425512
1,2,2e-11,0.0927185475,41962.5207369374
1,2,2e-11,3.70310718037,78050.41032928458
1,2,2e-11,3.18110797568,25450.90686955
1,2,2e-11,2.48251705553,26724.8994135984
1,2,2e-11,3.68407924766,497.4476361802
1,2,2e-11,1.75589608164,97580.90196505119
1,2,2e-11,6.11482656755,61279.713277266
1,2,2e-11,2.56963368887,131498.89763806018
1,2,2e-11,3.40296904568,18093.37469954999
1,2,2e-11,3.12072684129,970.5162499722
1,2,2e-11,5.6403914696,31.019488637
1,2,2e-11,1.4334092672,78149.27013603736
1,2,2e-11,2.6644917586,621.7380390493
1,2,2e-11,0.50955931589,107794.1875112622
1,3,4.4244e-07,3.14159265359,0.0
1,3,2.2035e-07,6.11822426048,206.1855484372
1,3,2.1482e-07,5.03368299703,220.4126424388
1,3,1.7461e-07,5.90570575226,78263.70942472259
1,3,1.6291e-07,2.71940457791,522.5774180938
1,3,1.5934e-07,1.63320186413,536.8045120954
1,3,1.4855e-07,2.98081270061,52175.8062831484
1,3,1.0499e-07,2.65555597352,104351.61256629678
1,3,6.474e-08,3.10442611992,26087.9031415742
1,3,4.906e-08,5.70235297811,130439.51570787099
1,3,3.063e-08,3.8020122552,426.598190876
1,3,2.563e-08,4.04702837579,433.7117378768
1,3,2.101e-08,4.9278699675,227.5261894396
1,3,2.012e-08,2.46917870918,156527.41884944518
1,3,1.706e-08,0.42316599671,1059.3819301892
1,3,1.375e-08,2.83821817426,515.463871093
1,3,1.266e-08,5.3750910608,419.4846438752
1,3,1.038e-08,2.26994057258,1066.49547719
1,3,1e-08,6.26567671131,199.0720014364
1,3,9.64e-09,1.50782014667,543.9180590962
1,3,1.275e-08,0.02482955002,7.1135470008
1,3,8.45e-09,2.83708264275,639.897286314
1,3,6.78e-09,2.36507413871,1052.2683831884
1,3,7.62e-09,5.52012723644,182615.3219910194
1,3,3.44e-09,1.24961127281,213.299095438
1,3,3.82e-09,6.20559320688,14.2270940016
1,3,2.91e-09,3.14472957178,647.0108333148
1,3,2.49e-09,1.14107482666,1589.0728952838
1,3,2.14e-09,4.03956747124,440.8252848776
1,3,2.74e-09,2.28815108376,208703.2251325936
1,3,2.3e-09,4.42377888159,216.4804891757
1,3,2.19e-09,0.47150010549,210.1177017003
1,3,1.29e-09,1.79919042809,1045.1548361876
1,3,1.23e-09,2.08253199617,853.196381752
1,3,9.2e-10,4.79503944157,234.6397364404
1,3,8.6e-10,6.10758245301,103.0927742186
1,3,9.5e-10,5.33930475465,234791.12827416777
1,3,9.1e-10,5.48002372488,117.3198682202
1,3,9.3e-10,5.08172811528,529.6909650946
1,3,7.5e-10,2.87101566525,1596.1864422846
1,3,6.9e-10,4.27897139677,95.9792272178
1,3,7.3e-10,6.0290546595,632.7837393132
1,3,7.7e-10,5.0314221715,412.3710968744
1,3,6.4e-10,3.9499332579,316.3918696566
1,3,5.6e-10,2.99558443348,508.3503240922
1,3,5.5e-10,3.29709092103,323.5054166574
1,3,4.8e-10,1.97191764285,1073.6090241908
1,3,5.6e-10,1.48325794833,735.8765135318
1,3,4.2e-10,1.41375480258,625.6701923124
1,3,3.9e-10,0.30611138474,942.062061969
1,3,3.6e-10,4.59308117276,209.3669421749
1,3,3.2e-10,2.10881559249,260879.03141574195
1,3,3.1e-10,2.46171091539,1581.959348283
1,3,3.1e-10,1.3207237303,551.031606097
1,3,3.2e-10,0.26519734656,217.2312487011
1,3,3.3e-10,2.32289510783,860.3099287528
1,3,2.8e-10,3.48885797103,330.6189636582
1,3,2.7e-10,3.92096513265,149.5631971346
1,3,2.9e-10,6.05526972992,70.8494453042
1,3,2.7e-10,1.63715408955,2118.7638603784
1,3,2.8e-10,1.74838965252,78.7137518304
1,3,2.9e-10,0.48147029137,949.1756089698
1,3,2.5e-10,4.58797131637,124.433415221
1,3,3.3e-10,4.30649710462,223.5940361765
1,3,3.2e-10,1.93089098387,110.2063212194
1,3,2.7e-10,6.0224395444,21.3406410024
1,3,2.5e-10,1.161079001,1169.5882514086
1,3,2.4e-10,1.53395713354,63.7358983034
1,3,2.8e-10,1.56238914694,728.762966531
1,3,2.4e-10,3.16134826622,654.1243803156
1,3,2.3e-10,0.20728622886,191.9584544356
1,3,2.2e-10,2.15937343363,1155.361157407
1,3,2.2e-10,2.85958066164,51066.427731055
1,3,1.9e-10,0.03186061495,85.8272988312
1,3,1.9e-10,0.95260076413,73.297125859
1,3,2.2e-10,5.27304712373,956.2891559706
1,3,2.4e-10,5.89117970906,309.2783226558
1,3,2.5e-10,3.51115533622,429.7795846137
1,3,2.4e-10,3.5302702369,519.3960243561
1,3,2e-10,1.86650914141,71.6002048296
1,3,1.7e-10,4.13765972175,88.865680217
1,3,1.9e-10,5.95485140431,77.962992305
1,3,1.6e-10,0.00550329231,202.2533951741
1,3,2e-10,0.77024887951,539.9859058331
1,3,1.5e-10,5.02720184968,224.3447957019
1,3,1.3e-10,0.64071359315,76.2660712756
1,3,1.6e-10,0.70623098744,203.0041546995
1,3,1.3e-10,5.91413101289,77154.33087262919
1,3,1.2e-10,0.84507236712,302.164775655
1,3,1.1e-10,5.8393310301,53285.1848352418
1,3,1e-10,5.1575461371,286966.9345573162
1,3,1e-10,5.28489326618,11.0457002639
1,3,1e-10,3.98008913039,36.6485629295
1,3,1.2e-10,3.35651610375,422.6660376129
1,3,9e-11,3.50226842635,39.6175083461
1,3,9e-11,1.66650203128,1038.0412891868
1,3,9e-11,3.97946790815,447.9388318784
1,3,9e-11,3.09433206743,618.5566453116
1,3,8e-11,2.36406802666,838.9692877504
1,3,8e-11,0.38739265309,423.4167971383
1,3,9e-11,1.90795498674,1574.8458012822
1,3,7e-11,2.999832737,1258.4539316256
1,3,7e-11,2.49966387854,831.8557407496
1,3,8e-11,3.95391486424,74.7815985673
1,3,6e-11,2.58853517839,138.5174968707
1,3,7e-11,0.08989351607,742.9900605326
1,3,6e-11,3.39896707822,2125.8774073792
1,3,5e-11,2.18119549382,145.6310438715
1,3,7e-11,0.58812910406,38.1330356378
1,3,5e-11,2.24425105188,195.1398481733
1,3,6e-11,2.68531623603,103242.2340142034
1,3,4e-11,2.85162994822,1265.5674786264
1,3,4e-11,3.42359216874,337.732510659
1,3,4e-11,2.02888732685,18.1592472647
1,3,4e-11,2.63984308882,79373.087976816
1,3,5e-11,6.19237785082,3.9321532631
1,3,4e-11,0.27398248033,1485.9801210652
1,3,4e-11,4.28076500111,437.6438911399
1,3,3e-11,1.92882196964,313054.83769889036
1,3,3e-11,1.84730058943,1699.2792165032
1,3,4e-11,3.46019246895,3.1813937377
1,3,3e-11,0.37181135547,934.9485149682
1,3,3e-11,4.11129727244,131.5469622218
1,3,3e-11,0.39047321949,1162.4747044078
1,3,3e-11,3.46901444868,436.8931316145
1,3,3e-11,2.41437573614,1062.5633239269
1,3,2e-11,3.2427498194,611.4430983108
1,3,3e-11,1.10053303206,1471.7530270636
1,3,3e-11,1.79512864801,1272.6810256272
1,3,2e-11,5.52311410472,131.4039498699
1,3,2e-11,2.48371068324,1603.2999892854
1,3,2e-11,2.33183931476,867.4234757536
1,3,2e-11,2.19577030344,2648.454825473
1,3,3e-11,3.98168020133,56.6223513026
1,3,2e-11,5.45688610067,846.0828347512
1,3,2e-11,2.65700192125,643.0786800517
1,3,2e-11,1.84112643531,721.6494195302
1,3,2e-11,5.74038187507,129330.13715577759
1,3,2e-11,0.30227695595,46514.4742339962
1,3,2e-11,2.08476192747,750.1036075334
1,3,2e-11,2.42918053212,635.9651330509
1,3,2e-11,5.79217247184,231.4583427027
1,3,2e-11,4.0216783551,269.9214467406
1,3,2e-11,5.21252267104,408.4389436113
1,3,2e-11,2.50697839724,963.4027029714
1,3,2e-11,4.04816193043,1368.660252845
1,3,2e-11,3.20483541487,1685.0521225016
1,3,2e-11,6.08001443327,22.0914005278
1,3,2e-11,2.5752224124,1055.4497769261
1,3,2e-11,4.65923813596,241.7532834412
1,3,2e-11,3.01020812339,151.0476698429
1,3,1e-11,3.30055357539,72602.37737557039
1,3,2e-11,2.30328844097,415.5524906121
1,3,2e-11,3.33031033737,526.5095713569
1,3,2e-11,4.15196796459,532.8723588323
1,3,1e-11,0.85517205788,277.0349937414
1,3,2e-11,1.70893188663,430.5303441391
1,3,2e-11,4.15254535573,92.940845832
1,3,2e-11,3.92611152496,1361.5467058442
1,3,1e-11,2.09298651615,416.3032501375
1,3,2e-11,0.38432620826,1279.794572628
1,3,1e-11,0.4410952838,1478.8665740644
1,3,1e-11,2.98533044655,1109.3785520934
1,3,2e-11,2.44054024033,2111.6503133776
1,3,2e-11,1.02806088947,1056.2005364515
1,3,1e-11,4.3384329051,81.7521332162
1,3,1e-11,5.48949174205,51220.20654153979
1,3,1e-11,2.56904089278,160.6088973985
1,3,1e-11,3.19745338253,483.2205421786
1,3,1e-11,5.07229232557,35.1640902212
1,3,1e-11,0.0125371502,1692.1656695024
1,3,1e-11,4.69846613681,405.2575498736
1,3,1e-11,3.3445766749,184.8449074348
1,3,1e-11,1.28958525047,2420.9286360334
1,3,1e-11,0.50080361601,2097.423219376
1,3,1e-11,2.40988764568,41.1019810544
1,3,1e-11,3.12659159503,661.2379273164
1,3,1e-11,4.28786284652,153.4953503977
1,3,1e-11,4.41669314602,53235.18821333759
1,3,1e-11,1.27230121095,1069.6768709277
1,3,1e-11,0.83896009084,1141.1340634054
1,3,1e-11,4.6291039132,1677.9385755008
1,3,1e-11,1.33615111395,295.0512286542
1,3,1e-11,5.19392652959,2008.557539159
1,3,1e-11,0.98973080298,52705.49724824299
1,3,1e-11,1.70895997922,2524.021410252
1,3,1e-11,2.85145645242,1148.2476104062
1,4,2.272e-08,1.5636483818,206.1855484372
1,4,2.236e-08,3.28143366276,220.4126424388
1,4,1.682e-08,4.46996330708,522.5774180938
1,4,1.638e-08,6.17513895178,536.8045120954
1,4,4.3e-09,3.20713267334,227.5261894396
1,4,4.86e-09,3.14159265359,0.0
1,4,3.48e-09,2.26681787351,433.7117378768
1,4,2.91e-09,4.56956279775,515.463871093
1,4,2.77e-09,4.46911521792,78263.70942472259
1,4,2.33e-09,1.15859255567,104351.61256629678
1,4,2.06e-09,6.05364860885,543.9180590962
1,4,2.02e-09,1.69320982304,199.0720014364
1,4,1.75e-09,1.6969773154,52175.8062831484
1,4,1.42e-09,4.18294832661,130439.51570787099
1,4,1.23e-09,0.67135155073,1066.49547719
1,4,9.9e-10,0.99265774704,419.4846438752
1,4,1.13e-09,1.85695441801,426.598190876
1,4,8e-10,4.55016686641,7.1135470008
1,4,7.2e-10,0.93996426089,156527.41884944518
1,4,6.2e-10,4.48609878362,14.2270940016
1,4,5.3e-10,4.951039756,1059.3819301892
1,4,6.6e-10,4.20375595982,1052.2683831884
1,4,5e-10,2.28699829686,440.8252848776
1,4,6e-10,0.97558287548,639.897286314
1,4,4.9e-10,1.31593641965,647.0108333148
1,4,3.4e-10,2.12555294236,26087.9031415742
1,4,3.1e-10,6.26226050601,213.299095438
1,4,3.2e-10,3.98624643079,182615.3219910194
1,4,2.4e-10,3.05754167589,234.6397364404
1,4,2.3e-10,3.61004405073,1045.1548361876
1,4,1.4e-10,4.76472781912,508.3503240922
1,4,1.3e-10,6.04976474685,1589.0728952838
1,4,1.4e-10,0.7501277583,208703.2251325936
1,4,1.1e-10,0.54626079593,412.3710968744
1,4,1.2e-10,0.15818608564,853.196381752
1,4,1e-10,0.31907502124,1073.6090241908
1,4,1e-10,1.35560891851,1596.1864422846
1,4,9e-11,4.24672231397,21.3406410024
1,4,1.1e-10,3.71353247018,117.3198682202
1,4,8e-11,1.50012562224,103.0927742186
1,4,7e-11,6.08752157484,95.9792272178
1,4,7e-11,6.27374846424,529.6909650946
1,4,7e-11,5.71854398962,551.031606097
1,4,6e-11,1.40413206867,654.1243803156
1,4,5e-11,2.81686507397,124.433415221
1,4,5e-11,3.79721330106,234791.12827416777
1,4,5e-11,3.21271191075,625.6701923124
1,4,6e-11,0.43509868093,860.3099287528
1,4,4e-11,1.552134841,632.7837393132
1,4,5e-11,3.17881881452,728.762966531
1,4,4e-11,1.76651819729,330.6189636582
1,4,5e-11,2.10225977593,942.062061969
1,4,4e-11,5.76705671645,88.865680217
1,4,4e-11,3.27648798915,735.8765135318
1,4,3e-11,4.78415680549,618.5566453116
1,4,3e-11,0.90449193126,110.2063212194
1,4,3e-11,2.1739521456,447.9388318784
1,4,3e-11,4.27605231904,1581.959348283
1,4,3e-11,1.69135933489,323.5054166574
1,4,2e-11,5.71553727369,1169.5882514086
1,4,3e-11,2.34507379864,191.9584544356
1,4,2e-11,3.94362184472,1155.361157407
1,4,2e-11,1.55420041399,429.7795846137
1,4,3e-11,2.59535343316,302.164775655
1,4,2e-11,5.59314231958,316.3918696566
1,4,2e-11,3.65310721758,831.8557407496
1,4,2e-11,0.56145150603,260879.03141574195
1,4,2e-11,1.87311938884,309.2783226558
1,4,2e-11,0.19771789728,2118.7638603784
1,4,1e-11,3.56862151179,63.7358983034
1,4,2e-11,5.35217786853,203.0041546995
1,4,2e-11,2.67875662282,223.5940361765
1,4,1e-11,2.20334472347,149.5631971346
1,4,1e-11,3.76725001228,742.9900605326
1,4,1e-11,4.25784375307,85.8272988312
1,4,1e-11,3.65033183467,1574.8458012822
1,4,1e-11,3.66978405,956.2891559706
1,4,1e-11,4.05229848373,423.4167971383
1,4,1e-11,5.47495901718,210.1177017003
1,4,1e-11,1.24151950182,337.732510659
1,4,1e-11,3.54926161114,405.2575498736
1,4,1e-11,2.60896952082,216.4804891757
1,4,1e-11,2.42395684459,949.1756089698
1,4,1e-11,3.8210173344,1038.0412891868
1,4,1e-11,1.64419675533,422.6660376129
1,4,1e-11,0.48555445682,18.1592472647
1,4,1e-11,4.82540662391,1258.4539316256
1,4,1e-11,3.61220093194,286966.9345573162
1,4,1e-11,2.2176905464,131.5469622218
1,4,1e-11,4.37722467188,838.9692877504
1,4,1e-11,5.43667975947,1485.9801210652
1,4,1e-11,5.09123218327,184.8449074348
1,4,1e-11,2.93998663691,241.7532834412
1,4,0.0,1.39622585652,611.4430983108
1,4,0.0,3.7572561482,1471.7530270636
1,5,1.68e-09,3.28069809842,206.1855484372
1,5,1.67e-09,1.52399958265,220.4126424388
1,5,1.26e-09,0.07122523863,522.5774180938
1,5,1.21e-09,4.30466267493,536.8045120954
1,5,6.4e-10,1.46493444949,227.5261894396
1,5,4.7e-10,0.05687052745,515.463871093
1,5,3.7e-10,0.48304760543,433.7117378768
1,5,3.2e-10,4.26961178617,543.9180590962
1,5,2.8e-10,3.41370273509,199.0720014364
1,5,1.1e-10,2.75798781903,14.2270940016
1,5,1.1e-10,5.3349988396,1066.49547719
1,5,1e-10,0.51443337467,440.8252848776
1,5,1e-10,0.0,0.0
1,5,7e-11,5.80467663011,647.0108333148
1,5,4e-11,5.91649200666,104351.61256629678
1,5,4e-11,2.83757947,78263.70942472259
1,5,4e-11,0.20088280204,1052.2683831884
1,5,4e-11,3.59221465704,419.4846438752
1,5,3e-11,2.66817005051,130439.51570787099
1,5,3e-11,5.43212710597,639.897286314
1,5,3e-11,1.37528056638,234.6397364404
1,5,3e-11,5.15477008535,52175.8062831484
1,5,2e-11,0.38337547624,191.9584544356
1,5,2e-11,5.49829989028,426.598190876
1,5,2e-11,5.69794729891,156527.41884944518
1,5,2e-11,4.89397151114,1073.6090241908
1,5,2e-11,6.21263006019,1045.1548361876
1,5,2e-11,6.203477599,26087.9031415742
1,5,1e-11,1.31653362066,88.865680217
1,5,1e-11,5.40855784676,405.2575498736
1,5,1e-11,5.9067081684,654.1243803156
1,5,1e-11,3.71891583567,302.164775655
1,5,1e-11,4.55685868846,853.196381752
1,5,1e-11,3.69401301909,213.299095438
1,5,1e-11,5.15663977426,7.1135470008
1,5,1e-11,2.45874789246,182615.3219910194
1,5,1e-11,0.75807081859,124.433415221
1,5,1e-11,0.11340000355,508.3503240922
1,5,1e-11,1.08569299123,551.031606097
1,5,1e-11,2.74702261476,110.2063212194
1,5,1e-11,4.89128041335,860.3099287528
1,5,1e-11,0.44519622714,447.9388318784
1,5,1e-11,5.48978296351,208703.2251325936
2,0,0.37953636588,2.83780617821,26087.9031415742
2,0,0.11592262295,3.14159265359,0.0
2,0,0.03854667576,5.88780608961,52175.8062831484
2,0,0.00587711171,2.65498896201,78263.70942472259
2,0,0.00495452148,2.17050902176,529.6909650946
2,0,0.00272177927,2.44442843667,213.299095438
2,0,0.00155444251,0.59927014783,38.1330356378
2,0,0.00106235475,5.70550616735,104351.61256629678
2,0,0.00083755636,0.76879995697,74.7815985673
2,0,0.00021100825,2.47291315849,130439.51570787099
2,0,0.00012216279,2.48707059837,1059.3819301892
2,0,7.634888e-05,1.67192689093,426.598190876
2,0,4.450056e-05,5.52354907071,156527.41884944518
2,0,1.963685e-05,5.7077185041,206.1855484372
2,0,1.891507e-05,2.32099579498,220.4126424388
2,0,1.939835e-05,3.22826367093,149.5631971346
2,0,1.436593e-05,2.30163308407,522.5774180938
2,0,1.405828e-05,5.18871358903,536.8045120954
2,0,1.186503e-05,5.48857209638,76.2660712756
2,0,9.78286e-06,2.29102643026,182615.3219910194
2,0,7.075e-06,2.89516591531,24978.5245894808
2,0,6.54742e-06,5.92892123881,27197.2816936676
2,0,8.13077e-06,1.68393442622,36.6485629295
2,0,7.67125e-06,2.65620459324,39.6175083461
2,0,6.28788e-06,4.99295631526,73.297125859
2,0,4.6764e-06,2.78708397181,1589.0728952838
2,0,3.81047e-06,3.57284787143,7.1135470008
2,0,4.02513e-06,0.30196132091,20426.571092422
2,0,3.18042e-06,4.5368124431,419.4846438752
2,0,3.15277e-06,0.92804620983,639.897286314
2,0,2.90604e-06,2.23645868392,31749.2351907264
2,0,2.87244e-06,3.36373633182,110.2063212194
2,0,2.6976e-06,0.29166414619,103.0927742186
2,0,2.77272e-06,3.32517791429,6283.0758499914
2,0,1.91358e-06,2.70792842547,53285.1848352418
2,0,2.13464e-06,4.22105742898,316.3918696566
2,0,1.81119e-06,0.23941291054,1109.3785520934
2,0,1.93372e-06,5.38698781997,4551.9534970588
2,0,2.21718e-06,5.3417067657,208703.2251325936
2,0,1.39514e-06,5.94698662319,51066.427731055
2,0,1.54924e-06,1.12201865761,51116.4243529592
2,0,1.77242e-06,2.78855813429,5661.3320491522
2,0,1.38577e-06,0.43043981485,1.4844727083
2,0,1.12452e-06,0.85362654725,632.7837393132
2,0,1.06237e-06,1.55383673431,433.7117378768
2,0,1.00485e-06,1.46186272396,1052.2683831884
2,0,1.16072e-06,5.28608170116,57837.1383323006
2,0,1.08972e-06,1.58469834239,1162.4747044078
2,0,8.1399e-07,3.50862797958,21535.9496445154
2,0,7.5457e-07,4.50396814445,27147.28507176339
2,0,7.5078e-07,3.36291170975,46514.4742339962
2,0,6.9045e-07,4.92160428335,25132.3033999656
2,0,9.3793e-07,4.75128985772,10213.285546211
2,0,7.0803e-07,5.50276852163,1066.49547719
2,0,6.346e-07,3.91239075334,27043.5028831828
2,0,5.816e-07,4.1367760221,14765.2390432698
2,0,5.6606e-07,6.03126433457,949.1756089698
2,0,6.1405e-07,3.43747372432,47623.8527860896
2,0,5.405e-07,0.72631991357,26617.5941066688
2,0,6.6031e-07,4.98872440932,846.0828347512
2,0,5.7397e-07,3.72326644008,12566.1516999828
2,0,6.3116e-07,4.22263926021,148.0787244263
2,0,5.2556e-07,1.98636705426,25558.2121764796
2,0,6.3023e-07,5.44866846513,224.3447957019
2,0,4.7932e-07,5.76195364026,79373.087976816
2,0,5.1435e-07,2.1092138113,234791.12827416777
2,0,4.9166e-07,4.17094551348,77204.32749453338
2,0,3.5132e-07,4.11987679873,51646.11531805379
2,0,4.8182e-07,1.49346784398,3340.6124266998
2,0,3.5814e-07,4.73966512079,37410.5672398786
2,0,3.2754e-07,4.57352694115,955.5997416086
2,0,4.5435e-07,0.91835136158,41962.5207369374
2,0,2.8903e-07,5.43932193184,30639.856638633
2,0,3.4784e-07,3.0311366542,35.1640902212
2,0,3.1572e-07,2.71470274369,77154.33087262919
2,0,3.0355e-07,2.65183017667,11.0457002639
2,0,3.2251e-07,2.0535722578,83925.0414738748
2,0,2.8206e-07,5.07338603494,39609.6545831656
2,0,2.8729e-07,2.144489842,151.0476698429
2,0,2.8582e-07,1.27599593473,41.1019810544
2,0,2.6848e-07,5.25320670297,11322.6640983044
2,0,2.7077e-07,4.69298133865,36301.18868778519
2,0,2.2896e-07,0.71333836963,53131.406024757
2,0,2.7688e-07,5.44433605847,63.7358983034
2,0,2.1994e-07,3.09794017788,2118.7638603784
2,0,2.3815e-07,2.19051967809,227.5261894396
2,0,2.3457e-07,0.09576335036,71.8126531507
2,0,2.3256e-07,5.18050538435,85.8272988312
2,0,2.1009e-07,4.08684580221,15874.6175953632
2,0,2.2104e-07,2.36649230999,2.9689454166
2,0,1.6503e-07,0.13257325259,72602.37737557039
2,0,2.1977e-07,4.82554793096,77.7505439839
2,0,2.0052e-07,2.45637769313,209.3669421749
2,0,1.6125e-07,1.6566777192,9103.9069941176
2,0,1.9691e-07,5.58713076986,217.2312487011
2,0,1.5661e-07,3.70210331615,742.9900605326
2,0,2.1011e-07,5.6511909288,13521.7514415914
2,0,2.1301e-07,0.20534560769,73711.75592766379
2,0,1.516e-07,1.2500248852,18849.2275499742
2,0,1.8552e-07,4.31061638297,202.2533951741
2,0,1.8271e-07,1.49936112467,323.5054166574
2,0,1.7492e-07,1.45131471586,138.5174968707
2,0,1.7483e-07,0.56186392439,51749.20809227239
2,0,1.5554e-07,1.06822434115,735.8765135318
2,0,1.7112e-07,0.55137156527,50586.73338786459
2,0,1.5544e-07,2.44244057835,515.463871093
2,0,1.3891e-07,1.29665748792,53235.18821333759
2,0,1.5079e-07,1.97879118551,7238.6755916
2,0,1.3631e-07,3.65214684654,52705.49724824299
2,0,1.697e-07,0.26334436508,853.196381752
2,0,1.4545e-07,1.48385300876,63498.47038145279
2,0,1.2963e-07,4.18911929952,25028.521211385
2,0,1.3152e-07,0.21408490669,26068.2333806744
2,0,1.3131e-07,2.3199419347,26107.57290247399
2,0,1.3657e-07,1.69271280727,51220.20654153979
2,0,1.3598e-07,0.93759628331,103292.23063610759
2,0,1.1751e-07,1.43132876728,33326.5787331742
2,0,1.2154e-07,5.15990276384,260879.03141574195
2,0,1.1477e-07,0.41407124478,19317.1925403286
2,0,1.1595e-07,5.83451477433,199.0720014364
2,0,1.0236e-07,0.82838354702,77734.01845962799
2,0,1.2081e-07,3.96948779355,68050.42387851159
2,0,1.2108e-07,2.5318221998,105460.99111839019
2,0,1.0833e-07,5.05444668554,543.9180590962
2,0,1.1585e-07,5.32336141881,525.7588118315
2,0,9.243e-08,0.91470178389,40853.142184844
2,0,1.1435e-07,2.15573411853,533.6231183577
2,0,9.577e-08,0.5430098049,38654.05484155699
2,0,1.2617e-07,2.32903972631,45892.73043315699
2,0,9.024e-08,3.62265462866,26091.7844769322
2,0,9.026e-08,5.1945641359,26084.0218062162
2,0,1.2253e-07,1.84260347906,65697.55772473979
2,0,8.921e-08,2.21279123795,32858.61374281979
2,0,8.903e-08,5.05278309499,26514.5013324502
2,0,8.904e-08,5.46086574052,3442.5749449654
2,0,8.277e-08,0.97930362795,43071.8992890308
2,0,8.532e-08,5.10423076286,110012.94461544899
2,0,8.865e-08,3.3008547517,32370.9789915656
2,0,7.7e-08,2.17157469442,56727.7597802072
2,0,8.571e-08,1.89585514935,1692.1656695024
2,0,8.182e-08,5.04279721089,27676.976036858
2,0,7.846e-08,0.83840815072,1478.8665740644
2,0,7.388e-08,2.71311941898,6770.7106012456
2,0,7.196e-08,1.94802350337,216.4804891757
2,0,7.036e-08,6.09743344991,210.1177017003
2,0,7.141e-08,0.89077348233,415.5524906121
2,0,6.896e-08,2.8260398737,117.3198682202
2,0,7.216e-08,2.47707773179,1265.5674786264
2,0,6.915e-08,1.2537819955,956.2891559706
2,0,6.447e-08,1.30219534399,16983.9961474566
2,0,7.552e-08,3.42776275753,14.2270940016
2,0,7.687e-08,1.67077544033,1581.959348283
2,0,7.443e-08,2.98224053647,23869.1460373874
2,0,6.952e-08,3.42284499782,22645.32819660879
2,0,6.731e-08,0.81031109878,647.0108333148
2,0,6.607e-08,5.48986631078,19804.8272915828
2,0,6.015e-08,1.47698341146,62389.09182935939
2,0,6.309e-08,4.4433403162,59414.4818747484
2,0,5.925e-08,3.7745432594,79219.3091663312
2,0,7.571e-08,5.76555894291,103242.2340142034
2,0,7.037e-08,0.48479200587,95.9792272178
2,0,6.33e-08,3.87859376833,70.8494453042
2,0,6.092e-08,3.25705731504,99799.65906923798
2,0,6.562e-08,5.86248316518,28306.66024576099
2,0,5.078e-08,2.67641304277,526.5095713569
2,0,4.977e-08,4.80328860665,532.8723588323
2,0,5.879e-08,0.79782511263,78.7137518304
2,0,5.895e-08,3.66873787385,25874.6040461362
2,0,6.103e-08,4.10884733063,111.4301614968
2,0,5.168e-08,5.05804995902,26301.2022370122
2,0,4.714e-08,2.54429045075,26095.016688575
2,0,4.577e-08,0.02129879069,26080.78959457339
2,0,5.517e-08,3.6062086632,76674.63652943878
2,0,4.463e-08,5.2813599764,1375.7737998458
2,0,4.024e-08,5.79905368181,1596.1864422846
2,0,3.908e-08,3.18519537351,98690.28051714458
2,0,4.74e-08,3.2126828532,114.3991069134
2,0,5.385e-08,3.61083679851,77837.11123384659
2,0,4.423e-08,6.24070525621,277.0349937414
2,0,5.181e-08,0.28847978237,222.8603229936
2,0,4.577e-08,5.47618219772,146.594251718
2,0,3.644e-08,3.9878371423,129380.13377768178
2,0,3.338e-08,0.38724993766,78793.40038981718
2,0,3.316e-08,5.12183457548,58946.51688439399
2,0,3.962e-08,5.48363213369,29530.4780865396
2,0,3.629e-08,4.89385319464,91785.46086631398
2,0,3.068e-08,4.35775545042,79323.09135491178
2,0,3.499e-08,5.38046448626,71980.63357473118
2,0,3.105e-08,0.73732898186,94138.32702008578
2,0,2.915e-08,1.92745964306,286966.9345573162
2,0,3.797e-08,4.52469688488,89586.37352302698
2,0,2.828e-08,5.36762181193,309.2783226558
2,0,3.761e-08,5.75801604585,490.3340891794
2,0,2.737e-08,4.31987616717,44937.1306915484
2,0,2.736e-08,3.85841365012,103821.92160120218
2,0,2.692e-08,3.89664472121,69159.80243060499
2,0,2.67e-08,3.26411796271,52156.1365222486
2,0,3.234e-08,0.15700821776,2218.7571041868
2,0,2.946e-08,3.91413787998,25661.3049506982
2,0,3.275e-08,1.14799205324,25934.1243310894
2,0,2.82e-08,1.87227903869,299.1263942692
2,0,3.246e-08,1.38661008976,26241.681952059
2,0,2.559e-08,3.49987927726,48733.23133818299
2,0,3.425e-08,0.95244785238,351.8165923087
2,0,3.095e-08,4.74440359796,77308.10968311399
2,0,3.103e-08,5.58481290362,131548.89425996438
2,0,2.69e-08,5.37064066297,52195.47604404819
2,0,2.922e-08,5.30505468617,109.9456887885
2,0,2.237e-08,1.87187835709,136100.84775702318
2,0,2.471e-08,1.29713026645,625.6701923124
2,0,2.366e-08,1.14290912045,6681.2248533996
2,0,2.279e-08,5.79973413763,3.9321532631
2,0,1.979e-08,3.60257646907,64741.95798313119
2,0,1.955e-08,0.11915602691,58458.88213313979
2,0,2.559e-08,4.75005290985,1169.5882514086
2,0,1.882e-08,5.21113955797,82815.66292178139
2,0,1.838e-08,0.38908718331,52179.6876185064
2,0,1.842e-08,3.96594806805,66941.04532641819
2,0,2.307e-08,1.22800330052,1045.1548361876
2,0,1.788e-08,0.37792450541,25619.9381512198
2,0,1.833e-08,1.9613635363,52171.9249477904
2,0,2.202e-08,2.59644390666,54394.56338733519
2,0,1.723e-08,2.15586269154,26555.8681319286
2,0,2.138e-08,1.35105904779,51535.90899683439
2,0,1.978e-08,3.47172854103,45405.0956819028
2,0,1.647e-08,1.83531703242,52602.4044740244
2,0,1.665e-08,2.25971262112,5327.4761083828
2,0,1.935e-08,4.21959122354,13655.8604911764
2,0,1.914e-08,1.75692625946,1155.361157407
2,0,1.66e-08,0.02502133169,125887.56221081219
2,0,1.82e-08,4.24734832675,33.6796175129
2,0,1.658e-08,1.44645943456,440.8252848776
2,0,1.521e-08,1.83104073509,53764.8791784322
2,0,1.874e-08,2.53319058791,129330.13715577759
2,0,1.844e-08,1.12596393242,4.4534181249
2,0,1.692e-08,2.75833415261,52168.69273614759
2,0,1.454e-08,4.53754269661,88476.99497093359
2,0,1.439e-08,6.16071128287,942.062061969
2,0,1.487e-08,4.35858219478,412.3710968744
2,0,1.539e-08,0.55256735058,105307.21230790539
2,0,1.549e-08,0.39789620728,102762.53967101299
2,0,1.408e-08,2.83687387786,26094.53170047421
2,0,1.408e-08,5.98015898835,26081.27458267419
2,0,1.42e-08,6.03495956591,49957.0491789616
2,0,1.561e-08,1.18454524473,85502.38501632259
2,0,1.272e-08,2.51538497151,51962.5071877104
2,0,1.428e-08,4.17962469716,65.2203710117
2,0,1.469e-08,0.37777284264,103925.01437542078
2,0,1.264e-08,4.66222164975,35191.8101356918
2,0,1.413e-08,0.07531190902,42.5864537627
2,0,1.342e-08,4.75750445244,38519.945791972
2,0,1.441e-08,6.24581101364,50057.04242277
2,0,1.556e-08,1.87102996187,52389.1053785864
2,0,1.485e-08,6.11611294959,210.8514148832
2,0,1.421e-08,4.42238486903,225.8292684102
2,0,1.473e-08,1.91659379347,215.7467759928
2,0,1.16e-08,3.43681328419,2648.454825473
2,0,1.097e-08,1.26180167303,422.6660376129
2,0,1.072e-08,1.65797287689,1795.258443721
2,0,1.368e-08,3.5574035986,79.2350166922
2,0,1.106e-08,5.15222384273,12432.0426503978
2,0,1.019e-08,5.67612773072,145.6310438715
2,0,1.421e-08,0.83890525684,152.5321425512
2,0,1.188e-08,1.28708061167,70.3281804424
2,0,1.243e-08,5.56004522021,52182.9198301492
2,0,1.072e-08,4.25942542568,26727.8004278882
2,0,9.67e-09,0.75487021033,155468.036919256
2,0,9.77e-09,0.76357046359,84.3428261229
2,0,9.53e-09,4.58726046984,1272.6810256272
2,0,9.97e-09,1.66157901963,117873.36400788819
2,0,1.076e-08,5.29118995114,212.3358875915
2,0,9.37e-09,2.0005458371,85034.42002596818
2,0,1.071e-08,2.73962355675,214.2623032845
2,0,9.6e-09,6.23663722276,124778.18365871879
2,0,1.243e-08,1.3034374492,184.7272873558
2,0,8.91e-09,2.41639607024,213.2509113282
2,0,8.9e-09,5.61419511254,213.3472795478
2,0,9.13e-09,2.14759141886,98068.53671630539
2,0,1.041e-08,4.2368554784,137.0330241624
2,0,8.37e-09,0.4887542245,46848.3301747656
2,0,8.32e-09,3.42202735905,104881.30353139139
2,0,9.74e-09,2.96306305136,437.6438911399
2,0,8.12e-09,0.69907573293,288.0806940053
2,0,8.19e-09,5.28403120371,529.6427809848
2,0,8.19e-09,2.19867289777,529.7391492044
2,0,8.64e-09,0.97123767041,51123.53789995999
2,0,7.97e-09,3.78730285311,120226.23016165999
2,0,9.23e-09,3.90587740343,52026.2430860138
2,0,1.037e-08,2.70514798372,527.2432845398
2,0,1.029e-08,4.77626567802,532.1386456494
2,0,8.59e-09,0.82190799976,74.6697239827
2,0,8.58e-09,3.85737061744,74.8934731519
2,0,9.38e-09,1.28285332683,115674.27666460119
2,0,7.76e-09,2.50668810243,203.7378678824
2,0,7.46e-09,0.02765328657,74821.13447975718
2,0,7.34e-09,3.78800004602,112.9146342051
2,0,7.16e-09,0.35378564614,628.8515860501
2,0,9.36e-09,2.24023772681,55618.3812281138
2,0,8.04e-09,2.35412750829,157636.79740153858
2,0,7.08e-09,4.97835058075,313054.83769889036
2,0,7.26e-09,1.13072864457,105410.99449648599
2,0,6.69e-09,1.28980071984,2008.557539159
2,0,8.75e-09,4.36192286909,51109.31080595839
2,0,7.19e-09,0.6149282517,129909.82474277639
2,0,6.59e-09,1.63180703015,2111.6503133776
2,0,9.25e-09,1.39948133634,160.6088973985
2,0,6.61e-09,3.47371034653,1368.660252845
2,0,7.42e-09,1.23961445295,9.5612275556
2,0,8.75e-09,3.776475304,380.12776796
2,0,6.75e-09,5.5841386344,28206.6670019526
2,0,6.5e-09,0.6323725872,95247.70557217918
2,0,6.1e-09,0.03146551062,78244.0396638228
2,0,6.63e-09,4.19794322902,52022.0274726636
2,0,6.09e-09,2.19394412467,2221.856634597
2,0,6.27e-09,5.21603099679,430.5303441391
2,0,6.02e-09,0.71110689228,20760.4270331914
2,0,6.39e-09,5.7618772404,80482.46652890938
2,0,7.43e-09,1.5124100122,103396.01282468818
2,0,5.86e-09,4.92207524971,162188.75089859738
2,0,6.64e-09,2.87714310103,1063.3140834523
2,0,6.63e-09,2.1281881267,838.9692877504
2,0,5.98e-09,5.09026310864,423.4167971383
2,0,6.33e-09,1.58661078881,12.5301729722
2,0,6.47e-09,1.86412144751,528.7277572481
2,0,6.46e-09,5.61853780158,530.6541729411
2,0,5.92e-09,1.09214531526,71025.0338331226
2,0,5.51e-09,3.2939518397,23754.70674870219
2,0,5.51e-09,5.59697085315,1055.4497769261
2,0,6.77e-09,4.43410327506,52329.58509363319
2,0,6.66e-09,4.40151837219,77623.81213840858
2,0,5.59e-09,0.94897406723,10021.8372800994
2,0,6.72e-09,1.51129840313,221.3758502853
2,0,6.44e-09,2.58708081761,45494.58142974879
2,0,4.9e-09,1.40385202337,71.6002048296
2,0,4.73e-09,3.26277772078,77.962992305
2,0,6.48e-09,6.03788509546,22.0914005278
2,0,5.96e-09,1.74322610176,7994.5284420242
2,0,6.26e-09,1.29178761399,330.6189636582
2,0,5.58e-09,4.2519833731,52099.5402118728
2,0,4.67e-09,3.18899512617,84546.78527471398
2,0,4.74e-09,5.38752337681,1073.6090241908
2,0,6.53e-09,1.15486761496,388.4651552382
2,0,4.64e-09,3.48448266155,24498.8302462904
2,0,4.71e-09,1.7251078619,26237.46633870879
2,0,4.56e-09,0.37602833213,90829.86112470538
2,0,5.32e-09,1.20297674206,728.762966531
2,0,6.17e-09,2.13813397736,78283.37918562238
2,0,5.74e-09,4.09850700417,87.3117715395
2,0,4.42e-09,4.70125751809,27140.17152476259
2,0,4.45e-09,3.07523267609,151975.46535238638
2,0,6.04e-09,0.41299096165,984.6003316219
2,0,5.41e-09,1.50869067477,72.3339180125
2,0,4.73e-09,5.58382968969,155418.04029735178
2,0,4.68e-09,3.76982493207,212.7778305762
2,0,4.66e-09,4.26202338577,213.8203602998
2,0,4.7e-09,1.97509785099,108903.56606335558
2,0,4.49e-09,5.760093975,78256.59587772179
2,0,4.19e-09,1.18672277137,429.7795846137
2,0,4.76e-09,0.09624293332,860.3099287528
2,0,4.23e-09,5.23795043183,340.7708920448
2,0,4.59e-09,0.44821212178,26037.90651966999
2,0,4.39e-09,0.74557141998,29428.515568274
2,0,4.59e-09,2.0860274139,26137.8997634784
2,0,4.41e-09,5.55002400505,2333.196392872
2,0,4.2e-09,3.46875832008,128850.44281258718
2,0,4.06e-09,5.56438736356,28421.0995344462
2,0,5.15e-09,5.537095115,26720.68688088739
2,0,4.2e-09,3.43880146473,78267.59076008058
2,0,4.57e-09,4.25870257295,25984.8103673556
2,0,4.09e-09,1.89235979066,22747.2907148744
2,0,4.41e-09,5.74769719365,78050.41032928458
2,0,4.6e-09,4.60455680282,26190.99591579279
2,0,4.28e-09,1.26561734018,27154.3986187642
2,0,5.33e-09,3.36410465544,25455.119402261
2,0,4.22e-09,0.7387571862,93028.94846799239
2,0,5.11e-09,3.34354440535,77.2292791221
2,0,4.9e-09,3.02631541744,76144.94556434419
2,0,3.9e-09,3.42688671619,130012.91751699499
2,0,4.91e-09,3.39044076994,3.1813937377
2,0,3.64e-09,4.89106808289,78690.30761559859
2,0,3.61e-09,1.30246090918,114564.89811250778
2,0,3.56e-09,5.20137348148,52643.7712735028
2,0,4.19e-09,5.01120890083,78259.82808936459
2,0,3.95e-09,4.93033073834,78477.00852016058
2,0,4.13e-09,0.42041417925,145.1097790097
2,0,3.37e-09,4.88969069715,79852.78232000639
2,0,3.36e-09,5.60932577353,127.4717966068
2,0,4.09e-09,0.70233676711,350.3321196004
2,0,3.64e-09,4.5154624397,48835.19385644859
2,0,3.83e-09,4.56297720194,909.8187330546
2,0,3.36e-09,0.50294839757,18207.81398823521
2,0,3.17e-09,2.80195601464,76044.9523205358
2,0,3.09e-09,5.54462791884,1905.4647649404
2,0,4.02e-09,3.61219119527,131395.11544947958
2,0,3.75e-09,0.23620758788,108.4612160802
2,0,3.02e-09,3.06677264697,25973.46385288896
2,0,3.13e-09,2.04966851954,234.6397364404
2,0,3e-09,5.73869132813,26202.34243025941
2,0,3.82e-09,0.24418522119,186.2117600641
2,0,4.18e-09,0.23893690129,71492.99882347698
2,0,3.62e-09,4.00328511109,25565.3257234804
2,0,2.87e-09,5.88293841172,52182.4348420484
2,0,3.56e-09,1.08678100754,64607.84893354619
2,0,3.04e-09,3.41461416241,51707.84129279399
2,0,2.89e-09,1.3825942858,26164.1692128498
2,0,3.31e-09,4.78176305377,26610.48055966799
2,0,3.79e-09,2.01230891559,26162.6847401415
2,0,3.1e-09,1.11933365669,362.8622925726
2,0,3.69e-09,4.21106702409,111590.2881578968
2,0,2.69e-09,4.70967571334,143961.2671494624
2,0,2.68e-09,1.81712028026,42153.969003049
2,0,3.11e-09,2.87485251647,297.6419215609
2,0,2.89e-09,0.35271915498,529.1697002328
2,0,2.89e-09,0.84527308658,530.2122299564
2,0,3.66e-09,1.3541242166,604.4725636619
2,0,2.82e-09,0.0683283499,62.2514255951
2,0,3.04e-09,4.6700565525,25448.00585526019
2,0,2.59e-09,2.08276322854,1485.9801210652
2,0,2.63e-09,4.77643040513,52.6901980395
2,0,3.61e-09,0.50112315849,26013.1215430069
2,0,2.56e-09,3.80003583229,181555.94006083018
2,0,2.57e-09,2.63966270921,1258.4539316256
2,0,2.73e-09,5.09640213545,111122.32316754239
2,0,3.24e-09,5.37496427957,200.7689224658
2,0,3.26e-09,0.96777570631,44181.27784112419
2,0,2.52e-09,6.11098851755,2125.8774073792
2,0,2.75e-09,6.25194576299,565.1156877467
2,0,2.46e-09,3.27375223453,51756.3216392732
2,0,3.26e-09,5.03875217793,703.6331846174
2,0,3.3e-09,0.00798707088,25771.5112719176
2,0,2.69e-09,4.90534085198,140.001969579
2,0,2.87e-09,2.74227004893,52169.17772424839
2,0,2.49e-09,4.80534758404,210.3783341312
2,0,2.48e-09,3.22187918056,216.2198567448
2,0,2.43e-09,5.15609899738,1062.5633239269
2,0,3.29e-09,2.52774260295,26404.2950112308
2,0,3.36e-09,6.10975677385,454.9093665273
2,0,2.4e-09,1.67381717935,37.611770776
2,0,2.37e-09,2.15132956903,212.5483359126
2,0,2.55e-09,3.33122871209,153.4953503977
2,0,2.37e-09,5.19825257378,124156.43985787958
2,0,2.7e-09,2.17478042507,33967.99229491319
2,0,3.08e-09,2.31701247486,78270.82297172339
2,0,2.36e-09,5.87788994285,214.0498549634
2,0,2.52e-09,5.43206013202,25668.418497699
2,0,2.36e-09,2.66792286959,38.6543004996
2,0,2.52e-09,3.0398888356,209.106309744
2,0,2.48e-09,4.9851301617,217.491881132
2,0,2.25e-09,1.81041528541,223.5940361765
2,0,2.76e-09,4.02093667465,77211.44104153418
2,0,2.8e-09,1.1265611814,77197.21394753258
2,0,2.61e-09,2.91718305686,32769.1279949738
2,0,2.24e-09,3.9482441124,38.084851528
2,0,2.23e-09,0.39234241482,38.1812197476
2,0,2.82e-09,3.1061838192,26507.38778544939
2,0,2.26e-09,3.21437416344,100909.03762133139
2,0,2.44e-09,2.64604748092,173.9422195228
2,0,2.85e-09,1.16645481114,18093.37469954999
2,0,2.34e-09,5.26336192114,74.2603337055
2,0,2.31e-09,4.32501953451,141762.17980617538
2,0,2.33e-09,5.70130722395,75.3028634291
2,0,2.08e-09,0.53974604249,146314.13330323418
2,0,2.75e-09,2.9219496437,19406.6782881746
2,0,2.15e-09,3.07194607878,72936.23331633979
2,0,2.41e-09,3.00041465942,150866.08680029298
2,0,2.47e-09,5.27605423414,252.6559713532
2,0,2.1e-09,5.40180831849,183724.7005431128
2,0,2.03e-09,5.54978754111,18.1592472647
2,0,2.82e-09,6.12964546434,563.6312150384
2,0,2.19e-09,5.01882320875,1699.2792165032
2,0,2.8e-09,0.67080969267,78114.14622758799
2,0,2.66e-09,0.9908505417,39743.7636327506
2,0,2.11e-09,0.17681817187,130969.20667296558
2,0,2.44e-09,5.94815635837,11610.5519583742
2,0,2.24e-09,0.66388865647,88.865680217
2,0,2.04e-09,3.19846374771,40565.2543247742
2,0,2.23e-09,5.28159723194,81706.28436968799
2,0,2.05e-09,4.98750840184,417.0369633204
2,0,1.97e-09,1.04277639896,52815.7035694624
2,0,2.11e-09,3.56508711838,37.1698277913
2,0,2.49e-09,5.60231399902,71582.48457132299
2,0,1.92e-09,2.70968461449,66.70484372
2,0,1.88e-09,2.35059258101,1898.3512179396
2,0,2.04e-09,0.78597046714,25881.717593137
2,0,2.48e-09,0.67786738916,51742.09454527159
2,0,2.04e-09,2.47411750627,207.6700211455
2,0,2.28e-09,3.58367417249,207.8824694666
2,0,2.03e-09,0.77682463263,39.0962434843
2,0,2.01e-09,1.71510524072,26294.08869001139
2,0,1.86e-09,2.14393493086,16066.0658614748
2,0,2.33e-09,2.62533762305,7880.08915333899
2,0,2.2e-09,4.46432405157,218.7157214094
2,0,1.86e-09,2.59788381829,508.3503240922
2,0,1.95e-09,5.53819155539,218.9281697305
2,0,1.81e-09,3.52971486811,14477.3511832
2,0,1.78e-09,4.08297672654,211.8146227297
2,0,2.24e-09,2.49436555659,1056.2005364515
2,0,1.75e-09,5.68870918967,51543.0225438352
2,0,1.95e-09,0.90841744066,28.5718080822
2,0,1.74e-09,1.73818712188,339142.7408404646
2,0,1.9e-09,4.35107066119,142.4496501338
2,0,1.84e-09,4.55500539385,129483.91596626239
2,0,1.71e-09,1.38853028989,526.7702037878
2,0,1.92e-09,1.49036655542,1574.8458012822
2,0,1.84e-09,1.16335036072,103711.71527998279
2,0,1.86e-09,5.42678326989,554.0699874828
2,0,1.69e-09,6.09402587013,532.6117264014
2,0,2.17e-09,2.01707572818,124.433415221
2,0,1.75e-09,5.92248308601,525.4981794006
2,0,1.95e-09,1.69401523663,50483.640613646
2,0,1.91e-09,3.65375892828,155997.72788435058
2,0,1.69e-09,0.91653907112,1471.7530270636
2,0,1.58e-09,5.04734034343,528.9402055692
2,0,1.56e-09,4.67130228846,90695.75207512038
2,0,1.57e-09,2.43465536306,530.44172462
2,0,1.88e-09,1.87050370857,569.0478410098
2,0,1.94e-09,2.5516685558,183.2428146475
2,0,1.74e-09,0.99979811068,25938.3399444396
2,0,1.78e-09,6.20228633181,5.9378908332
2,0,2.01e-09,2.24559215395,1685.0521225016
2,0,1.53e-09,0.95690434145,78109.93061423779
2,0,2.07e-09,0.24572465192,73.8183907208
2,0,1.85e-09,3.34815986923,265.9892934775
2,0,1.75e-09,5.99371438486,217.964961884
2,0,1.55e-09,1.6864542884,188276.6540401716
2,0,1.48e-09,2.8310165378,519.3960243561
2,0,1.78e-09,4.17805845892,131498.89763806018
2,0,1.46e-09,2.06659470489,82.8583534146
2,0,1.57e-09,1.36959583051,61279.713277266
2,0,1.65e-09,2.17592149563,467.9649903544
2,0,1.92e-09,4.39395898967,425.1137181677
2,0,2.01e-09,2.16052573018,51322.60990139639
2,0,1.77e-09,3.62256077196,26624.70765366959
2,0,1.49e-09,1.961573921,414.0680179038
2,0,1.65e-09,3.65136085639,231.4583427027
2,0,2.01e-09,4.11002299299,453.424893819
2,0,1.69e-09,3.68765594503,121335.60871375339
2,0,2e-09,4.96476307548,1439.5096981492
2,0,1.54e-09,3.71172436062,52101.02468458109
2,0,1.48e-09,3.07726125475,104331.94280539699
2,0,1.41e-09,1.50870150844,50593.84693486539
2,0,1.58e-09,1.19202527109,78417.48823520739
2,0,1.4e-09,4.10887314023,408.4389436113
2,0,1.91e-09,4.47590456732,75.7448064138
2,0,1.44e-09,2.36390617422,106570.36967048359
2,0,1.49e-09,1.58541955295,533.8837507886
2,0,1.41e-09,0.8984156213,52278.89905736699
2,0,1.58e-09,2.03821572977,208.633228992
2,0,1.63e-09,5.63284948646,25780.3455206046
2,0,1.53e-09,3.42669369028,47.6942631934
2,0,1.31e-09,6.22770537067,203.0041546995
2,0,1.34e-09,3.07482380747,22759.76748529401
2,0,1.83e-09,0.59231255504,1021.2488945514
2,0,1.61e-09,3.16796063002,26395.46076254379
2,0,1.57e-09,1.45063371619,13362.4497067992
2,0,1.39e-09,4.27354999851,373.9079928365
2,0,1.39e-09,4.04425486837,214.7835681463
2,0,1.5e-09,5.18410766275,104371.28232719658
2,0,1.4e-09,6.13152525193,102232.84870591838
2,0,1.47e-09,2.51789010019,23888.81579828719
2,0,1.27e-09,2.36011326038,54294.57014352679
2,0,1.41e-09,2.25597418479,52808.59002246159
2,0,1.66e-09,1.38695682715,305.3461693927
2,0,1.73e-09,1.01540755996,78187.44335344699
2,0,1.3e-09,0.69748880175,654.1243803156
2,0,1.44e-09,6.2638142156,4.192785694
2,0,1.39e-09,5.93780077355,251.4321310758
2,0,1.21e-09,3.73123340759,479.2883889155
2,0,1.19e-09,6.12399199517,178063.3684939606
2,0,1.22e-09,2.34676419834,181505.94343892598
2,0,1.19e-09,5.90821338773,114.1384744825
2,0,1.57e-09,5.28735408136,25551.09862947879
2,0,1.23e-09,0.96970788409,52072.71350892979
2,0,1.39e-09,4.14216887691,97112.93697469679
2,0,1.28e-09,4.93461808532,26521.614879451
2,0,1.15e-09,4.65379442884,539.9859058331
2,0,1.16e-09,2.49690552706,104344.49901929598
2,0,1.14e-09,0.24802201171,154938.34595416137
2,0,1.15e-09,5.79810804423,29416.03879785439
2,0,1.15e-09,6.24514589647,110634.68841628819
2,0,1.1e-09,4.82546925433,68241.8721446232
2,0,1.12e-09,0.79767917933,24176.703658357
2,0,1.15e-09,5.52737393321,25754.0472008048
2,0,1.14e-09,3.22069040111,213.4109700226
2,0,1.14e-09,4.81084790265,213.1872208534
2,0,1.29e-09,6.17361043988,302.164775655
2,0,1.13e-09,3.27781553156,26421.7590823436
2,0,1.16e-09,5.36019004356,524.0618908021
2,0,1.15e-09,2.12419003336,535.3200393871
2,0,1.45e-09,3.81995922658,50579.61984086379
2,0,1.05e-09,0.18392017096,156100.82065856917
2,0,1.04e-09,2.59023526043,26198.1094627936
2,0,1.22e-09,6.27846196005,28286.9904848612
2,0,1.11e-09,3.42525009396,116917.76426627958
2,0,1.26e-09,5.34406107671,540.7366653585
2,0,1.19e-09,4.95824095217,983.1158589136
2,0,1.15e-09,0.35603129387,98.8999885246
2,0,1.15e-09,1.34072654703,26011.6370702986
2,0,1.18e-09,4.91950265277,525.0250986486
2,0,1.05e-09,6.00609954043,963.4027029714
2,0,1.12e-09,1.57964254375,51639.00177105299
2,0,1.03e-09,1.26476363927,74923.09699802278
2,0,1.02e-09,1.89629804705,56.6223513026
2,0,1e-09,2.14566059864,529.851023789
2,0,1e-09,5.33661471676,529.5309064002
2,0,9.9e-10,0.29530316101,198.321241911
2,0,1e-09,3.81573971334,25035.6347583858
2,0,1.01e-09,1.80630451732,27999.1026247914
2,0,1.09e-09,2.17221801259,175.1660598002
2,0,1.19e-09,1.83793946194,2324.9494088156
2,0,1.11e-09,6.01414242152,80.1982245387
2,0,1e-09,1.69912254726,104564.91166173479
2,0,9.6e-10,5.43048994495,213.0866471169
2,0,9.6e-10,2.6010483588,213.5115437591
2,0,1.29e-09,2.5573703712,104138.31347085879
2,0,9.9e-10,5.11520176982,31415.379249957
2,0,9.9e-10,4.90758830995,551.031606097
2,0,1.19e-09,5.01902877668,134991.4692049298
2,0,1.1e-09,4.8750045577,24356.7807886416
2,0,1.11e-09,2.56844286864,534.3568315406
2,0,1.17e-09,0.19396627342,524.2743391232
2,0,1.07e-09,3.72516243793,55516.4187098482
2,0,9.5e-10,3.70643398698,327.4375699205
2,0,1.04e-09,5.47404374073,32.1951448046
2,0,1.27e-09,3.26672162678,21.3406410024
2,0,9.4e-10,2.32320888992,54509.0026760204
2,0,9.6e-10,4.74148517797,1802.3719907218
2,0,1.15e-09,1.00365590687,535.107591066
2,0,9.4e-10,3.49259349841,52125.80966124419
2,0,9.6e-10,4.77567549605,35.685355083
2,0,1.03e-09,1.50774531093,51951.46148744649
2,0,1.03e-09,2.84917048342,219.891377577
2,0,1.03e-09,3.4376518924,26941.0995233262
2,0,9.4e-10,3.91518615306,27780.06881107659
2,0,9.3e-10,4.2056530957,99.1606209555
2,0,1.02e-09,0.20220739054,104355.49390165479
2,0,1.08e-09,5.64358884743,49527.35145767539
2,0,8.9e-10,1.570563549,1382.8873468466
2,0,8.7e-10,4.80227955082,52325.36948028299
2,0,9.7e-10,2.98258829049,51219.51712717779
2,0,1.02e-09,5.09206185737,52250.5878817157
2,0,8.7e-10,1.28166497839,228.276948965
2,0,9.2e-10,4.35841484859,140652.80125408198
2,0,1.07e-09,0.38517739982,157483.01859105378
2,0,9e-10,3.6739419694,36109.7404216736
2,0,1e-09,1.82319423846,96.8729990951
2,0,1e-09,3.93901407412,27819.0254945068
2,0,8.6e-10,1.50847151211,53228.07466633679
2,0,8.8e-10,3.14925830025,52065.59996192899
2,0,8.5e-10,3.6368910479,74.8297826771
2,0,8.5e-10,1.04303023325,74.7334144575
2,0,1.13e-09,5.85548952542,177.8743727859
2,0,9.9e-10,3.2899059571,97580.90196505119
2,0,1.02e-09,5.08658507796,52225.8029050526
2,0,8.5e-10,5.99437376237,191.9584544356
2,0,8.7e-10,5.84639583938,40.5807161926
2,0,8.7e-10,1.65916392662,104778.21075717278
2,0,9.6e-10,1.03224594955,38813.3565763492
2,0,8.1e-10,6.20215025642,25977.69682035479
2,0,8.3e-10,1.97230419758,78731.674415077
2,0,1.02e-09,4.67254721576,131.4039498699
2,0,9.3e-10,5.7797706969,74.5209661364
2,0,1e-09,3.78538237499,119116.85160956658
2,0,9.3e-10,5.18093640996,75.0422309982
2,0,8e-10,2.87647086515,278.5194664497
2,0,8.9e-10,1.46011729281,191.2076949102
2,0,9.4e-10,3.01992291922,51859.41441349179
2,0,8.1e-10,4.33788649947,53242.3017603384
2,0,7.9e-10,2.74811848231,38.0211610532
2,0,7.9e-10,1.59253269036,38.2449102224
2,0,8.3e-10,0.78518936484,300.6108669775
2,0,7.8e-10,5.64618149774,30.0562807905
2,0,9.7e-10,3.75597837361,259.5088859231
2,0,8.1e-10,1.65998131052,105940.68546158058
2,0,7.7e-10,5.8542058012,102132.85546210999
2,0,9.1e-10,2.6654859529,51013.33157874059
2,0,8.9e-10,0.95977221728,137678.191299471
2,0,8.5e-10,5.14758347117,44.070926471
2,0,7.6e-10,0.07242308044,3328.13565628019
2,0,8.9e-10,2.2559220229,835.0371344873
2,0,7.6e-10,3.13724740029,106.2741679563
2,0,9.1e-10,2.31009109472,80.7194894005
2,0,7.8e-10,4.80022000976,60055.89543648739
2,0,7.5e-10,0.9328404081,205.2223405907
2,0,8.5e-10,1.29757029645,12725.453434775
2,0,7.9e-10,1.02058994543,74.6215398729
2,0,9e-10,5.5685278913,52492.19815280499
2,0,7.8e-10,3.65920759701,74.9416572617
2,0,8.9e-10,2.43562167097,1911.1994832172
2,0,7.3e-10,3.57598233076,50696.93970908399
2,0,7.6e-10,6.27731427042,52595.29092702359
2,0,1.02e-09,1.77465769367,104347.73123093879
2,0,7.7e-10,1.39895481144,195.1398481733
2,0,7.2e-10,4.78502700351,213.0384630071
2,0,7.2e-10,3.24651089369,213.5597278689
2,0,7.2e-10,1.47416335611,170049.1702910366
2,0,9.6e-10,2.6780115053,483.2205421786
2,0,8.6e-10,2.7373583377,2.4476805548
2,0,7.9e-10,4.1636679964,103285.11708910679
2,0,7.6e-10,0.086881408,77844.22478084739
2,0,9.5e-10,1.56604928496,52698.38370124219
2,0,7.3e-10,1.11932970193,25021.4076643842
2,0,7.8e-10,5.36472752861,104358.72611329758
2,0,9.5e-10,2.11170756015,248.7238180901
2,0,6.9e-10,1.88886878891,529.4785167735
2,0,6.9e-10,5.59340951305,529.9034134157
2,0,7.2e-10,2.40806201062,24998.19435038059
2,0,7.1e-10,4.11293729141,27669.86248985719
2,0,7.6e-10,1.98904461594,518.6452648307
2,0,7.4e-10,5.08891807794,26222.0121911592
2,0,6.7e-10,1.93554373786,2214.7430875962
2,0,7.9e-10,3.71784757916,104202.04936916218
2,0,6.7e-10,2.65457842453,78270.3379836226
2,0,6.6e-10,0.44946982323,635.9651330509
2,0,8e-10,6.13936658892,8194.2753332086
2,0,7.3e-10,3.70705736171,25953.79409198919
2,0,7.4e-10,2.34582989695,97670.38771289718
2,0,7.4e-10,2.48641792134,68.8437077341
2,0,6.9e-10,0.57091762082,207643.8432024044
2,0,6.5e-10,4.30219875903,12546.481939083
2,0,7.1e-10,0.07238150577,126996.94076290558
2,0,6.6e-10,3.25393240581,70269.18098269838
2,0,8.4e-10,5.41269775901,424.1505103212
2,0,7.1e-10,1.03137133715,275.5505210331
2,0,6.6e-10,4.46930207827,33.9402499438
2,0,7.9e-10,2.22876948108,25446.4895798352
2,0,6.3e-10,1.6576700461,20.6069278195
2,0,6.3e-10,1.94299439248,150244.3429994538
2,0,8.3e-10,5.09775374255,404.5067903482
2,0,6.3e-10,2.94014383007,8.0767548473
2,0,6.8e-10,2.22365421702,831.8557407496
2,0,8.2e-10,5.88510225867,154.0166152595
2,0,8.1e-10,2.12955581519,37.8724032069
2,0,7.8e-10,3.7144244735,77829.99768684579
2,0,7.3e-10,5.6015084428,115.8835796217
2,0,8e-10,2.2110840408,38.3936680687
2,0,8.1e-10,3.57966030338,49842.60989027639
2,0,6.4e-10,4.44827566878,284.1485407422
2,0,7.1e-10,1.76878466162,27684.0895838588
2,0,6.5e-10,0.10862838701,27177.6119327678
2,0,7.7e-10,0.29329825954,26729.31670331319
2,0,8.2e-10,4.87562280261,26089.38761428249
2,0,7e-10,0.48885804664,107.0249274817
2,0,7.6e-10,1.87316011759,137210.22630911658
2,0,7.1e-10,3.36184821357,17893.6278083656
2,0,6.3e-10,2.50604307758,52290.24557183361
2,0,6e-10,6.11673834767,52061.36699446317
2,0,6.9e-10,0.944671641,511.5317178299
2,0,8.1e-10,3.95123901433,26086.4186688659
2,0,7.2e-10,4.5732399367,50800.03248330259
2,0,5.8e-10,4.95419870669,46.2097904851
2,0,7.7e-10,0.77427822658,103299.34418310839
2,0,7.9e-10,4.15336422499,531.1754378029
2,0,6.7e-10,5.81376296368,643.8294395771
2,0,5.8e-10,1.07510302489,167850.0829477496
2,0,7.1e-10,5.75558240346,34282.1784747828
2,0,5.6e-10,3.55494344576,44295.7171298094
2,0,5.6e-10,6.15449621937,842.1506814881
2,0,6.5e-10,0.26869494906,547.8502123593
2,0,5.5e-10,5.96851303023,23969.1392811958
2,0,5.5e-10,2.1633088479,209812.60368468694
2,0,6.5e-10,5.22228985131,77410.51304297059
2,0,5.8e-10,6.25432646821,25508.2155545754
2,0,6.5e-10,3.80914914376,3178.1457905676
2,0,6.9e-10,3.21235031019,269.9214467406
2,0,5.6e-10,3.84165768987,22625.658435709
2,0,7.5e-10,3.14349504273,227.3137411185
2,0,5.4e-10,4.44808157827,52252.07235442399
2,0,5.8e-10,1.80561279339,2641.3412784722
2,0,6.1e-10,4.72931440223,121.2520214833
2,0,5.5e-10,2.05172474251,107794.1875112622
2,0,6.6e-10,0.18130668165,77795.74443436819
2,0,6.8e-10,2.9337521843,19.66976089979
2,0,6.1e-10,1.41008037643,429.0458714308
2,0,6.4e-10,2.72423324964,159.1244246902
2,0,6.1e-10,2.23944425679,650.9429865779
2,0,5.5e-10,3.593369282,172402.0364448084
2,0,5.2e-10,1.67890984864,2538.2485042536
2,0,5.6e-10,3.42328370031,24448.8336243862
2,0,7.3e-10,3.31073272937,528.2064923863
2,0,7.3e-10,3.18180022689,24864.08530079559
2,0,5.7e-10,1.89137287758,92.940845832
2,0,5.2e-10,4.91273220472,66653.15746634839
2,0,6.8e-10,5.14472869299,219.4494345923
2,0,5.3e-10,4.10843855595,26312.2479372761
2,0,5.4e-10,2.57050838382,26667.590728573
2,0,5.1e-10,3.53345258541,1048.3362299253
2,0,6.2e-10,4.52301275304,425.6349830295
2,0,6.5e-10,1.1717484077,14.977853527
2,0,5.8e-10,4.32481237367,72.0732855816
2,0,5e-10,6.18510990638,960.2213092337
2,0,5.5e-10,0.04281344157,42.3258213318
2,0,5e-10,4.83446941002,426.6463749858
2,0,4.9e-10,3.21271029936,514.7131115676
2,0,6.8e-10,0.0657427636,2199.087343287
2,0,6.5e-10,2.4133735888,494.2662424425
2,0,6.7e-10,2.57317423197,618.5566453116
2,0,4.9e-10,1.0360623516,96357.08412427259
2,0,5.1e-10,5.9453457263,58857.03113654799
2,0,6.8e-10,5.79687331046,78257.08086582259
2,0,6.2e-10,6.11167050077,750.1036075334
2,0,5e-10,4.20409547221,129799.61842155698
2,0,4.9e-10,2.61342795296,27044.1922975448
2,0,5.3e-10,0.86945819735,2428.0421830342
2,0,5.1e-10,5.36138555309,27726.9726587622
2,0,5e-10,1.63663518288,426.5500067662
2,0,4.8e-10,6.03611290368,99024.13645791399
2,0,4.7e-10,4.26489760399,544.6688186216
2,0,4.7e-10,4.10470299674,51969.62073471119
2,0,4.7e-10,4.45256678947,387.2413149608
2,0,5.5e-10,3.70101890767,81.8951455681
2,0,4.9e-10,2.30004526739,77630.92568540938
2,0,5.6e-10,4.95742185541,27037.07875054399
2,0,6e-10,0.53980789709,488.8496164711
2,0,6.4e-10,2.60081517768,1364.7280995819
2,0,6.5e-10,5.6324748494,27311.72098235281
2,0,5.5e-10,3.21960099803,157057.10981453978
2,0,6.4e-10,4.73090166157,76571.54375522019
2,0,5.5e-10,4.21524098893,23919.1426592916
2,0,4.7e-10,4.96233788191,29550.14784743939
2,0,4.7e-10,1.33048751622,155571.81910783658
2,0,4.8e-10,4.68524066713,39629.32434406539
2,0,4.9e-10,2.26366790917,86143.79857806159
2,0,5.2e-10,2.81764658144,210.5907824523
2,0,5.2e-10,6.11102279257,28736.3579670472
2,0,5.3e-10,2.05896623723,427.5613987225
2,0,4.6e-10,4.52836499361,76681.75007643958
2,0,5.1e-10,5.21356444643,216.0074084237
2,0,5e-10,3.05458837611,1056.9342496344
2,0,4.9e-10,6.03922030861,501.3797894433
2,0,6.3e-10,6.05525919705,176953.98994186718
2,0,5.2e-10,3.90556632585,25138.7275326044
2,0,4.4e-10,2.11826208004,16703.062133499
2,0,4.4e-10,3.59534331356,74.0308390419
2,0,4.4e-10,2.54428216341,2751.5475996916
2,0,4.4e-10,4.09373605789,78903.60671103658
2,0,5e-10,4.96516261929,1279.794572628
2,0,5e-10,5.77173682772,355.7487455718
2,0,4.4e-10,1.08481523531,75.5323580927
2,0,4.3e-10,5.70834575414,213.4591541324
2,0,4.3e-10,2.32287306604,213.1390367436
2,0,4.3e-10,5.47593276555,220.4608265486
2,0,5.6e-10,1.59993474661,491.8185618877
2,0,5.4e-10,5.39695767554,187.6962327724
2,0,5e-10,3.9926048364,296.1574488526
2,0,5.7e-10,5.35044527046,1061.829610744
2,0,4.3e-10,3.24179066608,128.9562693151
2,0,5.4e-10,4.84794812605,52381.99183158559
2,0,4.2e-10,0.51072992828,78188.92782615528
2,0,4.8e-10,4.03364140605,65831.6667743248
2,0,5.4e-10,2.89069416534,207.1487562837
2,0,4.8e-10,1.44348407688,106.9767433719
2,0,5.6e-10,3.88391523095,1057.8974574809
2,0,4.7e-10,3.45990384746,679.2541622292
2,0,5.3e-10,0.36365795711,601.7642506762
2,0,4.7e-10,4.06325102883,104275.34649502118
2,0,4e-10,2.54799612698,1059.430114299
2,0,4.8e-10,5.22216564191,25466.159340735
2,0,4.5e-10,3.08256873858,10.2949407385
2,0,5.1e-10,4.18413102003,344.7030453079
2,0,4.2e-10,2.3000953406,220.364458329
2,0,3.9e-10,2.42252858155,55503.94193942859
2,0,5.5e-10,5.75395220831,188.9200730498
2,0,4.8e-10,0.55204010547,76667.52298243798
2,0,4.1e-10,4.68645736183,54087.0057663656
2,0,5.3e-10,0.70077978084,67.6680515665
2,0,4.7e-10,3.5737752769,26709.6469424134
2,0,4.6e-10,4.58966952379,28256.66362385679
2,0,3.9e-10,1.93706467599,1788.1448967202
2,0,4e-10,2.43593735104,25352.02662804239
2,0,4.4e-10,0.28326275745,52712.61079524379
2,0,4e-10,0.06426607172,26823.77965510599
2,0,4.4e-10,4.99425187685,179.3588454942
2,0,4.3e-10,4.78359780736,365230.6439820388
2,0,5.1e-10,0.42322753564,182085.63102592478
2,0,4.4e-10,0.26434468297,289.5651667136
2,0,4e-10,4.73960650797,436.1594184316
2,0,4.5e-10,3.6905674935,25867.49049913539
2,0,3.8e-10,2.95265152123,128320.75184749259
2,0,4e-10,3.26413558741,149.45132255
2,0,4.7e-10,1.2406737145,1038.0412891868
2,0,3.8e-10,4.24964079407,104505.39137678158
2,0,3.7e-10,5.45870103761,132658.27281205778
2,0,4.4e-10,0.8233284778,358.9301393095
2,0,3.6e-10,4.01505056763,104197.83375581198
2,0,4.2e-10,4.73645882503,214364.55718174577
2,0,4.2e-10,3.62652817335,25169.9728555924
2,0,3.8e-10,5.05414542008,13541.42120249119
2,0,3.6e-10,1.35884346175,68.1893164283
2,0,3.6e-10,1.25304159965,116783.65521669458
2,0,4.7e-10,5.73121342219,523.5406259403
2,0,3.6e-10,1.89385828446,59.8037450403
2,0,4e-10,5.63337030653,1059.3337460794
2,0,3.7e-10,0.15651744362,26073.67604757259
2,0,3.7e-10,1.95429510696,130459.18546877075
2,0,3.8e-10,4.07163115574,212.0270710508
2,0,3.7e-10,3.9593041423,214.5711198252
2,0,3.7e-10,0.10010579661,24203.0019781568
2,0,4.7e-10,0.89434277888,50.4025761791
2,0,3.6e-10,1.07961540756,26057.57628056979
2,0,3.6e-10,2.3535154615,26102.1302355758
2,0,3.9e-10,0.73367000632,1514.2912967165
2,0,4e-10,5.57904418434,497.4476361802
2,0,3.5e-10,2.73744180385,672.1406152284
2,0,4e-10,1.63699678518,143.6253063014
2,0,3.5e-10,1.43330630555,26118.2300025786
2,0,3.6e-10,5.28457918668,78896.49316403578
2,0,3.6e-10,3.56130087049,1361.5467058442
2,0,4.7e-10,0.46836410864,147423.51185532758
2,0,3.7e-10,3.86488170615,78366.80219894118
2,0,3.4e-10,1.99586823431,27566.76971563859
2,0,3.5e-10,3.08830623607,89.7594520943
2,0,3.9e-10,5.16595018555,27005.83342755599
2,0,4.5e-10,1.86629837439,153.7788104848
2,0,3.7e-10,2.43731961667,25773.71696170459
2,0,4e-10,0.01680612963,149.6750717192
2,0,4.3e-10,1.35224903493,312.4597163935
2,0,4.4e-10,5.23291381444,26308.315784013
2,0,3.5e-10,1.05320110634,27463.67694142
2,0,4.2e-10,1.76079418628,535.8413042489
2,0,4e-10,4.02382647386,25654.19140369739
2,0,3.7e-10,0.07560209645,26402.0893214438
2,0,3.6e-10,1.61232862223,51653.22886505459
2,0,3.3e-10,0.42458452244,26189.8656598398
2,0,3.5e-10,0.176067182,529.9515975255
2,0,3.5e-10,1.02336134569,529.4303326637
2,0,3.2e-10,5.23283983463,51852.30086649099
2,0,3.2e-10,2.5447655298,206.1373643274
2,0,4.2e-10,2.4422190317,75615.25459924959
2,0,4.5e-10,5.30626896435,1512.8068240082
2,0,4.3e-10,2.21665582542,237.6781178262
2,0,3.3e-10,2.42762603478,2001.4439921582
2,0,3.3e-10,2.88930013582,204151.27163553477
2,0,3.6e-10,6.12428536735,130419.8459469712
2,0,3.5e-10,0.4052318878,9384.8410080752
2,0,3.2e-10,2.08833719067,25985.94062330859
2,0,3.4e-10,2.34445071844,522.6256022036
2,0,3.3e-10,0.2316851076,35472.7441496494
2,0,3.1e-10,3.37478583123,81.3738807063
2,0,3.1e-10,5.4292059213,522.529233984
2,0,3.3e-10,2.40916004743,27972.80430499159
2,0,4e-10,3.30306819298,1593.0050485469
2,0,3.2e-10,3.35243256009,767.3690829208
2,0,4.3e-10,0.94126409897,157586.80077963436
2,0,3.4e-10,2.40767650115,51868.2486621788
2,0,4.4e-10,1.43873271021,51528.79544983359
2,0,3.8e-10,5.10282384073,92.0470739547
2,0,3.1e-10,6.06589927522,35.212274331
2,0,3.1e-10,4.01862366233,78160.61665050399
2,0,3.3e-10,6.06643896212,1060.3451380357
2,0,3.1e-10,5.39381686645,207593.8465805002
2,0,3.1e-10,1.63565043557,94329.77528619739
2,0,3e-10,5.90282820835,1585.1407420207
2,0,3e-10,5.53920573257,130432.40216087017
2,0,3.3e-10,4.63488708885,5.4166259714
2,0,3e-10,3.30348567737,181026.24909573558
2,0,3.6e-10,5.94088407657,181.0557665236
2,0,3.1e-10,0.58465350275,51432.81622261579
2,0,3.5e-10,5.63323743373,130226.21661243298
2,0,3.1e-10,5.71228872293,206.233732547
2,0,4.1e-10,4.10893149085,64901.25971792339
2,0,3.8e-10,2.7407746635,37698.4550999484
2,0,2.8e-10,5.42226462076,80382.47328510099
2,0,2.8e-10,3.23530343392,182188.72380014337
2,0,3e-10,5.69753597308,77101.23472031478
2,0,3.2e-10,1.03692995892,49953.94964855139
2,0,2.7e-10,4.34958892371,101011.00013959699
2,0,2.9e-10,2.97395589358,426.0769260142
2,0,2.9e-10,2.6068945651,26083.97098831109
2,0,2.7e-10,0.05549126696,52509.6622239178
2,0,2.7e-10,0.43069996566,643.0786800517
2,0,3.4e-10,2.04440145216,245.5424243524
2,0,2.9e-10,6.19291069275,26091.83529483729
2,0,2.9e-10,3.97759672159,458.8415197904
2,0,2.7e-10,2.79321900732,113.3877149571
2,0,2.9e-10,5.12998256913,536.7563279856
2,0,2.6e-10,2.06190087041,536.8526962052
2,0,3e-10,2.98025809633,247.2393453818
2,0,3.2e-10,2.6228153299,24925.4284371664
2,0,3.4e-10,5.96614879093,22003.9146348698
2,0,3.5e-10,6.21900169182,52483.36390411799
2,0,2.9e-10,3.02582488582,136722.59155786238
2,0,3.1e-10,4.43970588456,87367.61641884019
2,0,3.1e-10,1.37524160449,567.8240007324
2,0,3.3e-10,4.64183110644,77726.90491262719
2,0,2.7e-10,2.98857169783,558.0021407459
2,0,2.6e-10,4.27544189057,26049.7701059364
2,0,3.3e-10,1.49583126452,885.4397106664
2,0,2.6e-10,0.62593148485,528.4189407074
2,0,2.5e-10,4.75010185308,130652.81480330898
2,0,3.3e-10,4.03510285925,68.5618234438
2,0,2.6e-10,0.57312068081,530.9629894818
2,0,2.6e-10,3.04611137889,54374.8936264354
2,0,2.8e-10,0.48396088623,51226.63067417859
2,0,3.3e-10,4.54904645879,78039.36462902068
2,0,2.5e-10,1.86315259104,144.1465711632
2,0,3e-10,4.12682460945,69.1525242748
2,0,2.7e-10,3.40789619643,183570.921732628
2,0,3.3e-10,0.91422316489,123200.84011627098
2,0,2.5e-10,1.86918416559,78338.49102328988
2,0,2.7e-10,5.63520290926,1223.81784077861
2,0,2.4e-10,1.09879284413,24824.745778996
2,0,3.1e-10,5.38346601432,235.3904959658
2,0,3e-10,6.02578053535,77307.42026875199
2,0,2.6e-10,4.88440379376,69.3649725959
2,0,2.4e-10,4.58671428072,41.0537969446
2,0,2.6e-10,4.40497747181,39450.3528483734
2,0,2.4e-10,6.27647996519,934.9485149682
2,0,2.9e-10,4.01431074745,25600.26839032
2,0,2.7e-10,5.45015263034,27170.98337386779
2,0,2.7e-10,3.35506505446,25004.8229092806
2,0,2.6e-10,1.01956540442,746.9222137957
2,0,2.7e-10,2.81184546014,88.7962442478
2,0,2.4e-10,2.0429126431,54.1746707478
2,0,2.4e-10,1.70570280621,52609.51802102519
2,0,2.4e-10,0.92190112786,129373.02023068098
2,0,2.6e-10,5.16330947382,206.706813299
2,0,2.6e-10,3.48718560303,427.1194557378
2,0,2.7e-10,0.19476264674,143005.6674078538
2,0,2.7e-10,6.01076879125,24072.9214697764
2,0,2.3e-10,3.87311020164,146.3818033969
2,0,2.4e-10,5.68395366955,52286.01260436779
2,0,2.8e-10,4.77908913093,26575.53789282839
2,0,2.4e-10,1.35152561667,447.9388318784
2,0,2.3e-10,4.3137493396,31.5407534988
2,0,3e-10,1.77580150574,161079.37234650398
2,0,2.5e-10,3.28511315405,92741.06060792258
2,0,3.1e-10,2.21418055348,1058.4187223427
2,0,2.3e-10,1.28923152263,60370.08161635699
2,0,2.3e-10,0.30769835394,76784.84285065818
2,0,2.5e-10,6.12372098057,48847.6706268682
2,0,2.9e-10,4.96198802688,23.5758732361
2,0,2.6e-10,6.21853790794,78153.50310350319
2,0,2.3e-10,0.96856236499,523.0986829556
2,0,2.5e-10,2.35513367075,39.3568759152
2,0,2.3e-10,6.03986636871,77947.31755506598
2,0,2.3e-10,0.06005390957,123668.80510662538
2,0,2.3e-10,0.25207950257,14.0146456805
2,0,2.2e-10,0.26166099168,78213.71280281838
2,0,2.5e-10,4.36791869246,26724.8994135984
2,0,2.5e-10,4.43729899234,25450.90686955
2,0,2.2e-10,1.41483604412,27351.06050415239
2,0,2.8e-10,2.82763549527,30171.8916482786
2,0,2.9e-10,6.28195292509,1023.9572075371
2,0,2.2e-10,3.84824366233,50264.6067999312
2,0,2.6e-10,5.41642995127,25234.70675982219
2,0,2.7e-10,1.49068438865,258.0244132148
2,0,3e-10,0.70937754307,53906.92863608099
2,0,2.1e-10,1.44135675848,420.9691165835
2,0,2.4e-10,3.38673660916,342.2553647531
2,0,2.8e-10,0.32194633183,162.0933701068
2,0,2.4e-10,4.62065948726,78786.28684281638
2,0,2.2e-10,1.83211095898,6885.14988993081
2,0,2.2e-10,1.19881833941,50064.15596977079
2,0,2.5e-10,4.82521606002,130435.63437251298
2,0,2.2e-10,1.64262163906,50444.6839302158
2,0,2.6e-10,5.4790087896,152.0108776894
2,0,2.2e-10,4.68575585219,320.3240229197
2,0,2.7e-10,0.60945244318,81.0013736908
2,0,2.6e-10,4.75752764914,1158.5425511447
2,0,2.3e-10,0.48284788906,103917.90082841998
2,0,2.5e-10,0.72627176075,52174.32181044009
2,0,2.2e-10,2.31815942379,78580.10129437919
2,0,2.2e-10,5.37072237928,80596.9058175946
2,0,2.4e-10,2.29466576857,51841.950342379
2,0,2.4e-10,2.71292041287,260.9933586314
2,0,2.2e-10,3.98563117453,163766.0944410452
2,0,2.2e-10,0.96530934897,337.732510659
2,0,2.4e-10,2.77938448215,28102.884813372
2,0,2.8e-10,4.6718713923,6129.2970395066
2,0,2.8e-10,4.50423924612,1731.1223529326
2,0,2.4e-10,1.73470580103,1134.1635287565
2,0,2.3e-10,0.91598037938,4.665866446
2,0,2.3e-10,3.83483940099,129387.24732468258
2,0,2e-10,1.5702127417,2104.5367663768
2,0,2.1e-10,0.23251071113,536.2832472336
2,0,2.1e-10,2.06391569985,521.6142102473
2,0,2.3e-10,3.92597486873,391.1734682239
2,0,2.5e-10,0.44167057897,81604.32185142238
2,0,2e-10,5.66294891654,1603.2999892854
2,0,2e-10,1.26511552629,212.0752551606
2,0,2e-10,0.48291798671,214.5229357154
2,0,2e-10,0.82904675049,99.9113804809
2,0,2.2e-10,3.97512645943,621.7380390493
2,0,2.4e-10,0.376550005,31.019488637
2,0,2e-10,3.96183227004,630.3360587584
2,0,2e-10,1.51439029768,692.5874843535
2,0,2e-10,5.63766440403,51955.39364070959
2,0,2e-10,4.83495758164,230.5645708254
2,0,2.3e-10,1.5625181429,495.7507151508
2,0,2.3e-10,3.81105398957,181.7583419392
2,0,1.9e-10,0.14811705167,1089.7087911936
2,0,2.1e-10,0.4838239919,130289.95251073639
2,0,2.6e-10,5.38965597987,776.9303104764
2,0,2e-10,6.06263628388,86457.98475793119
2,0,2e-10,5.37392483479,123758.29085447139
2,0,2.1e-10,1.23628963571,60.7669528868
2,0,1.9e-10,5.99896464484,51329.7234483972
2,0,2e-10,4.52823506105,196137.07343261078
2,0,2.3e-10,1.12690816744,166740.70439565618
2,0,1.9e-10,3.91126145868,423.6774295692
2,0,2.2e-10,3.39965156778,16342.5825857176
2,0,2.2e-10,5.57412323033,3462.2447058652
2,0,2.3e-10,3.1648276408,353.301065017
2,0,2.3e-10,2.31183970817,50167.24874398939
2,0,2.2e-10,4.76145913299,26126.036177212
2,0,2.2e-10,4.14425825536,26734.913974889
2,0,1.9e-10,3.09805264388,78683.19406859778
2,0,1.9e-10,1.57754212699,78413.27262185719
2,0,2.4e-10,0.55755098688,145204.75475114078
2,0,1.9e-10,3.56013605744,102018.41617342478
2,0,2.1e-10,1.90244085454,73.4090004436
2,0,1.9e-10,1.666819585,2531.1349572528
2,0,1.9e-10,2.12244186746,130446.62925487179
2,0,2e-10,1.47362321872,211.6021744086
2,0,1.9e-10,0.10308351886,6.1503391543
2,0,2.4e-10,1.47596121866,52177.29075585669
2,0,2e-10,5.35567175214,372.4235201282
2,0,2.5e-10,3.25287024656,130443.39704322898
2,0,2.3e-10,4.95211633898,561.934294009
2,0,2e-10,4.03436943213,157.6399519819
2,0,2.2e-10,5.54888786998,24952.226269681
2,0,2e-10,5.0179156259,104819.57755665119
2,0,1.9e-10,0.22114816361,53029.0026649004
2,0,1.9e-10,4.66235459384,26248.310510959
2,0,1.9e-10,4.14286309096,25927.49577218939
2,0,1.8e-10,2.61853732084,128220.75860368418
2,0,2e-10,4.36521030279,25907.8260112896
2,0,2e-10,4.44000738201,26267.9802718588
2,0,1.8e-10,6.19626793608,953.1077622329
2,0,1.9e-10,3.3635247628,52817.21984488739
2,0,1.8e-10,0.30828612349,26411.4085582316
2,0,2.2e-10,3.17973512175,103932.12792242158
2,0,1.8e-10,5.78685842485,75930.51303185058
2,0,2e-10,5.09591693073,12412.372889498
2,0,2.5e-10,1.79028039602,78313.70604662679
2,0,2e-10,3.61265389901,233731.7463439786
2,0,2.1e-10,3.24219932966,27223.5800134674
2,0,1.7e-10,0.72171071986,53867.97195265079
2,0,1.9e-10,3.47582025777,1098.7388061044
2,0,1.9e-10,4.86189338108,25863.55834587229
2,0,1.8e-10,4.4352004065,6.592282139
2,0,1.7e-10,0.00246430284,44.7253177768
2,0,1.7e-10,5.48277957945,24602.61243487099
2,0,2.3e-10,4.43878616883,916.9322800554
2,0,1.7e-10,4.51884922337,636.7158925763
2,0,1.7e-10,1.6990904295,184.9879197867
2,0,1.6e-10,4.01284635822,3.881335358
2,0,1.9e-10,4.99623549098,7.4223635415
2,0,1.8e-10,2.31152779617,32.2433289144
2,0,1.7e-10,1.25157436898,152.7445908723
2,0,1.6e-10,1.12213372181,79330.20490191258
2,0,2e-10,1.75617954135,696.5196376166
2,0,1.7e-10,5.49705406575,526.9826521089
2,0,1.8e-10,4.58738050642,79315.97780791098
2,0,1.6e-10,1.56945304094,267.4737661858
2,0,1.7e-10,3.55351176831,600.5404103988
2,0,1.7e-10,2.31154641456,182.279606801
2,0,2.2e-10,1.53237346528,6.2197751235
2,0,2.1e-10,2.71350199726,286.596221297
2,0,2.2e-10,1.30917900414,76887.93562487679
2,0,1.7e-10,5.42837245904,537.7677199419
2,0,2e-10,1.57340365568,1166.4068576709
2,0,1.6e-10,3.30777698968,27573.1938482774
2,0,2.1e-10,3.15503951358,153084.84390447979
2,0,1.7e-10,0.68412522074,2744.4340526908
2,0,1.9e-10,4.1317589193,220.9339073006
2,0,1.7e-10,5.50445239257,52137.67324751059
2,0,1.8e-10,0.4370717664,62197.64356324779
2,0,1.9e-10,5.65622064409,778.4147831847
2,0,1.6e-10,5.80893325127,2435.155730035
2,0,1.9e-10,4.71487615393,130866.11389874699
2,0,2.1e-10,4.02549892208,141.4864422873
2,0,1.6e-10,1.06850165415,436.8931316145
2,0,1.6e-10,0.62904330584,319.5732633943
2,0,1.6e-10,0.38882783166,5.6290742925
2,0,1.6e-10,4.53135096192,28309.75977617119
2,0,1.9e-10,4.97195581426,163298.1294506908
2,0,1.7e-10,0.26609772175,214.9960164674
2,0,1.5e-10,6.01544571455,50903.1252575212
2,0,1.5e-10,1.77611950715,1049.0869894507
2,0,1.5e-10,0.94947396087,155887.52156313116
2,0,1.6e-10,5.41922843655,2228.9701815978
2,0,1.6e-10,1.95850844074,103498.41618454478
2,0,1.5e-10,1.44946241177,627.3671133418
2,0,1.8e-10,6.18538776686,576.1613880106
2,0,1.6e-10,2.01756151519,312.1990839626
2,0,1.5e-10,3.36560803567,61560.64729122359
2,0,2e-10,2.4326910069,505.3119427064
2,0,1.7e-10,1.75781825802,55638.05098901359
2,0,1.8e-10,4.71857780098,132028.58860315479
2,0,1.6e-10,5.70225976379,104358.2411251968
2,0,1.7e-10,2.2957862462,273.1028404783
2,0,1.8e-10,5.32449106801,1969.2006632438
2,0,1.9e-10,6.0982502564,760.25553592
2,0,1.6e-10,5.00130427149,176332.24614102798
2,0,1.5e-10,5.61342452402,491.5579294568
2,0,1.7e-10,2.00762224529,80174.90890793978
2,0,1.6e-10,3.55570458351,95.3885263868
2,0,1.5e-10,1.85651180492,52309.9153327334
2,0,1.7e-10,3.94668990411,0.9632078465
2,0,1.7e-10,0.27209841055,221.1634019642
2,0,1.5e-10,5.85519527755,6044.2285813754
2,0,1.5e-10,2.00349398121,532.3992780803
2,0,1.7e-10,4.97483387876,416.3032501375
2,0,1.5e-10,2.54331959767,988.532484885
2,0,1.7e-10,1.4830573241,102659.44689679438
2,0,1.5e-10,3.69020943763,731.9443602687
2,0,1.5e-10,2.05223117625,50689.82616208319
2,0,1.5e-10,5.20562567296,235900.50682626115
2,0,1.6e-10,4.67719181508,2.9207613068
2,0,1.4e-10,4.13325462242,193937.9860893238
2,0,1.8e-10,1.00894858228,421.93232443
2,0,1.5e-10,0.98715474942,292.0128472684
2,0,1.4e-10,3.48141058348,7.065362891
2,0,1.4e-10,0.4405922237,211.8628068395
2,0,1.4e-10,1.3074412893,214.7353840365
2,0,1.6e-10,5.0437435881,73.1852512744
2,0,1.4e-10,6.14971506999,241.6102710893
2,0,1.5e-10,1.04578298609,50007.0458008658
2,0,1.5e-10,4.77605690111,26830.8932021068
2,0,1.5e-10,2.86446650235,444.7574381407
2,0,1.4e-10,5.09441703249,133882.09065283637
2,0,1.4e-10,0.7326440916,50380.54783942739
2,0,1.4e-10,2.42647496893,2317.8358618148
2,0,1.4e-10,0.70147362527,1058.8606653274
2,0,1.6e-10,5.83322656205,81591.84508100279
2,0,1.4e-10,5.66142782541,282.4516197128
2,0,1.4e-10,0.14477892919,1070.4276304531
2,0,1.8e-10,2.31049190433,523.4711899711
2,0,1.4e-10,3.08712252242,135.5485514541
2,0,1.6e-10,2.56012166691,104344.98400739678
2,0,1.4e-10,0.38043611029,26247.2048763664
2,0,1.4e-10,2.14159626733,25928.601406782
2,0,1.8e-10,5.17633752146,535.9107402181
2,0,1.4e-10,1.96375670227,219.6618829134
2,0,1.6e-10,4.11900515617,418.5214360287
2,0,1.7e-10,1.90617951181,439.1283638482
2,0,1.3e-10,1.61003658474,27.0873353739
2,0,1.6e-10,2.2954009332,50910.238804522
2,0,1.8e-10,3.71589155069,45.2465826386
2,0,1.4e-10,4.21557167873,430.79097657
2,0,1.5e-10,0.23112413456,2655.5683724738
2,0,1.8e-10,0.25726617504,1151.4290041439
2,0,1.3e-10,1.39924383122,425.8474313506
2,0,1.6e-10,2.14443787663,53814.87580033639
2,0,1.4e-10,2.88257919019,78149.27013603736
2,0,1.6e-10,2.81982401926,203041.8930834414
2,0,1.4e-10,2.43371472113,429.5189521828
2,0,1.5e-10,4.50854313896,77616.69859140778
2,0,1.7e-10,4.36239429201,347.8844390456
2,0,1.3e-10,2.95502641054,125112.03959948818
2,0,1.3e-10,5.06401541079,617.8058857862
2,0,1.3e-10,0.04661077494,339.2864193365
2,0,1.4e-10,2.46383671446,35.4247226521
2,0,1.3e-10,2.63747376701,1585.8915015461
2,0,1.5e-10,0.38582816164,199.2844497575
2,0,1.4e-10,2.82070907634,52161.57918914679
2,0,1.6e-10,3.65694985324,638.4128136057
2,0,1.4e-10,6.00616793883,192.6921676185
2,0,1.2e-10,1.09784520065,19202.75325164339
2,0,1.4e-10,5.554502302,78378.1487134078
2,0,1.4e-10,0.09396317091,166.828672522
2,0,1.4e-10,1.64692338972,26076.8574413103
2,0,1.4e-10,0.8751089879,26098.9488418381
2,0,1.2e-10,0.84912804767,45290.65639321759
2,0,1.3e-10,5.17736473658,498.6714764576
2,0,1.6e-10,5.27893423231,51534.3927214094
2,0,1.3e-10,5.50576363446,1592.2542890215
2,0,1.4e-10,2.87981573153,20043.6745601988
2,0,1.5e-10,2.64799753677,945.2434557067
2,0,1.2e-10,2.17299880235,421.1815649046
2,0,1.4e-10,4.87931858618,36.7604375141
2,0,1.2e-10,5.35625751365,23439.44831610119
2,0,1.4e-10,0.36434746971,198489.9395863826
2,0,1.2e-10,2.38062047657,598.8434893694
2,0,1.3e-10,5.25472472921,103718.82882698359
2,0,1.4e-10,0.37482179977,7.1617311106
2,0,1.5e-10,5.0250137064,2168.7604822826
2,0,1.4e-10,0.92860467846,1550.939859646
2,0,1.2e-10,1.77909600497,46.470422916
2,0,1.3e-10,5.68468150971,32132.1317229496
2,0,1.3e-10,5.38865614891,35833.2236974308
2,0,1.5e-10,1.32940629775,205.4347889118
2,0,1.2e-10,5.97483232665,25984.1209529936
2,0,1.2e-10,2.83038535815,26191.68533015479
2,0,1.4e-10,3.16931627704,53265.515074342
2,0,1.2e-10,4.7718722843,938.1299087059
2,0,1.2e-10,4.37902547397,181659.72224941078
2,0,1.4e-10,2.41044769584,53399.624123927
2,0,1.4e-10,3.94138074971,147.1155165798
2,0,1.4e-10,5.69803666962,39.5056337615
2,0,1.5e-10,0.22782971575,1289.9465010146
2,0,1.2e-10,4.85232249551,53771.99272543299
2,0,1.2e-10,0.15450821256,43981.5309499398
2,0,1.2e-10,3.63916581155,24.3790223882
2,0,1.3e-10,3.53629828268,102755.42612401219
2,0,1.2e-10,4.35406626992,28199.55345495179
2,0,1.6e-10,4.42924935277,34082.4315835984
2,0,1.2e-10,2.47711415015,597.3590166611
2,0,1.2e-10,3.02030436898,51596.1186961496
2,0,1.3e-10,4.9711914119,52024.75861330549
2,0,1.3e-10,3.53530203976,173511.41499690176
2,0,1.1e-10,3.0769028375,52911.68279668019
2,0,1.1e-10,0.32804624048,70383.6202713836
2,0,1.5e-10,3.18025181635,50049.92887576919
2,0,1.5e-10,3.22392612987,103883.64757594238
2,0,1.2e-10,4.38568792647,527.9940440652
2,0,1.2e-10,3.09659037549,531.387886124
2,0,1.2e-10,2.3353600107,560.7104537316
2,0,1.3e-10,3.44611140023,208173.534167499
2,0,1.1e-10,0.60906260336,48713.5615772832
2,0,1.5e-10,6.03373462236,1639.069517188
2,0,1.4e-10,5.51224524188,25241.820306823
2,0,1.4e-10,5.7209534407,52755.49387014719
2,0,1.1e-10,5.6069456196,244.318584075
2,0,1.4e-10,0.48193051968,52041.69723356339
2,0,1.2e-10,0.83151252253,130363.24963659538
2,0,1.3e-10,3.89614170159,205.6642835754
2,0,1.1e-10,1.80047192955,33.1371007917
2,0,1.4e-10,1.19670750106,1059.903195051
2,0,1.1e-10,3.57268529306,104276.83096772949
2,0,1.2e-10,5.63836365571,101703.15774082378
2,0,1.2e-10,1.06185654246,90989.16285949759
2,0,1.5e-10,0.46435508259,150.5264049811
2,0,1.1e-10,1.25165027664,102769.65321801379
2,0,1.3e-10,4.66605634483,432.2272651685
2,0,1.1e-10,1.61020488121,57503.2823915312
2,0,1.1e-10,3.00609153228,2015.6710861598
2,0,1.3e-10,5.96769060739,52027.72755872209
2,0,1.3e-10,1.63784016727,78469.89497315978
2,0,1.1e-10,5.60057273842,210.3301500214
2,0,1.1e-10,3.81513615951,608.404716925
2,0,1.2e-10,0.73222820933,120.9913890524
2,0,1.1e-10,3.19330091388,528.2546764961
2,0,1.1e-10,4.28897738808,531.1272536931
2,0,1.1e-10,5.96339220303,20894.5360827764
2,0,1.3e-10,2.71291064284,27250.37784598199
2,0,1.2e-10,5.42728450538,51439.92976961659
2,0,1.2e-10,2.65321755374,52179.73843641149
2,0,1.1e-10,6.07804682582,206.9363079626
2,0,1.1e-10,2.46888718235,1148.2476104062
2,0,1.1e-10,5.94501754776,51.2057253312
2,0,1e-10,5.23866808164,427.3489504014
2,0,1.1e-10,1.86995093557,150.0844619964
2,0,1.1e-10,0.13380048704,50536.73676596039
2,0,1.4e-10,4.86804065893,378.6432952517
2,0,1.2e-10,0.94217302733,53757.76563143139
2,0,1e-10,1.2262117191,78339.97549599818
2,0,1.1e-10,3.31326356407,78800.51393681798
2,0,1.3e-10,3.59748191688,428.0826635843
2,0,1.1e-10,1.28291000987,209.1544938538
2,0,1e-10,2.68789421408,84944.9342781222
2,0,1.4e-10,6.24613692649,183145.012956114
2,0,1e-10,6.18871346175,154408.65498906677
2,0,1.1e-10,5.44812833329,636.9962720242
2,0,1e-10,1.98851340448,53093.73656913019
2,0,1e-10,1.36138347225,629.6023455755
2,0,1e-10,0.40978579418,125.9873238985
2,0,1.4e-10,1.36870962052,54344.56676543099
2,0,1e-10,3.90840385729,333.8559407694
2,0,1e-10,0.94586399547,641.41356173899
2,0,1e-10,5.79679358031,415.2918581812
2,0,1.1e-10,0.96041649146,78057.52387628538
2,0,1.4e-10,6.1536211142,1173.5204046717
2,0,1.2e-10,6.03701341811,26149.62911631439
2,0,1.2e-10,2.76820426669,26026.177166834
2,0,1.1e-10,2.43168682439,158746.17595363196
2,0,1.3e-10,2.40937624104,212.4053235607
2,0,1.3e-10,5.62184257913,214.1928673153
2,0,1e-10,2.80479558635,605.9570363702
2,0,1.1e-10,4.83636793377,91805.13062721379
2,0,1e-10,2.61011872081,6751.0408403458
2,0,1e-10,2.56668543311,1891.2376709388
2,0,1e-10,0.79218036562,91919.56991589899
2,0,1e-10,6.22635612142,867.4234757536
2,0,1.4e-10,1.69865910615,53124.98189211819
2,0,1.3e-10,5.94179661012,1041.2226829245
2,0,1e-10,0.45068933139,217.4436970222
2,0,1e-10,1.99206585078,77940.20400806518
2,0,1.3e-10,4.08389676067,50270.341518208
2,0,1.1e-10,3.68044220158,77520.71936418998
2,0,1e-10,3.15383743619,181.806526049
2,0,1.1e-10,3.70781443358,39763.43339365039
2,0,1e-10,5.7527432986,114.43928868521
2,0,1e-10,4.07002674149,405.2575498736
2,0,9e-11,1.01216637956,130593.29451835579
2,0,9e-11,0.36490625518,26513.8119180882
2,0,9e-11,2.15712612244,25661.9943650602
2,0,1.3e-10,3.18899327846,26161.20026743319
2,0,1.3e-10,5.61622440634,26014.60601571519
2,0,1e-10,0.86888264917,104991.50985261079
2,0,1e-10,5.95581190338,52061.40717623499
2,0,1e-10,4.42035362502,4371.8763667742
2,0,1.1e-10,4.00644107438,183674.70392120857
2,0,1e-10,3.59637305781,23384.2869868986
2,0,1.2e-10,5.84786866785,381.6122406683
2,0,9e-11,2.09284564023,1159.2933106701
2,0,1e-10,2.22671529337,333.657345044
2,0,1e-10,2.31187236025,546.956440482
2,0,1.2e-10,1.90077351195,52396.2189255872
2,0,9e-11,2.39902771912,103189.13786188899
2,0,1.3e-10,4.08385124235,76041.85279012559
2,0,1e-10,5.25684077542,431.264057322
2,0,9e-11,4.93035759424,156547.08861034497
2,0,9e-11,5.19425764887,28791.5192962498
2,0,1.2e-10,1.61460398653,738.7972748386
2,0,1e-10,5.40123990345,460.5384408198
2,0,9e-11,0.77711516175,130285.73689738619
2,0,9e-11,6.13900158212,25131.61398560359
2,0,1.1e-10,5.98671337291,4022.2625319642
2,0,1.1e-10,1.81020647842,19367.1891622328
2,0,9e-11,2.04038725108,104984.39630560997
2,0,9e-11,5.45614765496,76255.15188556358
2,0,1e-10,0.1440471685,155.7829722581
2,0,1.2e-10,3.14924236088,450.9772132642
2,0,9e-11,2.84521042237,31281.270200372
2,0,9e-11,4.03213133235,528.4671248172
2,0,9e-11,0.84632922145,51130.65144696079
2,0,1e-10,4.24458785082,19958.6061020676
2,0,1.1e-10,2.8862133405,28.3111756513
2,0,9e-11,0.39890242427,52797.55008398759
2,0,9e-11,4.1955540495,1165.6560981455
2,0,9e-11,5.81793329193,27360.58416720139
2,0,9e-11,3.81505771377,24844.41553989579
2,0,9e-11,4.99015997103,27331.3907432526
2,0,1e-10,5.97140853581,230239.17477710897
2,0,9e-11,2.46893459204,156314.1197540072
2,0,8e-11,3.46097740255,530.914805372
2,0,9e-11,0.04637931204,69.6737891366
2,0,9e-11,5.40753282752,754.0357607965
2,0,1.2e-10,1.38537383177,721.6494195302
2,0,9e-11,4.19100388815,0.5212648618
2,0,1.2e-10,3.4383170156,134.5853436076
2,0,9e-11,4.72240285304,465.9550667912
2,0,9e-11,3.70709245487,280.9671470045
2,0,8e-11,1.08719749627,38634.3850806572
2,0,8e-11,1.46946168036,131.5469622218
2,0,1.1e-10,4.12126538369,46046.5092436418
2,0,8e-11,1.73516019806,1056.4611688824
2,0,9e-11,5.45527892151,52190.03337714999
2,0,1e-10,0.06865542606,448.6895914038
2,0,8e-11,1.72917243692,192.8522263129
2,0,8e-11,4.46770744193,361.3778198643
2,0,8e-11,3.26923868189,405.9912630565
2,0,1.1e-10,0.11612223196,1020.025054274
2,0,1e-10,1.53707512245,391318.54712361295
2,0,8e-11,4.92087563189,313.2104759189
2,0,8e-11,3.81834546623,26933.9859763254
2,0,1e-10,5.47822459894,54060.70744656579
2,0,1e-10,4.32768014997,189.1807054807
2,0,8e-11,4.67907344342,79.889407998
2,0,8e-11,5.04946311938,464.7312265138
2,0,9e-11,1.71810953684,36.5366883449
2,0,9e-11,0.39954966213,65717.22748563958
2,0,9e-11,2.05541857581,2854.6403739102
2,0,8e-11,5.66324066149,53132.09543911899
2,0,9e-11,2.26575649117,22595.33157470459
2,0,8e-11,4.84240352586,244.791664827
2,0,1e-10,4.41832107849,381.3516082374
2,0,9e-11,4.01881898285,1485.2907067032
2,0,8e-11,0.89598602983,10681.2505365654
2,0,9e-11,5.61147436738,52171.87412988529
2,0,1e-10,2.20742015711,530.5847369719
2,0,1e-10,5.27485814485,528.7971932173
2,0,8e-11,5.37389235751,51876.67988887919
2,0,1e-10,2.64362358554,49.9966219042
2,0,1.1e-10,3.21752719962,28096.46068073319
2,0,1e-10,0.03803981577,118828.96374949679
2,0,8e-11,5.45338504662,77956.15180375299
2,0,8e-11,0.89135797231,52400.1510788503
2,0,8e-11,5.39721379669,1058.6311706638
2,0,8e-11,2.89181901651,54824.2611086214
2,0,9e-11,2.73227763941,29.2049475286
2,0,1e-10,1.50538632513,240452.46032331997
2,0,8e-11,4.63518203907,411.620337349
2,0,8e-11,5.27009439447,77741.13200662879
2,0,8e-11,5.13763418673,42790.9652750732
2,0,9e-11,2.19295323979,103.3534066495
2,0,8e-11,5.18381379645,462.0229135281
2,0,8e-11,2.79749742555,422.405405182
2,0,8e-11,3.13545736715,52489.992463018
2,0,8e-11,2.29664532419,156520.30530244438
2,0,8e-11,0.58781443842,17098.43543614181
2,0,7e-11,4.49316157626,52206.1331441528
2,0,8e-11,3.32979544985,533.8355666788
2,0,9e-11,2.69655297859,39.7293829307
2,0,7e-11,3.15085715061,50290.905119731
2,0,1e-10,2.92673152753,22065.64060961
2,0,7e-11,3.32680253166,521.8266585684
2,0,8e-11,1.07948674297,51112.49219969609
2,0,9e-11,0.57156355893,104454.70534051539
2,0,9e-11,1.0624824367,395.578702239
2,0,8e-11,2.09479344301,35077.37084700659
2,0,9e-11,4.89300038136,710.7467316182
2,0,8e-11,4.18600288174,525.5463635104
2,0,1e-10,1.9152999772,259.769518354
2,0,7e-11,4.15570065598,537.5552716208
2,0,8e-11,4.70706722263,120417.67842777158
2,0,7e-11,0.01886158971,233.7459645631
2,0,8e-11,4.83062968915,187167.2754880782
2,0,9e-11,2.82365374916,156507.7490885454
2,0,9e-11,3.91753991774,218.4069048687
2,0,8e-11,0.15958851658,1062.302691496
2,0,9e-11,3.13387610584,556.5176680376
2,0,7e-11,1.95813917019,1064.7985561606
2,0,7e-11,5.45465770137,51086.09749195479
2,0,8e-11,3.96538887746,149288.74325784517
2,0,8e-11,3.32202684341,112231.70171963578
2,0,9e-11,4.41737021309,76152.05911134499
2,0,7e-11,1.93378768698,1063.5747158832
2,0,7e-11,2.13361844991,233681.74972207437
2,0,7e-11,0.76923088178,104248.51979207818
2,0,8e-11,3.46520766649,77314.53381575279
2,0,7e-11,0.02649996061,29396.3690369546
2,0,7e-11,2.49553241701,22779.4372461938
2,0,7e-11,3.27297531111,412.5835451955
2,0,7e-11,4.38534662923,26290.15653674829
2,0,7e-11,4.41987105557,25885.64974640009
2,0,9e-11,1.25976113938,2957.7331481288
2,0,9e-11,2.68780752055,148.5999892881
2,0,8e-11,2.78415263682,1060.1326897146
2,0,7e-11,2.61068773535,216.2680408546
2,0,1e-10,4.95742849118,456.3938392356
2,0,9e-11,5.0012003607,2703.6161546756
2,0,8e-11,3.05834752866,329.7251917809
2,0,7e-11,1.46712503162,156740.7179448832
2,0,7e-11,1.743933041,420.4478517217
2,0,7e-11,3.06771631981,19.1224551112
2,0,8e-11,2.98540358627,78571.26704569219
2,0,8e-11,3.46227249114,2014.9816717978
2,0,9e-11,3.60323244194,24395.7374720718
2,0,7e-11,1.57299130322,52663.44103440259
2,0,8e-11,3.34291932325,102872.74599223239
2,0,9e-11,4.15307297121,24505.94379329119
2,0,7e-11,5.14819246138,52073.84376488279
2,0,7e-11,2.1064452898,149846.1939960456
2,0,8e-11,0.3277395065,214.9436268407
2,0,8e-11,1.4202940065,211.6545640353
2,0,8e-11,1.46996458441,149.0419322728
2,0,8e-11,3.84046364591,116.4260963429
2,0,7e-11,2.73815653722,77417.62658997139
2,0,7e-11,3.99043202484,1135.6768718932
2,0,7e-11,5.43372978042,229.9738699944
2,0,9e-11,4.16665868672,1201.831580323
2,0,9e-11,5.86657971342,56259.79478985279
2,0,7e-11,1.97658084158,212.4959462859
2,0,7e-11,6.0546379786,214.1022445901
2,0,8e-11,0.85401055465,73.88782669
2,0,8e-11,3.82539188135,75.6753704446
2,0,8e-11,0.16231496773,207114.15223730978
2,0,8e-11,0.71218709319,32808.6171209156
2,0,8e-11,2.15142736957,49.1787359017
2,1,0.00107803834,4.34964793883,52175.8062831484
2,1,0.00080645427,3.14159265359,0.0
2,1,0.00032715349,1.11763734425,78263.70942472259
2,1,8.858156e-05,4.16852401867,104351.61256629678
2,1,0.00011914707,1.2213998634,26087.9031415742
2,1,2.344469e-05,0.93615372641,130439.51570787099
2,1,8.99581e-06,5.84186105603,426.598190876
2,1,7.81374e-06,1.12961379685,206.1855484372
2,1,7.54896e-06,0.61971063691,220.4126424388
2,1,6.17838e-06,3.98693992284,156527.41884944518
2,1,6.02337e-06,1.6572793795,1059.3819301892
2,1,5.73209e-06,4.00090226715,522.5774180938
2,1,5.6126e-06,3.48683327339,536.8045120954
2,1,1.62955e-06,0.75452718043,182615.3219910194
2,1,1.02544e-06,1.87754373592,7.1135470008
2,1,7.3556e-07,5.08183519453,639.897286314
2,1,7.0135e-07,1.35447664024,24978.5245894808
2,1,8.7475e-07,0.09179540875,419.4846438752
2,1,6.3991e-07,1.1800029407,27197.2816936676
2,1,5.3968e-07,6.04113158324,433.7117378768
2,1,4.743e-07,2.1536037155,213.299095438
2,1,4.5623e-07,5.05685537615,529.6909650946
2,1,4.557e-07,1.94681756713,1589.0728952838
2,1,3.1681e-07,3.31608856533,1052.2683831884
2,1,4.3082e-07,3.80528844384,208703.2251325936
2,1,3.0502e-07,3.88955460744,1066.49547719
2,1,3.2033e-07,1.27787218108,149.5631971346
2,1,2.1415e-07,5.30131509744,316.3918696566
2,1,1.9019e-07,0.48946385175,227.5261894396
2,1,1.7706e-07,4.40634127417,51066.427731055
2,1,1.6126e-07,2.45017960628,110.2063212194
2,1,1.3279e-07,4.22577566721,53285.1848352418
2,1,1.5892e-07,4.206448352,76.2660712756
2,1,1.2413e-07,4.14057132118,515.463871093
2,1,1.3252e-07,3.5892518546,36.6485629295
2,1,1.1682e-07,1.76404497924,1109.3785520934
2,1,1.1796e-07,1.5017140908,632.7837393132
2,1,1.2488e-07,0.74887488462,39.6175083461
2,1,1.1615e-07,5.06524241164,20426.571092422
2,1,1.1421e-07,0.5728493752,234791.12827416777
2,1,1.0164e-07,0.6299231039,73.297125859
2,1,9.222e-08,1.25927718333,199.0720014364
2,1,8.663e-08,3.35360012494,543.9180590962
2,1,7.754e-08,1.44809853148,949.1756089698
2,1,7.691e-08,1.12086563927,103.0927742186
2,1,8.018e-08,3.73528031615,31749.2351907264
2,1,5.645e-08,4.44389731414,853.196381752
2,1,6.099e-08,3.8785602978,4551.9534970588
2,1,5.17e-08,0.37516758388,209.3669421749
2,1,5.081e-08,1.3905945573,217.2312487011
2,1,4.738e-08,4.97800929323,21535.9496445154
2,1,4.66e-08,0.15626149972,216.4804891757
2,1,4.553e-08,1.60431626596,210.1177017003
2,1,4.434e-08,5.4812729473,323.5054166574
2,1,4.881e-08,1.17454074876,77154.33087262919
2,1,4.307e-08,1.83017640372,46514.4742339962
2,1,4.146e-08,5.23355330351,647.0108333148
2,1,4.151e-08,1.93098926861,63.7358983034
2,1,4.46e-08,3.53571937802,25132.3033999656
2,1,5.058e-08,1.73136117173,14.2270940016
2,1,4.293e-08,2.71452907477,735.8765135318
2,1,4.037e-08,2.84879735121,27147.28507176339
2,1,3.784e-08,2.61021114752,14765.2390432698
2,1,3.952e-08,5.271398246,27043.5028831828
2,1,4.218e-08,2.70289062748,51116.4243529592
2,1,3.443e-08,2.77873462243,85.8272988312
2,1,3.299e-08,5.80945771947,26617.5941066688
2,1,3.302e-08,0.78944659795,11.0457002639
2,1,3.246e-08,4.47251198694,526.5095713569
2,1,3.18e-08,3.00772018402,532.8723588323
2,1,3.022e-08,3.11389766991,25558.2121764796
2,1,2.903e-08,3.22514351914,525.7588118315
2,1,2.896e-08,1.12069020939,117.3198682202
2,1,3.036e-08,3.62362220555,260879.03141574195
2,1,2.863e-08,4.25448918131,533.6231183577
2,1,2.928e-08,4.94900975921,26068.2333806744
2,1,2.838e-08,0.45959307618,202.2533951741
2,1,2.916e-08,3.86813577657,26107.57290247399
2,1,3.214e-08,2.23836425545,2118.7638603784
2,1,2.863e-08,2.16989496338,95.9792272178
2,1,2.398e-08,2.02069419116,26091.7844769322
2,1,2.392e-08,0.51342544634,26084.0218062162
2,1,2.07e-08,3.88639207621,30639.856638633
2,1,2.07e-08,6.19899610943,37410.5672398786
2,1,2.044e-08,3.86812530423,138.5174968707
2,1,1.977e-08,2.19636388255,742.9900605326
2,1,1.993e-08,0.93804934862,79373.087976816
2,1,1.852e-08,4.27634730838,1596.1864422846
2,1,1.9e-08,0.3831313306,956.2891559706
2,1,1.699e-08,1.87566644469,70.8494453042
2,1,1.864e-08,4.94267930925,47623.8527860896
2,1,1.583e-08,0.12078429237,9103.9069941176
2,1,1.574e-08,5.88839166356,955.5997416086
2,1,1.57e-08,2.80724611689,78.7137518304
2,1,1.493e-08,5.97213767442,440.8252848776
2,1,1.889e-08,3.40831424577,1581.959348283
2,1,1.517e-08,5.15214768135,19317.1925403286
2,1,1.406e-08,4.88025959589,72602.37737557039
2,1,1.467e-08,1.1900597896,74.7815985673
2,1,1.559e-08,2.97028792257,1045.1548361876
2,1,1.612e-08,2.13607398502,12566.1516999828
2,1,1.366e-08,1.71840454751,50586.73338786459
2,1,1.634e-08,2.40372122588,224.3447957019
2,1,1.228e-08,2.36966134706,52705.49724824299
2,1,1.329e-08,0.91947275142,26095.016688575
2,1,1.297e-08,1.6479315392,26080.78959457339
2,1,1.485e-08,1.42812285205,23869.1460373874
2,1,1.109e-08,5.9349642565,53235.18821333759
2,1,1.17e-08,3.92015942653,3442.5749449654
2,1,1.084e-08,3.70940677149,32858.61374281979
2,1,1.288e-08,1.12226805319,28306.66024576099
2,1,1.252e-08,0.25878403718,51220.20654153979
2,1,1.381e-08,4.22593487926,103242.2340142034
2,1,1.133e-08,4.77291959539,35.1640902212
2,1,1.057e-08,0.79522639484,309.2783226558
2,1,1.112e-08,2.89652371372,625.6701923124
2,1,9.97e-09,4.09313565437,1265.5674786264
2,1,9.64e-09,2.00174932268,53131.406024757
2,1,1.106e-08,4.94616537059,22645.32819660879
2,1,8.64e-09,5.66060639309,40853.142184844
2,1,8.58e-09,3.76385932364,27676.976036858
2,1,9.89e-09,6.14826697847,412.3710968744
2,1,8.58e-09,5.73806224669,25874.6040461362
2,1,8.24e-09,3.08049270116,26301.2022370122
2,1,8.83e-09,0.45084463736,11322.6640983044
2,1,8.09e-09,0.39136440746,286966.9345573162
2,1,8.82e-09,5.83304308882,41.1019810544
2,1,9.36e-09,2.99521995909,1169.5882514086
2,1,8.9e-09,0.5653272632,83925.0414738748
2,1,9.43e-09,0.21048093986,151.0476698429
2,1,7.71e-09,1.58200018736,942.062061969
2,1,8.38e-09,3.20685394363,36301.18868778519
2,1,7.45e-09,0.63676880132,56727.7597802072
2,1,7.26e-09,4.24035820533,6770.7106012456
2,1,7.32e-09,6.22212904751,18849.2275499742
2,1,7.15e-09,2.44570090401,43071.8992890308
2,1,7.62e-09,3.4341834437,1155.361157407
2,1,6.68e-09,1.71704627521,52156.1365222486
2,1,7.12e-09,1.82235727085,71.8126531507
2,1,7.33e-09,0.31521674193,39609.6545831656
2,1,7.02e-09,5.58423906419,15874.6175953632
2,1,7.18e-09,2.94974266304,77.7505439839
2,1,5.76e-09,0.68273915307,5661.3320491522
2,1,7.29e-09,1.68793748931,1162.4747044078
2,1,5.98e-09,5.40710232495,51646.11531805379
2,1,5.4e-09,2.73251678283,16983.9961474566
2,1,5.38e-09,5.07690787025,52179.6876185064
2,1,6.19e-09,6.13858968874,25028.521211385
2,1,6.65e-09,3.93109197005,29530.4780865396
2,1,5.04e-09,2.36012441072,277.0349937414
2,1,5.06e-09,5.24159135308,38654.05484155699
2,1,5.3e-09,3.36422519322,26514.5013324502
2,1,4.86e-09,5.53252452947,422.6660376129
2,1,4.73e-09,3.59055175449,110012.94461544899
2,1,4.87e-09,2.93506686309,63498.47038145279
2,1,5.22e-09,0.62912353695,52195.47604404819
2,1,4.54e-09,1.16197279913,1692.1656695024
2,1,4.41e-09,1.64790874543,98690.28051714458
2,1,5.34e-09,1.70054963408,2218.7571041868
2,1,4.35e-09,2.54548425009,33326.5787331742
2,1,4.76e-09,2.0791870257,51749.20809227239
2,1,4.35e-09,3.56264869714,52171.9249477904
2,1,4.01e-09,3.23464522849,7238.6755916
2,1,3.91e-09,3.73837604066,1073.6090241908
2,1,3.92e-09,5.3336519074,78793.40038981718
2,1,4.07e-09,4.44476287637,52168.69273614759
2,1,3.75e-09,0.35041804232,234.6397364404
2,1,3.68e-09,5.897533797,846.0828347512
2,1,3.73e-09,3.98254461376,415.5524906121
2,1,3.62e-09,0.42873204406,58946.51688439399
2,1,3.84e-09,5.6497651674,330.6189636582
2,1,3.59e-09,6.2330067052,62389.09182935939
2,1,3.43e-09,4.48711302652,860.3099287528
2,1,3.79e-09,5.70187484299,103292.23063610759
2,1,3.37e-09,3.18444650009,71.6002048296
2,1,3.27e-09,2.73153219856,79323.09135491178
2,1,3.94e-09,0.99378340812,129330.13715577759
2,1,3.24e-09,0.71684229879,423.4167971383
2,1,4.33e-09,1.36147512776,3.9321532631
2,1,3.87e-09,3.94846766008,52182.9198301492
2,1,3.26e-09,1.48465704932,77.962992305
2,1,3.98e-09,1.46527983526,1478.8665740644
2,1,3.15e-09,4.54497673319,76674.63652943878
2,1,3.16e-09,5.62533566974,429.7795846137
2,1,3.04e-09,3.9876164825,145.6310438715
2,1,3.24e-09,4.4825422632,49957.0491789616
2,1,3.52e-09,0.64575728139,2.9689454166
2,1,3.34e-09,2.48260797685,68050.42387851159
2,1,2.98e-09,4.99631840995,48733.23133818299
2,1,3.79e-09,4.15724883772,54394.56338733519
2,1,3.84e-09,4.55881127062,210.8514148832
2,1,3.8e-09,3.47993786173,215.7467759928
2,1,3.15e-09,3.35778860471,51535.90899683439
2,1,3.6e-09,2.88459167183,728.762966531
2,1,3.69e-09,3.28585153276,77308.10968311399
2,1,3.17e-09,1.92463402354,45405.0956819028
2,1,3.21e-09,2.67304207488,13655.8604911764
2,1,3.38e-09,4.31589716519,148.0787244263
2,1,2.55e-09,0.6871636125,437.6438911399
2,1,2.84e-09,3.67849455855,838.9692877504
2,1,2.63e-09,6.20975408266,52389.1053785864
2,1,2.35e-09,5.56250286661,51123.53789995999
2,1,2.34e-09,0.03317726903,223.5940361765
2,1,2.32e-09,3.67747292832,82815.66292178139
2,1,2.22e-09,4.29914928209,508.3503240922
2,1,2.23e-09,2.42466836013,66941.04532641819
2,1,2.16e-09,3.44223471965,313054.83769889036
2,1,2.27e-09,2.56475729469,2648.454825473
2,1,2.33e-09,3.30440847719,1272.6810256272
2,1,2.65e-09,1.64615612331,3.1813937377
2,1,2.26e-09,1.80631316423,32370.9789915656
2,1,2.78e-09,6.04510796667,51109.31080595839
2,1,1.98e-09,0.48439148557,53764.8791784322
2,1,1.98e-09,5.4586842193,69159.80243060499
2,1,1.98e-09,1.05088517434,50057.04242277
2,1,2.04e-09,2.4584864338,129380.13377768178
2,1,2.02e-09,2.90008957782,44937.1306915484
2,1,2.01e-09,4.46138168832,1375.7737998458
2,1,1.86e-09,0.34501313169,136100.84775702318
2,1,1.79e-09,2.1813544987,51962.5071877104
2,1,1.98e-09,6.24548788507,38519.945791972
2,1,1.75e-09,3.70186890404,105460.99111839019
2,1,1.81e-09,2.37018594067,88.865680217
2,1,1.7e-09,4.76480820754,78244.0396638228
2,1,1.74e-09,5.50628514595,94138.32702008578
2,1,1.99e-09,1.40110998613,430.5303441391
2,1,1.89e-09,0.25718944825,124.433415221
2,1,1.74e-09,5.22081710422,1368.660252845
2,1,1.67e-09,3.42353804022,1062.5633239269
2,1,1.58e-09,2.02200752968,64741.95798313119
2,1,1.52e-09,5.50666765279,160.6088973985
2,1,1.54e-09,3.11106938682,35191.8101356918
2,1,1.49e-09,5.55768086104,59414.4818747484
2,1,1.72e-09,0.02323350795,65.2203710117
2,1,1.54e-09,4.59717983879,519.3960243561
2,1,1.47e-09,0.13708317947,52602.4044740244
2,1,1.44e-09,4.84328699315,23754.70674870219
2,1,1.82e-09,0.69098340435,55618.3812281138
2,1,1.6e-09,0.13656742888,6681.2248533996
2,1,1.81e-09,5.38091227869,57837.1383323006
2,1,1.41e-09,0.43737121379,19804.8272915828
2,1,1.54e-09,1.8226039409,99799.65906923798
2,1,1.39e-09,3.64890818066,1055.4497769261
2,1,1.39e-09,4.62954456179,25973.46385288896
2,1,1.39e-09,4.17648511776,26202.34243025941
2,1,1.38e-09,4.30414447043,1258.4539316256
2,1,1.5e-09,0.38751874779,12432.0426503978
2,1,1.91e-09,2.30641502359,26727.8004278882
2,1,1.46e-09,5.94769996528,77734.01845962799
2,1,1.32e-09,5.18037129096,654.1243803156
2,1,1.36e-09,1.73632400099,203.0041546995
2,1,1.35e-09,1.84579237766,78267.59076008058
2,1,1.29e-09,3.00023369224,88476.99497093359
2,1,1.49e-09,5.86186493808,27154.3986187642
2,1,1.35e-09,4.6955170959,124778.18365871879
2,1,1.21e-09,4.88476463619,1063.3140834523
2,1,1.21e-09,4.65791065493,2125.8774073792
2,1,1.18e-09,3.20236689438,551.031606097
2,1,1.2e-09,2.88381733148,539.9859058331
2,1,1.21e-09,2.04673401184,104881.30353139139
2,1,1.17e-09,5.62340094017,26241.681952059
2,1,1.4e-09,4.29359662977,1056.2005364515
2,1,1.14e-09,3.20229489909,25934.1243310894
2,1,1.11e-09,4.11806246187,222.8603229936
2,1,1.11e-09,4.4334153307,28206.6670019526
2,1,1.33e-09,3.06193509061,22.0914005278
2,1,1.08e-09,0.12055562317,27140.17152476259
2,1,1.08e-09,4.0030090345,28421.0995344462
2,1,1.15e-09,2.44069966013,103821.92160120218
2,1,1.47e-09,5.7811859855,25661.3049506982
2,1,1.36e-09,1.56582531149,21.3406410024
2,1,1.44e-09,6.19128577365,299.1263942692
2,1,1.12e-09,4.03628252899,155418.04029735178
2,1,1.08e-09,1.67634660643,302.164775655
2,1,1.13e-09,0.89323533784,5327.4761083828
2,1,1.09e-09,3.54608692634,2111.6503133776
2,1,1.01e-09,1.41448120448,191.9584544356
2,1,1.01e-09,1.9462418693,25619.9381512198
2,1,1.36e-09,1.35835243002,1485.9801210652
2,1,1.03e-09,3.99533045688,2333.196392872
2,1,9.8e-10,0.58109085915,26555.8681319286
2,1,9.5e-10,3.83184038977,18.1592472647
2,1,1.18e-09,0.18946350402,7994.5284420242
2,1,9.4e-10,1.7480159064,87.3117715395
2,1,1.09e-09,0.03546800856,103396.01282468818
2,1,9.6e-10,4.82412903185,58458.88213313979
2,1,9.5e-10,1.17322458014,78256.59587772179
2,1,1.08e-09,4.5525576726,79219.3091663312
2,1,1.19e-09,3.20779882655,1574.8458012822
2,1,9.7e-10,5.79799018982,105410.99449648599
2,1,1.04e-09,3.38377920613,91785.46086631398
2,1,1.22e-09,4.9562733274,84.3428261229
2,1,9.7e-10,4.30891602532,217.964961884
2,1,9.3e-10,6.00441441624,33.6796175129
2,1,9e-10,4.81615242206,125887.56221081219
2,1,8.7e-10,1.75505290273,231.4583427027
2,1,9.7e-10,0.07381843439,72.3339180125
2,1,9e-10,3.89285886336,628.8515860501
2,1,8.4e-10,1.63978190741,74821.13447975718
2,1,8.3e-10,5.10540266957,24498.8302462904
2,1,8.3e-10,0.21041749661,77623.81213840858
2,1,8.9e-10,3.43002043997,1699.2792165032
2,1,9.8e-10,3.79443655655,71980.63357473118
2,1,8e-10,5.50123915378,155468.036919256
2,1,8.1e-10,1.24471501739,76044.9523205358
2,1,8e-10,5.99267916099,12.5301729722
2,1,8.1e-10,3.47273729856,26137.8997634784
2,1,8.7e-10,0.96769986532,80482.46652890938
2,1,8.1e-10,5.32947215471,26037.90651966999
2,1,7.8e-10,0.98498478741,73711.75592766379
2,1,8.6e-10,3.72646183478,208.633228992
2,1,1.05e-09,0.7133414562,78270.82297172339
2,1,7.6e-10,4.8873316164,9.5612275556
2,1,7.7e-10,4.73669756226,38.1330356378
2,1,1.04e-09,3.66342015283,78283.37918562238
2,1,7.6e-10,4.1894702217,288.0806940053
2,1,8.3e-10,1.92598112123,10213.285546211
2,1,8.9e-10,0.32104107901,78259.82808936459
2,1,7.7e-10,5.22885086883,18207.81398823521
2,1,9.6e-10,4.64169775712,203.7378678824
2,1,8.1e-10,2.33694388762,77211.44104153418
2,1,7.6e-10,5.1245373061,362.8622925726
2,1,8.2e-10,2.81119087789,77197.21394753258
2,1,7.6e-10,2.48257518078,1471.7530270636
2,1,7.5e-10,0.38132378506,525.0250986486
2,1,6.9e-10,2.64295754993,114.3991069134
2,1,6.8e-10,5.35287430069,153.4953503977
2,1,6.8e-10,5.70841220182,73.8183907208
2,1,6.7e-10,3.45611920251,85034.42002596818
2,1,7.1e-10,0.81628722181,534.3568315406
2,1,6.6e-10,2.25341317524,120226.23016165999
2,1,6.6e-10,3.38335740927,162188.75089859738
2,1,6.4e-10,5.24500232218,75.7448064138
2,1,7.1e-10,0.43788427177,108903.56606335558
2,1,6.4e-10,1.72668339565,51756.3216392732
2,1,6.6e-10,4.6069910944,42.5864537627
2,1,6.1e-10,1.32159131349,207.8824694666
2,1,6.1e-10,0.85156750769,102762.53967101299
2,1,5.9e-10,0.45173742414,218.7157214094
2,1,5.9e-10,5.95742231142,408.4389436113
2,1,8e-10,0.95243616639,41962.5207369374
2,1,6.7e-10,5.29778871808,152.5321425512
2,1,7.6e-10,4.82056450443,77.2292791221
2,1,6.3e-10,1.72943225747,79.2350166922
2,1,7.6e-10,3.02910585186,78477.00852016058
2,1,6.3e-10,5.48151873299,93028.94846799239
2,1,7.8e-10,4.97215052079,71492.99882347698
2,1,7.7e-10,2.34940739586,51742.09454527159
2,1,7.7e-10,2.23039388415,25565.3257234804
2,1,5.8e-10,0.20188459959,339142.7408404646
2,1,5.5e-10,1.48510731583,200.7689224658
2,1,5.5e-10,2.03729558857,340.7708920448
2,1,7.6e-10,0.68351123517,146.594251718
2,1,5.5e-10,3.39931628865,13521.7514415914
2,1,5.5e-10,3.95248458913,76144.94556434419
2,1,6e-10,3.68878783807,33967.99229491319
2,1,7.2e-10,1.86379528122,127.4717966068
2,1,6e-10,5.91873713879,71025.0338331226
2,1,5.6e-10,0.12827895263,117873.36400788819
2,1,5.5e-10,4.21946130925,51322.60990139639
2,1,5.5e-10,3.89290884441,831.8557407496
2,1,5.2e-10,1.07800540558,2008.557539159
2,1,5.3e-10,3.50270077624,79852.78232000639
2,1,5.1e-10,1.99163070525,225.8292684102
2,1,5.7e-10,5.68632410752,4.4534181249
2,1,5.4e-10,4.9279231409,78050.41032928458
2,1,5.8e-10,2.81154337799,64607.84893354619
2,1,5.9e-10,4.32589692662,618.5566453116
2,1,5.3e-10,0.59571673904,98068.53671630539
2,1,6.4e-10,3.86347940489,1685.0521225016
2,1,5.3e-10,3.04286367857,70.3281804424
2,1,5.9e-10,1.46294017673,2221.856634597
2,1,6.8e-10,0.28167911102,26610.48055966799
2,1,4.9e-10,5.08570479388,90829.86112470538
2,1,5.5e-10,5.75839561261,10021.8372800994
2,1,4.8e-10,2.75851599881,350.3321196004
2,1,5e-10,4.43499705514,131548.89425996438
2,1,5.1e-10,0.22846885309,210.3783341312
2,1,5.1e-10,1.50810894489,216.2198567448
2,1,6.2e-10,4.16798181151,1795.258443721
2,1,4.9e-10,4.34430964617,963.4027029714
2,1,5e-10,3.73696798374,81706.28436968799
2,1,5.7e-10,1.99845655428,26624.70765366959
2,1,4.8e-10,1.72165289468,46848.3301747656
2,1,5.2e-10,5.9753200218,142.4496501338
2,1,5.1e-10,5.4478945396,129909.82474277639
2,1,4.5e-10,3.23715580244,37.611770776
2,1,4.4e-10,2.92943406327,62.2514255951
2,1,5e-10,2.96247842378,1038.0412891868
2,1,4.4e-10,4.06912509984,524.2743391232
2,1,5.5e-10,2.67037457843,18093.37469954999
2,1,4.4e-10,1.10360628,38.6543004996
2,1,4.5e-10,1.53256570325,104331.94280539699
2,1,4.4e-10,3.4131531898,535.107591066
2,1,4.3e-10,3.2137548602,78690.30761559859
2,1,6e-10,2.46786657303,44181.27784112419
2,1,4.2e-10,3.2699949263,195.1398481733
2,1,4.2e-10,6.05032686,114564.89811250778
2,1,4.3e-10,2.09042966596,74.8934731519
2,1,4.3e-10,2.58927275174,74.6697239827
2,1,5e-10,0.24741236723,131.4039498699
2,1,4.9e-10,4.20329151784,207.6700211455
2,1,4.8e-10,0.71033320787,109.9456887885
2,1,5e-10,0.35287690462,25448.00585526019
2,1,5.2e-10,5.71954387859,39743.7636327506
2,1,4.3e-10,5.20907523109,103925.01437542078
2,1,3.9e-10,0.11315588432,1382.8873468466
2,1,3.9e-10,1.52015918184,22759.76748529401
2,1,3.8e-10,2.82768070464,703.6331846174
2,1,4e-10,1.29300189092,10.2949407385
2,1,4.7e-10,4.16294922404,7880.08915333899
2,1,4.6e-10,3.79813773531,218.9281697305
2,1,5.1e-10,0.64336380499,25551.09862947879
2,1,3.7e-10,1.54306065932,151975.46535238638
2,1,4.4e-10,3.24253086773,26521.614879451
2,1,5e-10,5.41249272242,50579.61984086379
2,1,3.7e-10,2.83593964107,511.5317178299
2,1,4.1e-10,5.42065925757,52815.7035694624
2,1,3.6e-10,1.60823257348,84546.78527471398
2,1,3.5e-10,4.28290669029,565.1156877467
2,1,3.5e-10,3.16352925954,25984.8103673556
2,1,4.2e-10,5.31330734899,25881.717593137
2,1,3.8e-10,1.94461159801,20760.4270331914
2,1,4e-10,3.45207563685,26294.08869001139
2,1,3.5e-10,4.65527976927,547.8502123593
2,1,4.1e-10,1.46373068876,150866.08680029298
2,1,3.9e-10,2.38629347866,490.3340891794
2,1,4.1e-10,2.59929301074,52329.58509363319
2,1,4.2e-10,3.87683640837,56.6223513026
2,1,3.3e-10,3.96639362427,750.1036075334
2,1,3.7e-10,4.69414299267,635.9651330509
2,1,3.3e-10,5.65242255825,26190.99591579279
2,1,4.3e-10,4.45960439238,26507.38778544939
2,1,3.5e-10,0.94458988495,157636.79740153858
2,1,3.8e-10,4.43072611572,483.2205421786
2,1,3.3e-10,5.49712174212,89586.37352302698
2,1,3.5e-10,3.11075553675,526.7702037878
2,1,3.3e-10,1.02557119665,29416.03879785439
2,1,3.7e-10,5.0561201247,130969.20667296558
2,1,3.5e-10,4.37175047624,532.6117264014
2,1,3.2e-10,0.81223636394,181505.94343892598
2,1,3.6e-10,4.90396980927,104355.49390165479
2,1,3.3e-10,2.20907300044,95247.70557217918
2,1,3.7e-10,0.1374321041,265.9892934775
2,1,3.1e-10,5.89336305342,447.9388318784
2,1,3e-10,3.64034430247,52643.7712735028
2,1,3.2e-10,3.07834718,129483.91596626239
2,1,3.2e-10,5.92360692203,50593.84693486539
2,1,3e-10,5.1524535306,209.106309744
2,1,3e-10,2.87235713038,217.491881132
2,1,3e-10,0.02207663615,92.940845832
2,1,3e-10,2.2677433391,181555.94006083018
2,1,3.9e-10,5.08202984393,1.4844727083
2,1,3.8e-10,0.97224853307,52.6901980395
2,1,3.1e-10,0.94422467729,52290.24557183361
2,1,3e-10,6.02102768353,105307.21230790539
2,1,2.8e-10,1.77462370325,80.1982245387
2,1,3.2e-10,3.17587486064,51639.00177105299
2,1,3e-10,2.65307578652,53242.3017603384
2,1,3.4e-10,5.07299879866,269.9214467406
2,1,3e-10,3.80765804617,77204.32749453338
2,1,2.8e-10,2.45238897056,107.0249274817
2,1,2.8e-10,1.18666538399,106.2741679563
2,1,2.8e-10,0.76476883745,54509.0026760204
2,1,3.1e-10,3.61860838672,424.1505103212
2,1,2.7e-10,2.79364979031,1279.794572628
2,1,3e-10,3.96649414762,25668.418497699
2,1,2.6e-10,1.39174885866,52061.36699446317
2,1,2.7e-10,3.23525952036,1802.3719907218
2,1,2.6e-10,5.17584348971,29428.515568274
2,1,3.1e-10,1.42512028038,26941.0995233262
2,1,2.7e-10,4.24057714278,1898.3512179396
2,1,2.5e-10,3.82482687733,22747.2907148744
2,1,2.6e-10,0.12161666654,26237.46633870879
2,1,2.9e-10,3.76445788944,104358.72611329758
2,1,2.9e-10,2.57759749899,131498.89763806018
2,1,2.4e-10,1.15377636817,54294.57014352679
2,1,2.3e-10,5.31248405128,146314.13330323418
2,1,2.4e-10,2.14828351418,25035.6347583858
2,1,2.3e-10,6.2808209037,650.9429865779
2,1,2.3e-10,4.99790910102,137.0330241624
2,1,2.3e-10,3.28519702781,35.685355083
2,1,2.3e-10,3.51522402665,42153.969003049
2,1,2.5e-10,2.81295161547,25021.4076643842
2,1,2.3e-10,3.16185186674,143961.2671494624
2,1,2.3e-10,3.28897425519,28.5718080822
2,1,2.2e-10,5.433328627,337.732510659
2,1,2.6e-10,0.16015479279,27684.0895838588
2,1,2.3e-10,0.76234430512,85502.38501632259
2,1,2.3e-10,1.93214715353,130012.91751699499
2,1,2.3e-10,5.16035150168,2.4476805548
2,1,2.3e-10,4.82793901796,643.0786800517
2,1,2.4e-10,5.25759177705,1361.5467058442
2,1,2.1e-10,4.22606773111,104344.49901929598
2,1,2.2e-10,1.70327289493,934.9485149682
2,1,2.1e-10,4.30403088752,102132.85546210999
2,1,2.3e-10,2.98215154259,284.1485407422
2,1,2.3e-10,4.82095240983,77844.22478084739
2,1,2.3e-10,6.09848080953,61279.713277266
2,1,2.4e-10,5.43301943304,52026.2430860138
2,1,2.6e-10,6.08383182078,13362.4497067992
2,1,2.8e-10,5.39827333268,103299.34418310839
2,1,2.4e-10,4.50083076815,191.2076949102
2,1,2.1e-10,3.65808766486,124156.43985787958
2,1,2.1e-10,1.05341004601,40.5807161926
2,1,2.3e-10,5.40550001829,77829.99768684579
2,1,2.1e-10,0.15049062299,188276.6540401716
2,1,2.1e-10,1.35819574535,525.4981794006
2,1,2.4e-10,3.3780906115,540.7366653585
2,1,2.5e-10,5.09676204562,96.8729990951
2,1,2e-10,3.97670500643,251.4321310758
2,1,2.7e-10,4.6354848521,1905.4647649404
2,1,2.4e-10,3.34248986355,219.4494345923
2,1,1.9e-10,2.08327707784,52125.80966124419
2,1,1.9e-10,0.39572623459,49527.35145767539
2,1,2e-10,5.86539829358,103285.11708910679
2,1,1.9e-10,3.3804949789,103711.71527998279
2,1,1.9e-10,1.29742572058,99.1606209555
2,1,1.9e-10,1.62343185954,3328.13565628019
2,1,2e-10,1.96622391594,81.8951455681
2,1,2.2e-10,6.13349712417,104564.91166173479
2,1,2.5e-10,4.72474160158,24864.08530079559
2,1,2.2e-10,2.04754590576,114.1384744825
2,1,2.1e-10,1.75089409332,97580.90196505119
2,1,1.9e-10,3.21617188609,53228.07466633679
2,1,2.1e-10,5.89651875201,344.7030453079
2,1,1.8e-10,0.4131292737,479.2883889155
2,1,2.4e-10,4.07017150249,27311.72098235281
2,1,1.9e-10,0.01409672971,115674.27666460119
2,1,1.8e-10,1.05659266627,47.6942631934
2,1,2.1e-10,0.42232709112,104371.28232719658
2,1,1.9e-10,1.03948249798,113.3877149571
2,1,1.8e-10,3.95444821177,106570.36967048359
2,1,1.8e-10,5.36139144851,66.70484372
2,1,1.7e-10,2.91822171111,235.3904959658
2,1,2.2e-10,3.48072739991,134991.4692049298
2,1,1.8e-10,5.53310135976,436.8931316145
2,1,1.6e-10,1.01452476805,77410.51304297059
2,1,1.9e-10,3.35287626013,52698.38370124219
2,1,1.6e-10,4.1320556387,1603.2999892854
2,1,1.7e-10,5.48950262612,909.8187330546
2,1,1.7e-10,1.53003869474,104138.31347085879
2,1,1.8e-10,5.3968156082,358.9301393095
2,1,1.7e-10,6.15299165414,533.8837507886
2,1,1.6e-10,2.76299512297,12546.481939083
2,1,1.6e-10,3.68087340604,1788.1448967202
2,1,1.9e-10,4.72886285917,207.1487562837
2,1,1.5e-10,4.67333162818,100909.03762133139
2,1,1.8e-10,2.57871349196,67.6680515665
2,1,1.7e-10,3.83900403821,497.4476361802
2,1,1.7e-10,5.84159114613,417.0369633204
2,1,1.8e-10,2.36207795372,131395.11544947958
2,1,1.6e-10,5.51525513218,25867.49049913539
2,1,1.6e-10,0.1425742239,60055.89543648739
2,1,1.5e-10,1.2287044846,65697.55772473979
2,1,1.6e-10,3.31067179278,26308.315784013
2,1,2.1e-10,4.56372121432,11610.5519583742
2,1,2e-10,3.01802641783,51543.0225438352
2,1,1.7e-10,3.21776480838,51528.79544983359
2,1,1.4e-10,4.20789843971,175.1660598002
2,1,1.5e-10,6.06025379954,26164.1692128498
2,1,2e-10,4.28247273571,45494.58142974879
2,1,1.5e-10,3.58225207772,220.4608265486
2,1,1.4e-10,2.95737593819,3178.1457905676
2,1,1.9e-10,2.18136203189,155997.72788435058
2,1,1.7e-10,2.13417847261,76667.52298243798
2,1,1.4e-10,0.57687637914,416.3032501375
2,1,1.7e-10,4.45257505087,3340.6124266998
2,1,1.5e-10,5.66819746086,146.3818033969
2,1,1.8e-10,2.25020745189,119116.85160956658
2,1,1.9e-10,1.98725402688,554.0699874828
2,1,1.6e-10,4.97934330897,52712.61079524379
2,1,1.7e-10,5.06532306406,49842.60989027639
2,1,1.4e-10,6.04847951703,90695.75207512038
2,1,1.4e-10,2.61946078132,99.9113804809
2,1,1.4e-10,3.4383659576,518.6452648307
2,1,1.4e-10,2.00566016514,44295.7171298094
2,1,1.4e-10,3.89737183526,183724.7005431128
2,1,1.4e-10,3.18665999637,27999.1026247914
2,1,1.9e-10,3.37998775559,104347.73123093879
2,1,1.5e-10,0.17179065008,52225.8029050526
2,1,1.8e-10,2.68126129305,97112.93697469679
2,1,1.5e-10,3.20359726329,128850.44281258718
2,1,1.6e-10,5.81395988324,52099.5402118728
2,1,1.4e-10,3.65383778432,1049.0869894507
2,1,1.4e-10,1.85956386315,116917.76426627958
2,1,1.5e-10,3.25430509963,365230.6439820388
2,1,1.3e-10,5.63989609373,24176.703658357
2,1,1.4e-10,3.14536047801,111590.2881578968
2,1,1.4e-10,5.20815151417,25953.79409198919
2,1,1.4e-10,3.58473930386,351.8165923087
2,1,1.3e-10,4.58713099926,178063.3684939606
2,1,1.4e-10,3.09174780856,429.0458714308
2,1,1.4e-10,0.49361194238,107794.1875112622
2,1,1.5e-10,0.24966144265,105940.68546158058
2,1,1.4e-10,3.58612114877,26222.0121911592
2,1,1.6e-10,1.89603210492,404.5067903482
2,1,1.4e-10,4.23117767971,181.0557665236
2,1,1.5e-10,4.47532653098,40565.2543247742
2,1,1.5e-10,5.51517239045,4.665866446
2,1,1.3e-10,0.38270943937,636.7158925763
2,1,1.5e-10,6.00200377172,27669.86248985719
2,1,1.3e-10,4.88852328329,14477.3511832
2,1,1.4e-10,3.79902684902,245.5424243524
2,1,1.3e-10,5.65675422016,82.8583534146
2,1,1.2e-10,2.67513147421,76681.75007643958
2,1,1.2e-10,4.62759446539,72936.23331633979
2,1,1.2e-10,3.92223202416,16066.0658614748
2,1,1.3e-10,2.82189216105,140652.80125408198
2,1,1.2e-10,6.06250888369,52072.71350892979
2,1,1.5e-10,3.45337214515,77837.11123384659
2,1,1.3e-10,3.69737120977,501.3797894433
2,1,1.3e-10,3.82545867862,205.2223405907
2,1,1.2e-10,4.39382701202,867.4234757536
2,1,1.4e-10,2.72526558025,38813.3565763492
2,1,1.3e-10,2.07858336172,145.1097790097
2,1,1.2e-10,4.67458570991,110634.68841628819
2,1,1.2e-10,0.55371302918,102232.84870591838
2,1,1.1e-10,2.00033237383,36109.7404216736
2,1,1.1e-10,6.02905899204,131.5469622218
2,1,1.1e-10,3.70434496261,2214.7430875962
2,1,1.1e-10,1.10539607022,26198.1094627936
2,1,1.4e-10,5.75250501205,78417.48823520739
2,1,1.2e-10,0.46344500005,45892.73043315699
2,1,1.2e-10,3.18799737238,14.977853527
2,1,1.2e-10,3.62733339243,31415.379249957
2,1,1.1e-10,0.14540231257,111122.32316754239
2,1,1.1e-10,6.27463466728,104778.21075717278
2,1,1.1e-10,0.88747625993,211.8146227297
2,1,1.1e-10,1.42069515516,25977.69682035479
2,1,1.1e-10,6.17305766602,39629.32434406539
2,1,1.1e-10,2.54959001341,51969.62073471119
2,1,1.5e-10,1.08931229419,32769.1279949738
2,1,1e-10,4.00452085532,55503.94193942859
2,1,1.2e-10,4.58411493514,130419.8459469712
2,1,1e-10,2.67518472775,121.2520214833
2,1,1e-10,4.32081630166,214.0498549634
2,1,1.1e-10,2.95045626847,141762.17980617538
2,1,1.2e-10,4.08903506366,198.321241911
2,1,1e-10,3.21317176695,2104.5367663768
2,1,1.3e-10,5.16720446526,70269.18098269838
2,1,1e-10,5.01492480888,28736.3579670472
2,1,1.3e-10,3.04628805544,721.6494195302
2,1,1e-10,5.85525484044,405.2575498736
2,1,1.3e-10,5.70406073241,25654.19140369739
2,1,1e-10,0.95353223766,444.7574381407
2,1,1e-10,4.44991640752,289.5651667136
2,1,1.1e-10,1.96513444262,108.4612160802
2,1,1e-10,2.2346664937,78903.60671103658
2,1,1.1e-10,4.54905670073,206.1373643274
2,1,1e-10,6.22843606515,170049.1702910366
2,1,1e-10,1.45962507451,643.8294395771
2,1,1e-10,5.31334628497,207643.8432024044
2,1,9e-11,5.82248345678,152.7445908723
2,1,1.2e-10,4.98783133373,26395.46076254379
2,1,1.2e-10,3.81738635107,25780.3455206046
2,1,9e-11,3.76555090929,212.5483359126
2,1,1.2e-10,2.61068546931,26724.8994135984
2,1,1.2e-10,6.19453221549,25450.90686955
2,1,9e-11,4.05684885963,51219.51712717779
2,1,9e-11,6.12208983529,155571.81910783658
2,1,9e-11,0.52740652256,177.8743727859
2,1,9e-11,0.41261244956,78731.674415077
2,1,9e-11,3.37901002476,275.5505210331
2,1,1.2e-10,0.71134314907,25446.4895798352
2,1,1.2e-10,1.81068922855,26729.31670331319
2,1,9e-11,6.2238335737,140.001969579
2,1,1e-10,2.47468110683,65831.6667743248
2,1,9e-11,0.40952403441,16703.062133499
2,1,1e-10,0.04924916522,604.4725636619
2,1,9e-11,0.89636070253,112.9146342051
2,1,9e-11,4.90697568305,51707.84129279399
2,1,9e-11,3.85732708279,207593.8465805002
2,1,1e-10,5.90599957866,33.9402499438
2,1,9e-11,4.96561807224,156100.82065856917
2,1,1e-10,5.00030882649,319.5732633943
2,1,1e-10,5.60951690643,69.1525242748
2,1,1.1e-10,2.14229269933,2015.6710861598
2,1,9e-11,3.75776745639,1911.1994832172
2,1,1.2e-10,3.62719609541,842.1506814881
2,1,1.2e-10,4.51598356731,176953.98994186718
2,1,1.1e-10,3.03748956531,12725.453434775
2,1,1e-10,3.83093061667,1592.2542890215
2,1,1e-10,2.06240666657,373.9079928365
2,1,9e-11,0.04073004429,52609.51802102519
2,1,9e-11,1.91710703544,55516.4187098482
2,1,1e-10,0.8197298016,52022.0274726636
2,1,8e-11,4.36451680511,52182.4348420484
2,1,1.1e-10,1.79573927984,157057.10981453978
2,1,1e-10,0.38285944104,52381.99183158559
2,1,8e-11,4.10335886056,1148.2476104062
2,1,9e-11,0.42800870352,561.934294009
2,1,9e-11,4.83864149352,19.66976089979
2,1,8e-11,0.9485239307,32.1951448046
2,1,8e-11,4.13055580345,1585.1407420207
2,1,8e-11,2.55201196235,81.7521332162
2,1,8e-11,4.79233550623,27177.6119327678
2,1,8e-11,4.01288217857,24998.19435038059
2,1,8e-11,3.03880062155,629.6023455755
2,1,8e-11,1.18973384884,248.7238180901
2,1,8e-11,2.85801662646,26720.68688088739
2,1,8e-11,4.45302946532,5.9378908332
2,1,9e-11,4.7926961855,414.0680179038
2,1,1e-10,2.61596011042,436.1594184316
2,1,8e-11,0.94778655827,214.7835681463
2,1,1e-10,1.31103197356,454.9093665273
2,1,8e-11,4.56240457496,48847.6706268682
2,1,8e-11,4.61033798635,42.3258213318
2,1,8e-11,2.75059975447,98.8999885246
2,1,1e-10,1.02582111721,297.6419215609
2,1,8e-11,0.38701534981,13541.42120249119
2,1,9e-11,5.65248521015,621.7380390493
2,1,8e-11,0.64686923791,159.1244246902
2,1,7e-11,4.05705631944,576.1613880106
2,1,8e-11,4.10511816483,1223.81784077861
2,1,8e-11,3.92242352986,2001.4439921582
2,1,7e-11,0.36409349149,68241.8721446232
2,1,7e-11,0.2591288254,320.3240229197
2,1,8e-11,1.38258172759,52595.29092702359
2,1,8e-11,0.52005477263,130446.62925487179
2,1,7e-11,1.77349206529,50696.93970908399
2,1,8e-11,1.14800859952,355.7487455718
2,1,7e-11,2.15288626818,30.0562807905
2,1,7e-11,6.13248181563,427.5613987225
2,1,9e-11,1.66361806448,130443.39704322898
2,1,7e-11,3.90217030714,2228.9701815978
2,1,7e-11,5.21901491319,2655.5683724738
2,1,7e-11,0.736150496,209812.60368468694
2,1,9e-11,1.2313460087,52169.17772424839
2,1,7e-11,2.07118222069,172402.0364448084
2,1,8e-11,0.79426105202,327.4375699205
2,1,7e-11,4.59822415945,278.5194664497
2,1,8e-11,5.63930068564,458.8415197904
2,1,7e-11,0.43203382811,528.9402055692
2,1,7e-11,0.76705916667,530.44172462
2,1,8e-11,4.4609944709,1585.8915015461
2,1,7e-11,1.93763204899,35472.7441496494
2,1,7e-11,1.48249068512,27044.1922975448
2,1,9e-11,2.20436298259,31.019488637
2,1,7e-11,0.42254434487,150244.3429994538
2,1,9e-11,2.36048752326,26734.913974889
2,1,7e-11,3.18648827109,52325.36948028299
2,1,7e-11,2.71750635954,1158.5425511447
2,1,7e-11,2.24046065624,9384.8410080752
2,1,7e-11,5.2557002484,20.6069278195
2,1,7e-11,3.8134064649,80596.9058175946
2,1,7e-11,2.40405222005,425.6349830295
2,1,6e-11,2.21280392322,52278.89905736699
2,1,7e-11,3.50836604374,431.264057322
2,1,8e-11,2.16932671663,129387.24732468258
2,1,8e-11,1.13965005489,25234.70675982219
2,1,8e-11,6.21586114247,77726.90491262719
2,1,7e-11,1.75300700374,953.1077622329
2,1,6e-11,5.7178263896,79330.20490191258
2,1,6e-11,0.3331434428,1048.3362299253
2,1,7e-11,3.99442191803,78378.1487134078
2,1,6e-11,4.54559452887,601.7642506762
2,1,6e-11,2.89252113944,69.3649725959
2,1,7e-11,4.76015023992,558.0021407459
2,1,8e-11,3.66343793703,228.276948965
2,1,6e-11,2.63385868818,129373.02023068098
2,1,7e-11,0.06529608191,26162.6847401415
2,1,7e-11,4.41204133594,221.3758502853
2,1,6e-11,2.40738361691,1165.6560981455
2,1,6e-11,0.01573246447,8.0767548473
2,1,6e-11,1.55390090257,51013.33157874059
2,1,6e-11,3.2921930899,75615.25459924959
2,1,7e-11,5.23140732853,157483.01859105378
2,1,6e-11,1.96764604578,295.0512286542
2,1,6e-11,2.46763974875,26013.1215430069
2,1,7e-11,1.9622701148,45.2465826386
2,1,6e-11,6.0305949588,137678.191299471
2,1,6e-11,0.15099417807,241.7532834412
2,1,6e-11,2.93834812676,130652.81480330898
2,1,6e-11,0.41129479661,313.2104759189
2,1,7e-11,6.1493584843,77630.92568540938
2,1,6e-11,3.9580257192,1159.2933106701
2,1,6e-11,4.96304042103,25508.2155545754
2,1,6e-11,3.84217726377,26667.590728573
2,1,6e-11,4.49803481526,186.2117600641
2,1,6e-11,0.29225742955,6885.14988993081
2,1,6e-11,5.79072032919,983.1158589136
2,1,6e-11,6.01412605038,128.9562693151
2,1,6e-11,2.1807916213,103917.90082841998
2,1,8e-11,5.64484638063,157586.80077963436
2,1,7e-11,2.79563557161,421.93232443
2,1,6e-11,4.16879920974,80382.47328510099
2,1,6e-11,0.66117422106,34282.1784747828
2,1,6e-11,2.07270670843,23.5758732361
2,1,7e-11,3.20892469724,214364.55718174577
2,1,7e-11,2.7950844759,25754.0472008048
2,1,7e-11,6.0101332089,26421.7590823436
2,1,7e-11,6.04497108744,230.7075831773
2,1,6e-11,4.43814061291,78149.27013603736
2,1,5e-11,5.60856067263,50064.15596977079
2,1,6e-11,0.5199222747,80.7194894005
2,1,6e-11,1.06133168572,128220.75860368418
2,1,5e-11,3.16289590584,387.2413149608
2,1,7e-11,3.26944287136,6283.0758499914
2,1,6e-11,1.37475809876,2538.2485042536
2,1,6e-11,2.72954939538,426.6463749858
2,1,6e-11,3.54269187319,494.2662424425
2,1,5e-11,4.4888601566,130226.21661243298
2,1,6e-11,0.16815043613,421.1815649046
2,1,5e-11,1.19100214631,92.0470739547
2,1,5e-11,4.53664008849,1251.3403846248
2,1,6e-11,4.78075047395,123668.80510662538
2,1,6e-11,2.73998495017,68.5618234438
2,1,5e-11,3.64390526925,1166.4068576709
2,1,6e-11,1.55322241284,35.212274331
2,1,5e-11,1.80435428469,1041.2226829245
2,1,6e-11,5.50205577201,89.7594520943
2,1,5e-11,3.38712516669,44.070926471
2,1,6e-11,3.05256935232,188.9200730498
2,1,5e-11,5.89140407331,102769.65321801379
2,1,6e-11,4.23283059947,1891.2376709388
2,1,5e-11,2.50213086189,19406.6782881746
2,1,6e-11,1.60825783072,103932.12792242158
2,1,6e-11,0.24754368045,161079.37234650398
2,1,5e-11,2.18932379818,46.2097904851
2,1,6e-11,3.54848918635,86143.79857806159
2,1,5e-11,4.46609874857,162.0933701068
2,1,5e-11,0.66097382878,205.4347889118
2,1,7e-11,5.68676720253,64901.25971792339
2,1,5e-11,5.21179771886,1593.0050485469
2,1,6e-11,6.23379482805,5.4166259714
2,1,5e-11,5.11989980868,78213.71280281838
2,1,6e-11,5.18848518823,182085.63102592478
2,1,6e-11,0.59952467665,51653.22886505459
2,1,5e-11,5.44401843923,102755.42612401219
2,1,5e-11,6.0334632476,505.3119427064
2,1,6e-11,1.1577208934,8194.2753332086
2,1,5e-11,2.17367426894,916.9322800554
2,1,5e-11,0.64013502451,29.2049475286
2,1,5e-11,3.51363623564,1080.7225711916
2,1,5e-11,4.97953496675,14.0146456805
2,1,5e-11,0.51698818497,88.7962442478
2,1,5e-11,4.08794365187,154.0166152595
2,1,5e-11,2.79015937613,41.0537969446
2,1,5e-11,5.87885246993,439.1283638482
2,1,5e-11,0.85038224536,53399.624123927
2,1,5e-11,2.42671724536,27780.06881107659
2,1,6e-11,2.5129912873,347.8844390456
2,1,5e-11,5.22476504934,26402.0893214438
2,1,5e-11,3.58045263546,25773.71696170459
2,1,5e-11,2.42996301937,25938.3399444396
2,1,5e-11,0.01470040312,77616.69859140778
2,1,6e-11,4.89665330264,512.2824773553
2,1,5e-11,3.49486880744,778.4147831847
2,1,6e-11,4.8950493376,50049.92887576919
2,1,6e-11,1.891867256,2751.5475996916
2,1,5e-11,1.40593163243,134.5853436076
2,1,5e-11,1.9958621471,17893.6278083656
2,1,5e-11,4.97045994829,237.6781178262
2,1,4e-11,6.00566134496,167850.0829477496
2,1,6e-11,5.77707621428,154938.34595416137
2,1,4e-11,4.40910062645,672.1406152284
2,1,5e-11,4.30539423988,50.4025761791
2,1,4e-11,5.19254582564,312.4597163935
2,1,5e-11,3.26128860166,1069.6768709277
2,1,4e-11,0.97602564752,130432.40216087017
2,1,4e-11,0.40741730958,51852.30086649099
2,1,6e-11,3.60171276442,696.5196376166
2,1,5e-11,3.45043381496,498.6714764576
2,1,5e-11,1.35488481256,204151.27163553477
2,1,6e-11,5.81420130998,426.5500067662
2,1,4e-11,3.67345614971,636.9962720242
2,1,4e-11,2.74223078461,116783.65521669458
2,1,4e-11,4.24223135959,68.8437077341
2,1,5e-11,1.92308153633,945.9942152321
2,1,5e-11,2.74366605427,39450.3528483734
2,1,5e-11,4.39801286539,54.1746707478
2,1,4e-11,1.23165526523,51955.39364070959
2,1,4e-11,4.09127907081,103498.41618454478
2,1,4e-11,5.10290768552,33.1371007917
2,1,4e-11,3.11218759329,710.7467316182
2,1,4e-11,2.37045324906,45290.65639321759
2,1,5e-11,0.0689526743,52396.2189255872
2,1,4e-11,2.51922309877,679.2541622292
2,1,5e-11,5.14267536259,300.6108669775
2,1,4e-11,2.5635462379,104505.39137678158
2,1,5e-11,5.710324521,123200.84011627098
2,1,5e-11,4.03184405759,560.7104537316
2,1,4e-11,0.59460014711,28791.5192962498
2,1,4e-11,1.92743223051,23384.2869868986
2,1,5e-11,4.5266907284,53029.0026649004
2,1,5e-11,4.5250382582,305.3461693927
2,1,4e-11,4.7437243047,1070.4276304531
2,1,4e-11,0.63523381995,152.0108776894
2,1,4e-11,1.81268637965,26823.77965510599
2,1,4e-11,0.70934599797,25352.02662804239
2,1,4e-11,3.53975344268,133882.09065283637
2,1,5e-11,1.8011280027,600.5404103988
2,1,4e-11,4.57704452507,849.2642284889
2,1,4e-11,3.01935498774,50483.640613646
2,1,4e-11,1.91608807989,81.0013736908
2,1,4e-11,2.01334717451,183570.921732628
2,1,4e-11,3.22384434044,53771.99272543299
2,1,4e-11,3.39351596474,746.9222137957
2,1,4e-11,5.13064710784,611.4430983108
2,1,5e-11,0.54073458961,182.279606801
2,1,5e-11,5.28711139263,145204.75475114078
2,1,4e-11,1.3486269553,27170.98337386779
2,1,4e-11,1.17340542232,25004.8229092806
2,1,4e-11,4.13404557998,757.2171545342
2,1,4e-11,2.62733309764,312.1990839626
2,1,4e-11,0.14217969958,78786.28684281638
2,1,4e-11,4.12169541877,2317.8358618148
2,1,4e-11,0.47183936992,2324.9494088156
2,1,5e-11,1.84426394169,26709.6469424134
2,1,5e-11,0.67776843593,25466.159340735
2,1,5e-11,3.75152504592,835.0371344873
2,1,5e-11,1.25657099336,32132.1317229496
2,1,4e-11,4.2709311511,52065.59996192899
2,1,4e-11,0.19646748056,196.0336200506
2,1,4e-11,3.22264415537,739.8086667949
2,1,4e-11,1.51249981586,166.828672522
2,1,5e-11,4.16544589772,32.2433289144
2,1,4e-11,3.16847102979,970.5162499722
2,1,4e-11,1.11438053331,78270.3379836226
2,1,4e-11,1.22637241875,1064.0477966352
2,1,4e-11,1.25167189753,221.1634019642
2,1,4e-11,0.4724765429,952.3570027075
2,1,4e-11,2.21736054801,96357.08412427259
2,1,5e-11,2.88741075556,432.2272651685
2,1,4e-11,1.34025094893,6044.2285813754
2,1,4e-11,0.6109936058,429.5189521828
2,1,4e-11,4.903097807,143005.6674078538
2,1,4e-11,1.70672949321,78800.51393681798
2,1,4e-11,0.90136038469,132658.27281205778
2,1,4e-11,6.04765404465,54087.0057663656
2,1,3e-11,5.07832575262,661.2379273164
2,1,4e-11,6.09425485756,381.3516082374
2,1,4e-11,5.63426885292,395.578702239
2,1,3e-11,0.93359542515,227.3137411185
2,1,4e-11,3.45396433025,130459.18546877075
2,1,4e-11,4.89804621575,1677.9385755008
2,1,4e-11,3.39420749098,52250.5878817157
2,1,4e-11,2.89280023626,87367.61641884019
2,1,3e-11,2.73132197327,78160.61665050399
2,1,3e-11,1.67414862418,230.5645708254
2,1,3e-11,4.14416998165,114.43928868521
2,1,3e-11,0.61597689295,554.8207470082
2,1,4e-11,0.15780189015,130435.63437251298
2,1,4e-11,0.06711300408,26575.53789282839
2,1,4e-11,2.45491937354,25600.26839032
2,2,4.556343e-05,0.0,0.0
2,2,1.57567e-05,2.81172733349,52175.8062831484
2,2,9.27896e-06,5.85368769122,78263.70942472259
2,2,6.70255e-06,0.9096450909,26087.9031415742
2,2,3.73744e-06,2.62279275699,104351.61256629678
2,2,1.60849e-06,2.83104666823,206.1855484372
2,2,1.55973e-06,5.19309730583,220.4126424388
2,2,1.31389e-06,5.67519052208,130439.51570787099
2,2,1.18316e-06,5.70681506981,522.5774180938
2,2,1.15781e-06,1.78259431361,536.8045120954
2,2,1.03379e-06,4.0367651028,213.299095438
2,2,6.5396e-07,4.05849415864,426.598190876
2,2,7.3067e-07,0.61703763627,529.6909650946
2,2,4.3188e-07,2.4440263183,156527.41884944518
2,2,3.9392e-07,0.40700037789,1059.3819301892
2,2,1.4254e-07,4.25680464915,433.7117378768
2,2,1.4479e-07,0.14336346755,7.1135470008
2,2,1.365e-07,5.49573569359,182615.3219910194
2,2,1.2723e-07,1.91903810105,419.4846438752
2,2,9.385e-08,3.1471573659,639.897286314
2,2,7.72e-08,5.06798604557,227.5261894396
2,2,6.795e-08,2.30303656447,1066.49547719
2,2,5.452e-08,5.20193437243,1052.2683831884
2,2,5.04e-08,5.84239832938,515.463871093
2,2,3.901e-08,0.82763757344,1589.0728952838
2,2,3.729e-08,2.96611895542,199.0720014364
2,2,3.521e-08,1.65043749771,543.9180590962
2,2,4.206e-08,2.26403437926,208703.2251325936
2,2,2.984e-08,6.06067837128,24978.5245894808
2,2,2.686e-08,2.7636556225,27197.2816936676
2,2,1.351e-08,0.59351678849,316.3918696566
2,2,1.409e-08,4.65471130275,216.4804891757
2,2,1.321e-08,3.39383854482,647.0108333148
2,2,1.368e-08,3.38543777835,210.1177017003
2,2,1.717e-08,0.02861328541,14.2270940016
2,2,1.274e-08,5.31539852523,234791.12827416777
2,2,1.027e-08,2.84300614786,51066.427731055
2,2,9.88e-09,2.45506323491,853.196381752
2,2,9.5e-09,2.81842708673,632.7837393132
2,2,8.48e-09,6.23917434526,526.5095713569
2,2,8.06e-09,2.96434145307,103.0927742186
2,2,8.25e-09,1.24361863355,532.8723588323
2,2,7.61e-09,4.73161044526,209.3669421749
2,2,7.33e-09,3.30972792259,217.2312487011
2,2,8.85e-09,0.58376168802,110.2063212194
2,2,6.89e-09,4.2195539578,440.8252848776
2,2,6.31e-09,5.6730897127,117.3198682202
2,2,6e-09,3.56706010534,323.5054166574
2,2,5.49e-09,3.2449557523,949.1756089698
2,2,6.06e-09,3.86357846284,95.9792272178
2,2,7.26e-09,5.43722942949,74.7815985673
2,2,5.45e-09,4.73162468373,1045.1548361876
2,2,5.99e-09,4.43359462367,735.8765135318
2,2,4.9e-09,1.25898273127,525.7588118315
2,2,4.88e-09,6.22654201321,533.6231183577
2,2,4.37e-09,2.81553406247,1596.1864422846
2,2,5.19e-09,4.53503189245,149.5631971346
2,2,3.81e-09,2.08333719811,260879.03141574195
2,2,3.52e-09,5.82507812341,53285.1848352418
2,2,3.35e-09,3.37537319389,1109.3785520934
2,2,3.37e-09,1.19361584892,2118.7638603784
2,2,3.56e-09,5.90144515856,77154.33087262919
2,2,3.49e-09,4.12933332026,63.7358983034
2,2,3.37e-09,1.63942541135,412.3710968744
2,2,2.7e-09,5.28007746957,1581.959348283
2,2,2.6e-09,4.50952770985,625.6701923124
2,2,2.37e-09,0.07292901465,70.8494453042
2,2,2.27e-09,4.92862031663,234.6397364404
2,2,2.19e-09,5.43349299793,11.0457002639
2,2,2.56e-09,5.25900695618,956.2891559706
2,2,2.18e-09,4.61617873387,78.7137518304
2,2,2.83e-09,0.60090092021,85.8272988312
2,2,2.11e-09,3.29348428114,942.062061969
2,2,2.26e-09,3.69462756239,73.297125859
2,2,2.35e-09,0.31453942563,36.6485629295
2,2,2.13e-09,2.54349021425,309.2783226558
2,2,2.24e-09,4.02383631251,39.6175083461
2,2,2.31e-09,2.66318410477,202.2533951741
2,2,1.97e-09,2.58901447921,25132.3033999656
2,2,1.87e-09,1.2911565383,1169.5882514086
2,2,1.67e-09,2.07259165182,1073.6090241908
2,2,1.96e-09,5.64541899687,224.3447957019
2,2,1.74e-09,6.19970518794,27043.5028831828
2,2,1.58e-09,5.13689612572,1155.361157407
2,2,1.37e-09,0.50600690701,742.9900605326
2,2,1.35e-09,5.63458486706,138.5174968707
2,2,1.48e-09,1.53909219281,76.2660712756
2,2,1.38e-09,0.3205095542,21535.9496445154
2,2,1.33e-09,6.00639174435,508.3503240922
2,2,1.5e-09,3.46698256017,20426.571092422
2,2,1.26e-09,3.76226961231,330.6189636582
2,2,1.26e-09,2.61435997717,860.3099287528
2,2,1.25e-09,4.32480488747,26617.5941066688
2,2,1.17e-09,4.51608581878,25558.2121764796
2,2,1.19e-09,0.26940576275,46514.4742339962
2,2,1.58e-09,2.17797348306,38.1330356378
2,2,1.13e-09,5.13479506099,286966.9345573162
2,2,1.08e-09,1.00337547207,14765.2390432698
2,2,1.26e-09,6.14682046798,23869.1460373874
2,2,1.06e-09,1.37019536118,27147.28507176339
2,2,1.15e-09,4.52412782775,223.5940361765
2,2,1.1e-09,4.93056089704,71.6002048296
2,2,1.15e-09,3.7675461565,429.7795846137
2,2,1.06e-09,6.02834271847,77.962992305
2,2,1.23e-09,4.57966985938,728.762966531
2,2,1.21e-09,2.67342689025,103242.2340142034
2,2,1.07e-09,2.67501768515,28306.66024576099
2,2,1.05e-09,6.21526366678,1162.4747044078
2,2,1.02e-09,3.63292130858,422.6660376129
2,2,1.03e-09,5.45719542646,31749.2351907264
2,2,8.6e-10,3.58192012664,19317.1925403286
2,2,8.4e-10,4.77208861984,124.433415221
2,2,9.5e-10,2.17047827218,4551.9534970588
2,2,7.4e-10,4.08123538694,88.865680217
2,2,7.6e-10,2.6343235702,423.4167971383
2,2,7.3e-10,5.78330657332,1265.5674786264
2,2,7.1e-10,1.48891806144,551.031606097
2,2,8.1e-10,0.1337158219,519.3960243561
2,2,6.8e-10,3.39472444791,654.1243803156
2,2,6.7e-10,4.81636058177,9103.9069941176
2,2,7.7e-10,0.22294716973,22645.32819660879
2,2,6.6e-10,2.34654801419,3442.5749449654
2,2,7.2e-10,6.15951862716,21.3406410024
2,2,6e-10,3.13717737901,191.9584544356
2,2,5.9e-10,3.32463299177,72602.37737557039
2,2,6e-10,2.2663191166,30639.856638633
2,2,5.9e-10,2.9842590747,50586.73338786459
2,2,6e-10,0.99475775846,52705.49724824299
2,2,5.9e-10,1.55381311926,37410.5672398786
2,2,6.6e-10,5.36962395931,51220.20654153979
2,2,6.5e-10,3.55971117777,203.0041546995
2,2,5.8e-10,5.2631530241,32858.61374281979
2,2,6.4e-10,1.05451249819,539.9859058331
2,2,6.1e-10,5.33630384952,838.9692877504
2,2,6.1e-10,0.00617004446,3.1813937377
2,2,4.9e-10,2.4593627785,27676.976036858
2,2,5.1e-10,4.08715478685,51116.4243529592
2,2,4.7e-10,3.46367064388,302.164775655
2,2,4.5e-10,2.488506211,26202.34243025941
2,2,4.5e-10,0.02918998649,25973.46385288896
2,2,4.5e-10,2.73683504159,846.0828347512
2,2,4.5e-10,2.31642282675,145.6310438715
2,2,4.5e-10,4.38367721547,53235.18821333759
2,2,4.7e-10,1.7473863533,1062.5633239269
2,2,4e-10,1.42851453913,26301.2022370122
2,2,5.2e-10,0.46087243356,955.5997416086
2,2,3.9e-10,1.10147216023,25874.6040461362
2,2,3.9e-10,4.08449976646,40853.142184844
2,2,4.6e-10,3.14760491945,3.9321532631
2,2,3.8e-10,5.98916947033,1258.4539316256
2,2,4.6e-10,2.36226611879,29530.4780865396
2,2,3.5e-10,6.26763450664,1692.1656695024
2,2,3.9e-10,2.71510286457,53131.406024757
2,2,3.4e-10,5.3477094354,56727.7597802072
2,2,4e-10,5.72538622894,129330.13715577759
2,2,3.3e-10,4.03936498647,277.0349937414
2,2,3.3e-10,1.89317335643,313054.83769889036
2,2,3.2e-10,5.81428165747,6770.7106012456
2,2,3.8e-10,3.26185757209,2218.7571041868
2,2,3e-10,3.29256356524,2125.8774073792
2,2,3e-10,4.05437615641,43071.8992890308
2,2,3.3e-10,2.92004182064,49957.0491789616
2,2,3.5e-10,5.96755475967,1056.2005364515
2,2,3.9e-10,4.91039224856,1574.8458012822
2,2,3.6e-10,4.84158532799,437.6438911399
2,2,2.8e-10,1.90040914464,1055.4497769261
2,2,3.1e-10,1.8250253891,1272.6810256272
2,2,2.7e-10,4.68673408301,1038.0412891868
2,2,2.9e-10,0.0837558359,1485.9801210652
2,2,2.7e-10,6.07872663556,618.5566453116
2,2,2.6e-10,5.523800002,415.5524906121
2,2,2.5e-10,0.09705599716,98690.28051714458
2,2,2.6e-10,3.49078871449,430.5303441391
2,2,3e-10,0.44155155116,47623.8527860896
2,2,2.4e-10,1.9982061405,18.1592472647
2,2,2.3e-10,4.22922851538,16983.9961474566
2,2,2.4e-10,3.94664051894,78793.40038981718
2,2,2.3e-10,6.16563076611,231.4583427027
2,2,2.3e-10,5.58098323545,831.8557407496
2,2,2.7e-10,1.61293276234,2648.454825473
2,2,2.4e-10,1.99165646805,77308.10968311399
2,2,2.8e-10,5.72914844642,54394.56338733519
2,2,2.1e-10,4.15712645283,447.9388318784
2,2,2.4e-10,0.66675947895,1368.660252845
2,2,2e-10,5.70175704295,10.2949407385
2,2,2.2e-10,3.76535003503,151.0476698429
2,2,2e-10,1.82615991897,1699.2792165032
2,2,1.9e-10,0.17448576187,1063.3140834523
2,2,2.2e-10,0.35963548929,45405.0956819028
2,2,2e-10,0.96756200367,35.1640902212
2,2,2.4e-10,5.32858635997,18849.2275499742
2,2,2.1e-10,4.76218572464,72.3339180125
2,2,2.2e-10,0.54872291567,12566.1516999828
2,2,1.8e-10,0.17787797764,52156.1365222486
2,2,1.8e-10,1.16105857213,79323.09135491178
2,2,2.2e-10,1.11933727537,13655.8604911764
2,2,1.8e-10,4.04819585578,1471.7530270636
2,2,1.8e-10,4.54633317296,52389.1053785864
2,2,1.8e-10,5.02672541458,51535.90899683439
2,2,1.6e-10,3.64206691792,1478.8665740644
2,2,1.8e-10,1.65595798708,51646.11531805379
2,2,1.6e-10,0.09513192311,23754.70674870219
2,2,1.6e-10,0.58395212576,22.0914005278
2,2,1.7e-10,0.49891545478,77.7505439839
2,2,1.6e-10,1.99438250231,58946.51688439399
2,2,1.5e-10,3.83660842048,38654.05484155699
2,2,1.5e-10,2.03096195084,5661.3320491522
2,2,1.5e-10,0.22694790547,48733.23133818299
2,2,1.6e-10,2.08963950452,11322.6640983044
2,2,1.6e-10,3.38818988576,41.1019810544
2,2,1.4e-10,3.27141245862,1375.7737998458
2,2,1.5e-10,2.10902101239,82815.66292178139
2,2,1.5e-10,3.4606724683,160.6088973985
2,2,1.4e-10,3.52261302721,52179.6876185064
2,2,1.5e-10,2.61226501657,79373.087976816
2,2,1.7e-10,0.0199994273,77.2292791221
2,2,1.4e-10,0.87917385569,66941.04532641819
2,2,1.4e-10,5.41787560745,53764.8791784322
2,2,1.4e-10,2.0737760464,110012.94461544899
2,2,1.4e-10,4.11314424872,71.8126531507
2,2,1.5e-10,1.62123638185,65.2203710117
2,2,1.4e-10,1.61288448694,36301.18868778519
2,2,1.3e-10,2.42169327872,28421.0995344462
2,2,1.3e-10,5.77387844338,76674.63652943878
2,2,1.5e-10,5.36990490192,52195.47604404819
2,2,1.6e-10,3.41100376315,33326.5787331742
2,2,1.3e-10,5.40167186911,83925.0414738748
2,2,1.6e-10,5.39991081548,55618.3812281138
2,2,1.3e-10,2.49786568147,155418.04029735178
2,2,1.3e-10,2.10315959516,131.4039498699
2,2,1.2e-10,2.28713351757,50057.04242277
2,2,1.2e-10,3.60070147194,337.732510659
2,2,1.2e-10,5.16899217088,195.1398481733
2,2,1.3e-10,2.01707000795,52171.9249477904
2,2,1.3e-10,1.57968548593,408.4389436113
2,2,1.4e-10,0.57769767887,26727.8004278882
2,2,1.4e-10,5.41918866932,2111.6503133776
2,2,1.1e-10,4.73842604358,511.5317178299
2,2,1.2e-10,2.63845374146,963.4027029714
2,2,1.1e-10,4.62449766576,62389.09182935939
2,2,1e-10,2.74385211018,547.8502123593
2,2,1e-10,5.55718728874,52290.24557183361
2,2,1e-10,4.24006763767,127.4717966068
2,2,1e-10,3.10795031986,362.8622925726
2,2,1.2e-10,5.5029107736,1685.0521225016
2,2,1e-10,3.38695373136,934.9485149682
2,2,1.3e-10,3.34698985021,84.3428261229
2,2,1.2e-10,1.55438318082,26514.5013324502
2,2,9e-11,5.97731076392,76044.9523205358
2,2,9e-11,1.52608730668,35191.8101356918
2,2,9e-11,4.89802068656,1382.8873468466
2,2,1.2e-10,1.08976567704,148.0787244263
2,2,9e-11,0.86970882362,153.4953503977
2,2,1e-10,3.15434437042,124778.18365871879
2,2,1e-10,5.98112560726,56.6223513026
2,2,9e-11,4.94399763372,339142.7408404646
2,2,9e-11,3.23297814751,78244.0396638228
2,2,1.1e-10,1.3701222008,38519.945791972
2,2,1.1e-10,1.80725352207,222.8603229936
2,2,8e-11,4.44940554836,92.940845832
2,2,9e-11,1.65178893035,39609.6545831656
2,2,8e-11,3.08406781779,52061.36699446317
2,2,1.1e-10,2.71165214295,635.9651330509
2,2,1e-10,1.78007560053,25028.521211385
2,2,1.1e-10,6.25031686,203.7378678824
2,2,9e-11,1.99370375699,12432.0426503978
2,2,8e-11,1.97062836873,750.1036075334
2,2,1e-10,3.73718799858,436.8931316145
2,2,9e-11,0.64203429747,104881.30353139139
2,2,8e-11,2.46909335815,2333.196392872
2,2,8e-11,0.62172049419,269.9214467406
2,2,8e-11,5.09160593281,136100.84775702318
2,2,1e-10,2.95730289498,643.0786800517
2,2,8e-11,4.95977806392,103396.01282468818
2,2,8e-11,3.17511222783,28206.6670019526
2,2,8e-11,4.28675667624,131.5469622218
2,2,8e-11,5.30797759703,79219.3091663312
2,2,9e-11,4.93174852989,7994.5284420242
2,2,9e-11,4.69826318545,63498.47038145279
2,2,9e-11,1.06973985086,15874.6175953632
2,2,7e-11,3.1495467734,52168.69273614759
2,2,7e-11,2.53028727253,1603.2999892854
2,2,7e-11,0.55559122998,64741.95798313119
2,2,7e-11,5.10450860305,6681.2248533996
2,2,9e-11,0.64587598578,1279.794572628
2,2,7e-11,6.160538097,483.2205421786
2,2,7e-11,0.76613463585,69159.80243060499
2,2,7e-11,0.31047071847,78267.59076008058
2,2,9e-11,5.81958505267,87.3117715395
2,2,7e-11,2.57134529838,867.4234757536
2,2,8e-11,0.6969674739,1361.5467058442
2,2,9e-11,1.78142262939,44937.1306915484
2,2,7e-11,3.6648871506,18207.81398823521
2,2,8e-11,2.43253154916,52182.9198301492
2,2,6e-11,4.24193398289,107.0249274817
2,2,6e-11,3.25108918094,9.5612275556
2,2,7e-11,4.78448266738,721.6494195302
2,2,6e-11,5.72007706352,106.2741679563
2,2,6e-11,4.20186212149,105410.99449648599
2,2,6e-11,4.36194061397,12.5301729722
2,2,6e-11,3.00522390508,52.6901980395
2,2,6e-11,0.31871061944,2221.856634597
2,2,6e-11,1.43352275284,88476.99497093359
2,2,7e-11,4.55836386142,51962.5071877104
2,2,6e-11,2.49037028744,288.0806940053
2,2,6e-11,0.82384473987,129380.13377768178
2,2,6e-11,1.63049926151,35.685355083
2,2,7e-11,1.46168801536,142.4496501338
2,2,6e-11,1.28923147875,405.2575498736
2,2,6e-11,4.69107663948,52602.4044740244
2,2,6e-11,0.95309123619,68050.42387851159
2,2,6e-11,5.6273317854,113.3877149571
2,2,7e-11,3.94256114885,7238.6755916
2,2,5e-11,4.22538197267,57837.1383323006
2,2,5e-11,2.71015544529,40.5807161926
2,2,5e-11,2.5425060171,416.3032501375
2,2,6e-11,1.35964226786,78477.00852016058
2,2,5e-11,3.27748453006,74821.13447975718
2,2,5e-11,4.79928508484,13521.7514415914
2,2,7e-11,2.15262985645,78283.37918562238
2,2,7e-11,3.41483534504,71492.99882347698
2,2,5e-11,2.00252804083,25661.3049506982
2,2,5e-11,2.30423096631,105460.99111839019
2,2,5e-11,3.95725794199,94138.32702008578
2,2,6e-11,5.93990081718,1795.258443721
2,2,5e-11,6.01203009176,51322.60990139639
2,2,5e-11,2.05453158249,628.8515860501
2,2,6e-11,4.9083223706,77734.01845962799
2,2,6e-11,5.09323451879,78259.82808936459
2,2,5e-11,5.15754800675,108903.56606335558
2,2,5e-11,2.16962219454,81706.28436968799
2,2,5e-11,3.67826495011,299.1263942692
2,2,5e-11,6.03160576908,78256.59587772179
2,2,4e-11,4.28304952979,81.7521332162
2,2,5e-11,4.4148102423,99.9113804809
2,2,4e-11,2.63096828553,265.9892934775
2,2,5e-11,2.37794711687,1.4844727083
2,2,6e-11,3.64636080185,200.7689224658
2,2,4e-11,4.73704179984,241.7532834412
2,2,4e-11,4.79876284125,225.8292684102
2,2,5e-11,1.33638591879,344.7030453079
2,2,6e-11,3.87273262792,103292.23063610759
2,2,6e-11,3.95183892541,2.9689454166
2,2,4e-11,3.59509349235,80.1982245387
2,2,4e-11,0.83457275877,32370.9789915656
2,2,4e-11,5.01761361986,33967.99229491319
2,2,6e-11,5.63297540234,1049.0869894507
2,2,4e-11,2.55613520919,29416.03879785439
2,2,4e-11,6.24908247561,22759.76748529401
2,2,5e-11,3.91889103336,93028.94846799239
2,2,4e-11,3.71597820582,295.0512286542
2,2,4e-11,2.43954742926,96.8729990951
2,2,4e-11,5.09314307859,76144.94556434419
2,2,4e-11,5.54718850207,181505.94343892598
2,2,4e-11,3.66591555169,51749.20809227239
2,2,4e-11,5.43535832308,77204.32749453338
2,2,5e-11,1.18144370768,146.3818033969
2,2,5e-11,4.32438666743,340.7708920448
2,2,4e-11,3.65979462851,358.9301393095
2,2,4e-11,1.53439242952,1802.3719907218
2,2,5e-11,6.24450165084,59414.4818747484
2,2,5e-11,5.47240472132,78270.82297172339
2,2,4e-11,4.33674716223,67.6680515665
2,2,4e-11,0.88741176946,490.3340891794
2,2,4e-11,1.47636301964,284.1485407422
2,2,4e-11,2.43069407838,181.0557665236
2,2,4e-11,3.89916025123,44181.27784112419
2,2,4e-11,4.16249740193,650.9429865779
2,2,4e-11,6.22902554255,24498.8302462904
2,2,4e-11,3.92116783578,155468.036919256
2,2,4e-11,5.48712842142,54509.0026760204
2,2,4e-11,5.3322536265,444.7574381407
2,2,4e-11,4.27463598779,18093.37469954999
2,2,4e-11,5.8728997635,10213.285546211
2,2,3e-11,1.85244465361,162188.75089859738
2,2,3e-11,1.63325210753,424.1505103212
2,2,3e-11,2.17849854835,561.934294009
2,2,3e-11,4.77836422656,41962.5207369374
2,2,3e-11,0.28442912913,81.8951455681
2,2,4e-11,2.12335410594,79852.78232000639
2,2,3e-11,6.23743929416,501.2367770914
2,2,4e-11,5.46844304994,1788.1448967202
2,2,3e-11,4.39999749193,350.3321196004
2,2,4e-11,4.17801375091,39743.7636327506
2,2,4e-11,5.19094501525,62.2514255951
2,2,4e-11,5.70840309627,7880.08915333899
2,2,3e-11,0.39806541191,99799.65906923798
2,2,4e-11,2.38564459509,80482.46652890938
2,2,4e-11,0.92232764086,191.2076949102
2,2,3e-11,5.84603699432,1148.2476104062
2,2,3e-11,6.2755669398,104331.94280539699
2,2,3e-11,1.35069678358,19804.8272915828
2,2,3e-11,5.12901924955,14.977853527
2,2,3e-11,5.61442182281,245.5424243524
2,2,3e-11,0.96877732576,703.6331846174
2,2,3e-11,1.81855841579,77623.81213840858
2,2,4e-11,2.52850834706,27311.72098235281
2,2,4e-11,6.27670933774,24864.08530079559
2,2,3e-11,0.70573582046,120226.23016165999
2,2,3e-11,3.32514993267,125887.56221081219
2,2,3e-11,0.98185914685,2015.6710861598
2,2,3e-11,3.75830218405,58458.88213313979
2,2,3e-11,2.74763513151,102132.85546210999
2,2,3e-11,4.13284762562,152.7445908723
2,2,3e-11,0.36290468467,2.4476805548
2,2,3e-11,2.3805146996,351.8165923087
2,2,3e-11,1.6786406733,129483.91596626239
2,2,3e-11,6.2027775046,150866.08680029298
2,2,4e-11,1.26893874193,103821.92160120218
2,2,3e-11,3.56406791266,90829.86112470538
2,2,3e-11,1.89123873675,6283.0758499914
2,2,3e-11,4.95099113946,2104.5367663768
2,2,3e-11,1.47669060951,1069.6768709277
2,2,3e-11,1.82747855775,33.6796175129
2,2,3e-11,2.54140657037,636.7158925763
2,2,3e-11,3.63272158132,130969.20667296558
2,2,2e-11,3.23610336539,3328.13565628019
2,2,3e-11,0.51639260266,235.3904959658
2,2,3e-11,1.74048283842,1080.7225711916
2,2,2e-11,3.31947858603,661.2379273164
2,2,3e-11,5.91047728379,26941.0995233262
2,2,3e-11,2.19636619794,1592.2542890215
2,2,2e-11,0.48948862546,611.4430983108
2,2,3e-11,0.11884474556,1898.3512179396
2,2,3e-11,4.65184843181,71025.0338331226
2,2,2e-11,4.48148929675,114564.89811250778
2,2,2e-11,2.47771838961,565.1156877467
2,2,2e-11,2.3277694166,78378.1487134078
2,2,2e-11,5.72650908152,2008.557539159
2,2,2e-11,1.96886682971,5849.3641121146
2,2,3e-11,3.35170366833,104355.49390165479
2,2,2e-11,4.33824833645,404.5067903482
2,2,2e-11,5.72106936632,79.2350166922
2,2,3e-11,4.22691038602,64607.84893354619
2,2,2e-11,4.33074956694,5863.5912061162
2,2,2e-11,1.71650975828,365230.6439820388
2,2,3e-11,3.6719491563,52815.7035694624
2,2,2e-11,1.27345348451,77197.21394753258
2,2,2e-11,1.48417100051,78690.30761559859
2,2,2e-11,3.3924463176,9779.5738083342
2,2,3e-11,3.22473672245,319.5732633943
2,2,2e-11,6.12303826586,26080.78959457339
2,2,2e-11,0.0875511766,1251.3403846248
2,2,2e-11,5.75433263256,9793.8009023358
2,2,2e-11,5.19120708421,104371.28232719658
2,2,2e-11,3.75555673654,2655.5683724738
2,2,2e-11,4.73000748906,629.6023455755
2,2,2e-11,2.46951852139,42.5864537627
2,2,2e-11,0.3635957478,137.0330241624
2,2,2e-11,2.35083792212,313.2104759189
2,2,2e-11,0.78853413649,77211.44104153418
2,2,2e-11,2.25297552783,208.633228992
2,2,2e-11,3.54076915127,1905.4647649404
2,2,2e-11,5.2312312081,70.3281804424
2,2,2e-11,5.11741765544,10021.8372800994
2,2,2e-11,2.63436119239,217.964961884
2,2,2e-11,2.72670303771,104344.49901929598
2,2,2e-11,0.63092019383,429.0458714308
2,2,2e-11,4.67739374144,73711.75592766379
2,2,2e-11,3.0019711834,152.5321425512
2,2,2e-11,1.53237872748,25021.4076643842
2,2,2e-11,2.13231085358,78050.41032928458
2,2,2e-11,0.91172072873,26724.8994135984
2,2,2e-11,1.61031164889,25450.90686955
2,2,2e-11,2.46824302833,757.2171545342
2,2,2e-11,2.10730094512,497.4476361802
2,2,2e-11,6.01446832325,824.7421937488
2,2,2e-11,0.18515603002,97580.90196505119
2,2,2e-11,1.24467307746,25035.6347583858
2,2,2e-11,4.54718046119,61279.713277266
2,2,2e-11,0.99883736208,131498.89763806018
2,2,2e-11,1.08622053153,621.7380390493
2,2,2e-11,1.54993622536,970.5162499722
2,2,2e-11,4.07396574578,31.019488637
2,2,2e-11,5.56159898916,2428.0421830342
2,2,2e-11,6.14579824758,78149.27013603736
2,2,2e-11,3.99712167326,114.1384744825
2,2,2e-11,5.22194829628,107794.1875112622
2,3,2.2088e-07,4.54598360855,206.1855484372
2,3,2.1546e-07,3.46116671016,220.4126424388
2,3,1.8231e-07,4.35141183918,78263.70942472259
2,3,1.784e-07,1.4541906802,52175.8062831484
2,3,1.63e-07,1.14934178921,522.5774180938
2,3,1.5923e-07,0.06221071687,536.8045120954
2,3,1.8361e-07,0.0,0.0
2,3,1.0723e-07,1.09353490107,104351.61256629678
2,3,8.835e-08,4.62739214222,26087.9031415742
2,3,4.973e-08,4.13805648872,130439.51570787099
2,3,3.093e-08,2.22514436528,426.598190876
2,3,2.568e-08,2.47493921494,433.7117378768
2,3,2.105e-08,3.35595521974,227.5261894396
2,3,2.032e-08,0.90409186617,156527.41884944518
2,3,1.7e-08,5.13510489936,1059.3819301892
2,3,1.378e-08,1.27086042787,515.463871093
2,3,1.266e-08,3.80209162712,419.4846438752
2,3,1.363e-08,4.63636570705,7.1135470008
2,3,1.013e-08,4.67704889552,199.0720014364
2,3,1.037e-08,0.69915801725,1066.49547719
2,3,9.64e-09,6.2204514585,543.9180590962
2,3,8.49e-09,1.26670686968,639.897286314
2,3,7.68e-09,3.95481408065,182615.3219910194
2,3,6.78e-09,0.7955478313,1052.2683831884
2,3,3.92e-09,4.59101411052,14.2270940016
2,3,2.91e-09,1.57357745396,647.0108333148
2,3,2.48e-09,5.85725743749,1589.0728952838
2,3,2.14e-09,2.46865385667,440.8252848776
2,3,2.75e-09,0.72281686312,208703.2251325936
2,3,2.31e-09,2.85226310193,216.4804891757
2,3,2.2e-09,5.18394074276,210.1177017003
2,3,1.29e-09,0.22762324749,1045.1548361876
2,3,1.23e-09,0.51351773704,853.196381752
2,3,1.37e-09,2.1543586326,529.6909650946
2,3,9.2e-10,3.22442461302,234.6397364404
2,3,8.7e-10,4.52965482365,103.0927742186
2,3,9.5e-10,3.77357857159,234791.12827416777
2,3,9.2e-10,3.90819414656,117.3198682202
2,3,8.5e-10,5.57189606315,95.9792272178
2,3,9.4e-10,2.25651891145,213.299095438
2,3,7.5e-10,1.30082808866,1596.1864422846
2,3,7.8e-10,4.96547279129,110.2063212194
2,3,7.1e-10,4.48281367743,632.7837393132
2,3,7.6e-10,3.40988387446,412.3710968744
2,3,6.4e-10,2.39566214965,316.3918696566
2,3,5.6e-10,1.44254805098,508.3503240922
2,3,5.5e-10,1.71252125469,323.5054166574
2,3,4.8e-10,0.40111970766,1073.6090241908
2,3,5.6e-10,6.19540120033,735.8765135318
2,3,4.2e-10,6.13276553266,625.6701923124
2,3,3.9e-10,5.02961841371,942.062061969
2,3,3.6e-10,3.01279484364,209.3669421749
2,3,3.1e-10,0.883562469,1581.959348283
2,3,3.2e-10,0.53816590044,260879.03141574195
2,3,3.1e-10,6.0331046314,551.031606097
2,3,3.2e-10,4.98300318004,217.2312487011
2,3,3.3e-10,0.75212348383,860.3099287528
2,3,3e-10,4.51763020093,70.8494453042
2,3,2.7e-10,2.35184788494,149.5631971346
2,3,2.8e-10,1.91930691377,330.6189636582
2,3,2.7e-10,0.05305218851,2118.7638603784
2,3,2.8e-10,0.17790568355,78.7137518304
2,3,2.7e-10,4.37487614145,21.3406410024
2,3,2.9e-10,5.17540731322,949.1756089698
2,3,2.5e-10,3.02081007506,124.433415221
2,3,3.3e-10,2.73570572399,223.5940361765
2,3,2.5e-10,5.88306502494,1169.5882514086
2,3,2.4e-10,6.25389986741,63.7358983034
2,3,2.4e-10,4.81432332838,191.9584544356
2,3,2.8e-10,0.01012773075,728.762966531
2,3,2.4e-10,1.59054971444,654.1243803156
2,3,3e-10,4.35202882411,309.2783226558
2,3,2.3e-10,1.30039835479,51066.427731055
2,3,2.2e-10,0.58430377684,1155.361157407
2,3,2e-10,5.79574932921,88.865680217
2,3,2.3e-10,3.64404039148,956.2891559706
2,3,1.9e-10,4.74503190924,85.8272988312
2,3,1.9e-10,5.66498805054,73.297125859
2,3,2.5e-10,1.94036276937,429.7795846137
2,3,2.4e-10,1.95947716237,519.3960243561
2,3,2e-10,0.29570924626,71.6002048296
2,3,1.8e-10,4.38365354248,77.962992305
2,3,1.6e-10,4.70914310164,202.2533951741
2,3,2e-10,5.48263393467,539.9859058331
2,3,1.6e-10,3.45867068386,224.3447957019
2,3,1.5e-10,5.26771574252,302.164775655
2,3,1.4e-10,5.35318240788,76.2660712756
2,3,1.7e-10,5.40518600219,203.0041546995
2,3,1.3e-10,4.35126170071,77154.33087262919
2,3,1.1e-10,3.8720682463,11.0457002639
2,3,1.1e-10,4.27058573849,53285.1848352418
2,3,1e-10,3.58474125179,286966.9345573162
2,3,1e-10,2.40929335654,36.6485629295
2,3,1.2e-10,1.79980409055,422.6660376129
2,3,9e-11,1.93147151515,39.6175083461
2,3,9e-11,0.16500567398,1038.0412891868
2,3,9e-11,0.79081879948,838.9692877504
2,3,9e-11,2.4086838046,447.9388318784
2,3,8e-11,1.59402806626,618.5566453116
2,3,9e-11,2.51756026677,74.7815985673
2,3,8e-11,5.09979031312,423.4167971383
2,3,9e-11,0.33848481291,1574.8458012822
2,3,7e-11,1.37888755215,1258.4539316256
2,3,6e-11,1.09195739886,831.8557407496
2,3,6e-11,1.00867247429,138.5174968707
2,3,6e-11,4.91543048225,742.9900605326
2,3,6e-11,1.82818120946,2125.8774073792
2,3,5e-11,0.60506372351,145.6310438715
2,3,7e-11,5.32328426995,38.1330356378
2,3,5e-11,0.66965342943,195.1398481733
2,3,6e-11,1.11939414362,103242.2340142034
2,3,4e-11,0.41274254704,18.1592472647
2,3,4e-11,1.83690246048,337.732510659
2,3,4e-11,1.32611242407,1265.5674786264
2,3,4e-11,1.06911580934,79373.087976816
2,3,4e-11,2.71001820282,437.6438911399
2,3,3e-11,5.02306065714,1485.9801210652
2,3,4e-11,4.61647130206,3.9321532631
2,3,3e-11,0.35802564284,313054.83769889036
2,3,4e-11,4.86205883099,3.1813937377
2,3,3e-11,0.2414669893,1699.2792165032
2,3,3e-11,2.5404710467,131.5469622218
2,3,3e-11,5.19663268688,934.9485149682
2,3,3e-11,1.89821812188,436.8931316145
2,3,3e-11,4.05827327245,846.0828347512
2,3,3e-11,0.84357940935,1062.5633239269
2,3,3e-11,0.21598966041,721.6494195302
2,3,2e-11,0.53670508526,2648.454825473
2,3,3e-11,4.97694448,24978.5245894808
2,3,2e-11,3.92186370454,131.4039498699
2,3,2e-11,0.91291435645,1603.2999892854
2,3,2e-11,0.76104298796,867.4234757536
2,3,2e-11,1.08620559446,643.0786800517
2,3,3e-11,6.03930177407,1471.7530270636
2,3,2e-11,4.16958554828,129330.13715577759
2,3,2e-11,0.8585601625,635.9651330509
2,3,2e-11,4.2214094521,231.4583427027
2,3,2e-11,4.98034080151,46514.4742339962
2,3,2e-11,0.75178980879,27197.2816936676
2,3,2e-11,1.66761053003,56.6223513026
2,3,2e-11,1.79735462475,72602.37737557039
2,3,2e-11,2.40289635523,1368.660252845
2,3,2e-11,2.45646924027,269.9214467406
2,3,2e-11,0.51395931456,1272.6810256272
2,3,2e-11,3.61461152227,408.4389436113
2,3,2e-11,0.93616194604,963.4027029714
2,3,2e-11,1.5852384882,1685.0521225016
2,3,2e-11,5.5144516457,295.0512286542
2,3,2e-11,1.0044260856,1055.4497769261
2,3,2e-11,4.49509966736,22.0914005278
2,3,2e-11,3.08845244449,241.7532834412
2,3,2e-11,1.43941179659,151.0476698429
2,3,1e-11,3.44704587186,1382.8873468466
2,3,2e-11,0.57010178031,1788.1448967202
2,3,2e-11,0.42335354864,416.3032501375
2,3,2e-11,1.75951401058,526.5095713569
2,3,2e-11,2.58117163779,532.8723588323
2,3,2e-11,3.9702044096,51220.20654153979
2,3,1e-11,5.48681505441,277.0349937414
2,3,2e-11,0.13809144454,430.5303441391
2,3,2e-11,2.58174480747,92.940845832
2,3,1e-11,6.06441593546,81.7521332162
2,3,1e-11,0.71058040619,415.5524906121
2,3,2e-11,5.0682759827,1279.794572628
2,3,1e-11,5.8751076642,1162.4747044078
2,3,1e-11,3.29813464894,611.4430983108
2,3,1e-11,0.09891059453,2104.5367663768
2,3,2e-11,2.46195810488,1361.5467058442
2,3,2e-11,5.74044986985,1056.2005364515
2,3,1e-11,0.99824910705,160.6088973985
2,3,1e-11,1.62638790866,483.2205421786
2,3,1e-11,3.50149700133,35.1640902212
2,3,1e-11,5.79259488047,52705.49724824299
2,3,1e-11,5.7629941344,2420.9286360334
2,3,1e-11,0.83909020657,41.1019810544
2,3,1e-11,1.85607665951,184.8449074348
2,3,1e-11,6.01210640761,2008.557539159
2,3,1e-11,1.55579526823,661.2379273164
2,3,1e-11,3.18610098524,1141.1340634054
2,3,1e-11,2.71706778222,153.4953503977
2,3,1e-11,5.56272445862,1478.8665740644
2,3,1e-11,3.16336664316,405.2575498736
2,3,1e-11,5.98469019133,1069.6768709277
2,3,1e-11,2.34179341386,824.7421937488
2,3,1e-11,1.98918668419,2097.423219376
2,3,1e-11,3.14828548619,1884.124123938
2,4,2.278e-08,6.2738890301,206.1855484372
2,4,2.245e-08,1.70782913671,220.4126424388
2,4,1.682e-08,2.8998895537,522.5774180938
2,4,1.636e-08,4.60365551069,536.8045120954
2,4,4.31e-09,1.63508563664,227.5261894396
2,4,3.49e-09,0.69586528581,433.7117378768
2,4,2.99e-09,2.91725329579,78263.70942472259
2,4,2.91e-09,3.00165310731,515.463871093
2,4,3.84e-09,3.14159265359,0.0
2,4,2.41e-09,5.88233684971,104351.61256629678
2,4,2.34e-09,0.1114256191,52175.8062831484
2,4,2.06e-09,4.48461122025,543.9180590962
2,4,2.04e-09,0.11049991144,199.0720014364
2,4,1.45e-09,2.62003969568,130439.51570787099
2,4,1.23e-09,5.38340390628,1066.49547719
2,4,9.9e-10,5.70623543947,419.4846438752
2,4,1.17e-09,0.28020890432,426.598190876
2,4,9.6e-10,2.80306869168,7.1135470008
2,4,7.3e-10,5.65860776108,156527.41884944518
2,4,6.1e-10,2.82818345895,14.2270940016
2,4,5.2e-10,3.37268534533,1059.3819301892
2,4,6.6e-10,2.63263056615,1052.2683831884
2,4,5.6e-10,3.19455986519,26087.9031415742
2,4,5e-10,0.71576934216,440.8252848776
2,4,5.9e-10,5.6953289291,639.897286314
2,4,4.9e-10,6.02940323662,647.0108333148
2,4,2.8e-10,0.2606415733,213.299095438
2,4,3.3e-10,2.42044304883,182615.3219910194
2,4,2.4e-10,1.48209397973,234.6397364404
2,4,2.3e-10,2.06131193005,1045.1548361876
2,4,1.4e-10,3.25423631036,508.3503240922
2,4,1.3e-10,4.48491117264,1589.0728952838
2,4,1.4e-10,5.46300124767,208703.2251325936
2,4,1.1e-10,5.24080280774,412.3710968744
2,4,1.2e-10,4.87116288717,853.196381752
2,4,1e-10,5.03146150255,1073.6090241908
2,4,1e-10,1.05727005468,95.9792272178
2,4,1e-10,6.0679955502,1596.1864422846
2,4,1e-10,5.7109180202,529.6909650946
2,4,9e-11,2.7638405123,21.3406410024
2,4,8e-11,6.23072779166,103.0927742186
2,4,1e-10,2.05522879011,117.3198682202
2,4,7e-11,3.08813888762,110.2063212194
2,4,7e-11,4.1477376535,551.031606097
2,4,6e-11,6.11652071967,654.1243803156
2,4,5e-11,1.24583749139,124.433415221
2,4,5e-11,2.23239849027,234791.12827416777
2,4,5e-11,0.40108066581,942.062061969
2,4,6e-11,5.14748397921,860.3099287528
2,4,5e-11,1.40699621378,88.865680217
2,4,4e-11,6.24919197648,632.7837393132
2,4,5e-11,1.37080964211,625.6701923124
2,4,4e-11,0.18776272435,330.6189636582
2,4,4e-11,1.88093591443,728.762966531
2,4,4e-11,0.1420477662,309.2783226558
2,4,3e-11,0.28739337099,191.9584544356
2,4,4e-11,1.69042467345,735.8765135318
2,4,3e-11,0.60316005015,447.9388318784
2,4,3e-11,0.87226207854,302.164775655
2,4,3e-11,2.70524481937,1581.959348283
2,4,2e-11,4.14482411178,1169.5882514086
2,4,3e-11,0.15041780827,323.5054166574
2,4,2e-11,2.35344419082,1155.361157407
2,4,2e-11,6.26658939437,429.7795846137
2,4,3e-11,4.51313719193,316.3918696566
2,4,2e-11,5.28061358621,260879.03141574195
2,4,2e-11,4.91016885399,2118.7638603784
2,4,1e-11,1.99781026892,63.7358983034
2,4,2e-11,3.78135920108,203.0041546995
2,4,2e-11,1.10796316689,223.5940361765
2,4,1e-11,4.06879161823,831.8557407496
2,4,1e-11,2.20650566797,1574.8458012822
2,4,1e-11,5.8706079745,742.9900605326
2,4,1e-11,0.63254839667,149.5631971346
2,4,1e-11,0.94220550086,216.4804891757
2,4,1e-11,2.68706304185,85.8272988312
2,4,1e-11,2.48150215693,423.4167971383
2,4,1e-11,4.27355998947,618.5566453116
2,4,1e-11,3.90416269039,210.1177017003
2,4,1e-11,5.95376541263,337.732510659
2,4,1e-11,1.98203543124,405.2575498736
2,4,1e-11,3.07160685109,1258.4539316256
2,4,1e-11,0.85310461685,949.1756089698
2,4,1e-11,2.10284025716,956.2891559706
2,4,1e-11,2.25015975765,1038.0412891868
2,4,1e-11,0.07340042854,422.6660376129
2,4,1e-11,5.19829003041,18.1592472647
2,4,1e-11,0.747992272,295.0512286542
2,4,1e-11,2.74786174307,838.9692877504
2,4,1e-11,2.04140460514,286966.9345573162
2,4,1e-11,0.64687171783,131.5469622218
2,4,1e-11,3.86612290643,1485.9801210652
2,4,1e-11,3.52043585648,184.8449074348
2,4,1e-11,1.36919031011,241.7532834412
2,4,0.0,5.69629039994,1251.3403846248
2,4,0.0,2.96705876683,611.4430983108
2,4,1e-11,0.9612747304,1361.5467058442
2,4,0.0,2.18676531283,1471.7530270636
2,5,1.68e-09,1.70751121627,206.1855484372
2,5,1.68e-09,6.23113008656,220.4126424388
2,5,1.26e-09,4.78360062168,522.5774180938
2,5,1.21e-09,2.73213408225,536.8045120954
2,5,6.5e-10,6.17991345652,227.5261894396
2,5,4.7e-10,4.76645839063,515.463871093
2,5,3.8e-10,5.19126826175,433.7117378768
2,5,3.2e-10,2.69880941648,543.9180590962
2,5,2.7e-10,1.88223142168,199.0720014364
2,5,1.1e-10,1.18187733048,14.2270940016
2,5,1.1e-10,3.7642025128,1066.49547719
2,5,1e-10,5.22684912304,440.8252848776
2,5,7e-11,4.23388483049,647.0108333148
2,5,5e-11,4.36366479961,104351.61256629678
2,5,4e-11,1.29818204726,78263.70942472259
2,5,4e-11,4.91327178242,1052.2683831884
2,5,3e-11,1.10210039292,130439.51570787099
2,5,4e-11,2.02140363828,419.4846438752
2,5,3e-11,2.32804418834,26087.9031415742
2,5,4e-11,0.0,0.0
2,5,3e-11,3.88823715659,639.897286314
2,5,3e-11,6.08770400766,234.6397364404
2,5,3e-11,3.92465699188,52175.8062831484
2,5,2e-11,5.07541839899,191.9584544356
2,5,2e-11,4.00021439308,426.598190876
2,5,2e-11,4.13335263836,156527.41884944518
2,5,2e-11,3.32317518434,1073.6090241908
2,5,2e-11,4.64180795349,1045.1548361876
2,5,1e-11,3.09946039705,88.865680217
2,5,1e-11,0.32868254087,7.1135470008
2,5,1e-11,3.90945727398,405.2575498736
2,5,1e-11,5.35212670493,213.299095438
2,5,1e-11,4.3359118416,654.1243803156
2,5,1e-11,2.98586613188,853.196381752
2,5,1e-11,0.88060083637,182615.3219910194
2,5,1e-11,5.47044078046,124.433415221
2,5,1e-11,4.82578898393,508.3503240922
2,5,1e-11,5.79808197162,551.031606097
2,5,1e-11,4.34409570572,110.2063212194
2,5,1e-11,3.32048408656,860.3099287528
2,5,1e-11,5.15758520752,447.9388318784
2,5,0.0,3.53521969532,302.164775655
2,5,1e-11,3.91898663672,208703.2251325936
3,0,0.04607664562,1.99295081967,26087.9031415742
3,0,0.00709887021,3.14159265359,0.0
3,0,0.0046917154,5.04215742764,52175.8062831484
3,0,0.00071626383,1.80894256071,78263.70942472259
3,0,0.00011810801,0.46073218799,213.299095438
3,0,0.00012957444,4.8592203201,104351.61256629678
3,0,0.00011268745,0.4166999186,529.6909650946
3,0,4.802047e-05,4.5826462509,38.1330356378
3,0,2.575002e-05,1.62646731545,130439.51570787099
3,0,1.131032e-05,5.75872803701,74.7815985673
3,0,5.43259e-06,4.67698860167,156527.41884944518
3,0,3.3101e-06,5.99413995809,426.598190876
3,0,3.16945e-06,0.73299217892,1059.3819301892
3,0,1.19462e-06,1.44437994097,182615.3219910194
3,0,9.4261e-07,3.71011866926,206.1855484372
3,0,8.1856e-07,0.3391276399,220.4126424388
3,0,7.9477e-07,4.94442849343,27197.2816936676
3,0,8.2635e-07,2.03127961938,24978.5245894808
3,0,4.3138e-07,5.6684171393,20426.571092422
3,0,3.4677e-07,2.36736170874,25028.521211385
3,0,4.0804e-07,0.45468727848,522.5774180938
3,0,3.2337e-07,1.29099631099,31749.2351907264
3,0,3.1665e-07,3.44561891342,536.8045120954
3,0,2.7465e-07,3.57680072404,5661.3320491522
3,0,2.7081e-07,4.49499356963,208703.2251325936
3,0,2.4534e-07,5.66491831903,36.6485629295
3,0,2.5914e-07,1.94082999599,149.5631971346
3,0,2.3291e-07,0.36646817056,39.6175083461
3,0,2.0978e-07,4.46131555233,4551.9534970588
3,0,2.0602e-07,1.12768557199,1109.3785520934
3,0,2.0252e-07,0.1172215772,51116.4243529592
3,0,1.9875e-07,3.17169650892,76.2660712756
3,0,2.3561e-07,1.82361021215,53285.1848352418
3,0,2.12e-07,1.53474687063,7.1135470008
3,0,1.4791e-07,1.09514648778,1589.0728952838
3,0,1.415e-07,4.42485698284,57837.1383323006
3,0,1.6632e-07,5.09118864825,51066.427731055
3,0,1.4485e-07,1.58357220045,110.2063212194
3,0,1.3765e-07,5.28505135033,639.897286314
3,0,1.1609e-07,3.48812792468,21535.9496445154
3,0,1.0488e-07,2.26900204003,316.3918696566
3,0,1.0476e-07,2.71906856694,419.4846438752
3,0,9.897e-08,2.80940292918,27043.5028831828
3,0,8.38e-08,2.46820093103,46514.4742339962
3,0,8.04e-08,3.7701074117,73.297125859
3,0,7.834e-08,4.08006285427,25132.3033999656
3,0,7.169e-08,2.4386162528,47623.8527860896
3,0,6.283e-08,1.26244592145,234791.12827416777
3,0,6.189e-08,3.24598311063,77204.32749453338
3,0,6.312e-08,3.60156222051,27147.28507176339
3,0,5.874e-08,3.18517530495,14765.2390432698
3,0,5.464e-08,0.18067146403,13521.7514415914
3,0,5.844e-08,4.88684915394,79373.087976816
3,0,5.408e-08,2.41481746465,103.0927742186
3,0,5.084e-08,2.88826076001,12566.1516999828
3,0,4.626e-08,5.87430676751,433.7117378768
3,0,5.778e-08,4.74518603718,30639.856638633
3,0,4.47e-08,5.9424377612,11322.6640983044
3,0,4.084e-08,6.10730721947,41962.5207369374
3,0,3.921e-08,1.19592374632,83925.0414738748
3,0,3.933e-08,1.60795544806,25661.3049506982
3,0,4.046e-08,3.08469176646,51646.11531805379
3,0,3.739e-08,2.04428825509,15874.6175953632
3,0,3.728e-08,1.74332154184,24498.8302462904
3,0,3.797e-08,1.86233694539,77154.33087262919
3,0,3.417e-08,4.10830949198,39609.6545831656
3,0,3.952e-08,0.33515918045,1.4844727083
3,0,3.691e-08,3.50893180252,37410.5672398786
3,0,2.644e-08,5.60089521868,73711.75592766379
3,0,3.021e-08,2.9162481544,10213.285546211
3,0,3.23e-08,5.39015797984,955.5997416086
3,0,2.653e-08,5.52156950287,26617.5941066688
3,0,2.526e-08,5.49112478707,6283.0758499914
3,0,3.017e-08,6.08863660917,53131.406024757
3,0,3.02e-08,5.46768108443,25558.2121764796
3,0,2.574e-08,5.41501596147,632.7837393132
3,0,2.54e-08,6.13336079937,1052.2683831884
3,0,2.473e-08,6.11219356479,1162.4747044078
3,0,2.169e-08,5.85843688724,50586.73338786459
3,0,2.217e-08,5.81930894103,51749.20809227239
3,0,2.036e-08,2.79411907992,7238.6755916
3,0,1.845e-08,3.75394848469,1066.49547719
3,0,1.904e-08,0.02429449494,33326.5787331742
3,0,1.841e-08,3.31987542265,36301.18868778519
3,0,1.693e-08,0.04022611885,103292.23063610759
3,0,1.814e-08,0.58414302882,63498.47038145279
3,0,1.786e-08,3.14233644575,846.0828347512
3,0,1.91e-08,5.54302892735,72602.37737557039
3,0,1.56e-08,0.9621545524,65697.55772473979
3,0,1.566e-08,1.99768150464,202.2533951741
3,0,1.605e-08,0.8485470896,51220.20654153979
3,0,1.504e-08,0.6518145025,3340.6124266998
3,0,1.595e-08,5.65216619091,26068.2333806744
3,0,1.487e-08,1.66950376778,105460.99111839019
3,0,1.595e-08,1.4723892163,26107.57290247399
3,0,1.485e-08,4.31307667056,260879.03141574195
3,0,1.473e-08,0.17358194104,35.1640902212
3,0,1.344e-08,3.05188579262,68050.42387851159
3,0,1.601e-08,0.69333064931,9103.9069941176
3,0,1.323e-08,4.33247461424,949.1756089698
3,0,1.224e-08,3.56543079781,19804.8272915828
3,0,1.258e-08,2.62817126488,52705.49724824299
3,0,1.386e-08,0.42909271065,53235.18821333759
3,0,1.137e-08,6.15183461939,2.9689454166
3,0,1.392e-08,0.41896396083,18849.2275499742
3,0,1.104e-08,1.37365365216,45892.73043315699
3,0,1.028e-08,0.21025596115,227.5261894396
3,0,1.191e-08,5.76715631957,19317.1925403286
3,0,1.218e-08,6.16642870453,77734.01845962799
3,0,9.91e-09,0.77508695125,32858.61374281979
3,0,1.039e-08,4.25003847002,110012.94461544899
3,0,1.155e-08,1.8329152417,16983.9961474566
3,0,9.13e-09,4.91386835375,103242.2340142034
3,0,1.096e-08,2.77782845562,26091.7844769322
3,0,8.82e-09,0.48413591726,209.3669421749
3,0,8.62e-09,5.26762490934,41.1019810544
3,0,8.43e-09,2.10283893013,23869.1460373874
3,0,1.147e-08,1.40069226758,56727.7597802072
3,0,1.096e-08,4.34969785012,26084.0218062162
3,0,8.32e-09,1.52051620701,2118.7638603784
3,0,8.88e-09,5.96405172933,38654.05484155699
3,0,7.98e-09,5.90979724117,43071.8992890308
3,0,8.94e-09,6.2089194933,40853.142184844
3,0,7.51e-09,2.38280961577,99799.65906923798
3,0,8.67e-09,2.91658316884,148.0787244263
3,0,8.58e-09,3.48194203031,59414.4818747484
3,0,9.03e-09,4.51539427543,3442.5749449654
3,0,8.46e-09,3.60649450344,217.2312487011
3,0,8.16e-09,4.68549846425,28306.66024576099
3,0,7.39e-09,4.03898100455,26514.5013324502
3,0,8.74e-09,3.33462533468,22645.32819660879
3,0,6.85e-09,2.68994541603,76674.63652943878
3,0,7.79e-09,3.77257775192,63.7358983034
3,0,7.18e-09,4.62346837191,853.196381752
3,0,9.33e-09,3.52008984237,6770.7106012456
3,0,8.22e-09,6.20394897991,323.5054166574
3,0,6.68e-09,2.67447570603,77837.11123384659
3,0,6.88e-09,4.1373584551,27676.976036858
3,0,7.47e-09,2.88413728742,79219.3091663312
3,0,5.94e-09,4.72204801083,29530.4780865396
3,0,6.87e-09,2.88181717922,71.8126531507
3,0,5.8e-09,0.49131159361,62389.09182935939
3,0,5.6e-09,0.58980434738,26080.78959457339
3,0,5.66e-09,1.76588678024,742.9900605326
3,0,4.59e-09,3.95268976842,77.7505439839
3,0,4.6e-09,2.41008353609,25448.00585526019
3,0,4.53e-09,4.02646064195,91785.46086631398
3,0,5.75e-09,3.85836565065,199.0720014364
3,0,4.41e-09,3.60120922804,89586.37352302698
3,0,4.73e-09,3.19147656788,25874.6040461362
3,0,4.52e-09,3.10205575226,129380.13377768178
3,0,4.21e-09,5.42036909165,11.0457002639
3,0,4.95e-09,4.3509468616,58946.51688439399
3,0,3.95e-09,0.29737033271,25934.1243310894
3,0,3.92e-09,0.53546585935,26241.681952059
3,0,3.82e-09,4.72731471129,131548.89425996438
3,0,3.82e-09,4.49198737842,71980.63357473118
3,0,5.34e-09,0.54255389653,515.463871093
3,0,3.91e-09,3.41883762677,224.3447957019
3,0,3.83e-09,0.89770484162,151.0476698429
3,0,3.68e-09,3.89892172772,77308.10968311399
3,0,4.27e-09,1.40024993586,14.2270940016
3,0,3.51e-09,1.04745682138,2218.7571041868
3,0,3.56e-09,6.12309999532,94138.32702008578
3,0,4.58e-09,2.31746139528,98690.28051714458
3,0,3.27e-09,4.52406643775,52195.47604404819
3,0,3.93e-09,3.09725258397,69159.80243060499
3,0,3.19e-09,1.05944718196,117.3198682202
3,0,3.1e-09,1.10653094623,23969.1392811958
3,0,3.56e-09,1.0806284094,286966.9345573162
3,0,3.12e-09,6.24838646568,216.4804891757
3,0,3.45e-09,5.71957868514,78793.40038981718
3,0,2.93e-09,1.74897333943,54394.56338733519
3,0,2.93e-09,5.16317925344,647.0108333148
3,0,3.14e-09,4.10256974515,210.1177017003
3,0,3.25e-09,2.41844865673,52156.1365222486
3,0,2.96e-09,1.59458223926,309.2783226558
3,0,2.73e-09,0.34374545554,51535.90899683439
3,0,2.98e-09,5.25958947836,415.5524906121
3,0,2.52e-09,2.07789295059,48733.23133818299
3,0,2.76e-09,3.54425558449,525.7588118315
3,0,3.26e-09,3.49941746899,79323.09135491178
3,0,3.27e-09,2.946518855,103821.92160120218
3,0,3e-09,3.53612598449,26301.2022370122
3,0,3.17e-09,3.85456671343,85.8272988312
3,0,2.44e-09,0.14590577298,1692.1656695024
3,0,2.77e-09,0.31958662741,138.5174968707
3,0,2.41e-09,3.32660302434,543.9180590962
3,0,2.74e-09,1.02128544399,136100.84775702318
3,0,2.27e-09,1.68291413296,129330.13715577759
3,0,2.64e-09,4.42527687575,82815.66292178139
3,0,2.8e-09,3.47711681992,44937.1306915484
3,0,2.07e-09,5.26698515692,25938.3399444396
3,0,2.33e-09,1.58956295605,26095.016688575
3,0,2.11e-09,2.55179422569,45405.0956819028
3,0,2.23e-09,1.11566460119,52171.9249477904
3,0,1.95e-09,5.61180266071,25021.4076643842
3,0,2.04e-09,5.44212122344,125887.56221081219
3,0,1.98e-09,2.49240240273,95.9792272178
3,0,1.93e-09,2.20507758963,25035.6347583858
3,0,1.87e-09,5.29895224815,1478.8665740644
3,0,1.89e-09,5.788236485,102762.53967101299
3,0,2.13e-09,1.31985764486,26555.8681319286
3,0,1.91e-09,0.24359410467,85502.38501632259
3,0,1.95e-09,5.97596513107,105307.21230790539
3,0,2.18e-09,5.85009667782,25619.9381512198
3,0,1.81e-09,5.75215140812,103925.01437542078
3,0,1.86e-09,4.39437140248,277.0349937414
3,0,1.9e-09,3.25444605074,13655.8604911764
3,0,2.13e-09,0.01481073233,1581.959348283
3,0,2.42e-09,0.43270824867,533.6231183577
3,0,1.77e-09,5.31586012519,50057.04242277
3,0,1.99e-09,5.68974720641,956.2891559706
3,0,2.07e-09,2.75433176036,64741.95798313119
3,0,2.24e-09,5.82663546732,52179.6876185064
3,0,1.66e-09,5.16708694657,49957.0491789616
3,0,1.71e-09,1.99193197138,26094.53170047421
3,0,1.59e-09,2.10978774324,32370.9789915656
3,0,1.64e-09,5.82981713266,12432.0426503978
3,0,1.99e-09,3.05926705479,66941.04532641819
3,0,1.61e-09,3.79231132145,490.3340891794
3,0,1.71e-09,5.1352042366,26081.27458267419
3,0,1.5e-09,0.90885651206,52389.1053785864
3,0,1.46e-09,0.92939894424,114.3991069134
3,0,1.84e-09,1.74487163243,51962.5071877104
3,0,1.58e-09,0.75767760137,1265.5674786264
3,0,1.64e-09,0.91431121775,52602.4044740244
3,0,1.38e-09,5.40226519416,26011.6370702986
3,0,1.49e-09,2.17444239275,52168.69273614759
3,0,1.84e-09,1.61828580097,20760.4270331914
3,0,1.52e-09,5.88161397387,6681.2248533996
3,0,1.29e-09,4.11253826151,1596.1864422846
3,0,1.52e-09,0.96120452018,53764.8791784322
3,0,1.46e-09,5.57207251195,58458.88213313979
3,0,1.5e-09,3.58807734183,88476.99497093359
3,0,1.28e-09,3.49556203334,1375.7737998458
3,0,1.24e-09,1.42633058836,55618.3812281138
3,0,1.54e-09,0.00941929392,735.8765135318
3,0,1.29e-09,5.30043284887,351.8165923087
3,0,1.41e-09,1.44033578815,5327.4761083828
3,0,1.26e-09,0.80278847447,117873.36400788819
3,0,1.17e-09,4.81725910872,625.6701923124
3,0,1.18e-09,3.91167705851,19406.6782881746
3,0,1.17e-09,4.6811816248,52182.9198301492
3,0,1.3e-09,3.12963980623,38519.945791972
3,0,1.13e-09,3.04973288935,532.8723588323
3,0,1.23e-09,2.9095927256,52026.2430860138
3,0,1.16e-09,0.92093201468,526.5095713569
3,0,1.29e-09,1.1107906312,33.6796175129
3,0,1.14e-09,3.34729061863,51109.31080595839
3,0,1.09e-09,0.37062017,115674.27666460119
3,0,1.08e-09,5.35523619654,46848.3301747656
3,0,1.2e-09,6.1589049848,155468.036919256
3,0,1.05e-09,1.26949313866,98068.53671630539
3,0,1.24e-09,5.59073645014,74821.13447975718
3,0,1.13e-09,5.37283602123,124778.18365871879
3,0,1.01e-09,1.50859657746,157636.79740153858
3,0,1.12e-09,6.24044765899,51123.53789995999
3,0,9.5e-10,4.92440852569,4.4534181249
3,0,8.9e-10,0.66689996363,103396.01282468818
3,0,1.06e-09,2.29924580245,111.4301614968
3,0,8.8e-10,3.24234443321,26727.8004278882
3,0,1.03e-09,3.99294762314,70.3281804424
3,0,8.3e-10,3.46887356727,77623.81213840858
3,0,8.2e-10,3.58489505049,52329.58509363319
3,0,8.2e-10,2.7659872925,35191.8101356918
3,0,8.5e-10,6.03717451925,127.4717966068
3,0,9.2e-10,2.89919284588,120226.23016165999
3,0,8.1e-10,3.34888362248,52022.0274726636
3,0,8e-10,1.6180082693,45494.58142974879
3,0,8.7e-10,5.99930110618,129909.82474277639
3,0,8.1e-10,5.75718254218,78.7137518304
3,0,7.5e-10,1.29165560989,78283.37918562238
3,0,9.7e-10,0.94285631414,85034.42002596818
3,0,7.6e-10,4.3786802151,146.594251718
3,0,7.3e-10,5.74180456867,440.8252848776
3,0,8e-10,0.2762726008,105410.99449648599
3,0,9.4e-10,2.55599744292,70.8494453042
3,0,7.9e-10,5.99645052852,95247.70557217918
3,0,7.4e-10,0.63932580906,64607.84893354619
3,0,6.6e-10,4.71152255697,80482.46652890938
3,0,7.3e-10,3.21815072307,52099.5402118728
3,0,6.6e-10,2.98683203711,23754.70674870219
3,0,9.1e-10,2.50052149852,104881.30353139139
3,0,7.4e-10,6.17414394369,137.0330241624
3,0,6.5e-10,4.13140277621,210.8514148832
3,0,8.6e-10,4.13151425024,313054.83769889036
3,0,6.4e-10,1.17129038283,108903.56606335558
3,0,5.9e-10,0.79111914848,7994.5284420242
3,0,6.5e-10,0.250685719,71025.0338331226
3,0,6.4e-10,6.2165761175,215.7467759928
3,0,5.7e-10,4.67121384993,28206.6670019526
3,0,5.9e-10,4.92822158961,78050.41032928458
3,0,5.6e-10,2.09215892689,76144.94556434419
3,0,5.6e-10,1.73304008242,25654.19140369739
3,0,5.7e-10,4.73385475413,155418.04029735178
3,0,5.6e-10,5.88720785632,26037.90651966999
3,0,7.4e-10,5.46823409002,78244.0396638228
3,0,6.1e-10,4.50066150046,25668.418497699
3,0,7.1e-10,4.0685589567,162188.75089859738
3,0,5.2e-10,2.74630211595,131395.11544947958
3,0,6.6e-10,4.90503958113,222.8603229936
3,0,5.5e-10,1.23376269855,26137.8997634784
3,0,5.1e-10,1.98568003824,2648.454825473
3,0,5e-10,0.8109362549,3.9321532631
3,0,5.1e-10,4.16406216247,78259.82808936459
3,0,4.8e-10,5.64584502444,71492.99882347698
3,0,5.6e-10,2.21556357721,151975.46535238638
3,0,5.2e-10,2.58403290426,128850.44281258718
3,0,5.5e-10,2.9664231455,1169.5882514086
3,0,4.6e-10,0.75603425226,214.2623032845
3,0,4.7e-10,5.59856718264,422.6660376129
3,0,4.8e-10,2.53427528158,130012.91751699499
3,0,4.5e-10,3.30208209778,111590.2881578968
3,0,5.1e-10,2.59172476683,78267.59076008058
3,0,4.7e-10,1.65481269433,18093.37469954999
3,0,4.5e-10,4.61275436981,2333.196392872
3,0,5.4e-10,6.17296259646,10021.8372800994
3,0,4.3e-10,0.99886063885,437.6438911399
3,0,4.2e-10,2.94276331302,24395.7374720718
3,0,4.2e-10,4.02117925826,78477.00852016058
3,0,4.2e-10,4.06841238442,42.5864537627
3,0,5.6e-10,4.77237421864,28421.0995344462
3,0,4.7e-10,6.11377086686,93028.94846799239
3,0,4.7e-10,3.95753360395,109.9456887885
3,0,4e-10,3.23768263734,25234.70675982219
3,0,5.5e-10,5.81384971899,1045.1548361876
3,0,4.5e-10,5.03235979949,78256.59587772179
3,0,5e-10,5.81013134251,90829.86112470538
3,0,3.9e-10,4.38780950886,942.062061969
3,0,4.7e-10,3.30738241951,212.3358875915
3,0,3.9e-10,3.63042667673,213.3472795478
3,0,3.8e-10,0.54320017724,299.1263942692
3,0,3.9e-10,5.79384191199,380.12776796
3,0,3.6e-10,6.02764042024,78114.14622758799
3,0,3.5e-10,0.19483010119,77197.21394753258
3,0,3.8e-10,0.85372328004,26237.46633870879
3,0,3.6e-10,3.61160802929,48835.19385644859
3,0,3.6e-10,0.36428632576,27154.3986187642
3,0,3.7e-10,2.58618864774,51707.84129279399
3,0,4.7e-10,3.11077813997,16066.0658614748
3,0,3.5e-10,1.89948168639,52169.17772424839
3,0,3.5e-10,3.09037355598,77211.44104153418
3,0,3.5e-10,5.86095139046,18207.81398823521
3,0,3.8e-10,1.94104879109,76044.9523205358
3,0,3.2e-10,1.45277855585,78270.82297172339
3,0,4.4e-10,4.36195482299,52643.7712735028
3,0,3.2e-10,4.70833495807,71582.48457132299
3,0,3.7e-10,3.75248447021,27140.17152476259
3,0,3.9e-10,0.43264760342,213.2509113282
3,0,4.2e-10,2.3434121767,84546.78527471398
3,0,3.3e-10,4.22087782315,111122.32316754239
3,0,3e-10,2.75112354254,838.9692877504
3,0,3.2e-10,5.93849066304,51742.09454527159
3,0,3e-10,3.04343823849,200.7689224658
3,0,4e-10,6.23354889167,1155.361157407
3,0,3.7e-10,2.22778724531,25973.46385288896
3,0,3.2e-10,4.71988612983,628.8515860501
3,0,3e-10,4.46570213013,81706.28436968799
3,0,2.9e-10,4.99680928394,24491.71669928959
3,0,3.1e-10,0.58732919927,9.5612275556
3,0,3.5e-10,5.04036468235,52182.4348420484
3,0,3.3e-10,4.30956969733,14477.3511832
3,0,3.9e-10,3.99296635763,78690.30761559859
3,0,2.8e-10,3.41723065188,7880.08915333899
3,0,3.9e-10,0.38970280197,114564.89811250778
3,0,3.3e-10,3.85407359005,143961.2671494624
3,0,2.9e-10,2.14304937049,150866.08680029298
3,0,3.6e-10,4.89757043872,26202.34243025941
3,0,3e-10,0.55025093927,33967.99229491319
3,0,2.8e-10,1.52043005918,40565.2543247742
3,0,2.8e-10,2.51169186668,1272.6810256272
3,0,2.7e-10,3.44440418351,141762.17980617538
3,0,3.5e-10,2.50821332798,72936.23331633979
3,0,2.8e-10,5.43761306842,388.4651552382
3,0,2.8e-10,0.83354394743,42153.969003049
3,0,3.6e-10,4.02142487381,79852.78232000639
3,0,2.6e-10,1.15352991801,51322.60990139639
3,0,2.6e-10,1.28059116172,3.1813937377
3,0,2.6e-10,0.13577439886,22747.2907148744
3,0,2.4e-10,0.10065799272,1795.258443721
3,0,2.5e-10,2.59359350223,79.2350166922
3,0,2.5e-10,0.71097564554,50483.640613646
3,0,2.4e-10,2.92248010137,121335.60871375339
3,0,2.6e-10,4.56151347419,183724.7005431128
3,0,2.4e-10,2.1654518097,32769.1279949738
3,0,2.4e-10,5.82405443219,108.4612160802
3,0,3.1e-10,2.33336639968,51756.3216392732
3,0,3.2e-10,2.93016714121,181555.94006083018
3,0,2.7e-10,4.32935860229,124156.43985787958
3,0,2.3e-10,6.16949223424,39743.7636327506
3,0,2.3e-10,2.77333133719,155997.72788435058
3,0,2.2e-10,2.90047805068,25863.55834587229
3,0,2.3e-10,0.26296960044,103711.71527998279
3,0,2.2e-10,0.49237419293,23439.44831610119
3,0,2.8e-10,3.25606570751,430.5303441391
3,0,2.2e-10,5.77543856958,2008.557539159
3,0,2.2e-10,0.50346164344,2221.856634597
3,0,2.2e-10,1.93497630901,112.9146342051
3,0,2.7e-10,2.77269830479,24505.94379329119
3,0,2.2e-10,0.39938514656,26164.1692128498
3,0,2.2e-10,0.07820939757,78187.44335344699
3,0,2.2e-10,3.71330627735,129483.91596626239
3,0,2.7e-10,5.97682655989,330.6189636582
3,0,2.9e-10,5.62929042847,44181.27784112419
3,0,2.2e-10,4.35422573947,26720.68688088739
3,0,2e-10,1.78582040688,212.7778305762
3,0,2.1e-10,5.12497732226,11610.5519583742
3,0,2.4e-10,0.95152270008,527.2432845398
3,0,2e-10,0.12988532533,2111.6503133776
3,0,2.5e-10,5.36835518856,26013.1215430069
3,0,2.4e-10,5.55813303813,130969.20667296558
3,0,2e-10,4.79424075731,25780.3455206046
3,0,2e-10,3.82740705898,24925.4284371664
3,0,2e-10,4.26878389727,25131.61398560359
3,0,2.1e-10,5.10505150441,25977.69682035479
3,0,2e-10,3.32855955978,131498.89763806018
3,0,2e-10,1.29805086237,467.9649903544
3,0,2.3e-10,2.06377601353,100909.03762133139
3,0,1.9e-10,2.33132135274,26395.46076254379
3,0,1.9e-10,4.36776418254,860.3099287528
3,0,1.9e-10,0.35229627877,78417.48823520739
3,0,2.6e-10,3.14039215361,423.4167971383
3,0,1.9e-10,0.44526121834,529.7391492044
3,0,2.3e-10,3.02283149606,532.1386456494
3,0,1.9e-10,2.86176933014,50579.61984086379
3,0,1.8e-10,4.33826105585,104371.28232719658
3,0,2.2e-10,1.69381062404,106570.36967048359
3,0,2.1e-10,0.89581658307,339142.7408404646
3,0,1.8e-10,1.83971917997,1368.660252845
3,0,2.5e-10,5.95532312645,146314.13330323418
3,0,2e-10,5.86174074496,152.5321425512
3,0,2e-10,0.11725114676,52815.7035694624
3,0,1.8e-10,1.66756826028,23888.81579828719
3,0,1.9e-10,3.53063536661,529.6427809848
3,0,1.8e-10,5.51118637621,429.7795846137
3,0,1.7e-10,4.39063105551,60055.89543648739
3,0,1.7e-10,3.17668084118,70269.18098269838
3,0,1.7e-10,1.74029229152,104138.31347085879
3,0,1.7e-10,5.24411288462,102232.84870591838
3,0,2.3e-10,5.85045041991,191.2076949102
3,0,1.9e-10,0.11691865573,78109.93061423779
3,0,1.7e-10,3.28697052824,25565.3257234804
3,0,1.9e-10,0.84289230962,188276.6540401716
3,0,1.8e-10,4.95715442948,350.3321196004
3,0,1.7e-10,5.31530503909,288.0806940053
3,0,1.8e-10,0.4725216389,27999.1026247914
3,0,1.6e-10,2.8132092467,52101.02468458109
3,0,1.7e-10,0.12434288249,184.7272873558
3,0,1.6e-10,4.20710393311,134991.4692049298
3,0,1.9e-10,0.54267379272,50593.84693486539
3,0,1.5e-10,5.78613478653,24712.1293417284
3,0,1.8e-10,2.23136091809,104331.94280539699
3,0,1.6e-10,3.3095771758,97112.93697469679
3,0,1.6e-10,1.02655918243,26162.6847401415
3,0,2e-10,2.2782067892,213.8203602998
3,0,1.5e-10,0.51501957594,13362.4497067992
3,0,1.5e-10,5.44457668379,28286.9904848612
3,0,1.5e-10,3.09319808895,25984.8103673556
3,0,1.9e-10,5.95214817336,29428.515568274
3,0,1.5e-10,5.13468114097,195.1398481733
3,0,1.7e-10,1.6041139068,26507.38778544939
3,0,1.5e-10,0.30526718104,203.7378678824
3,0,1.5e-10,3.86419292499,530.6541729411
3,0,1.6e-10,3.62113927445,26610.48055966799
3,0,1.4e-10,0.06812069189,234.6397364404
3,0,1.8e-10,4.55509949626,51543.0225438352
3,0,1.6e-10,4.95762784074,25771.5112719176
3,0,1.4e-10,3.04648891279,703.6331846174
3,0,1.3e-10,5.67578126072,84.3428261229
3,0,1.6e-10,3.53658275362,25551.09862947879
3,0,1.3e-10,2.28786159405,12725.453434775
3,0,1.6e-10,3.05451392033,26190.99591579279
3,0,1.3e-10,5.81922389967,157483.01859105378
3,0,1.3e-10,0.65559035913,173.9422195228
3,0,1.3e-10,4.03160498458,24356.7807886416
3,0,1.3e-10,4.49878848868,29416.03879785439
3,0,1.6e-10,1.1438048243,26404.2950112308
3,0,1.6e-10,4.77704247519,24609.0365675098
3,0,1.3e-10,1.33944288754,52808.59002246159
3,0,1.5e-10,1.50513017421,181505.94343892598
3,0,1.4e-10,4.51668225775,145.6310438715
3,0,1.3e-10,3.86846352248,1055.4497769261
3,0,1.2e-10,0.92918175452,104347.73123093879
3,0,1.4e-10,2.44451494167,26421.7590823436
3,0,1.2e-10,1.66798607577,51013.33157874059
3,0,1.2e-10,4.24892890325,52225.8029050526
3,0,1.4e-10,4.68967753702,25754.0472008048
3,0,1.3e-10,0.63063491269,51639.00177105299
3,0,1.3e-10,0.51980975221,51951.46148744649
3,0,1.5e-10,1.17798794037,1063.3140834523
3,0,1.3e-10,0.11999669275,26294.08869001139
3,0,1.2e-10,5.63990253843,104355.49390165479
3,0,1.3e-10,0.3727147952,74923.09699802278
3,0,1.5e-10,2.19958896111,22759.76748529401
3,0,1.4e-10,0.82164896652,52.6901980395
3,0,1.2e-10,5.8133194976,74.6697239827
3,0,1.3e-10,1.47842980598,54294.57014352679
3,0,1.2e-10,3.10508217703,27819.0254945068
3,0,1.3e-10,4.43466163358,453.424893819
3,0,1.1e-10,2.42209220629,97580.90196505119
3,0,1.1e-10,3.65812718259,1073.6090241908
3,0,1.3e-10,2.58513127775,116917.76426627958
3,0,1.1e-10,4.5138193485,265.9892934775
3,0,1.1e-10,4.38170902192,565.1156877467
3,0,1.1e-10,4.76885794954,49527.35145767539
3,0,1.1e-10,3.92593978045,26521.614879451
3,0,1.1e-10,2.89444277066,119116.85160956658
3,0,1.5e-10,0.11132517079,528.7277572481
3,0,1.2e-10,4.19270486844,563.6312150384
3,0,1.2e-10,5.58737020094,25881.717593137
3,0,1.3e-10,5.5953722056,156100.82065856917
3,0,1.1e-10,3.00019809243,217.491881132
3,0,1.2e-10,2.01299993075,51219.51712717779
3,0,1.2e-10,3.25432749571,252.6559713532
3,0,1.1e-10,2.82174388634,210.3783341312
3,0,1.1e-10,0.99253734697,25455.119402261
3,0,1.4e-10,5.68122574937,154938.34595416137
3,0,1.2e-10,1.52824474801,302.164775655
3,0,1.1e-10,5.84037285819,145.1097790097
3,0,1.3e-10,4.98231508398,984.6003316219
3,0,1.5e-10,5.27886514517,178063.3684939606
3,0,1.4e-10,6.12654802167,52278.89905736699
3,0,1.1e-10,0.06908636848,52072.71350892979
3,0,1.1e-10,0.8098222874,104564.91166173479
3,0,1e-10,4.57790249516,2125.8774073792
3,0,1.3e-10,3.96505351243,68241.8721446232
3,0,1.2e-10,2.22934356868,32.1951448046
3,0,1.1e-10,2.65559265085,52125.80966124419
3,0,1.2e-10,6.26057108211,24176.703658357
3,0,1.2e-10,1.73021765373,104344.49901929598
3,0,1e-10,2.77364193598,77829.99768684579
3,0,1e-10,0.58421334028,160.6088973985
3,0,1e-10,0.16740688394,212.5483359126
3,0,1e-10,1.61286239287,207.8824694666
3,0,1e-10,2.83314383566,104202.04936916218
3,0,1e-10,4.05963464737,26089.38761428249
3,0,1.2e-10,5.40316858194,110634.68841628819
3,0,1e-10,6.17247219966,103299.34418310839
3,0,1e-10,0.02153234343,137678.191299471
3,0,1.2e-10,2.25188175428,52065.59996192899
3,0,1e-10,3.11650831039,26086.4186688659
3,0,1.2e-10,5.37679401763,362.8622925726
3,0,1e-10,3.27287049435,103285.11708910679
3,0,1.2e-10,5.18451722763,68.8437077341
3,0,1e-10,1.38532261128,25446.4895798352
3,0,1.2e-10,1.52019007531,54509.0026760204
3,0,1.1e-10,6.21574870463,61279.713277266
3,0,9e-11,2.88821691711,90695.75207512038
3,0,9e-11,3.00647036484,417.0369633204
3,0,1.1e-10,2.16522629249,26624.70765366959
3,0,9e-11,4.80391342687,27311.72098235281
3,0,9e-11,4.23373474411,52250.5878817157
3,0,9e-11,5.7443725917,26729.31670331319
3,0,1e-10,3.4751748596,140652.80125408198
3,0,1e-10,5.21528526304,412.3710968744
3,0,1e-10,2.80299508279,55516.4187098482
3,0,1.3e-10,4.07250716348,34282.1784747828
3,0,9e-11,0.66918270135,52698.38370124219
3,0,1e-10,5.43273059228,126996.94076290558
3,0,9e-11,1.51413989531,97670.38771289718
3,0,1e-10,0.08817228351,1485.9801210652
3,0,9e-11,3.33909678408,1911.1994832172
3,0,9e-11,6.28167845492,147423.51185532758
3,0,9e-11,0.50158036935,207.6700211455
3,0,1e-10,3.89389777532,214.0498549634
3,0,1e-10,0.71259250113,137210.22630911658
3,0,9e-11,4.22285311504,12.5301729722
3,0,9e-11,3.57005441415,50800.03248330259
3,0,9e-11,5.50160718751,2199.087343287
3,0,1e-10,6.10994422833,223.5940361765
3,0,9e-11,2.08845571909,51859.41441349179
3,0,9e-11,4.25308230419,26222.0121911592
3,0,1.2e-10,2.56562021906,74.8934731519
3,0,9e-11,2.50157520492,24864.08530079559
3,0,8e-11,2.47794653703,25440.89230825939
3,0,9e-11,0.17310329267,124.433415221
3,0,1.1e-10,1.23818152928,216.2198567448
3,0,1e-10,0.11060519587,221.3758502853
3,0,9e-11,2.85482376043,25953.79409198919
3,0,8e-11,2.29776576843,23866.04650697719
3,0,9e-11,0.78685007135,104778.21075717278
3,0,8e-11,2.67369883765,88.865680217
3,0,8e-11,4.62944551319,52492.19815280499
3,0,9e-11,3.73069830414,5.9378908332
3,0,9e-11,5.48506768547,77844.22478084739
3,0,1e-10,1.12934836943,78731.674415077
3,0,8e-11,2.595492679,26941.0995233262
3,0,8e-11,4.95780242181,78257.08086582259
3,0,8e-11,2.55696609752,17893.6278083656
3,0,8e-11,4.52002369897,104358.72611329758
3,0,1e-10,2.48242357336,218.7157214094
3,0,1.1e-10,1.0583855152,209.106309744
3,0,8e-11,3.82529998469,76571.54375522019
3,0,9e-11,1.57363188943,24998.19435038059
3,0,8e-11,0.65301230309,8194.2753332086
3,0,8e-11,4.30691637723,77410.51304297059
3,0,8e-11,5.61648727808,77795.74443436819
3,0,9e-11,2.56370604921,50696.93970908399
3,0,8e-11,2.44699715379,425.1137181677
3,0,9e-11,0.81310827208,105940.68546158058
3,0,8e-11,3.03053180726,27780.06881107659
3,0,8e-11,5.21537078773,176953.98994186718
3,0,1e-10,2.92834886255,65.2203710117
3,0,8e-11,4.00825868583,217.964961884
3,0,8e-11,2.88040588282,36109.7404216736
3,0,8e-11,3.90879186991,54087.0057663656
3,0,7e-11,2.09304055777,25344.9130810416
3,0,7e-11,3.77982679537,19.66976089979
3,0,7e-11,1.66055890695,231.4583427027
3,0,1e-10,2.73461620208,225.8292684102
3,0,8e-11,2.01169539344,31415.379249957
3,0,8e-11,4.90600221547,62.2514255951
3,0,8e-11,6.01136820214,207643.8432024044
3,0,8e-11,1.19554688546,21.3406410024
3,0,7e-11,4.87306863016,28.5718080822
3,0,8e-11,3.29730720599,305.3461693927
3,0,8e-11,6.24227744862,38813.3565763492
3,0,8e-11,1.33108336808,55503.94193942859
3,0,7e-11,3.30804741677,23919.1426592916
3,0,8e-11,3.48746520229,53242.3017603384
3,0,8e-11,5.56477337187,27177.6119327678
3,0,7e-11,0.23049597733,72.3339180125
3,0,9e-11,5.00034866965,102132.85546210999
3,0,8e-11,1.66471235682,52290.24557183361
3,1,0.00108722159,3.91134750825,26087.9031415742
3,1,0.00057693223,3.14159265359,0.0
3,1,4.297352e-05,2.56373047177,52175.8062831484
3,1,2.435833e-05,0.05112640506,78263.70942472259
3,1,7.95699e-06,3.20041081922,104351.61256629678
3,1,5.44284e-06,1.80380684048,213.299095438
3,1,3.88127e-06,4.66945083146,529.6909650946
3,1,2.29251e-06,0.0055843111,130439.51570787099
3,1,6.3404e-07,3.07612843684,156527.41884944518
3,1,3.7297e-07,5.40131521403,206.1855484372
3,1,2.8944e-07,4.9324571056,220.4126424388
3,1,2.8635e-07,3.15447649004,74.7815985673
3,1,2.4993e-07,3.65901124814,426.598190876
3,1,1.7253e-07,6.13908634954,182615.3219910194
3,1,1.944e-07,5.7111105071,1059.3819301892
3,1,1.3738e-07,1.71307370446,536.8045120954
3,1,1.2167e-07,2.31153996241,522.5774180938
3,1,9.622e-08,0.37621894804,27197.2816936676
3,1,8.01e-08,5.28413417446,38.1330356378
3,1,4.973e-08,4.30231965334,419.4846438752
3,1,6.297e-08,0.3972888275,24978.5245894808
3,1,4.662e-08,2.91492698307,208703.2251325936
3,1,4.265e-08,6.1478270466,7.1135470008
3,1,2.601e-08,3.05161174193,639.897286314
3,1,2.134e-08,4.07059678394,433.7117378768
3,1,2.148e-08,3.48577221863,53285.1848352418
3,1,1.752e-08,3.0724687162,31749.2351907264
3,1,1.56e-08,3.28261094599,316.3918696566
3,1,1.734e-08,3.48012770286,51066.427731055
3,1,1.455e-08,6.26535145349,1589.0728952838
3,1,1.256e-08,5.97163248139,234791.12827416777
3,1,1.028e-08,5.86909257705,149.5631971346
3,1,9.19e-09,2.20247811299,51116.4243529592
3,1,8.93e-09,2.83549644335,1109.3785520934
3,1,8.34e-09,0.6500804461,25028.521211385
3,1,8.13e-09,2.10068878826,1066.49547719
3,1,7.75e-09,4.79688880139,227.5261894396
3,1,7e-09,1.69972966052,1052.2683831884
3,1,7.06e-09,4.09989437475,21535.9496445154
3,1,6.62e-09,0.35584811573,6283.0758499914
3,1,5.42e-09,1.44488755125,110.2063212194
3,1,5.49e-09,4.55772827645,27043.5028831828
3,1,5.34e-09,2.34212997128,76.2660712756
3,1,5.99e-09,1.30707878411,5661.3320491522
3,1,5.03e-09,0.26513156342,77154.33087262919
3,1,3.95e-09,4.32073156427,47623.8527860896
3,1,4.03e-09,1.25691345472,36.6485629295
3,1,3.9e-09,3.05829239675,26107.57290247399
3,1,3.52e-09,4.79823464785,39.6175083461
3,1,3.7e-09,0.2618883752,79373.087976816
3,1,3.42e-09,0.06201621683,57837.1383323006
3,1,4.46e-09,5.55248874462,199.0720014364
3,1,3.38e-09,2.74361031332,260879.03141574195
3,1,3.86e-09,4.58193816882,10213.285546211
3,1,3.1e-09,5.14811665075,632.7837393132
3,1,3.67e-09,5.32342045882,103.0927742186
3,1,3.19e-09,4.06638794904,26068.2333806744
3,1,3.47e-09,5.42940711986,37410.5672398786
3,1,3.43e-09,2.32388226037,515.463871093
3,1,3.29e-09,2.5790814267,25132.3033999656
3,1,2.82e-09,0.72426739653,46514.4742339962
3,1,3.03e-09,2.97597780334,30639.856638633
3,1,3.23e-09,3.09339172608,20426.571092422
3,1,3.15e-09,5.97732845019,26084.0218062162
3,1,2.67e-09,3.50170128183,25558.2121764796
3,1,2.36e-09,1.57642784422,27147.28507176339
3,1,2.58e-09,5.99544147559,14.2270940016
3,1,2.67e-09,1.13990449748,26091.7844769322
3,1,2.35e-09,1.49701289406,14765.2390432698
3,1,2.66e-09,0.4946802772,73.297125859
3,1,2.51e-09,5.58497774438,217.2312487011
3,1,2.11e-09,2.45573232741,853.196381752
3,1,2.36e-09,2.22525353065,4551.9534970588
3,1,2.1e-09,5.87638250776,210.1177017003
3,1,2e-09,1.60953815793,543.9180590962
3,1,1.86e-09,4.63128120913,209.3669421749
3,1,1.94e-09,1.02173542846,50586.73338786459
3,1,1.75e-09,0.12964063811,28306.66024576099
3,1,1.67e-09,3.29086340027,647.0108333148
3,1,1.88e-09,4.4560144698,216.4804891757
3,1,1.58e-09,4.72011691978,13521.7514415914
3,1,1.48e-09,0.50941562343,23869.1460373874
3,1,1.47e-09,4.91154015633,202.2533951741
3,1,1.46e-09,3.32809085248,103242.2340142034
3,1,1.48e-09,2.67606270632,32858.61374281979
3,1,1.48e-09,3.97558333546,26617.5941066688
3,1,1.48e-09,6.00943832296,949.1756089698
3,1,1.44e-09,6.17471854034,39609.6545831656
3,1,1.43e-09,3.70203142149,323.5054166574
3,1,1.4e-09,0.83132381305,735.8765135318
3,1,1.35e-09,5.29023702746,15874.6175953632
3,1,1.27e-09,1.74708107452,41962.5207369374
3,1,1.67e-09,1.41845890576,53131.406024757
3,1,1.42e-09,5.51538705616,77204.32749453338
3,1,1.43e-09,5.60549263164,25661.3049506982
3,1,1.35e-09,4.5129411959,22645.32819660879
3,1,1.22e-09,5.67146512225,117.3198682202
3,1,1.14e-09,1.61571061542,51749.20809227239
3,1,1.36e-09,2.44803626803,24498.8302462904
3,1,1.19e-09,0.48505510402,2118.7638603784
3,1,1.11e-09,5.61693406682,51220.20654153979
3,1,1.28e-09,4.16885336182,19317.1925403286
3,1,1.19e-09,3.89351050712,72602.37737557039
3,1,1.05e-09,2.35643129018,63498.47038145279
3,1,1e-09,2.78745027781,1.4844727083
3,1,1.08e-09,2.29989754953,19804.8272915828
3,1,1.18e-09,5.34899821984,9103.9069941176
3,1,1.31e-09,5.10396827386,51646.11531805379
3,1,9e-10,3.10411714137,29530.4780865396
3,1,1.04e-09,2.90747009733,3340.6124266998
3,1,1.02e-09,1.51408473952,43071.8992890308
3,1,9.9e-10,2.91528801994,3442.5749449654
3,1,8.3e-10,4.8615550553,53235.18821333759
3,1,8.2e-10,4.3118150184,1162.4747044078
3,1,7.7e-10,4.22942639128,95.9792272178
3,1,9.1e-10,5.79825387142,286966.9345573162
3,1,7.9e-10,0.36636125409,11.0457002639
3,1,8.6e-10,1.26853285597,52705.49724824299
3,1,7.5e-10,1.47982807612,525.7588118315
3,1,8.7e-10,0.72759501705,955.5997416086
3,1,7.6e-10,1.24245643745,532.8723588323
3,1,9.6e-10,0.86129378681,63.7358983034
3,1,7.1e-10,2.75365102566,526.5095713569
3,1,7.1e-10,6.10725384639,52195.47604404819
3,1,6.9e-10,1.67616660064,11322.6640983044
3,1,8.7e-10,0.48536991993,12566.1516999828
3,1,7e-10,1.30207069777,73711.75592766379
3,1,8.7e-10,6.02618346605,56727.7597802072
3,1,7.4e-10,0.83774903676,52156.1365222486
3,1,6.3e-10,3.9886854671,440.8252848776
3,1,6.1e-10,2.62473045895,533.6231183577
3,1,6.2e-10,0.53772034528,25035.6347583858
3,1,5.7e-10,2.53337210703,1596.1864422846
3,1,5.5e-10,3.37388306274,54394.56338733519
3,1,5.4e-10,1.42941204449,85.8272988312
3,1,5.7e-10,3.98493436395,309.2783226558
3,1,7.2e-10,5.15200652842,6770.7106012456
3,1,5.8e-10,2.74579734777,52171.9249477904
3,1,5.3e-10,3.37195010831,105460.99111839019
3,1,5.4e-10,3.13274907598,16983.9961474566
3,1,5.7e-10,4.55150471829,40853.142184844
3,1,5.2e-10,1.08065292487,25021.4076643842
3,1,5.7e-10,2.75679326163,27676.976036858
3,1,5e-10,4.80760680648,956.2891559706
3,1,5.1e-10,0.39392917326,742.9900605326
3,1,5e-10,2.66709856718,2218.7571041868
3,1,4.8e-10,2.42991055784,51535.90899683439
3,1,4.4e-10,3.39778429468,52168.69273614759
3,1,6.1e-10,4.19872301893,52179.6876185064
3,1,5.5e-10,4.79861662627,25448.00585526019
3,1,5.7e-10,5.98485072073,58946.51688439399
3,1,4.3e-10,0.10468670721,129330.13715577759
3,1,4.6e-10,3.95713790204,76674.63652943878
3,1,5.4e-10,6.03589506827,26080.78959457339
3,1,5.2e-10,5.90025920123,26095.016688575
3,1,4.7e-10,3.30474983516,25874.6040461362
3,1,3.9e-10,1.38925724838,26301.2022370122
3,1,3.8e-10,5.10867352468,51109.31080595839
3,1,3.9e-10,3.92764341118,48733.23133818299
3,1,3.7e-10,4.0633556546,38654.05484155699
3,1,3.6e-10,2.58651261399,33326.5787331742
3,1,3.6e-10,2.37849808537,77308.10968311399
3,1,3.5e-10,2.51199649101,110012.94461544899
3,1,4.7e-10,1.79496279487,1581.959348283
3,1,3.6e-10,0.55224025396,625.6701923124
3,1,4.2e-10,5.12550293524,18849.2275499742
3,1,3.6e-10,3.01544789695,65697.55772473979
3,1,3.4e-10,3.58250413994,49957.0491789616
3,1,3.3e-10,2.98998399815,52182.9198301492
3,1,3.5e-10,4.81500543604,69159.80243060499
3,1,3.9e-10,2.77790342477,35.1640902212
3,1,3e-10,2.26689961718,26514.5013324502
3,1,4.1e-10,0.6989553528,98690.28051714458
3,1,3e-10,4.35442775962,412.3710968744
3,1,3e-10,5.32057648028,59414.4818747484
3,1,3.8e-10,5.38040433295,224.3447957019
3,1,3.5e-10,1.26816443678,1045.1548361876
3,1,3.1e-10,0.64597904023,70.8494453042
3,1,2.8e-10,1.68266249602,13655.8604911764
3,1,2.8e-10,0.94446303339,45405.0956819028
3,1,2.7e-10,4.3668310411,45892.73043315699
3,1,2.6e-10,3.58372397053,41.1019810544
3,1,2.9e-10,0.10950522744,32370.9789915656
3,1,3.3e-10,4.33155420786,78793.40038981718
3,1,3.4e-10,4.9803752409,83925.0414738748
3,1,2.3e-10,5.02100001952,38519.945791972
3,1,3e-10,3.31574729193,138.5174968707
3,1,2.7e-10,2.80994919073,82815.66292178139
3,1,2.8e-10,1.74282790985,79323.09135491178
3,1,2.7e-10,0.2807669094,50057.04242277
3,1,2.4e-10,1.14783906654,71.8126531507
3,1,2.2e-10,1.56359401952,78.7137518304
3,1,3e-10,4.47636450035,51123.53789995999
3,1,2.2e-10,1.22800274368,1169.5882514086
3,1,2.3e-10,2.2972921238,25934.1243310894
3,1,2.1e-10,6.12545300745,55618.3812281138
3,1,2.8e-10,1.99718125621,23969.1392811958
3,1,2e-10,5.0204562576,62389.09182935939
3,1,2.7e-10,5.94991611742,36301.18868778519
3,1,2.4e-10,0.09566124749,277.0349937414
3,1,2.5e-10,3.81085583999,103292.23063610759
3,1,1.9e-10,1.46315634551,215.7467759928
3,1,1.8e-10,6.15872883408,942.062061969
3,1,2.2e-10,5.11742565391,52389.1053785864
3,1,2.1e-10,4.93349279148,151.0476698429
3,1,2.4e-10,2.56844167585,313054.83769889036
3,1,1.8e-10,1.14666568569,12432.0426503978
3,1,1.7e-10,0.45299038457,148.0787244263
3,1,2.1e-10,4.43914073078,79219.3091663312
3,1,1.7e-10,1.26846398958,129380.13377768178
3,1,1.7e-10,1.01231551874,415.5524906121
3,1,1.8e-10,4.35450426346,23754.70674870219
3,1,1.6e-10,3.43674109707,25654.19140369739
3,1,1.7e-10,2.42309662009,1265.5674786264
3,1,1.6e-10,4.65513429214,234.6397364404
3,1,1.7e-10,1.21295214728,25619.9381512198
3,1,1.7e-10,4.88341452559,77837.11123384659
3,1,1.7e-10,5.64525452444,136100.84775702318
3,1,2e-10,1.45417843599,66941.04532641819
3,1,1.4e-10,5.4418292116,89586.37352302698
3,1,1.8e-10,2.839385912,25668.418497699
3,1,1.8e-10,3.80808950852,25973.46385288896
3,1,1.4e-10,2.87427500051,78283.37918562238
3,1,1.9e-10,3.54990981323,422.6660376129
3,1,1.5e-10,1.23233013937,26727.8004278882
3,1,1.5e-10,4.05286495428,330.6189636582
3,1,1.9e-10,3.8913123118,78244.0396638228
3,1,1.7e-10,1.4729144686,77.7505439839
3,1,1.5e-10,4.99910482431,423.4167971383
3,1,1.4e-10,2.62615297219,210.8514148832
3,1,1.5e-10,0.97248576911,78267.59076008058
3,1,1.6e-10,1.68091549808,1155.361157407
3,1,1.3e-10,2.45853344415,860.3099287528
3,1,1.3e-10,4.95074075966,27154.3986187642
3,1,1.3e-10,2.99861766415,846.0828347512
3,1,1.7e-10,5.83556508068,53764.8791784322
3,1,1.2e-10,3.15781754753,155418.04029735178
3,1,1.5e-10,1.91063402672,44937.1306915484
3,1,1.6e-10,3.31784437154,26202.34243025941
3,1,1.2e-10,5.65589126671,3.1813937377
3,1,1.2e-10,5.79880666801,78259.82808936459
3,1,1.2e-10,0.7848526211,51962.5071877104
3,1,1.5e-10,1.11484431483,74821.13447975718
3,1,1.4e-10,3.77122510089,124778.18365871879
3,1,1.2e-10,4.34152068071,94138.32702008578
3,1,1.3e-10,0.98498982943,64741.95798313119
3,1,1.4e-10,5.19944091841,1692.1656695024
3,1,1.1e-10,0.01126157685,80482.46652890938
3,1,1.2e-10,5.38061503044,52602.4044740244
3,1,1.1e-10,5.42471517163,103396.01282468818
3,1,1.1e-10,1.92091833374,77197.21394753258
3,1,1.1e-10,2.51043583674,77734.01845962799
3,1,1.2e-10,5.59878501315,77623.81213840858
3,1,1.2e-10,0.20589141568,78256.59587772179
3,1,1.3e-10,3.66006461043,429.7795846137
3,1,1.3e-10,3.17586650226,28421.0995344462
3,1,1e-10,4.05322231768,26241.681952059
3,1,1e-10,1.3926558774,51742.09454527159
3,1,1e-10,6.08175105796,78270.82297172339
3,1,1.1e-10,4.40128024814,2.9689454166
3,1,1.1e-10,1.10505354081,3.9321532631
3,1,1.1e-10,2.69589922169,26137.8997634784
3,1,1e-10,3.07928279036,2333.196392872
3,1,1e-10,1.95569420228,1073.6090241908
3,1,1e-10,5.59867007444,430.5303441391
3,1,1.1e-10,0.30468128561,68050.42387851159
3,1,1e-10,1.04892015032,2648.454825473
3,1,9e-11,5.53388738438,7994.5284420242
3,1,1.1e-10,1.08579591854,104881.30353139139
3,1,9e-11,0.40604041041,24491.71669928959
3,1,1e-10,1.3638939129,77211.44104153418
3,1,1.1e-10,2.39071740763,64607.84893354619
3,1,9e-11,1.91392780093,88476.99497093359
3,1,9e-11,0.35558235819,76044.9523205358
3,1,9e-11,4.46490542313,26037.90651966999
3,1,8e-11,0.49047863023,102762.53967101299
3,1,8e-11,5.85483327203,108903.56606335558
3,1,1e-10,4.88911638894,437.6438911399
3,1,8e-11,4.03785547628,71492.99882347698
3,1,9e-11,4.85229479056,105410.99449648599
3,1,8e-11,5.78717497024,21.3406410024
3,1,1e-10,4.33333704289,223.5940361765
3,1,9e-11,2.5117548323,85034.42002596818
3,1,8e-11,0.0122159858,5327.4761083828
3,1,7e-11,5.78988808042,26555.8681319286
3,1,7e-11,4.27853212968,18207.81398823521
3,1,7e-11,2.02962199178,78477.00852016058
3,1,7e-11,5.50068715356,1478.8665740644
3,1,7e-11,3.20780787297,18093.37469954999
3,1,7e-11,3.29917452925,51322.60990139639
3,1,8e-11,4.46683241624,155468.036919256
3,1,7e-11,5.3540900025,490.3340891794
3,1,7e-11,4.04442368573,25455.119402261
3,1,7e-11,0.70887703358,24505.94379329119
3,1,7e-11,4.34819824133,88.865680217
3,1,7e-11,4.70532379473,124.433415221
3,1,8e-11,3.50499122731,28206.6670019526
3,1,9e-11,5.55849714525,27140.17152476259
3,1,7e-11,3.67689450101,125887.56221081219
3,1,8e-11,3.21701385277,76144.94556434419
3,1,7e-11,4.493863413,50579.61984086379
3,1,7e-11,3.33858090062,58458.88213313979
3,1,8e-11,1.14310455995,103821.92160120218
3,1,8e-11,5.48340707498,25234.70675982219
3,1,8e-11,0.6601403466,51756.3216392732
3,1,7e-11,0.91622586929,46848.3301747656
3,1,7e-11,1.14440533228,728.762966531
3,1,7e-11,3.68649801447,127.4717966068
3,1,6e-11,2.8481675558,81706.28436968799
3,1,8e-11,0.54081102339,35191.8101356918
3,1,7e-11,5.97950952528,99799.65906923798
3,1,6e-11,6.04907029839,203.0041546995
3,1,7e-11,5.59806550392,339142.7408404646
3,1,6e-11,4.95034875779,137.0330241624
3,1,8e-11,2.06065598813,71980.63357473118
3,1,6e-11,0.30570108881,351.8165923087
3,1,7e-11,2.35899025407,33967.99229491319
3,1,6e-11,3.20318007478,654.1243803156
3,1,6e-11,4.54497734613,93028.94846799239
3,1,5e-11,4.96809690798,52026.2430860138
3,1,5e-11,1.42127686013,1272.6810256272
3,1,6e-11,1.23723826618,44181.27784112419
3,1,5e-11,2.4484287508,203.7378678824
3,1,6e-11,1.22067313314,120226.23016165999
3,1,6e-11,2.41904485988,508.3503240922
3,1,5e-11,3.28690720493,25938.3399444396
3,1,6e-11,2.36270756836,1375.7737998458
3,1,5e-11,4.99695296239,71025.0338331226
3,1,5e-11,3.80540207824,78050.41032928458
3,1,6e-11,2.46355111951,162188.75089859738
3,1,5e-11,5.46272081654,26610.48055966799
3,1,4e-11,0.17343495362,77.962992305
3,1,5e-11,0.63510871716,104331.94280539699
3,1,4e-11,5.71678194245,98068.53671630539
3,1,4e-11,3.52099164933,26507.38778544939
3,1,4e-11,5.31353397656,117873.36400788819
3,1,4e-11,3.4502527506,302.164775655
3,1,4e-11,5.13194743371,7880.08915333899
3,1,5e-11,1.63217415397,91785.46086631398
3,1,4e-11,4.85259057218,50593.84693486539
3,1,4e-11,2.71504785765,145.6310438715
3,1,4e-11,3.58205868095,45494.58142974879
3,1,4e-11,0.56456514853,150866.08680029298
3,1,4e-11,4.05482156113,104355.49390165479
3,1,5e-11,4.31294151281,10021.8372800994
3,1,4e-11,0.78297474988,26081.27458267419
3,1,5e-11,2.59888164869,79852.78232000639
3,1,4e-11,4.42615122275,52815.7035694624
3,1,4e-11,2.33499481674,217.964961884
3,1,5e-11,1.92784340899,71.6002048296
3,1,4e-11,4.38434908977,129909.82474277639
3,1,5e-11,1.79793964328,838.9692877504
3,1,4e-11,4.52782207994,39743.7636327506
3,1,4e-11,2.20941190445,26521.614879451
3,1,5e-11,5.32700006988,25551.09862947879
3,1,4e-11,0.64407233905,22759.76748529401
3,1,4e-11,0.87584552144,95247.70557217918
3,1,4e-11,1.8532639085,1062.5633239269
3,1,4e-11,6.03119287364,231.4583427027
3,1,4e-11,2.22216873998,51639.00177105299
3,1,3e-11,5.36514246733,52099.5402118728
3,1,3e-11,4.57090150345,103299.34418310839
3,1,4e-11,4.07559367157,130969.20667296558
3,2,1.053118e-05,5.37979214357,26087.9031415742
3,2,1.183345e-05,0.0,0.0
3,2,8.7113e-07,0.4220693243,52175.8062831484
3,2,4.9534e-07,4.38054039769,78263.70942472259
3,2,3.7483e-07,3.23017504217,213.299095438
3,2,2.7331e-07,6.15464105987,529.6909650946
3,2,2.5685e-07,1.45827443162,104351.61256629678
3,2,1.0457e-07,4.62224691737,130439.51570787099
3,2,8.616e-08,0.7720923931,206.1855484372
3,2,5.511e-08,3.23377546695,220.4126424388
3,2,3.757e-08,1.44589954776,156527.41884944518
3,2,2.969e-08,6.27419756063,536.8045120954
3,2,2.272e-08,4.09618627765,522.5774180938
3,2,1.984e-08,2.34258882229,426.598190876
3,2,1.248e-08,5.19570553454,1059.3819301892
3,2,1.259e-08,4.52974728932,182615.3219910194
3,2,7.43e-09,6.08844686068,419.4846438752
3,2,6.41e-09,4.8931748395,74.7815985673
3,2,5.27e-09,2.28325191846,433.7117378768
3,2,5.19e-09,4.43974772353,7.1135470008
3,2,4.05e-09,1.31903942108,208703.2251325936
3,2,5.1e-09,2.02741559889,27197.2816936676
3,2,3e-09,3.09602587558,227.5261894396
3,2,2.95e-09,1.19469019983,639.897286314
3,2,1.94e-09,4.84656399029,24978.5245894808
3,2,1.7e-09,0.49444781792,1066.49547719
3,2,1.84e-09,0.95286916137,199.0720014364
3,2,1.49e-09,4.90906266305,316.3918696566
3,2,1.26e-09,4.38484918485,234791.12827416777
3,2,1.19e-09,4.09508225076,515.463871093
3,2,1.2e-09,5.32663334557,1589.0728952838
3,2,1.08e-09,3.67107493632,1052.2683831884
3,2,8.5e-10,6.16812793384,543.9180590962
3,2,7.9e-10,4.29766380692,14.2270940016
3,2,8.4e-10,5.13112206401,53285.1848352418
3,2,6.8e-10,1.33776656115,210.1177017003
3,2,8.1e-10,1.77991669334,51066.427731055
3,2,6.5e-10,5.05560764351,38.1330356378
3,2,5.8e-10,1.55728577024,103.0927742186
3,2,5e-10,1.42158496561,647.0108333148
3,2,4.2e-10,1.14028846687,217.2312487011
3,2,5.3e-10,2.6757041376,216.4804891757
3,2,4.1e-10,5.92878165673,21535.9496445154
3,2,3.8e-10,4.5949408968,31749.2351907264
3,2,3.9e-10,1.16389533568,260879.03141574195
3,2,3.1e-10,5.70517746266,27043.5028831828
3,2,3.1e-10,4.21025720942,110.2063212194
3,2,3.1e-10,4.90092982476,77154.33087262919
3,2,3.2e-10,2.03738734507,6283.0758499914
3,2,2.9e-10,6.18539185721,632.7837393132
3,2,3.4e-10,0.46254363839,853.196381752
3,2,2.8e-10,2.23145809257,440.8252848776
3,2,2.5e-10,3.42051368965,51116.4243529592
3,2,2.5e-10,3.95236444346,117.3198682202
3,2,2.3e-10,5.12888703467,1109.3785520934
3,2,2.5e-10,2.784604304,209.3669421749
3,2,2.1e-10,5.74317740279,532.8723588323
3,2,1.8e-10,1.8706086822,323.5054166574
3,2,1.7e-10,4.5861573718,526.5095713569
3,2,1.7e-10,6.02623550832,95.9792272178
3,2,1.6e-10,1.90390313968,28306.66024576099
3,2,2e-10,0.17917379064,25028.521211385
3,2,1.8e-10,0.25993978648,10213.285546211
3,2,1.6e-10,6.02211293999,412.3710968744
3,2,1.5e-10,1.05701795325,20426.571092422
3,2,1.5e-10,0.007673945,202.2533951741
3,2,1.3e-10,1.81822077884,25132.3033999656
3,2,1.2e-10,2.50603952514,149.5631971346
3,2,1.2e-10,5.73430455559,22645.32819660879
3,2,1.1e-10,5.17414328474,23869.1460373874
3,2,1.3e-10,5.75707842894,525.7588118315
3,2,1.1e-10,2.77607629936,73.297125859
3,2,1.1e-10,0.99969948118,1596.1864422846
3,2,1.2e-10,0.83014470454,37410.5672398786
3,2,1.1e-10,1.70573481806,103242.2340142034
3,2,1.2e-10,3.07376705363,1045.1548361876
3,2,1.2e-10,4.22252353447,286966.9345573162
3,2,1.1e-10,0.0187943847,309.2783226558
3,2,1e-10,5.89719716922,47623.8527860896
3,2,1e-10,6.25321109518,4551.9534970588
3,2,1.1e-10,5.71700814956,2118.7638603784
3,2,1e-10,4.70919553736,533.6231183577
3,2,1.1e-10,2.38969901037,50586.73338786459
3,2,9e-11,4.94664962083,26107.57290247399
3,2,9e-11,2.95298668799,234.6397364404
3,2,9e-11,1.9424224315,79373.087976816
3,2,9e-11,4.50823985532,32858.61374281979
3,2,1e-10,3.66489496424,25558.2121764796
3,2,8e-11,5.32804606956,1162.4747044078
3,2,1e-10,2.94983110269,735.8765135318
3,2,7e-11,2.38751237733,53131.406024757
3,2,8e-11,4.77323220031,46514.4742339962
3,2,8e-11,2.26838540542,625.6701923124
3,2,9e-11,2.32555299082,949.1756089698
3,2,7e-11,1.59120637282,26084.0218062162
3,2,7e-11,4.26888098753,36.6485629295
3,2,7e-11,3.4660115148,956.2891559706
3,2,7e-11,1.63081873969,39.6175083461
3,2,7e-11,5.50461749703,14765.2390432698
3,2,6e-11,2.44506021688,26617.5941066688
3,2,8e-11,6.04439838452,26068.2333806744
3,2,6e-11,5.86363603201,25874.6040461362
3,2,7e-11,3.11235514306,26091.7844769322
3,2,7e-11,2.52359174803,19317.1925403286
3,2,5e-11,3.78134955861,1581.959348283
3,2,5e-11,5.79930116461,1169.5882514086
3,2,5e-11,4.50577216714,51220.20654153979
3,2,5e-11,2.33387808307,330.6189636582
3,2,6e-11,5.49024917012,25973.46385288896
3,2,5e-11,3.55135533961,224.3447957019
3,2,4e-11,4.99984592617,54394.56338733519
3,2,4e-11,4.18372117957,3340.6124266998
3,2,4e-11,3.56822908434,9103.9069941176
3,2,5e-11,3.36356474475,43071.8992890308
3,2,4e-11,3.41104929582,25661.3049506982
3,2,5e-11,1.61564484968,26202.34243025941
3,2,4e-11,4.10663814883,21.3406410024
3,2,5e-11,0.5773824274,860.3099287528
3,2,4e-11,2.04986993982,72602.37737557039
3,2,4e-11,0.44270397791,1073.6090241908
3,2,4e-11,4.78586478582,129330.13715577759
3,2,4e-11,1.2328541507,39609.6545831656
3,2,5e-11,5.42524693917,85.8272988312
3,2,4e-11,0.59720671044,423.4167971383
3,2,4e-11,1.99566356802,26095.016688575
3,2,4e-11,4.95079393388,70.8494453042
3,2,4e-11,1.70877653176,942.062061969
3,2,5e-11,2.5402272244,223.5940361765
3,2,4e-11,1.35380519898,29530.4780865396
3,2,5e-11,1.23150173506,3442.5749449654
3,2,4e-11,1.79684320381,429.7795846137
3,2,4e-11,0.26585418784,51646.11531805379
3,2,4e-11,2.7778258617,41962.5207369374
3,2,4e-11,1.09650929108,5661.3320491522
3,2,4e-11,6.22298149928,76.2660712756
3,2,4e-11,1.6602020363,422.6660376129
3,2,3e-11,1.97577379834,49957.0491789616
3,2,3e-11,1.5570440997,203.0041546995
3,2,3e-11,4.4413058415,508.3503240922
3,2,3e-11,6.02171816863,52705.49724824299
3,2,4e-11,1.6696918983,30639.856638633
3,2,3e-11,2.94487074403,124.433415221
3,2,3e-11,3.32056352021,11.0457002639
3,2,3e-11,2.81673969588,63.7358983034
3,2,3e-11,1.24157422567,57837.1383323006
3,2,4e-11,3.08638029988,3.9321532631
3,2,3e-11,4.24139247807,51535.90899683439
3,2,3e-11,4.31183095451,2218.7571041868
3,2,3e-11,3.5454306666,1155.361157407
3,2,3e-11,2.71716318847,26080.78959457339
3,2,3e-11,6.06819480018,88.865680217
3,2,3e-11,3.08295372453,33326.5787331742
3,2,3e-11,2.90469145846,728.762966531
3,2,3e-11,2.83124529131,40853.142184844
3,2,3e-11,3.98094106813,63498.47038145279
3,2,3e-11,6.11998019073,36301.18868778519
3,2,3e-11,0.99287952932,313054.83769889036
3,2,3e-11,1.40705858439,654.1243803156
3,2,3e-11,4.47232610391,24498.8302462904
3,2,3e-11,3.50771998464,78.7137518304
3,2,3e-11,4.39447085694,56727.7597802072
3,2,2e-11,3.14629176189,53235.18821333759
3,2,3e-11,1.29496956788,58946.51688439399
3,2,3e-11,5.78518537876,48733.23133818299
3,2,2e-11,5.85755018741,26301.2022370122
3,2,2e-11,3.05223400181,415.5524906121
3,2,2e-11,0.74752177962,955.5997416086
3,2,3e-11,5.78326807846,77204.32749453338
3,2,2e-11,4.55871260975,1.4844727083
3,2,3e-11,1.74563621629,277.0349937414
3,2,2e-11,3.23521381372,16983.9961474566
3,2,2e-11,0.60194942543,38519.945791972
3,2,2e-11,5.22827823253,76674.63652943878
3,2,2e-11,1.29217914825,191.9584544356
3,2,2e-11,1.10676834844,77308.10968311399
3,2,2e-11,5.59153557926,23754.70674870219
3,2,2e-11,3.65769145122,3.1813937377
3,2,2e-11,0.11046591263,13655.8604911764
3,3,2.1392e-07,2.1280427846,26087.9031415742
3,3,1.6634e-07,0.0,0.0
3,3,2.919e-08,5.41085836184,52175.8062831484
3,3,1.302e-08,4.8480613686,213.299095438
3,3,1.364e-08,2.43564490971,206.1855484372
3,3,1.164e-08,2.43324966912,78263.70942472259
3,3,9.2e-09,1.65069146673,529.6909650946
3,3,7.16e-09,1.50799790954,220.4126424388
3,3,6.49e-09,5.91828820019,104351.61256629678
3,3,4.23e-09,4.54129218357,536.8045120954
3,3,3.38e-09,2.90727188863,130439.51570787099
3,3,2.82e-09,5.95440671732,522.5774180938
3,3,1.53e-09,6.06902785421,156527.41884944518
3,3,9e-10,0.51819099535,433.7117378768
3,3,9.4e-10,1.55249614896,419.4846438752
3,3,7.9e-10,1.38892285542,227.5261894396
3,3,9.4e-10,0.17438010106,426.598190876
3,3,6.3e-10,2.9004050659,182615.3219910194
3,3,4.8e-10,3.1175203464,1059.3819301892
3,3,5e-10,2.64433369691,199.0720014364
3,3,4.2e-10,2.65785543548,7.1135470008
3,3,2.8e-10,5.8939451804,515.463871093
3,3,2.7e-10,5.17159300173,1066.49547719
3,3,2.4e-10,4.43334493389,543.9180590962
3,3,2.4e-10,5.99412433164,208703.2251325936
3,3,2.6e-10,5.61220088462,639.897286314
3,3,1.8e-10,0.02154769101,74.7815985673
3,3,1.7e-10,2.57902262762,14.2270940016
3,3,1.3e-10,3.07320748125,210.1177017003
3,3,1.2e-10,5.68952008926,1052.2683831884
3,3,1.1e-10,0.06567554803,316.3918696566
3,3,9e-11,2.7898570092,234791.12827416777
3,3,1.1e-10,5.88691938543,647.0108333148
3,3,9e-11,3.85014410427,27197.2816936676
3,3,9e-11,0.49541679064,440.8252848776
3,3,8e-11,0.88032790118,216.4804891757
3,3,6e-11,6.21088176821,38.1330356378
3,3,6e-11,3.98184268899,1589.0728952838
3,3,7e-11,0.9484575985,24978.5245894808
3,3,7e-11,3.28974856542,103.0927742186
3,3,4e-11,4.75446574078,853.196381752
3,3,4e-11,1.59186789207,632.7837393132
3,3,4e-11,1.52800084237,412.3710968744
3,3,3e-11,2.72859893423,217.2312487011
3,3,4e-11,1.24971088361,234.6397364404
3,3,4e-11,2.23695164343,117.3198682202
3,3,3e-11,5.03266763204,1045.1548361876
3,3,3e-11,5.85227323245,260879.03141574195
3,3,2e-11,1.5469232559,95.9792272178
3,3,2e-11,2.47873978537,21.3406410024
3,3,2e-11,5.89071888876,1596.1864422846
3,3,1e-11,2.3906811593,309.2783226558
3,3,1e-11,4.51750108995,110.2063212194
3,3,1e-11,0.22878957149,323.5054166574
3,3,1e-11,6.15405801099,508.3503240922
3,3,1e-11,2.20057567411,202.2533951741
3,3,1e-11,1.46066971079,1109.3785520934
3,3,1e-11,0.75305469601,223.5940361765
3,3,1e-11,4.90745082069,735.8765135318
3,3,1e-11,5.63330817461,51066.427731055
3,3,1e-11,5.14951363778,1073.6090241908
3,3,1e-11,2.94450371786,191.9584544356
3,3,1e-11,4.98822441421,860.3099287528
3,4,5.87e-09,4.86442699315,26087.9031415742
3,4,2.73e-09,3.14159265359,0.0
3,4,1.64e-09,4.10546661445,206.1855484372
3,4,7.2e-10,6.04348211714,220.4126424388
3,4,7e-10,6.10651561968,213.299095438
3,4,5.5e-10,3.04082107246,52175.8062831484
3,4,4.4e-10,2.79536133222,536.8045120954
3,4,2.6e-10,1.66128176108,522.5774180938
3,4,2.6e-10,0.53815113361,78263.70942472259
3,4,1.5e-10,4.06065320707,104351.61256629678
3,4,1.6e-10,5.95724279756,227.5261894396
3,4,1.1e-10,4.33140895473,199.0720014364
3,4,1.2e-10,5.02489197754,433.7117378768
3,4,9e-11,1.14893791529,130439.51570787099
3,4,8e-11,3.36029048603,419.4846438752
3,4,6e-11,1.39462759175,515.463871093
3,4,5e-11,2.67511593664,543.9180590962
3,4,4e-11,4.65054077397,529.6909650946
3,4,5e-11,4.38565359175,156527.41884944518
3,4,5e-11,4.82245392155,426.598190876
3,4,3e-11,0.96348403857,7.1135470008
3,4,3e-11,0.80949781331,14.2270940016
3,4,3e-11,3.63118822382,1066.49547719
3,4,2e-11,1.25002341217,182615.3219910194
3,4,2e-11,3.7645289249,639.897286314
3,4,2e-11,5.03281213584,440.8252848776
3,4,2e-11,4.07799495792,647.0108333148
3,4,1e-11,1.44530794356,1059.3819301892
3,4,1e-11,1.37231576384,1052.2683831884
3,4,1e-11,4.38192942162,208703.2251325936
3,4,1e-11,5.80470544513,234.6397364404
3,4,1e-11,1.63696733565,117.3198682202
3,4,1e-11,3.60628665626,853.196381752
3,4,0.0,2.65796643505,110.2063212194
3,5,1.5e-10,5.7556312675,206.1855484372
3,5,7e-11,0.0,0.0
3,5,5e-11,4.29978807671,220.4126424388
3,5,3e-11,0.96254361103,536.8045120954
3,5,2e-11,5.42849777894,26087.9031415742
3,5,2e-11,3.9677392908,522.5774180938
3,5,2e-11,4.22112932205,227.5261894396
3,5,2e-11,6.02426931559,199.0720014364
3,5,2e-11,1.19011087498,52175.8062831484
3,5,1e-11,3.19657723128,515.463871093
3,5,1e-11,3.2585046304,433.7117378768
3,5,1e-11,4.84147977903,78263.70942472259
3,5,0.0,2.14343331955,104351.61256629678
3,5,0.0,5.61950230485,130439.51570787099
