# VSOP87E (barycentric rectangular, ecliptic and equinox J2000.0), body=saturn
# Source: Bretagnon P., Francou G. 1988, Astron. Astrophys. 202, 309 (VSOP87 original theory, Bureau des Longitudes/IMCCE), via SunPosition_VSOP87 v2.0.0 (Meysam Mahooti, BSD-3-Clause), file vsop87e.sat.mat
# term contribution to coordinate `var` (1=X,2=Y,3=Z, AU): T^pow * A * cos(B + C*T), T = (JD-2451545.0)/365250 (Julian millennia from J2000.0)
var,pow,A,B,C
1,0,9.51366533422,0.8744138065,213.299095438
1,0,0.26404799161,0.12391580771,426.598190876
1,0,0.06758489145,4.16767544586,206.1855484372
1,0,0.06622371284,0.75094738122,220.4126424388
1,0,0.04274172066,0.0,0.0
1,0,0.02335961354,2.02227905783,7.1135470008
1,0,0.01255113414,2.17347170552,110.2063212194
1,0,0.01115372225,3.15690865182,419.4846438752
1,0,0.01097374519,5.65753938643,639.897286314
1,0,0.00716112591,2.71151505735,316.3918696566
1,0,0.00509529043,4.95879639669,103.0927742186
1,0,0.00372789068,0.00137750888,433.7117378768
1,0,0.00149659945,2.17071100189,38.1330356378
1,0,0.0009783508,1.01502366873,323.5054166574
1,0,0.00083256484,3.06289145446,529.6909650946
1,0,0.000806058,5.62066478674,11.0457002639
1,0,0.00083758534,0.62038891091,227.5261894396
1,0,0.00074267111,2.38212789877,632.7837393132
1,0,0.00070199356,0.88789759781,209.3669421749
1,0,0.00068836111,4.0178812181,217.2312487011
1,0,0.00065601455,2.69726244676,202.2533951741
1,0,0.00058306839,2.16048044319,224.3447957019
1,0,0.00054006503,4.90926255487,853.196381752
1,0,0.00058995712,2.33042838103,74.7815985673
1,0,0.00045542953,1.882351964,14.2270940016
1,0,0.0003833447,4.39817733456,199.0720014364
1,0,0.00044537354,5.60825622208,63.7358983034
1,0,0.00025158,0.37800583496,216.4804891757
1,0,0.00024547484,4.53150636994,210.1177017003
1,0,0.0002466993,5.60389432714,415.5524906121
1,0,0.00025485006,1.63932503888,117.3198682202
1,0,0.00024058786,5.85571939691,522.5774180938
1,0,0.00031244965,4.6293031128,735.8765135318
1,0,0.00023365871,5.53492454782,647.0108333148
1,0,0.00023237024,0.10474288122,149.5631971346
1,0,0.00014727416,4.67982458404,277.0349937414
1,0,9.943629e-05,0.84628173449,3.9321532631
1,0,0.0001238976,4.19747910039,490.3340891794
1,0,0.00012023054,5.66372239094,351.8165923087
1,0,8.207194e-05,2.47939755305,742.9900605326
1,0,9.112965e-05,4.32466741251,1052.2683831884
1,0,6.717261e-05,5.51887462475,838.9692877504
1,0,7.155271e-05,2.18154617097,95.9792272178
1,0,6.195302e-05,2.44963609645,846.0828347512
1,0,6.322091e-05,0.83910039496,309.2783226558
1,0,6.242626e-05,0.31189331943,536.8045120954
1,0,6.073312e-05,6.15905920767,440.8252848776
1,0,5.342763e-05,3.60061388095,412.3710968744
1,0,5.192695e-05,4.54584457909,210.8514148832
1,0,5.151002e-05,0.34669532534,215.7467759928
1,0,3.79145e-05,5.99767294831,422.6660376129
1,0,3.76176e-05,3.72112918055,212.3358875915
1,0,3.746363e-05,1.16965138821,214.2623032845
1,0,3.113686e-05,0.84631897443,213.2509113282
1,0,3.112752e-05,4.04410367056,213.3472795478
1,0,3.674488e-05,6.08210209796,76.2660712756
1,0,2.987869e-05,0.04173236626,625.6701923124
1,0,4.110608e-05,5.96149429852,137.0330241624
1,0,2.953858e-05,5.3916510386,138.5174968707
1,0,2.904839e-05,1.13559078868,85.8272988312
1,0,2.827199e-05,0.73271261848,330.6189636582
1,0,3.362357e-05,1.42090450141,437.6438911399
1,0,2.633264e-05,5.40645069358,288.0806940053
1,0,2.712559e-05,0.9681400918,203.7378678824
1,0,2.619094e-05,5.49345540359,127.4717966068
1,0,2.527038e-05,5.09752990899,628.8515860501
1,0,2.921516e-05,4.16131118972,1066.49547719
1,0,2.507576e-05,1.49473969257,9.5612275556
1,0,2.469402e-05,5.27363716895,1155.361157407
1,0,2.424948e-05,3.97128259353,222.8603229936
1,0,3.12861e-05,4.05501447962,1368.660252845
1,0,2.308453e-05,3.67822395107,430.5303441391
1,0,2.162294e-05,3.26942373483,340.7708920448
1,0,2.912305e-05,1.76894623285,3.1813937377
1,0,2.094767e-05,3.55759987109,423.4167971383
1,0,2.334618e-05,5.86791070843,388.4651552382
1,0,2.099584e-05,2.04767412721,1.4844727083
1,0,1.63438e-05,4.54319346061,12.5301729722
1,0,1.635508e-05,2.1996886978,212.7778305762
1,0,1.632293e-05,2.69164822165,213.8203602998
1,0,1.499061e-05,3.60176796862,52.6901980395
1,0,1.4608e-05,5.92457418931,429.7795846137
1,0,1.537964e-05,4.78543539924,860.3099287528
1,0,1.465687e-05,5.69105697536,949.1756089698
1,0,1.41771e-05,5.4141990081,350.3321196004
1,0,1.148005e-05,0.192671349,942.062061969
1,0,1.11139e-05,0.47907481744,234.6397364404
1,0,1.070652e-05,2.16320626061,1059.3819301892
1,0,1.019407e-05,5.00697904753,1471.7530270636
1,0,1.00919e-05,1.34289487761,265.9892934775
1,0,9.69675e-06,6.06759066262,515.463871093
1,0,1.089142e-05,5.82690567831,362.8622925726
1,0,1.092e-05,1.13562597855,173.9422195228
1,0,1.173633e-05,3.79592491893,1685.0521225016
1,0,8.67742e-06,3.23603399857,210.3783341312
1,0,1.118048e-05,3.4662421687,703.6331846174
1,0,8.67705e-06,1.65168536612,216.2198567448
1,0,1.150262e-05,3.7470411025,200.7689224658
1,0,8.29404e-06,0.58167216896,212.5483359126
1,0,8.24797e-06,4.30734330456,214.0498549634
1,0,8.81207e-06,1.47222342795,209.106309744
1,0,8.6482e-06,3.41432256973,217.491881132
1,0,7.89057e-06,0.23960587227,223.5940361765
1,0,1.008026e-05,1.088257035,225.8292684102
1,0,9.18163e-06,4.86154825531,565.1156877467
1,0,7.29284e-06,5.89867315791,1265.5674786264
1,0,8.59722e-06,3.70935476561,252.6559713532
1,0,7.80633e-06,4.83797898102,728.762966531
1,0,7.87738e-06,2.18483184089,88.865680217
1,0,7.10122e-06,3.41709207069,417.0369633204
1,0,7.23204e-06,1.96639979182,956.2891559706
1,0,9.18243e-06,4.57697669021,563.6312150384
1,0,7.98173e-06,2.01609262333,207.8824694666
1,0,6.47073e-06,2.95872943804,99.1606209555
1,0,7.08337e-06,0.91058417437,207.6700211455
1,0,7.68213e-06,2.89648077129,218.7157214094
1,0,6.91909e-06,3.97719367325,218.9281697305
1,0,6.37987e-06,6.22551769213,70.8494453042
1,0,6.13771e-06,2.45656955715,142.4496501338
1,0,7.99254e-06,1.35390136346,22.0914005278
1,0,8.34067e-06,2.96257312203,160.6088973985
1,0,7.86419e-06,3.25718375099,36.6485629295
1,0,7.6067e-06,1.72547418591,21.3406410024
1,0,6.23804e-06,0.35891832074,1162.4747044078
1,0,7.32069e-06,4.22603104281,39.6175083461
1,0,6.24442e-06,2.79573123394,18.1592472647
1,0,6.98094e-06,0.39648451365,62.2514255951
1,0,5.99106e-06,3.8568458247,554.0699874828
1,0,6.96536e-06,0.5719489061,124.433415221
1,0,6.1305e-06,4.42187080646,217.964961884
1,0,5.15941e-06,2.58930133364,408.4389436113
1,0,5.80985e-06,2.07880379325,231.4583427027
1,0,6.6539e-06,2.82434442703,425.1137181677
1,0,5.13325e-06,0.39337237558,414.0680179038
1,0,6.5634e-06,1.39993424531,65.2203710117
1,0,4.93977e-06,0.34470358866,302.164775655
1,0,5.0383e-06,6.20414438628,1258.4539316256
1,0,5.30435e-06,2.53005245833,214.7835681463
1,0,5.48712e-06,0.47707901323,208.633228992
1,0,4.47477e-06,4.71542440428,203.0041546995
1,0,4.46305e-06,4.74401934346,1788.1448967202
1,0,4.65392e-06,5.40750083938,654.1243803156
1,0,5.02185e-06,4.37004071521,251.4321310758
1,0,5.17119e-06,2.1632211724,211.8146227297
1,0,3.99606e-06,3.23973258155,213.1872208534
1,0,3.99606e-06,1.64957508001,213.4109700226
1,0,3.79065e-06,5.64201395902,1581.959348283
1,0,4.0029e-06,3.15876824938,404.5067903482
1,0,3.82164e-06,3.77391165053,148.0787244263
1,0,3.89617e-06,0.1027410649,1478.8665740644
1,0,3.50293e-06,5.00255705341,198.321241911
1,0,4.64864e-06,3.54480854933,2001.4439921582
1,0,3.51121e-06,5.86405155542,98.8999885246
1,0,3.35788e-06,1.02993303771,213.5115437591
1,0,3.35788e-06,3.85937462386,213.0866471169
1,0,3.67643e-06,4.66054518863,114.1384744825
1,0,3.67304e-06,5.88650282265,750.1036075334
1,0,4.5451e-06,0.31737474148,73.297125859
1,0,3.18641e-06,5.70073398414,831.8557407496
1,0,3.17269e-06,6.15399946707,228.276948965
1,0,3.676e-06,5.32149304118,151.0476698429
1,0,4.16098e-06,5.91051454266,191.2076949102
1,0,3.19406e-06,0.72194326719,175.1660598002
1,0,3.81531e-06,1.39616544631,312.1990839626
1,0,3.828e-06,2.56517911849,56.6223513026
1,0,4.02465e-06,4.2957119567,177.8743727859
1,0,3.3712e-06,2.96241883499,479.2883889155
1,0,2.70298e-06,5.13892679265,635.9651330509
1,0,2.68385e-06,4.75118314124,191.9584544356
1,0,2.6938e-06,1.30301159795,278.5194664497
1,0,2.68854e-06,5.66985306128,205.2223405907
1,0,3.15241e-06,1.98234278819,106.2741679563
1,0,2.69016e-06,2.15203921815,327.4375699205
1,0,3.47502e-06,5.76861803456,195.1398481733
1,0,3.47341e-06,0.61908132149,248.7238180901
1,0,2.96359e-06,1.51933329331,10.2949407385
1,0,2.80829e-06,3.77309922396,2.4476805548
1,0,2.5247e-06,1.67539597791,213.5597278689
1,0,2.5247e-06,3.21391208773,213.0384630071
1,0,2.72534e-06,4.54740464703,1045.1548361876
1,0,2.39617e-06,5.92707655403,1574.8458012822
1,0,2.24581e-06,1.93088202036,39.3568759152
1,0,2.40608e-06,5.74777592789,221.3758502853
1,0,3.03332e-06,1.08981956452,483.2205421786
1,0,2.21755e-06,0.03688590568,543.9180590962
1,0,2.92918e-06,3.86514080986,424.1505103212
1,0,2.36937e-06,4.96032795425,235.3904959658
1,0,2.34092e-06,5.78186298869,275.5505210331
1,0,2.04931e-06,4.46341699841,842.1506814881
1,0,2.03518e-06,4.48361003131,2104.5367663768
1,0,2.66641e-06,3.49646394105,121.2520214833
1,0,2.30862e-06,4.03811269085,497.4476361802
1,0,2.0264e-06,2.91715278214,284.1485407422
1,0,1.92734e-06,5.33529234354,1898.3512179396
1,0,2.17166e-06,6.14501268573,429.0458714308
1,0,2.13986e-06,2.44871785704,8.0767548473
1,0,2.12877e-06,0.67438396717,650.9429865779
1,0,2.15232e-06,2.97872772544,425.6349830295
1,0,2.36824e-06,3.57393052829,219.4494345923
1,0,2.06993e-06,1.14841882856,1375.7737998458
1,0,1.74574e-06,3.29077366662,426.6463749858
1,0,2.18159e-06,1.6490801684,269.9214467406
1,0,1.69471e-06,4.78021413557,501.3797894433
1,0,1.74569e-06,0.09297884169,426.5500067662
1,0,1.76368e-06,0.50228212449,618.5566453116
1,0,1.63515e-06,0.76931838572,312.4597163935
1,0,1.82548e-06,1.24685117319,210.5907824523
1,0,1.69016e-06,6.21903539006,1795.258443721
1,0,1.88022e-06,0.50637735109,427.5613987225
1,0,1.81602e-06,3.07716157619,84.3428261229
1,0,1.7953e-06,3.64276719183,216.0074084237
1,0,1.66973e-06,4.32185770884,355.7487455718
1,0,1.51676e-06,4.13754942735,213.4591541324
1,0,1.51676e-06,0.75207673924,213.1390367436
1,0,1.51432e-06,3.9051345673,220.4608265486
1,0,1.94652e-06,5.2673677853,488.8496164711
1,0,1.49055e-06,5.67257832801,107.0249274817
1,0,1.9129e-06,3.29984174656,2317.8358618148
1,0,1.66449e-06,3.40892440053,1279.794572628
1,0,1.8079e-06,0.04936208794,491.8185618877
1,0,1.88196e-06,1.34108074604,207.1487562837
1,0,1.46618e-06,0.7292968214,220.364458329
1,0,1.93237e-06,4.19968617237,188.9200730498
1,0,1.3709e-06,5.42655130336,1148.2476104062
1,0,1.46331e-06,6.12359043156,5.4166259714
1,0,1.85616e-06,5.12367952113,601.7642506762
1,0,1.58034e-06,3.42936876808,179.3588454942
1,0,1.76989e-06,2.59441226782,344.7030453079
1,0,1.59685e-06,5.53376678198,358.9301393095
1,0,1.5579e-06,4.99237742083,289.5651667136
1,0,1.38147e-06,3.19940941173,436.1594184316
1,0,1.25961e-06,3.35117964179,643.8294395771
1,0,1.31798e-06,2.50083539634,212.0270710508
1,0,1.39279e-06,2.71243130336,636.7158925763
1,0,1.22329e-06,1.96650577886,69.1525242748
1,0,1.30711e-06,2.38850746748,214.5711198252
1,0,1.34225e-06,5.6586986423,4.665866446
1,0,1.22431e-06,1.70605535564,621.7380390493
1,0,1.16811e-06,1.61145832221,113.3877149571
1,0,1.1886e-06,5.65033188726,1891.2376709388
1,0,1.56141e-06,0.65756469165,237.6781178262
1,0,1.11031e-06,1.01598464494,206.1373643274
1,0,1.17765e-06,3.75859584496,32.2433289144
1,0,1.29033e-06,1.46198971089,247.2393453818
1,0,1.34644e-06,2.33574959741,78.7137518304
1,0,1.1279e-06,5.44507912303,114.3991069134
1,0,1.08637e-06,1.81623475388,767.3690829208
1,0,1.05318e-06,5.2270655213,5.6290742925
1,0,1.27653e-06,5.12749160961,134.5853436076
1,0,1.26069e-06,4.37180806356,181.0557665236
1,0,1.02853e-06,1.65813839227,67.6680515665
1,0,1.33601e-06,2.75004967414,35.4247226521
1,0,1.10253e-06,0.71569456242,245.5424243524
1,0,1.0583e-06,1.45649128193,219.891377577
1,0,1.06045e-06,4.18483284486,206.233732547
1,0,9.8219e-07,0.44587854866,144.1465711632
1,0,9.7708e-07,5.02834717765,2214.7430875962
1,0,9.5113e-07,5.17002132247,643.0786800517
1,0,1.03912e-06,4.0340374686,1073.6090241908
1,0,9.9528e-07,1.42298075665,426.0769260142
1,0,9.4974e-07,4.23060258384,2420.9286360334
1,0,9.653e-07,6.02923616094,447.9388318784
1,0,1.03745e-06,4.30393732262,1361.5467058442
1,0,1.17656e-06,2.13405645015,1272.6810256272
1,0,8.8669e-07,0.05205130929,87.3117715395
1,0,9.8975e-07,1.55639660933,4.192785694
1,0,9.9944e-07,2.65997941012,14.977853527
1,0,8.1885e-07,3.25181964362,20.6069278195
1,0,9.1321e-07,1.93807762123,427.1194557378
1,0,9.1949e-07,3.60460364421,206.706813299
1,0,1.0014e-06,3.54221048055,140.001969579
1,0,7.9774e-07,4.83514091014,159.1244246902
1,0,8.1604e-07,4.52557877618,525.4981794006
1,0,7.8549e-07,3.24815082664,14.0146456805
1,0,8.1064e-07,0.27454326223,125.9873238985
1,0,1.04149e-06,0.61449386936,1692.1656695024
1,0,7.4887e-07,6.18244095483,420.9691165835
1,0,8.3219e-07,4.23693462991,153.4953503977
1,0,7.3767e-07,6.06987659127,2111.6503133776
1,0,7.1695e-07,2.45500522999,630.3360587584
1,0,7.7164e-07,0.90106050331,329.7251917809
1,0,7.1328e-07,4.25726845306,0.9632078465
1,0,6.9326e-07,5.97750450668,212.0752551606
1,0,6.9326e-07,5.19530696709,214.5229357154
1,0,7.6087e-07,0.34743859064,934.9485149682
1,0,8.55e-07,1.61924612074,54.1746707478
1,0,8.1874e-07,1.59776394951,353.301065017
1,0,9.112e-07,3.81883197984,776.9303104764
1,0,8.6236e-07,2.72678012092,916.9322800554
1,0,7.4136e-07,4.03125002315,92.0470739547
1,0,6.6131e-07,2.35964914519,423.6774295692
1,0,7.1095e-07,6.1861658312,211.6021744086
1,0,6.4837e-07,4.82949190154,6.1503391543
1,0,6.4147e-07,5.15692606934,1464.6394800628
1,0,6.4557e-07,0.2862292403,184.9879197867
1,0,6.5853e-07,4.35139240808,339.2864193365
1,0,8.0268e-07,3.06595567501,2634.2277314714
1,0,6.2412e-07,6.02397194169,692.5874843535
1,0,6.2748e-07,2.82059120751,2.9207613068
1,0,7.3234e-07,1.42030136903,286.596221297
1,0,6.5292e-07,5.67801345398,617.8058857862
1,0,7.9482e-07,2.77610661994,347.8844390456
1,0,7.0198e-07,0.0272911354,337.732510659
1,0,5.9578e-07,4.68819841285,51.2057253312
1,0,7.5802e-07,1.21580005948,46.470422916
1,0,6.005e-07,5.38312689496,2207.6295405954
1,0,6.8653e-07,0.59467909972,273.1028404783
1,0,5.809e-07,3.78005458271,416.3032501375
1,0,6.1437e-07,0.73813400987,182.279606801
1,0,6.3517e-07,2.40088368245,391.1734682239
1,0,7.6309e-07,6.17304532091,299.1263942692
1,0,6.6015e-07,4.08036425037,778.4147831847
1,0,6.6706e-07,2.56096004731,220.9339073006
1,0,6.6535e-07,0.16025744557,696.5196376166
1,0,5.5588e-07,1.58539917943,387.2413149608
1,0,5.5245e-07,5.78088395279,436.8931316145
1,0,5.47e-07,4.54260230672,241.6102710893
1,0,5.4842e-07,1.38489146108,518.6452648307
1,0,5.9023e-07,4.97849167437,214.9960164674
1,0,5.3989e-07,6.19050578729,627.3671133418
1,0,6.8787e-07,3.41306604582,116.4260963429
1,0,6.3336e-07,5.07934253747,576.1613880106
1,0,5.4255e-07,6.09930467587,267.4737661858
1,0,5.3639e-07,3.19637859214,128.9562693151
1,0,5.2275e-07,1.93847849121,7.065362891
1,0,5.58e-07,1.92876335537,342.2553647531
1,0,6.9651e-07,1.43400464282,24.3790223882
1,0,5.6865e-07,1.30791772242,444.7574381407
1,0,5.0883e-07,1.18776024585,31.019488637
1,0,5.538e-07,2.97518197987,59.8037450403
1,0,5.0427e-07,5.15298120408,211.8628068395
1,0,5.0427e-07,6.01983026969,214.7353840365
1,0,5.7131e-07,3.96134363403,543.0242872189
1,0,4.9871e-07,4.73074363594,2531.1349572528
1,0,5.1909e-07,4.30240479689,192.6921676185
1,0,6.3716e-07,5.76431815039,421.93232443
1,0,4.7989e-07,0.27885843572,333.657345044
1,0,6.0126e-07,0.33113202746,439.1283638482
1,0,5.5585e-07,5.00242279476,221.1634019642
1,0,4.7716e-07,0.39295661784,219.6618829134
1,0,4.9622e-07,2.64477814311,430.79097657
1,0,6.1028e-07,1.51139637873,305.3461693927
1,0,4.8644e-07,3.16627935573,96.8729990951
1,0,4.871e-07,0.8940183527,429.5189521828
1,0,4.6209e-07,6.11163535772,425.8474313506
1,0,5.9861e-07,3.4528475193,487.3651437628
1,0,4.6524e-07,4.14957170333,282.4516197128
1,0,4.6921e-07,5.73141451894,292.0128472684
1,0,4.4465e-07,3.96656681803,2737.32050569
1,0,4.745e-07,3.08411595023,320.3240229197
1,0,5.5031e-07,2.61684051897,418.5214360287
1,0,5.1667e-07,1.43451020695,1169.5882514086
1,0,5.5947e-07,2.08615281193,638.4128136057
1,0,4.2668e-07,0.60521165065,421.1815649046
1,0,4.7761e-07,1.51559446603,558.0021407459
1,0,5.3261e-07,6.04292842982,205.4347889118
1,0,5.1528e-07,5.02718280298,199.2844497575
1,0,4.1663e-07,2.50545942767,120.358249606
1,0,4.5564e-07,1.2521481782,274.0660483248
1,0,4.8658e-07,5.15240257266,7.1617311106
1,0,3.9341e-07,1.88905188285,458.8415197904
1,0,5.3435e-07,4.49704581652,166.828672522
1,0,4.5109e-07,6.0645913384,227.3137411185
1,0,4.6355e-07,3.10853382452,432.2272651685
1,0,3.8934e-07,2.45431347167,264.5048207692
1,0,4.5774e-07,2.3373362411,205.6642835754
1,0,5.1539e-07,0.34137373429,2008.557539159
1,0,4.0966e-07,4.09903578988,1677.9385755008
1,0,3.7133e-07,4.50828997358,206.9363079626
1,0,3.6628e-07,3.66787324062,427.3489504014
1,0,4.5029e-07,2.03211615844,428.0826635843
1,0,3.8453e-07,5.99530036714,209.1544938538
1,0,4.0436e-07,0.44978856734,233.9060232575
1,0,3.6768e-07,1.91588498975,33.9402499438
1,0,3.7471e-07,5.17760705488,217.4436970222
1,0,4.4696e-07,3.3872299151,6.592282139
1,0,4.6113e-07,4.05104625234,214.1928673153
1,0,4.6113e-07,0.83857991425,212.4053235607
1,0,3.723e-07,1.57251793083,41.6444977756
1,0,3.6077e-07,4.65554964728,867.4234757536
1,0,3.7353e-07,0.06647848989,1251.3403846248
1,0,3.3612e-07,1.6878990449,181.806526049
1,0,3.6733e-07,1.27611933074,77.7505439839
1,0,3.3393e-07,5.90961230058,2428.0421830342
1,0,4.2678e-07,3.87972225097,135.5485514541
1,0,4.0487e-07,4.57323225888,35.1640902212
1,0,3.5511e-07,4.25887033106,244.318584075
1,0,3.6698e-07,3.68604101993,431.264057322
1,0,3.9183e-07,6.26114342823,145.6310438715
1,0,3.8119e-07,6.03029510246,319.5732633943
1,0,3.1092e-07,4.88763516295,1781.0313497194
1,0,3.3486e-07,2.40982180111,28.3111756513
1,0,3.2066e-07,3.33695513399,465.9550667912
1,0,3.2931e-07,2.3144846356,81.7521332162
1,0,3.9682e-07,0.04631095182,738.7972748386
1,0,3.0271e-07,2.89789752283,411.620337349
1,0,3.9377e-07,2.19578979946,373.9079928365
1,0,3.0492e-07,1.11695305824,280.9671470045
1,0,3.023e-07,5.10287010223,2524.021410252
1,0,2.9377e-07,6.18727053498,131.5469622218
1,0,2.8754e-07,0.1583827501,192.8522263129
1,0,3.54e-07,2.84750024165,381.3516082374
1,0,2.8194e-07,2.4675363493,1589.0728952838
1,0,2.8049e-07,2.30566407507,131.4039498699
1,0,3.3973e-07,2.82785995951,2950.619601128
1,0,3.5075e-07,0.26666716101,23.5758732361
1,0,2.7325e-07,0.85706476637,60.7669528868
1,0,3.7615e-07,0.10667439867,480.7728616238
1,0,2.7836e-07,1.17681685755,216.2680408546
1,0,3.7025e-07,0.82458967421,2.9689454166
1,0,2.9306e-07,3.55420811269,464.7312265138
1,0,2.7047e-07,2.92543208325,361.3778198643
1,0,2.6548e-07,1.60414548715,405.9912630565
1,0,3.3781e-07,1.31739552237,756.3233826569
1,0,3.3625e-07,5.77835881759,395.578702239
1,0,2.6346e-07,3.73692388891,0.5212648618
1,0,2.6332e-07,4.8243309133,16.6747745564
1,0,3.1111e-07,1.40241336085,0.7507595254
1,0,2.9988e-07,3.32282928396,710.7467316182
1,0,2.5913e-07,3.24693597232,244.791664827
1,0,3.1019e-07,2.96059209588,129.9194771616
1,0,2.5546e-07,1.6881720126,412.5835451955
1,0,2.5306e-07,4.73124302501,233.7459645631
1,0,3.3248e-07,1.88178595513,162.0933701068
1,0,2.5984e-07,0.44763976287,494.2662424425
1,0,2.6319e-07,3.57855185452,210.3301500214
1,0,3.0742e-07,1.26199225349,454.9093665273
1,0,3.4122e-07,0.40144235206,259.769518354
1,0,2.4741e-07,4.44519463302,2847.5268269094
1,0,2.6274e-07,0.63012531277,45.5766510387
1,0,2.6934e-07,5.50960011212,254.9435932136
1,0,3.348e-07,2.30014654686,27.0873353739
1,0,2.719e-07,5.04012848689,214.9436268407
1,0,2.719e-07,6.13268298688,211.6545640353
1,0,2.4727e-07,0.01709959991,508.3503240922
1,0,2.5542e-07,5.77362891558,681.5417840896
1,0,2.5645e-07,3.86292605935,229.9738699944
1,0,2.858e-07,2.84721981555,41.1019810544
1,0,2.3511e-07,0.40578451478,212.4959462859
1,0,2.3511e-07,4.48384165181,214.1022445901
1,0,2.4389e-07,1.47701184444,422.405405182
1,0,2.7252e-07,0.52645996662,525.7588118315
1,0,2.4192e-07,0.34568002889,420.4478517217
1,0,2.4075e-07,4.67936877608,258.8757464767
1,0,2.2198e-07,2.48883901199,426.4863162914
1,0,2.3044e-07,5.56570101243,184.7272873558
1,0,2.3225e-07,1.32324393739,207.0793203145
1,0,2.157e-07,3.20671772166,224.6054281328
1,0,2.1557e-07,2.60337999064,432.0148168474
1,0,2.2198e-07,0.89868151046,426.7100654606
1,0,2.2194e-07,3.11585618869,313.2104759189
1,0,2.2951e-07,4.15499253822,92.940845832
1,0,2.2696e-07,1.52974836022,223.3334037456
1,0,2.0721e-07,4.42613798459,849.2642284889
1,0,2.2399e-07,3.56419461003,219.5188705615
1,0,2.0538e-07,3.1293088935,106.0135355254
1,0,2.0697e-07,3.65641936807,7.6348118626
1,0,2.3953e-07,2.54227282881,334.5511169213
1,0,2.0119e-07,2.85963323081,357.4456666012
1,0,2.0403e-07,5.22785233718,162.8965192589
1,0,2.0124e-07,3.71792305311,3053.7123753466
1,0,2.1218e-07,5.34320407656,99.9113804809
1,0,2.1047e-07,5.57803326341,241.8709035202
1,0,2.3221e-07,1.41165777818,731.9443602687
1,0,2.2942e-07,6.2785806476,66.70484372
1,0,2.3601e-07,1.5442544559,556.5176680376
1,0,2.2022e-07,3.52199956758,186.2117600641
1,0,2.4674e-07,4.23392667934,46.2097904851
1,0,2.1263e-07,2.38214401101,343.2185725996
1,0,1.8919e-07,5.02923982401,171.6545976624
1,0,1.8653e-07,0.27903946815,426.8106391971
1,0,1.8677e-07,1.33905018859,835.0371344873
1,0,1.8653e-07,3.1084810543,426.3857425549
1,0,1.965e-07,3.1485777431,561.1835344836
1,0,1.947e-07,1.81622677733,468.2426886516
1,0,2.2709e-07,0.14922934569,450.9772132642
1,0,1.9428e-07,2.0697432324,392.6579409322
1,0,1.9902e-07,6.07671268686,1567.7322542814
1,0,2.3255e-07,6.12070200866,593.426863398
1,0,2.0562e-07,5.24399527975,963.4027029714
1,0,2.4128e-07,4.6136087947,31.492569389
1,0,2.3733e-07,6.07696637504,462.0229135281
1,0,2.0367e-07,1.15827997539,112.6540017742
1,0,2.1022e-07,3.71064053048,402.2191684878
1,0,1.7689e-07,0.34857150254,295.0512286542
1,0,2.4555e-07,0.10872457907,2324.9494088156
1,0,1.7958e-07,4.21869125792,403.0223176399
1,0,1.9076e-07,3.31363778751,905.8865797915
1,0,2.4254e-07,4.15960622971,141.2258098564
1,0,1.7651e-07,6.25482504132,460.5384408198
1,0,1.8901e-07,4.70800912908,572.2292347475
1,0,1.8099e-07,6.25077093682,230.7075831773
1,0,1.9787e-07,4.92505641767,552.5855147745
1,0,1.8049e-07,0.0357037231,533.6231183577
1,0,1.6962e-07,1.45723127384,555.5544601911
1,0,1.6956e-07,0.00315997618,77.962992305
1,0,2.0486e-07,3.29967422946,156.6767441354
1,0,1.8078e-07,3.60998206545,405.2575498736
1,0,2.083e-07,3.23444171494,175.4266922311
1,0,1.7268e-07,6.09632521803,199.9657733137
1,0,1.7269e-07,5.27738844677,295.1942410061
1,0,2.2334e-07,4.0624434478,423.6292454594
1,0,1.6403e-07,3.22117020453,419.532827985
1,0,1.6425e-07,5.61380266494,757.2171545342
1,0,1.6222e-07,5.73913129525,2744.4340526908
1,0,1.6318e-07,5.86017105828,263.7016716171
1,0,1.6071e-07,4.6438646965,2097.423219376
1,0,2.1494e-07,3.37089967271,206.3979967583
1,0,1.7985e-07,1.33230556245,240.3864308119
1,0,1.6443e-07,5.05892064304,226.6324175623
1,0,1.6375e-07,3.94799955623,1994.3304451574
1,0,1.8316e-07,5.55182171088,100.3844612329
1,0,1.834e-07,4.20303712023,152.5321425512
1,0,1.6934e-07,4.98862886836,109.2431133729
1,0,1.5567e-07,3.11397734583,220.3007678542
1,0,1.5886e-07,4.82943615088,2840.4132799086
1,0,1.6153e-07,6.0213499811,41.0537969446
1,0,1.5648e-07,3.13768268695,211.2933578679
1,0,1.5648e-07,1.75194347964,215.3048330081
1,0,1.8382e-07,1.75927606668,220.2001941177
1,0,1.58e-07,0.05620231243,419.4364597654
1,0,1.8947e-07,3.07280247332,637.4496057592
1,0,1.7585e-07,0.64170468841,546.956440482
1,0,2.0541e-07,0.76737119207,285.3723810196
1,0,1.6595e-07,4.77020496205,364.3467652809
1,0,2.0842e-07,5.73713006436,107.7586406646
1,0,1.7326e-07,2.91677167276,199.8057146193
1,0,1.6807e-07,2.1911908142,172.4577468145
1,0,1.6383e-07,2.67389241,203.8979265768
1,0,1.8055e-07,0.56501731997,189.7232222019
1,0,1.4484e-07,2.14147641596,110.1581371096
1,0,1.4822e-07,1.69517551415,195.7729876197
1,0,1.4223e-07,3.76707137251,1055.4497769261
1,0,1.6395e-07,1.73619004969,71.8126531507
1,0,1.9924e-07,2.99837598349,72.0732855816
1,0,1.6187e-07,0.4388342195,409.9234163196
1,0,1.7991e-07,4.36654771461,82.8583534146
1,0,1.408e-07,0.77300407988,13.3333221243
1,0,1.5462e-07,2.21494315347,222.7002642992
1,0,1.4446e-07,6.00416843077,457.617679513
1,0,1.4016e-07,0.92450223186,426.8588233069
1,0,1.5063e-07,5.74506051757,441.576044403
1,0,1.4016e-07,2.46301834168,426.3375584451
1,0,1.5926e-07,1.97285432336,226.7924762567
1,0,1.5979e-07,0.88810024478,831.1049812242
1,0,1.5755e-07,2.98800853174,348.8476468921
1,0,1.5012e-07,1.52188645554,220.5245170234
1,0,1.3982e-07,4.83996700203,146.594251718
1,0,1.5689e-07,0.75909996739,100.6450936638
1,0,1.4376e-07,4.16549809702,448.6895914038
1,0,1.7752e-07,4.58997108869,702.1487119091
1,0,1.4393e-07,5.33813724334,110.2545053292
1,0,1.5863e-07,4.36354784669,570.7447620392
1,0,1.527e-07,2.6650152365,81.8951455681
1,0,1.481e-07,1.68960262833,540.7366653585
1,0,1.4819e-07,0.92519710715,980.6681783588
1,0,1.597e-07,2.37623315151,111.1695290659
1,0,1.6413e-07,2.75370430496,221.8971151471
1,0,1.4952e-07,1.90324601287,420.005908737
1,0,1.3319e-07,2.13362682994,1905.4647649404
1,0,1.383e-07,5.00214404734,434.6749457233
1,0,1.7566e-07,0.0598425006,569.0478410098
1,0,1.8335e-07,6.24789947973,170.0100662597
1,0,1.3407e-07,3.18967410776,230.8252032563
1,0,1.2978e-07,0.29727985191,241.7532834412
1,0,1.7355e-07,2.46418652977,50.4025761791
1,0,1.3266e-07,2.3954769803,1485.9801210652
1,0,1.2667e-07,4.19939097474,3163.918696566
1,0,1.5794e-07,1.66436074053,251.1714986449
1,0,1.3957e-07,6.17562483736,864.2420820159
1,0,1.2407e-07,4.03761061188,97.6761482472
1,0,1.6676e-07,5.57843223379,705.1176573257
1,0,1.6081e-07,1.08703049614,28.5718080822
1,0,1.4368e-07,2.60363106205,3267.0114707846
1,0,1.2578e-07,1.88265912656,238.5718897035
1,0,1.2271e-07,0.484563997,326.6868103951
1,0,1.2803e-07,5.56819639491,642.3449668688
1,0,1.3216e-07,4.23672824399,188.1693135244
1,0,1.4257e-07,5.84367416401,42.5382696529
1,0,1.14e-07,5.32924504172,119.767548775
1,0,1.1397e-07,0.34981755484,280.003939158
1,0,1.1206e-07,4.12141164216,714.6788848813
1,0,1.4434e-07,3.77669276223,386.9806825299
1,0,1.5174e-07,4.95078632158,256.5881246163
1,0,1.2006e-07,4.20703749198,196.6243208816
1,0,1.1891e-07,3.36850071201,203.2647871304
1,0,1.2003e-07,2.72468835291,254.1404440615
1,0,1.0842e-07,2.54339582028,639.9454704238
1,0,1.335e-07,2.22655107118,638.9340784675
1,0,1.4697e-07,2.83603068369,432.7485300303
1,0,1.3429e-07,0.66730550149,193.655375465
1,0,1.374e-07,4.38243231529,815.0633461142
1,0,1.2853e-07,0.91490823925,196.0336200506
1,0,1.0721e-07,5.00859360369,17.5261078183
1,0,1.0504e-07,1.77592937092,206.2974230218
1,0,1.1872e-07,4.04892295757,380.12776796
1,0,1.0384e-07,0.04028185137,196.8367692027
1,0,1.0335e-07,1.8161116119,201.9927627432
1,0,1.0842e-07,5.62879282141,639.8491022042
1,0,1.2326e-07,4.01034471107,230.5645708254
1,0,1.0302e-07,2.59865864262,107.2855599126
1,0,1.0608e-07,4.61155696629,19.1224551112
1,0,1.3774e-07,3.98241715793,477.8039162072
1,0,1.0048e-07,3.4620949247,3370.1042450032
1,0,9.975e-08,2.00272027289,72.3339180125
1,0,1.0426e-07,1.21400645579,820.0592809603
1,0,1.0793e-07,5.79737452042,1884.124123938
1,0,1.3532e-07,5.23323144371,662.531203563
1,0,9.858e-08,3.35812510249,33.1371007917
1,0,9.653e-08,3.80389938231,406.954470903
1,0,1.1049e-07,0.1532788148,397.3932433474
1,0,1.0104e-07,0.97178466245,69.3649725959
1,0,9.594e-08,3.20545283826,433.7599219866
1,0,1.0907e-07,6.07476458112,186.472392495
1,0,9.581e-08,3.81967849278,606.7601855223
1,0,9.652e-08,2.94034681034,194.1766403268
1,0,1.1233e-07,6.08951773665,640.8604941605
1,0,9.546e-08,2.32156584631,219.1406180516
1,0,9.885e-08,2.70541891569,47.6942631934
1,0,9.37e-08,4.84934406834,229.7614216733
1,0,9.841e-08,2.58842093829,135.336103133
1,0,1.0975e-07,0.55243138426,395.105621487
1,0,9.735e-08,0.01733432515,433.663553767
1,0,9.302e-08,1.37432249732,143.9341228421
1,0,1.0066e-07,0.49580184666,423.8898778903
1,0,1.2472e-07,3.08381939221,894.8408795276
1,0,1.047e-07,5.05300759668,240.125798381
1,0,8.952e-08,0.28590238267,140.9651774255
1,0,9.711e-08,2.61829855861,1493.093668066
1,0,1.129e-07,4.818104717,389.9496279465
1,0,8.911e-08,1.3402635517,19.643719973
1,0,9.106e-08,0.77871223073,238.4288773516
1,0,8.732e-08,6.24118636509,157.6399519819
1,0,1.0066e-07,2.89171872688,429.3065038617
1,0,8.626e-08,6.06935661185,526.5095713569
1,0,9.374e-08,3.36841689456,206.0736738526
1,0,9.534e-08,3.86185711327,236.8749686741
1,0,8.635e-08,5.93764298518,824.7421937488
1,0,8.477e-08,5.5402157594,3060.8259223474
1,0,8.433e-08,3.38649663082,426.7582495704
1,0,1.118e-07,6.17848017138,2641.3412784722
1,0,8.433e-08,0.00102394272,426.4381321816
1,0,8.439e-08,4.51500392041,511.5317178299
1,0,9.394e-08,1.85342014381,319.3126309634
1,0,8.532e-08,4.57615248884,3156.8051495652
1,0,8.903e-08,2.43701935611,649.4585138696
1,0,8.389e-08,1.87155821133,232.4215505492
1,0,8.246e-08,2.28451141169,194.3890886479
1,0,8.317e-08,5.27911046499,661.2379273164
1,0,9.682e-08,6.11176107,472.1748419147
1,0,1.1219e-07,0.89544366061,453.6855262499
1,0,8.411e-08,0.52495950363,172.2452984934
1,0,8.981e-08,0.94573569495,187.4356003415
1,0,8.032e-08,4.50603721871,89.7594520943
1,0,8.092e-08,1.12531278179,672.1406152284
1,0,7.874e-08,4.38115777683,2413.8150890326
1,0,7.978e-08,3.25270512193,394.3548619616
1,0,9.111e-08,5.92051630827,167.7224443993
1,0,9.885e-08,4.3667410428,29.2049475286
1,0,7.695e-08,2.58075308553,207.4575728244
1,0,7.999e-08,5.76892383066,255.8373650909
1,0,9.82e-08,1.9924044112,354.5249052944
1,0,1.0355e-07,2.02047870385,204.7010757289
1,0,9.161e-08,1.80605471881,594.6507036754
1,0,7.7e-08,2.75501595675,857.1285350151
1,0,7.549e-08,1.87028277994,2221.856634597
1,0,8.422e-08,4.22541294301,502.8642621516
1,0,9.659e-08,0.66282222487,380.3884003909
1,0,8.964e-08,4.60259246787,739.8086667949
1,0,9.469e-08,5.95763294539,495.7507151508
1,0,7.922e-08,0.32197020343,176.6505325085
1,0,9.441e-08,6.09271231832,418.0001711669
1,0,7.327e-08,2.6051144165,232.2091022281
1,0,7.299e-08,1.29758813796,366.7944458357
1,0,8.713e-08,0.77367091578,393.4610900843
1,0,7.151e-08,5.97877847903,313.6835566709
1,0,7.097e-08,3.86634603871,2310.722314814
1,0,7.69e-08,3.91283672076,239.1625905345
1,0,7.054e-08,6.11435542975,384.0599212231
1,0,7.298e-08,1.74992346676,425.3261664888
1,0,9.178e-08,2.49021644042,562.1467423301
1,0,9.653e-08,6.08815337021,112.9146342051
1,0,8.4e-08,1.51695998773,28.4541880032
1,0,7.018e-08,2.37418304281,291.262087743
1,0,8.083e-08,1.54726535769,619.2903584945
1,0,7.119e-08,4.29731211712,325.9530972122
1,0,7.298e-08,1.63759710678,427.8702152632
1,0,8.072e-08,3.32529933927,724.8308132679
1,0,7.741e-08,0.76022179542,84.9335269539
1,0,6.935e-08,3.25946627477,1286.9081196288
1,0,6.633e-08,4.94232868304,268.9582388941
1,0,8.88e-08,3.02316114149,190.4045457581
1,0,6.821e-08,3.22173264763,449.232108125
1,0,8.02e-08,2.83765342663,184.0941479094
1,0,7.759e-08,0.5954500429,343.7398374614
1,0,6.349e-08,4.28763974443,313.9441891018
1,0,6.598e-08,1.2349902616,88.1149206916
1,0,7.453e-08,2.14642578463,128.3655684841
1,0,6.299e-08,3.53707343862,180.1619946463
1,0,6.291e-08,1.49724070505,117.9105690512
1,0,6.901e-08,4.51033589337,249.9476583675
1,0,6.082e-08,3.98547423322,3480.3105662226
1,0,7.57e-08,3.02872932452,990.2294059144
1,0,7.221e-08,3.65873711017,25.6028626656
1,0,6.057e-08,4.42905421891,856.3777754897
1,0,7.434e-08,4.00728594079,25.1297819136
1,0,6.039e-08,0.10556534688,505.3119427064
1,0,7.951e-08,1.45628295823,105.5404547734
1,0,6.123e-08,1.05416533583,328.9220426288
1,0,7.41e-08,2.80785687723,1802.3719907218
1,0,7.544e-08,5.83384851183,909.8187330546
1,0,6.33e-08,3.88531739474,110.7275860812
1,0,6.147e-08,0.67579092414,639.3760214522
1,0,5.898e-08,1.62352162391,843.6351541964
1,0,6.028e-08,3.32686859305,115.6229471908
1,0,6.743e-08,1.58035790221,418.9633790134
1,0,6.188e-08,0.4956706798,739.0579072695
1,0,5.894e-08,6.06611517396,120.9913890524
1,0,6.621e-08,5.03610613312,95.3885263868
1,0,6.841e-08,2.32904410339,141.4864422873
1,0,5.992e-08,0.19285412187,336.8387387817
1,0,7.883e-08,1.86032213862,236.1936451179
1,0,5.661e-08,2.58262833641,123.5396433437
1,0,5.819e-08,0.09149815737,215.9592243139
1,0,5.819e-08,4.79812800922,210.6389665621
1,0,6.19e-08,3.38729700678,109.6850563576
1,0,7.742e-08,0.34415356371,55.6591434561
1,0,5.694e-08,5.43835853469,760.25553592
1,0,7.522e-08,5.29284930513,195.8906076987
1,0,6.763e-08,1.17534779375,1048.3362299253
1,0,5.984e-08,5.51254229373,2200.5159935946
1,0,7.444e-08,3.03494365469,25.2727942655
1,0,5.776e-08,3.77825555332,97.4155158163
1,0,6.036e-08,0.39078322489,769.8167634756
1,0,5.771e-08,0.05336444936,164.5410506616
1,0,6.703e-08,0.80548964242,611.4430983108
1,0,6.085e-08,0.58940873359,433.190473015
1,0,6.082e-08,1.19286005781,640.4185511758
1,0,5.677e-08,1.79542287271,218.4069048687
1,0,5.677e-08,3.09420329388,208.1912860073
1,0,6.571e-08,2.03293250235,1130.2313754934
1,0,6.037e-08,6.25609827209,597.3590166611
1,0,6.462e-08,5.68467908647,369.9758395734
1,0,6.508e-08,0.80289146979,566.600160455
1,0,5.024e-08,0.18128124566,806.725958836
1,0,5.596e-08,6.00166997853,108.7218485111
1,0,5.096e-08,4.69337848431,262.0571402144
1,0,5.584e-08,4.09591630918,200.5564741447
1,0,4.89e-08,5.53191489233,331.2096644892
1,0,4.909e-08,5.20095693748,298.2326223919
1,0,5.201e-08,2.45613065009,746.9222137957
1,0,5.769e-08,1.28477282445,320.5846553506
1,0,5.914e-08,5.62754393946,310.7146112543
1,0,6.262e-08,1.63342326112,850.0149880143
1,0,5.9e-08,2.28550106807,3583.4033404412
1,0,5.515e-08,5.67488096006,551.031606097
1,0,5.599e-08,4.68574003719,58.1068240109
1,0,4.849e-08,1.54472616566,124.5028511902
1,0,6.433e-08,3.97004927835,348.635198571
1,0,4.798e-08,0.51398456833,170.7608257851
1,0,5.352e-08,1.67434983291,604.4725636619
1,0,4.977e-08,4.78098618763,178.086821107
1,0,5.019e-08,5.07746652322,1044.4040766622
1,0,4.699e-08,5.64438940211,439.9315130003
1,0,5.132e-08,4.99955185305,88.7962442478
1,0,5.636e-08,0.71123925881,499.895316735
1,0,5.591e-08,2.54795843844,285.1117485887
1,0,4.65e-08,4.46967285108,271.4059194489
1,0,6.065e-08,3.67428256045,55.1378785943
1,0,5.035e-08,0.56276653096,658.0565335787
1,0,5.063e-08,1.68875674251,774.4826299216
1,0,4.622e-08,3.21978369593,3686.4961146598
1,0,4.618e-08,5.47461001336,634.2682120215
1,0,5.322e-08,3.30473124435,484.7050148869
1,0,5.515e-08,5.8700129852,455.1699989582
1,0,5.556e-08,1.4237004936,486.4019359163
1,0,4.834e-08,2.10033655923,104.0559820651
1,0,4.936e-08,5.96187000337,43.1289704839
1,0,4.507e-08,5.23081644191,732.6951197941
1,0,4.459e-08,5.51910339097,745.277682393
1,0,5.599e-08,5.57825850766,952.0963702766
1,0,5.864e-08,5.53324867687,385.5443939314
1,0,5.551e-08,4.94468510351,493.303034596
1,0,4.493e-08,5.35984494325,3377.217792004
1,0,4.77e-08,3.19401209745,991.7138786227
1,0,4.717e-08,1.99096492023,104.5772469269
1,0,4.781e-08,3.88757701071,504.561183181
1,0,4.811e-08,4.61942610145,327.6982023514
1,0,4.442e-08,1.62929961065,2538.2485042536
1,0,5.958e-08,4.92614870987,25.8634950965
1,0,4.453e-08,1.49117065737,198.4813006054
1,0,4.332e-08,1.57527271192,636.9765250072
1,0,4.513e-08,2.85438575456,26.826702943
1,0,5.809e-08,4.81932495515,254.3528923826
1,0,4.384e-08,2.84168114097,113.1270825262
1,0,4.282e-08,5.65363400412,840.6662087798
1,0,4.886e-08,3.63166667952,201.5196819912
1,0,5.016e-08,2.09046597167,969.6224780949
1,0,5.361e-08,5.94947162548,2957.7331481288
1,0,4.205e-08,5.66354698683,1141.1340634054
1,0,4.536e-08,2.79117546568,958.576777831
1,0,5.345e-08,4.72267996291,305.0855369618
1,0,4.627e-08,1.25635250543,775.233389447
1,0,4.067e-08,4.95801020752,103.1409583284
1,0,4.243e-08,4.31618117654,3473.1970192218
1,0,4.845e-08,3.84775416722,226.0417167313
1,0,4.049e-08,4.1192418249,372.4235201282
1,0,4.9e-08,2.5528857817,376.1956146969
1,0,5.025e-08,5.95342304346,721.6494195302
1,0,4.077e-08,5.03795321512,650.1922270525
1,0,4.372e-08,4.29308416788,225.0785088848
1,0,4.173e-08,1.85843228263,211.0114735776
1,0,4.173e-08,3.03119388396,215.5867172984
1,0,4.251e-08,0.70715248384,771.3012361839
1,0,4.06e-08,3.39845529642,228.1168902706
1,0,4.018e-08,1.44814155604,631.8205314667
1,0,4.766e-08,5.31180947705,424.9012698466
1,0,4.146e-08,2.86854280828,2118.7638603784
1,0,3.945e-08,5.69539937683,337.8019466282
1,0,5.029e-08,0.09918962647,197.257460328
1,0,5.43e-08,2.20843836599,481.7360694703
1,0,5.129e-08,5.44565533795,207.6218370357
1,0,5.129e-08,5.72715613582,218.9763538403
1,0,3.855e-08,5.22645171016,425.3743505986
1,0,3.906e-08,2.26422119383,561.934294009
1,0,3.86e-08,4.85683625563,512.4254897072
1,0,4.22e-08,4.94104825465,102.1295663721
1,0,3.855e-08,4.44425417057,427.8220311534
1,0,4.133e-08,1.76751139179,103.0445901088
1,0,5.008e-08,3.00713483837,17.2654753874
1,0,4.043e-08,6.12585155815,317.3550775031
1,0,3.992e-08,0.10863881475,248.511369769
1,0,3.81e-08,2.51661775808,316.4400537664
1,0,4.737e-08,1.84385858957,913.9633346388
1,0,4.5e-08,0.17524918916,519.3960243561
1,0,3.904e-08,2.21361301063,378.9039276826
1,0,4.533e-08,2.703606992,187.2755416471
1,0,3.961e-08,6.02031538242,49.7212526229
1,0,3.77e-08,4.79955563925,214.6716935617
1,0,3.77e-08,0.09007052734,211.9264973143
1,0,4.88e-08,0.60377262547,120.5012619579
1,0,3.729e-08,0.34904169037,407.4757357648
1,0,3.673e-08,1.39200838994,668.2084619653
1,0,3.788e-08,4.13636636049,258.5456780766
1,0,3.638e-08,6.22563045614,634.4806603426
1,0,3.968e-08,5.56983671727,398.2870152247
1,0,3.571e-08,4.16908170855,2730.2069586892
1,0,3.567e-08,5.46257677177,623.2225117576
1,0,3.562e-08,0.28991457103,700.6642392008
1,0,3.82e-08,1.98270616092,328.2407190726
1,0,3.71e-08,3.60752296582,22.8945496799
1,0,4.542e-08,1.45826982445,491.5579294568
1,0,3.548e-08,2.80584934201,71.6002048296
1,0,4.509e-08,4.78400214531,229.340730548
1,0,3.567e-08,0.22693346941,48.7580447764
1,0,4.753e-08,4.82350219524,1033.3583763983
1,0,3.649e-08,3.5382664664,444.1242986943
1,0,4.339e-08,5.05440607437,608.877797677
1,0,3.452e-08,3.19273243429,188.0263011725
1,0,4.668e-08,2.31177528169,60.5545045657
1,0,3.751e-08,2.61178091734,1119.1856752295
1,0,3.677e-08,4.85446825853,418.7338843498
1,0,3.519e-08,5.41450486643,707.5653378805
1,0,3.496e-08,0.40428886685,616.3214130779
1,0,4.38e-08,4.31147715738,526.9826521089
1,0,3.352e-08,0.72463251624,691.1030116452
1,0,3.359e-08,5.44969389586,842.9014410135
1,0,4.413e-08,0.86251574445,43.2890291783
1,0,3.919e-08,4.80852982048,141.6988906084
1,0,3.858e-08,4.90751231957,635.231419868
1,0,4.154e-08,4.98287829121,317.8763423649
1,0,3.282e-08,1.34273841324,211.762233103
1,0,3.282e-08,3.54688775335,214.835957773
1,0,3.462e-08,5.28874398045,6275.9623029906
1,0,3.329e-08,2.94000486288,765.8846102125
1,0,3.787e-08,5.85679753021,652.4274592862
1,0,3.775e-08,5.60221993472,316.3436855468
1,0,3.196e-08,4.55749476039,827.9235874865
1,0,3.669e-08,1.26608108937,80.1982245387
1,0,3.691e-08,0.48718733608,194.2885149114
1,0,3.467e-08,4.32351780506,428.2951119054
1,0,4.055e-08,0.58820420847,92.3077063856
1,0,3.131e-08,5.94102893952,306.830642101
1,0,3.28e-08,0.44836167723,10206.1719992102
1,0,3.411e-08,5.25293859876,2516.9078632512
1,0,4.132e-08,1.72276410779,434.2330027386
1,0,3.81e-08,4.51464393472,114.9416236346
1,0,3.975e-08,4.55663174904,101.8689339412
1,0,4.288e-08,2.13145763,187.6962327724
1,0,3.522e-08,2.64133662278,315.1680293792
1,0,3.066e-08,3.74972662168,167.0893049529
1,0,3.242e-08,4.09907147245,282.6640680339
1,0,3.11e-08,4.5347786117,165.6048322446
1,0,3.898e-08,5.51287081695,318.8395502114
1,0,3.396e-08,0.34591089696,37.8724032069
1,0,3.526e-08,5.16158818006,495.9631634719
1,0,3.045e-08,1.65993856041,2854.6403739102
1,0,3.02e-08,3.9123754074,3796.7024358792
1,0,2.986e-08,2.56850390941,92.7978334801
1,0,3.5e-08,4.38440462601,789.4604834486
1,0,2.995e-08,2.81664751125,91.7864415238
1,0,3.539e-08,0.99888072542,232.942815411
1,0,2.92e-08,1.23618862034,625.8826406335
1,0,2.918e-08,3.43409170637,357.2332182801
1,0,3.176e-08,5.31403301104,281.1795953256
1,0,3.438e-08,1.70954494565,40.8413486235
1,0,3.008e-08,4.1019718721,434.4624974022
1,0,3.409e-08,4.69167159712,77.2292791221
1,0,3.572e-08,1.37113437514,851.7119090437
1,0,3.076e-08,2.32677490754,130.4407420234
1,0,2.804e-08,4.40192840756,425.1619022775
1,0,3.278e-08,4.40243851704,232.3096759646
1,0,2.856e-08,0.45182720699,544.5087599272
1,0,3.073e-08,5.89479692757,3274.1250177854
1,0,3.735e-08,2.28131065621,315.4286618101
1,0,3.542e-08,2.1043192828,239.3226492289
1,0,2.887e-08,2.09394741374,93.531546663
1,0,2.753e-08,1.91591889937,1063.3140834523
1,0,2.754e-08,3.20876354263,620.253566341
1,0,2.804e-08,5.26877747317,428.0344794745
1,0,3.749e-08,5.48742893669,145.4185955504
1,0,3.056e-08,2.25124826101,354.2642728635
1,0,2.944e-08,1.57941122467,42.3258213318
1,0,3.422e-08,2.77554592584,268.4369740323
1,0,2.693e-08,5.92886276832,432.9609783514
1,0,3.406e-08,6.14851742084,498.9321088885
1,0,3.27e-08,2.70575765331,924.0458270562
1,0,3.462e-08,0.16427456264,182.5402392319
1,0,3.693e-08,2.74095304329,238.9019581036
1,0,2.752e-08,3.53715013471,322.0209439491
1,0,3.056e-08,5.41339084119,179.5712938153
1,0,3.32e-08,2.1951041016,122.7364941916
1,0,2.722e-08,1.90912932797,644.090072008
1,0,2.64e-08,5.38886758602,110.9570807448
1,0,2.578e-08,5.28716556602,305.6068018236
1,0,3.099e-08,5.46033388346,699.7010313543
1,0,2.579e-08,6.17990568201,953.1077622329
1,0,2.666e-08,3.91979516134,1080.7225711916
1,0,2.603e-08,4.71971033929,508.4933364441
1,0,2.559e-08,5.36447720972,639.1465267886
1,0,3.052e-08,5.04923062913,541.5398145106
1,0,2.581e-08,2.6302033757,158.9643659958
1,0,2.686e-08,0.15925446852,642.8180476208
1,0,2.828e-08,3.75586347766,256.4280659219
1,0,3.364e-08,6.07299583147,133.1008708993
1,0,2.945e-08,3.64179989725,346.3999663373
1,0,2.473e-08,1.69595483874,109.455561694
1,0,2.541e-08,3.95256698363,2627.1141844706
1,0,2.455e-08,4.8731262365,1049.0869894507
1,0,2.558e-08,1.52714175495,310.9752436852
1,0,2.441e-08,0.71752432785,586.3133163972
1,0,2.66e-08,3.15325492704,443.2729654324
1,0,2.43e-08,3.16920826862,95.2284676924
1,0,2.407e-08,0.16112430483,111.4301614968
1,0,2.431e-08,1.26439356329,235.933012687
1,0,2.845e-08,2.05201739396,531.978586955
1,0,2.521e-08,2.31197583573,451.7279727896
1,0,2.393e-08,2.81359164609,2435.155730035
1,0,2.99e-08,5.57751092323,782.3469364478
1,0,2.655e-08,5.30662457895,440.6128365565
1,0,2.369e-08,0.84466299231,205.9731001161
1,0,2.369e-08,0.90337052069,220.6250907599
1,0,2.902e-08,1.05411548466,514.7131115676
1,0,3.238e-08,4.15318242424,338.4832701844
1,0,2.324e-08,3.98030953004,3046.5988283458
1,0,2.589e-08,0.03607192436,526.7702037878
1,0,2.701e-08,5.31010726656,300.6108669775
1,0,2.78e-08,4.37370836037,173.6815870919
1,0,2.707e-08,2.11193249903,176.3899000776
1,0,2.952e-08,2.31378455663,645.5263606065
1,0,2.579e-08,3.01647667365,768.8535556291
1,0,2.253e-08,2.22683989192,310.1720945331
1,0,2.284e-08,2.0630157579,297.6419215609
1,0,2.264e-08,2.70110641487,104.789695248
1,0,2.301e-08,3.65558835862,263.0203480609
1,0,2.531e-08,5.13512447782,90.5626012464
1,0,2.331e-08,1.28063056772,518.3846323998
1,0,2.38e-08,0.88280891663,151.260118164
1,0,2.99e-08,4.19616629872,1056.2005364515
1,0,2.214e-08,2.22525274083,64.9597385808
1,0,3.045e-08,1.33956207243,485.8806710545
1,0,2.52e-08,3.36033478916,685.4739373527
1,0,2.594e-08,5.66621296914,520.129737539
1,0,2.863e-08,4.71904318311,244.0579516441
1,0,2.198e-08,1.5324597,945.2434557067
1,0,2.811e-08,1.38980153585,641.3817590223
1,0,2.59e-08,0.63795679785,170.1701249541
1,0,2.192e-08,5.38214041197,1457.525933062
1,0,2.177e-08,2.60434709441,67.8804998876
1,0,2.285e-08,5.28065763454,3693.6096616606
1,0,2.386e-08,4.37257867425,430.7427924602
1,0,2.131e-08,0.06257344923,1382.8873468466
1,0,2.457e-08,5.75336601172,247.0268970607
1,0,2.125e-08,1.82804301978,487.1526954417
1,0,2.518e-08,6.0172332984,1038.0412891868
1,0,2.091e-08,1.35636529813,3171.0322435668
1,0,2.102e-08,4.35040361644,960.2213092337
1,0,2.25e-08,5.37793316456,366.0436863103
1,0,2.818e-08,0.74477457405,837.6972633632
1,0,2.261e-08,0.51819117829,183.2428146475
1,0,2.071e-08,2.17194520595,354.9979860464
1,0,2.403e-08,2.26992497484,452.2010535416
1,0,2.384e-08,2.06538211924,3899.7952100978
1,0,2.564e-08,3.29999345582,427.4919627533
1,0,2.136e-08,3.54044416897,1108.1399749656
1,0,2.111e-08,5.244199599,422.4535892918
1,0,2.308e-08,3.09971194846,154.979823106
1,0,2.409e-08,0.88586446483,306.0969289181
1,0,2.581e-08,2.78681732927,1041.2226829245
1,0,2.016e-08,1.08557176939,883.7951792637
1,0,2.203e-08,2.74611438181,49.5088043018
1,0,2.083e-08,4.04786990254,275.338072712
1,0,2.346e-08,5.96958886629,447.2051186955
1,0,2.49e-08,5.97604559832,2487.4160449478
1,0,2.521e-08,0.54835814181,927.8349679674
1,0,1.993e-08,0.73100346778,624.919432787
1,0,2.652e-08,1.01663860481,453.424893819
1,0,2.467e-08,1.16140871474,429.5671362926
1,0,2.336e-08,5.79016324229,33.6796175129
1,0,1.995e-08,5.64222397445,409.3327154886
1,0,2.513e-08,4.76844959033,125.1841747464
1,0,2.053e-08,2.05591891799,90.8232336773
1,0,2.205e-08,3.39623617614,170.9732741062
1,0,2.207e-08,1.5112534298,635.70450062
1,0,1.873e-08,5.39713666127,344.8460576598
1,0,2.386e-08,4.15983782692,25234.70675982219
1,0,2.258e-08,5.14806130138,1008.9793540101
1,0,2.199e-08,3.67407324592,784.0438574772
1,0,2.564e-08,0.08752711773,425.7044189987
1,0,1.85e-08,3.46362842651,528.9402055692
1,0,1.964e-08,2.72517368869,40.1600250673
1,0,1.952e-08,4.34777048454,115.8353955119
1,0,2.542e-08,0.28050831901,354.7855377253
1,0,1.916e-08,3.22097581831,102.5715093568
1,0,2.296e-08,5.3180144884,180.8433182025
1,0,2.393e-08,5.91612529116,614.6244920485
1,0,2.397e-08,0.99397031563,1364.7280995819
1,0,1.833e-08,2.25941996337,267.6338248802
1,0,2.131e-08,3.67200185333,103.6140390804
1,0,2.098e-08,0.08769001353,252.9166037841
1,0,2.063e-08,5.99371300183,177.1236132605
1,0,2.479e-08,5.27883727495,631.2992666049
1,0,1.811e-08,0.88009473694,530.44172462
1,0,2.017e-08,4.33633811733,243.3553762285
1,0,1.781e-08,0.19920025414,205.9249160063
1,0,1.781e-08,1.54883325886,220.6732748697
1,0,2.268e-08,0.0673654515,1171.875873269
1,0,2.271e-08,5.09542141062,192.8040422031
1,0,2.271e-08,6.07739006315,233.7941486729
1,0,1.785e-08,4.70446916733,1097.0942747017
1,0,2.111e-08,4.95171731483,670.916774951
1,0,1.859e-08,1.45447173175,1083.7609525774
1,0,1.774e-08,4.90826773112,206.4461808681
1,0,1.774e-08,3.12295108906,220.1520100079
1,0,2.018e-08,2.80222113517,250.2082907984
1,0,2.009e-08,0.61518299906,103.3534066495
1,0,2.121e-08,5.65835197937,799.6124118352
1,0,2.292e-08,6.18688041096,912.4788619305
1,0,1.775e-08,2.38950039489,198.1087935899
1,0,1.775e-08,5.64171842529,228.4893972861
1,0,1.744e-08,5.54811865717,1166.4068576709
1,0,1.994e-08,0.23060158863,5849.3641121146
1,0,1.763e-08,5.61852245031,284.8993002676
1,0,1.71e-08,4.04740475434,1176.7017984094
1,0,2.094e-08,6.21687355107,835.7878940127
1,0,1.962e-08,1.66381480115,9779.5738083342
1,0,2.299e-08,6.2462745873,409.1897031367
1,0,1.786e-08,4.97887009884,346.1875180162
1,0,1.703e-08,1.0072503185,398.1440028728
1,0,2.083e-08,2.24494666476,5216.5803728014
1,0,2.072e-08,2.05694305195,45.2465826386
1,0,1.736e-08,2.08834850954,134.1122628556
1,0,1.707e-08,4.00371360898,1062.5633239269
1,0,1.708e-08,3.20756177408,3120.199784261
1,0,1.823e-08,5.21279378269,657.1627617014
1,0,1.792e-08,4.15157588985,3789.5888888784
1,0,1.836e-08,2.92694247168,644.56315276
1,0,1.759e-08,2.26827767388,2751.5475996916
1,0,1.684e-08,3.80248371853,3362.9906980024
1,0,2.081e-08,1.45707089705,587.2070882745
1,0,1.725e-08,1.32648620918,6290.1893969922
1,0,1.76e-08,1.05809960446,1091.6252591036
1,0,1.707e-08,2.05213382658,98.3574718034
1,0,2.178e-08,3.2971729361,118.0706277456
1,0,2.021e-08,5.89628715728,913.7508863177
1,0,1.805e-08,2.7450747746,1389.1071219701
1,0,1.776e-08,0.05672546557,533.8837507886
1,0,1.78e-08,1.6820288873,9772.4602613334
1,0,1.687e-08,2.7711040964,10220.3990932118
1,0,1.942e-08,0.62508676865,246.4361962297
1,0,1.682e-08,5.71772687954,3590.516887442
1,0,1.585e-08,2.94676152634,4002.8879843164
1,0,1.942e-08,3.67572077367,9146.790069021
1,0,2.092e-08,5.6018140474,629.6023455755
1,0,1.93e-08,1.680110349,271.61836777
1,0,2.109e-08,3.48166538243,757.8078553652
1,0,2.179e-08,0.28655950016,666.723989257
1,0,1.581e-08,5.53424328275,1159.2933106701
1,0,1.856e-08,4.17411768121,322.6116447801
1,0,1.568e-08,4.53671740651,122.4758617607
1,0,1.879e-08,5.27290591309,134.0640787458
1,0,1.594e-08,5.13131160823,624.3981679252
1,0,1.76e-08,4.3200749709,734.9133056853
1,0,1.764e-08,6.15149779828,560.7104537316
1,0,1.662e-08,3.01056999288,934.1977554428
1,0,1.644e-08,2.7057503023,525.0250986486
1,0,1.715e-08,5.05042473287,709.0498105888
1,0,1.878e-08,3.19550384063,155.7829722581
1,0,1.859e-08,2.69741164079,4.4534181249
1,0,1.653e-08,4.89962084723,318.679491517
1,0,1.742e-08,3.5247757902,58.319272332
1,0,1.584e-08,5.28343542578,3767.2106175758
1,0,1.503e-08,0.64126765918,315.8706047948
1,0,1.617e-08,2.39186277432,83.3796182764
1,0,1.522e-08,5.5260909059,406.1513217509
1,0,1.505e-08,4.00358265141,447.0450600011
1,0,1.511e-08,0.91634243175,1748.0372612796
1,0,1.83e-08,0.63474599912,259.5088859231
1,0,1.807e-08,0.06769453319,1193.9672737968
1,0,1.856e-08,3.57858164701,679.2541622292
1,0,1.519e-08,3.82968892812,1144.3154571431
1,0,1.498e-08,1.98604619754,174.6929790482
1,0,1.575e-08,0.59855315484,700.4517908797
1,0,1.458e-08,2.8057048508,415.2918581812
1,0,2.009e-08,3.89257651333,1372.5924061081
1,0,1.835e-08,5.85413600592,245.7548726735
1,0,1.577e-08,4.21988525964,9793.8009023358
1,0,1.662e-08,2.33876751022,1357.6145525811
1,0,1.445e-08,1.36342810835,105.380396079
1,0,2e-08,4.35736030829,527.2432845398
1,0,1.785e-08,1.8384890319,736.8397213783
1,0,1.645e-08,5.17909722343,249.4745776155
1,0,1.495e-08,3.22730936805,77623.81213840858
1,0,1.503e-08,2.59801643048,413.8555695827
1,0,1.889e-08,3.64872229792,764.4001375042
1,0,1.503e-08,3.81614377386,4113.0943055358
1,0,1.517e-08,0.96214801531,535.9107402181
1,0,1.691e-08,4.02435252758,1268.7488723641
1,0,1.443e-08,2.05924697648,414.8187774292
1,0,1.453e-08,1.76200509604,608.404716925
1,0,1.417e-08,2.16805792847,103.3052225397
1,0,1.491e-08,2.71289281505,5863.5912061162
1,0,1.683e-08,4.01621825127,6503.4884924302
1,0,1.413e-08,4.9567965899,102.8803258975
1,0,1.438e-08,3.1437225374,550.1378342197
1,0,1.473e-08,6.03896352146,1354.4331588434
1,0,1.469e-08,0.70970063563,1452.8430202735
1,0,1.455e-08,5.17252529808,335.1418177523
1,0,1.409e-08,4.75328357688,4010.0015313172
1,0,1.848e-08,2.55365760167,419.6970921963
1,0,1.756e-08,2.17515099562,2707.8286873866
1,0,1.572e-08,5.11604878686,2090.3096723752
1,0,1.59e-08,0.88427818489,701.936263588
1,0,1.587e-08,5.49941870322,148.3393568572
1,0,1.391e-08,4.51136204527,812.9457339595
1,0,1.433e-08,5.96031312341,184.8449074348
1,0,1.77e-08,2.76997068745,610.6923387854
1,0,1.926e-08,4.60411263717,416.5638825684
1,0,1.512e-08,4.28907569036,428.2427222787
1,0,1.491e-08,6.19797514101,5746.271337896
1,0,1.891e-08,5.00794934593,1165.3954657146
1,0,1.759e-08,4.58582597435,200.0352092829
1,0,1.759e-08,3.44539284583,226.5629815931
1,0,1.507e-08,3.03240096716,728.0122070056
1,0,1.601e-08,5.43891433341,10433.6981886498
1,0,1.4e-08,0.26014578065,1950.2906564537
1,0,1.481e-08,1.32266089239,9676.4810341156
1,0,1.607e-08,1.30401533687,1645.6952465864
1,0,1.338e-08,0.32385668589,551.1010420662
1,0,1.369e-08,2.9764289495,2015.6710861598
1,0,1.684e-08,3.65255547244,2733.3883524269
1,0,1.377e-08,4.02534099039,183.5516311882
1,0,1.377e-08,0.8642851762,243.0465596878
1,0,1.545e-08,5.17617889881,469.7271613599
1,0,1.328e-08,4.26613234444,168.0525127994
1,0,1.329e-08,2.62043662585,1321.4390704036
1,0,1.832e-08,2.64902483032,1070.4276304531
1,0,1.714e-08,6.08300926304,79.1868325824
1,0,1.384e-08,0.51883875319,718.6110381444
1,0,1.293e-08,0.73720210492,443.8636662634
1,0,1.445e-08,5.54776352818,1546.5346256309
1,0,1.758e-08,3.53138641234,452.4616859725
1,0,1.323e-08,0.5716373444,1182.9215735329
1,0,1.464e-08,4.41309699814,359.893347156
1,0,1.376e-08,0.61103736579,535.3200393871
1,0,1.562e-08,5.38874817106,1116.0042814918
1,0,1.664e-08,4.95290022994,102.980899634
1,0,1.452e-08,0.95391083866,316.6525020875
1,0,1.371e-08,5.90092829407,1230.1427559743
1,0,1.287e-08,5.11643818914,1378.0614217062
1,0,1.54e-08,2.6418213546,2810.9214616052
1,0,1.306e-08,3.46049602472,118.8737768977
1,0,1.265e-08,1.74539951256,313.4711083498
1,0,1.458e-08,3.04954375653,9352.9756174582
1,0,1.268e-08,6.1901128562,945.9942152321
1,0,1.255e-08,4.69031464511,1365.4788591073
1,0,1.435e-08,5.66075669352,1112.0721282287
1,0,1.665e-08,0.62988746649,163.5778428151
1,0,1.357e-08,6.27754029215,2638.1598847345
1,0,1.5e-08,6.15789721114,253.4591205053
1,0,1.563e-08,1.45149048546,3391.4448860056
1,0,1.642e-08,2.81880394943,59.2824801785
1,0,1.594e-08,0.4469544295,109.3125493421
1,0,1.47e-08,5.32258746756,2693.601593385
1,0,1.254e-08,0.01314124764,1670.8250285
1,0,1.229e-08,2.75441751465,2321.0172555525
1,0,1.299e-08,3.73723007418,100.1720129118
1,0,1.378e-08,2.6543076516,1248.1419445446
1,0,1.579e-08,4.87543328136,1477.5945496772
1,0,1.343e-08,4.05019503298,973.554631358
1,0,1.413e-08,1.64650599332,42.5864537627
1,0,1.249e-08,4.48467456107,1257.7031721002
1,0,1.409e-08,3.73682854833,321.0577361026
1,0,1.267e-08,5.32582018884,114.8721876654
1,0,1.279e-08,0.62790063934,208.8938614229
1,0,1.279e-08,1.12013287366,217.7043294531
1,0,1.36e-08,2.94106637275,731.6837278378
1,0,1.292e-08,2.58482128116,95.0160193713
1,0,1.208e-08,1.32714482271,115.8835796217
1,0,1.204e-08,1.73422906473,532.6117264014
1,0,1.405e-08,5.51459382206,959.2099172774
1,0,1.492e-08,0.02061853237,745.9108218394
1,0,1.445e-08,4.87232535693,3149.6916025644
1,0,1.329e-08,3.78290919728,1226.2106027112
1,0,1.522e-08,0.18915606181,347.4113582936
1,0,1.621e-08,0.27051123464,25455.119402261
1,0,1.224e-08,2.09537326016,3067.9394693482
1,0,1.244e-08,1.25777650062,3487.4241132234
1,0,1.329e-08,0.53441781539,680.0573113813
1,0,1.45e-08,0.82068686253,25558.2121764796
1,0,1.36e-08,3.69759181292,670.4960838257
1,0,1.352e-08,3.75966450307,529.8028396792
1,0,1.236e-08,4.3074340674,539.0921339558
1,0,1.173e-08,2.82545343063,1383.6904959987
1,0,1.187e-08,1.03835064531,1394.7361962626
1,0,1.153e-08,5.83618369598,476.3194434989
1,0,1.176e-08,2.9035785333,251.9052118278
1,0,1.245e-08,4.65507327128,293.4973199767
1,0,1.285e-08,3.93504441733,4105.980758535
1,0,1.273e-08,0.55887711001,165.3441998137
1,0,1.392e-08,0.0225293459,5860.4098123785
1,0,1.357e-08,3.35598838973,101.6083015103
1,0,1.366e-08,5.22724394155,673.8375362578
1,0,1.211e-08,2.29834110056,270.8152186179
1,0,1.212e-08,1.82608292863,878.3261636656
1,0,1.18e-08,5.71255685193,774.0095491696
1,0,1.371e-08,3.12199503993,5852.5455058523
1,0,1.373e-08,4.47969866574,880.023084695
1,0,1.263e-08,1.72556296863,1696.0978227655
1,0,1.147e-08,5.2326105524,2047.9144150742
1,0,1.139e-08,4.25515435685,199.0238173266
1,0,1.139e-08,3.77606446333,227.5743735494
1,0,1.35e-08,3.52655624885,25440.89230825939
1,0,1.402e-08,0.27389279785,310.7627953641
1,0,1.177e-08,1.82815189392,303.0585475323
1,0,1.164e-08,3.52320292409,913.0001267923
1,0,1.18e-08,5.67582372815,272.5815756165
1,0,1.392e-08,5.39039322418,383.3091616977
1,0,1.228e-08,6.14895042777,91.4563731237
1,0,1.154e-08,0.40787574864,2040.8008680734
1,0,1.129e-08,5.00161734286,12.7426212933
1,0,1.431e-08,3.53246978944,1467.0701142751
1,0,1.126e-08,3.79660314533,848.530515306
1,0,1.513e-08,0.399256848,1147.4968508808
1,0,1.153e-08,5.17505063686,1773.9178027186
1,0,1.128e-08,1.71769229719,976.7360250957
1,0,1.56e-08,0.25292730078,1439.5096981492
1,0,1.408e-08,1.58662566884,763.4369296577
1,0,1.458e-08,5.59143602269,1128.534454464
1,0,1.478e-08,0.06776988437,349.3689117539
1,0,1.51e-08,2.53664213755,754.8389099486
1,0,1.449e-08,3.173009602,1020.025054274
1,0,1.356e-08,3.98680116862,108.50940019
1,0,1.249e-08,1.30613475993,1534.7381658416
1,0,1.131e-08,3.96272996671,5540.0857894588
1,0,1.289e-08,5.88758679432,1403.3342159717
1,0,1.191e-08,2.8850995153,466.7582159433
1,0,1.18e-08,1.3721646424,2012.4896924221
1,0,1.433e-08,4.14919194066,388.7257876691
1,0,1.519e-08,1.77602034236,1151.4290041439
1,0,1.096e-08,1.26794842991,373.0142209592
1,0,1.1e-08,0.77366362492,1724.4089984168
1,0,1.237e-08,4.4515743057,559.6990617753
1,0,1.358e-08,5.74355886162,877.1023233882
1,0,1.102e-08,4.6306643878,531.6967026647
1,0,1.302e-08,1.44598353889,9790.6195085981
1,0,1.204e-08,1.14665521525,1962.087116243
1,0,1.099e-08,5.99651405584,527.6852275245
1,0,1.178e-08,1.43511695783,1392.2885157078
1,0,1.255e-08,1.98199855048,877.5754041402
1,0,1.462e-08,6.27961731873,301.4140161296
1,0,1.075e-08,3.79098343355,645.3139122854
1,0,1.072e-08,4.01082765782,220.5727011332
1,0,1.072e-08,4.02039116236,206.0254897428
1,0,1.281e-08,4.54544859936,9782.7552020719
1,0,1.067e-08,5.00162271725,904.4021070832
1,0,1.096e-08,4.32947944704,1998.2625984205
1,0,1.076e-08,0.76185840399,898.7730327907
1,0,1.094e-08,0.91660450585,3803.81598288
1,0,1.428e-08,5.37194147298,2833.2997329078
1,0,1.072e-08,1.12267854328,206.3456071316
1,0,1.072e-08,0.62535496972,220.2525837444
1,0,1.171e-08,5.53099866879,1475.6851803267
1,0,1.054e-08,2.72358957995,5966.6839803348
1,0,1.302e-08,3.69508258754,1096.2429414398
1,0,1.396e-08,5.45482103248,1461.4410399826
1,0,1.385e-08,1.20423833249,1127.2624300768
1,0,1.17e-08,2.12698764013,704.8570248948
1,0,1.155e-08,1.13805007709,6599.467719648
1,0,1.131e-08,3.08204815771,1222.2784494481
1,0,1.116e-08,5.98592305871,1901.5326116773
1,0,1.288e-08,0.42379455454,1340.5615255148
1,0,1.314e-08,6.2656438585,1560.6187072806
1,0,1.286e-08,0.79929117404,1082.0158474382
1,0,1.369e-08,5.12813131118,79.2350166922
1,0,1.166e-08,5.0589055417,2467.3990589494
1,0,1.338e-08,0.28846575268,1244.226837624
1,0,1.319e-08,4.68406643646,5436.9930152402
1,0,1.299e-08,5.43850078022,2509.7943162504
1,0,1.253e-08,5.04434789546,482.2573343321
1,0,1.127e-08,0.30971437723,78477.00852016058
1,0,1.362e-08,5.11365032735,733.428832977
1,0,1.045e-08,4.69725794848,1247.4082313617
1,0,1.197e-08,0.15642654576,3340.6124266998
1,0,1.329e-08,5.03786795261,2740.5018994277
1,0,1.088e-08,2.67619018542,2630.2955782083
1,0,1.017e-08,2.29943441333,1939.2449561898
1,0,1.236e-08,0.30370190103,761.7400086283
1,0,1.236e-08,4.02922968721,2943.5060541272
1,0,1.321e-08,4.43670480817,323.2447842265
1,0,1.279e-08,3.51604975387,223.1209554245
1,0,1.279e-08,4.51516906631,203.4772354515
1,0,1.018e-08,2.91596221445,640.6480458394
1,0,1.01e-08,2.70311043178,3914.0223040994
1,0,1.105e-08,1.98193872719,369.0820676961
1,0,1.015e-08,3.09583830139,411.0990724872
1,0,1.113e-08,3.02325708016,523.5406259403
1,0,1.008e-08,4.30745009184,102.8321417877
1,0,1.023e-08,1.30830385679,608.2446582306
1,0,1.014e-08,0.02522068638,121.8427223143
1,0,1.246e-08,5.68903950855,758.7710632117
1,0,1.018e-08,4.91714410657,6247.5131155228
1,0,1.109e-08,1.66575096659,1397.7051416792
1,0,1.195e-08,4.7774896653,47.061123747
1,0,9.87e-09,2.64810111086,968.1380053866
1,0,1.353e-08,0.16753327985,598.8434893694
1,0,1.216e-08,6.15221306348,9367.2027114598
1,0,1.253e-08,4.4639270439,5867.5233593793
1,0,1.069e-08,4.67913892913,6217.6310719126
1,0,1.317e-08,3.83858558776,260.360219185
1,0,1.264e-08,0.68934669984,1681.1199692385
1,0,1.072e-08,5.14135047926,582.3811631341
1,0,1.16e-08,6.23718760445,152.7445908723
1,0,1.105e-08,0.38728165518,661.0949149645
1,0,1.008e-08,0.43311135773,304.1223291153
1,0,1.2e-08,3.0983695347,528.4671248172
1,0,9.73e-09,3.932736257,173.1390703707
1,0,9.85e-09,5.37328572434,1012.9115072732
1,0,1.105e-08,1.14919741381,199.1201855462
1,0,1.105e-08,0.59883609919,227.4780053298
1,0,9.91e-09,1.52113636912,331.3697231836
1,0,1.226e-08,3.94496586095,1973.1328165069
1,0,9.58e-09,1.9739215768,1791.3262904579
1,0,1.185e-08,2.30984449641,772.9981572133
1,0,9.75e-09,5.20361164972,2225.7887878601
1,0,1.221e-08,3.21085670371,775.9671026299
1,0,9.82e-09,6.03742794907,1269.4996318895
1,0,1.224e-08,2.82053624385,25344.9130810416
1,0,1.026e-08,1.03328449858,599.6466385215
1,0,1.207e-08,4.61076899661,2597.6223661672
1,0,9.92e-09,1.52833966963,726.3152859762
1,0,9.5e-09,2.91384578758,568.2970814844
1,0,1.045e-08,1.71934810271,447.7958195265
1,0,9.58e-09,4.13745803808,711.4974911436
1,0,1.22e-08,4.63275786827,1458.472094566
1,0,9.73e-09,0.18291286905,1333.2355301929
1,0,1.07e-08,3.54513482526,1471.0022675382
1,0,1.155e-08,1.80067980448,308.5275631304
1,0,9.68e-09,4.70982562087,394.9455627926
1,0,1.023e-08,2.72566495465,522.529233984
1,0,1.271e-08,4.63428894734,25771.5112719176
1,0,1.128e-08,4.76771165311,1459.9565672743
1,0,1.214e-08,6.081466142,1190.7858800591
1,0,1.09e-08,2.86573865299,70.3281804424
1,0,1.056e-08,2.41421618519,62.038977274
1,0,1.211e-08,0.07105082597,874.3940104025
1,0,1.069e-08,3.21597034495,384.2723695442
1,0,9.28e-09,1.98032917141,689.6185389369
1,0,9.27e-09,6.25845040638,6327.837393132
1,0,1.157e-08,1.32901172925,1374.1292684431
1,0,1.221e-08,6.07809765786,473.068613792
1,0,9.45e-09,0.0912394336,838.218528225
1,0,9.36e-09,2.17363842403,321.808495628
1,0,9.89e-09,0.87301593506,557.0389328994
1,0,9.43e-09,2.69427894222,1875.5090578864
1,0,1.172e-08,5.88736315639,9797.7330555989
1,0,1.048e-08,3.73168805028,4429.4861751924
1,0,1.071e-08,1.11073151974,781.5961769224
1,0,9.18e-09,2.63844409234,385.7568422525
1,0,1.082e-08,5.24996549702,2151.0071892928
1,0,9.93e-09,6.01306916289,1396.2206689709
1,0,1.056e-08,1.31804101541,3707.8367556622
1,0,9.71e-09,2.8861179455,3281.2385647862
1,0,1.138e-08,5.0006884072,5845.4319588515
1,0,9.2e-09,3.60988608759,632.0329797878
1,0,1.142e-08,0.14819030385,1987.2168981566
1,0,9.7e-09,4.59382496601,866.5297038763
1,0,1.185e-08,5.68033788821,10846.0692855242
1,0,1.115e-08,1.3500547893,1079.8287993143
1,0,9.09e-09,4.51062672335,311.7260032106
1,0,1.06e-08,1.32259506046,2520.0892569889
1,0,9.31e-09,6.04606689039,3906.9087570986
1,0,1.058e-08,3.29946281633,613.8737325231
1,0,1.142e-08,5.2062504792,906.849787638
1,0,9.52e-09,4.74695156387,3569.1762464396
1,0,8.99e-09,0.9531179647,605.9570363702
1,0,1.259e-08,2.56978534873,5333.9002410216
1,0,9.22e-09,4.85082110018,401.5378449316
1,0,1.212e-08,5.83888920317,941.3113024436
1,0,1.018e-08,2.31116440407,3700.7232086614
1,0,8.96e-09,2.50724358689,981.4189378842
1,0,8.99e-09,5.16361191839,420.2354034006
1,0,1.039e-08,5.09352612368,68.1893164283
1,0,9.6e-09,2.47416590676,1197.8994270599
1,0,1.015e-08,1.64026122587,714.5358725294
1,0,1.108e-08,6.09598657011,1259.1876448085
1,0,1.035e-08,1.50974146504,6261.7402095244
1,0,8.89e-09,4.18410664752,2306.7901615509
1,0,1.195e-08,6.15877891933,1152.1797636693
1,0,9.31e-09,4.56496644687,529.57909051
1,0,9.01e-09,4.11178501419,1127.0499817557
1,0,9.62e-09,4.9168712192,1759.8337210689
1,0,9.05e-09,5.08337481428,795.6802585721
1,0,1.088e-08,3.10692546135,2332.0629558164
1,0,1.148e-08,1.8326287754,979.1837056505
1,0,1.021e-08,2.83249057863,524.0618908021
1,0,1.063e-08,1.80742459506,921.0768816396
1,0,9.62e-09,1.78033887272,770.3380283374
1,0,9.62e-09,0.62986061526,988.532484885
1,0,9.2e-09,4.60070286678,802.7938055729
1,0,1.054e-08,0.18348909645,1304.9243545416
1,0,1.179e-08,5.5698346195,260.9933586314
1,0,8.71e-09,1.92755623364,102.9327155242
1,0,9.02e-09,6.00832963626,1407.2663692348
1,0,9.7e-09,0.92586021521,51322.60990139639
1,0,8.7e-09,5.19974857867,103.252832913
1,0,9.52e-09,4.49527687251,1527.6246188408
1,0,9.77e-09,1.89516214334,273.8536000037
1,0,8.68e-09,5.21672394772,4539.6924964118
1,0,1.016e-08,1.812766661,1332.4847706675
1,0,9.39e-09,4.72160653425,12573.2652469836
1,0,9e-09,2.85261484611,1022.3126761344
1,0,8.67e-09,2.01961476477,449.4927405559
1,0,1.116e-08,0.91462209636,947.5310775671
1,0,8.61e-09,2.84568601373,1095.6098019934
1,0,1.151e-08,1.92157822238,775.4458377681
1,0,1.081e-08,1.05451600776,316.9131345184
1,0,8.89e-09,2.78855806552,5158.2491417234
1,0,9.52e-09,1.24922940161,52168.69273614759
1,0,8.92e-09,0.51409333559,663.8032279502
1,0,1.064e-08,0.1409554731,9775.6416550711
1,0,9.24e-09,4.6907436853,1072.7152523135
1,0,9.96e-09,1.13833884977,1329.3033769298
1,0,8.52e-09,6.16458473082,4760.1051388506
1,0,8.78e-09,1.53529061972,166.237971691
1,0,9.4e-09,1.91139473998,4216.1870797544
1,0,8.8e-09,3.09735397949,303.8616966844
1,0,8.84e-09,0.90715778768,1336.4169239306
1,0,9.6e-09,0.24584342277,5842.2505651138
1,0,8.59e-09,2.62627633564,1886.5547581503
1,0,1.09e-08,0.9523131944,738.3241940866
1,0,1.176e-08,0.64353107931,4752.9915918498
1,0,8.53e-09,4.46091624833,1241.1884562382
1,0,1.107e-08,5.37901208764,2442.2692770358
1,0,9.38e-09,0.30415708562,600.5404103988
1,0,8.58e-09,0.41063008749,1035.002907801
1,0,9.45e-09,2.21798974127,2107.7181601145
1,0,9.28e-09,2.03804472509,97.4636999261
1,0,8.42e-09,5.63606603103,4642.7852706304
1,0,8.45e-09,1.52209182104,803.5445650983
1,0,1.161e-08,0.6481394164,987.7817253596
1,0,9.59e-09,2.9470098907,249.6870259366
1,0,9.59e-09,1.94261627589,176.9111649394
1,0,8.35e-09,5.27426036188,960.0612505393
1,0,8.44e-09,4.26705563875,3494.5376602242
1,0,8.35e-09,2.98972997364,1699.2792165032
1,0,8.43e-09,4.69679538916,248.4631856592
1,0,8.43e-09,0.19283077743,178.1350052168
1,0,1.023e-08,3.54777631899,1054.7160637432
1,0,8.7e-09,1.97309067523,1467.8208738005
1,0,1.01e-08,3.19322573273,1186.853726796
1,0,9.57e-09,2.63832021608,10529.6774158676
1,0,9e-09,1.80738429411,5901.239202256
1,0,9.41e-09,2.82789997881,944.9828232758
1,0,8.65e-09,2.709603241,1535.488925367
1,0,1.067e-08,6.03658788356,1055.1891444952
1,0,9.45e-09,1.49743453294,829.6205085159
1,0,9.12e-09,1.39416845682,832.5894539325
1,0,1.146e-08,2.60438294372,982.1526510671
1,0,8.12e-09,5.30598958988,20007.0864485468
1,0,9.27e-09,5.7692906864,204.91352405
1,0,9.27e-09,2.26192813378,221.684666826
1,0,1.028e-08,0.68506380971,622.4887985747
1,0,8.27e-09,3.54375341653,3679.382567659
1,0,1.02e-08,0.81327138026,664.0156762713
1,0,1.093e-08,0.95182537662,26404.2950112308
1,0,9.2e-09,3.29194805293,1460.7073267997
1,0,8.67e-09,0.75858082011,155.1922714271
1,0,8.21e-09,5.37814660681,9470.2954856784
1,0,1.078e-08,5.2941331726,902.9176343749
1,0,8.57e-09,5.4967378178,63.847772888
1,0,7.98e-09,2.46893889261,437.9045235708
1,0,8.66e-09,5.20338687906,1784.9635029825
1,0,7.88e-09,1.83026001861,683.0262567979
1,0,7.88e-09,4.89679068215,938.1299087059
1,0,8.03e-09,2.43017686726,19992.85935454519
1,0,9.72e-09,3.39781775284,1858.9943420244
1,0,8.7e-09,6.20285766706,401.3253966105
1,0,7.83e-09,5.1861646293,841.4169683052
1,0,9.5e-09,4.19698244286,507.5995645668
1,0,9.72e-09,3.15612005468,892.5532576672
1,0,7.92e-09,4.70710210429,823.9914342234
1,0,9.26e-09,4.87407778306,1025.4416802454
1,0,9.29e-09,3.24203444555,517.1607921224
1,0,1.02e-08,3.91362880983,103.2046488032
1,0,1.094e-08,4.65159397422,2623.1820312075
1,0,1.092e-08,0.5176069811,938.8806682313
1,0,8.72e-09,2.51553129794,63.6240237188
1,0,1.031e-08,0.06363683037,532.1386456494
1,0,9.95e-09,4.2857396444,1120.148883076
1,0,1.013e-08,5.43396560078,810.6581120991
1,0,8.09e-09,6.27924207458,1371.8416465827
1,0,7.92e-09,5.83029978253,746.1714542703
1,0,1.085e-08,2.59537042479,592.2030231206
1,0,8.88e-09,3.27135586321,26514.5013324502
1,0,1.055e-08,4.03982380142,7232.2514589612
1,0,7.81e-09,1.96140425782,4546.8060434126
1,0,8.59e-09,2.39272132973,74.6697239827
1,0,8.58e-09,5.4282017878,74.8934731519
1,0,7.99e-09,4.48492473652,2843.5946736463
1,0,7.76e-09,2.77204567287,494.4786907636
1,0,9.36e-09,0.3670304731,480.251596762
1,0,8.93e-09,3.82920318115,957.0923051227
1,0,7.77e-09,4.9595178922,1031.87390369
1,0,9.4e-09,0.40461452564,2313.9037085517
1,0,8.24e-09,1.65904903943,547.8502123593
1,0,9.1e-09,4.93700135135,2406.7015420318
1,0,1.027e-08,2.73485817904,3657.0042963564
1,0,7.68e-09,3.19841476084,845.3320752258
1,0,8.66e-09,3.55153634231,1293.8786542777
1,0,9.98e-09,5.4453598614,11.7794134468
1,0,8.01e-09,0.27112028533,475.3562356524
1,0,7.66e-09,6.03832107377,2439.0878832981
1,0,1.05e-08,0.63919198126,332.1728723357
1,0,8.33e-09,4.78190863299,1681.8707287639
1,0,7.69e-09,4.30003410596,1052.2201990786
1,0,7.76e-09,4.35685988911,2014.0265547571
1,0,1.002e-08,4.18369718646,52182.9198301492
1,0,9.73e-09,5.48778736129,518.9058972616
1,0,8.29e-09,1.94484304027,595.7144852584
1,0,8.39e-09,0.93530391094,13362.4497067992
1,0,8.74e-09,1.04026539094,493.5154829171
1,0,8.66e-09,0.25243966445,109.9456887885
1,0,1.022e-08,5.81953700429,812.1425848074
1,0,7.54e-09,4.26857382429,735.9246976416
1,0,7.88e-09,0.86378191468,1408.0171287602
1,0,7.86e-09,4.39939203294,1053.2315910349
1,0,8.99e-09,5.38123051458,931.0163617051
1,0,7.68e-09,1.54323874502,6058.7310542895
1,0,8.3e-09,4.02252856771,821.5437536686
1,0,8.31e-09,0.7728031325,436.6324991836
1,0,9.34e-09,1.59834418987,1300.9922012785
1,0,7.57e-09,4.23078199908,5495.9816523824
1,0,8.02e-09,4.24211624809,1386.6594414153
1,0,9.49e-09,0.86426366309,10007.0999977738
1,0,8.05e-09,1.91700034886,580.0935412737
1,0,9.4e-09,2.94283899053,461.7622810972
1,0,8.81e-09,5.71084129732,157.4275036608
1,0,8.81e-09,5.46197017645,269.1706872152
1,0,7.89e-09,2.80405308992,678.0303219518
1,0,7.66e-09,0.01680401049,1235.6117715724
1,0,7.67e-09,2.96617646777,2093.4910661129
1,0,8.68e-09,0.13582660748,1016.8436605363
1,0,7.55e-09,1.33774449782,188.2387494936
1,0,9.65e-09,2.40006592137,1674.0064222377
1,0,7.28e-09,0.99359722955,1052.3165672982
1,0,8.4e-09,0.88655149235,1051.3051753419
1,0,7.26e-09,2.32238512009,545.4719677737
1,0,7.25e-09,4.18151409048,995.6460318858
1,0,8.19e-09,2.37855017768,665.0270682276
1,0,8.15e-09,4.11376340797,699.1797664925
1,0,7.48e-09,5.94369910761,10632.7701900862
1,0,8.6e-09,3.4047176646,473.659314623
1,0,7.42e-09,4.71775024033,740.2817475469
1,0,9.17e-09,1.78759198509,12559.038152982
1,0,7.68e-09,2.28792148219,1310.3933701397
1,0,9.89e-09,5.46273130551,11162.4611551808
1,0,7.43e-09,5.02549550327,1087.6931058405
1,0,7.19e-09,1.19467319531,1736.9915610157
1,0,7.75e-09,1.68635949381,1703.2113697663
1,0,7.19e-09,6.27712089125,103711.71527998279
1,0,7.83e-09,5.04624349752,962.5089310941
1,0,7.85e-09,5.38854066042,1317.5069171405
1,0,9.76e-09,3.25056793677,870.4618571394
1,0,8.51e-09,4.56667936071,3466.083472221
1,0,9.35e-09,2.03746699681,841.8900490572
1,0,1.009e-08,2.30316838782,1126.2992222303
1,0,7.29e-09,3.08855858649,1649.6273998495
1,0,7.29e-09,6.13104106223,951.4632308302
1,0,7.14e-09,3.87054311946,1175.8080265321
1,0,8.7e-09,4.71802760819,749.2098356561
1,0,8.84e-09,2.18888540145,655.4176565622
1,0,7.49e-09,3.86728999613,785.5283301855
1,0,7.19e-09,1.08144155753,467.4395394995
1,0,7.08e-09,4.72118340243,2431.2235767719
1,0,7.37e-09,2.08501060156,521.6142102473
1,0,8.24e-09,0.35270933491,1163.4379122543
1,0,7.2e-09,1.80911156979,255.6249167698
1,0,8e-09,0.28363303165,147.1155165798
1,0,8e-09,4.60599313494,279.4826742962
1,0,7.93e-09,0.44341701999,951.6232895246
1,0,9.74e-09,0.50255279262,1997.5118388951
1,0,9.26e-09,3.38675142586,9896.8936765544
1,0,8.07e-09,5.15433117145,688.6553310904
1,0,7.18e-09,2.96669004947,9988.9407505091
1,0,6.96e-09,3.17155112876,2254.0999635114
1,0,8.91e-09,5.13469375619,669.6447505638
1,0,9.44e-09,1.61465906231,2748.3662059539
1,0,7.83e-09,1.34403255618,227.0049245778
1,0,7.83e-09,0.40400095682,199.5932662982
1,0,7.28e-09,2.30992648354,839.1817360715
1,0,6.98e-09,3.25603591732,498.1983957056
1,0,7.03e-09,1.55460321889,5654.2242639413
1,0,7.17e-09,4.55237879181,6702.5604938666
1,0,7.36e-09,1.20028593415,403.7036411961
1,0,7.01e-09,4.58273199053,4326.3934009738
1,0,6.99e-09,5.34077680752,725.5815727933
1,0,6.84e-09,4.81758588915,6062.6632075526
1,0,6.85e-09,5.86089797553,455.0523788792
1,0,7.92e-09,1.62306361946,5422.7659212386
1,0,6.87e-09,5.43360628922,103.843533744
1,0,8.37e-09,5.42290928791,570.5323137181
1,0,6.81e-09,4.97089069344,605.275712814
1,0,7.52e-09,2.1363587411,413.1048100573
1,0,6.81e-09,2.40400472916,458.090760265
1,0,8.15e-09,1.53292306954,391.976617376
1,0,6.8e-09,4.14190883039,2143.893642292
1,0,7.44e-09,0.28747509376,457.1969883877
1,0,6.87e-09,4.40962225159,1563.8001010183
1,0,8.83e-09,0.11492592605,378.6432952517
1,0,7.4e-09,3.78883452039,1016.0929010109
1,1,0.07573807889,0.0,0.0
1,1,0.03084144308,4.27565898829,426.598190876
1,1,0.02714141496,5.85229546861,206.1855484372
1,1,0.02642347272,5.33291950842,220.4126424388
1,1,0.00627003445,0.32898258729,7.1135470008
1,1,0.00256488381,3.52479443238,639.897286314
1,1,0.00312269012,4.83002443322,419.4846438752
1,1,0.00189142591,4.48642939502,433.7117378768
1,1,0.00203589147,1.10998720016,213.299095438
1,1,0.00119517217,1.14736396934,110.2063212194
1,1,0.00066742869,3.72347003212,316.3918696566
1,1,0.00066882235,5.20257498551,227.5261894396
1,1,0.00030991837,6.06069383491,199.0720014364
1,1,0.00030413111,0.18746990038,14.2270940016
1,1,0.00022268129,6.19542444435,103.0927742186
1,1,0.00018933918,2.77615609434,853.196381752
1,1,0.0001808785,5.09162753222,209.3669421749
1,1,0.00017772775,6.10381591303,217.2312487011
1,1,0.00016291548,4.86945682592,216.4804891757
1,1,0.00017120603,4.59542499292,632.7837393132
1,1,0.0001588995,0.0365352681,210.1177017003
1,1,0.00016193213,5.60825312945,323.5054166574
1,1,0.00014461916,3.67449803828,647.0108333148
1,1,0.00011058978,0.03175095579,117.3198682202
1,1,9.87035e-05,5.20065401876,202.2533951741
1,1,8.70684e-05,6.03495025016,224.3447957019
1,1,5.497618e-05,4.40350640238,440.8252848776
1,1,5.515449e-05,2.60541189759,11.0457002639
1,1,3.699033e-05,1.36420047437,522.5774180938
1,1,3.570311e-05,5.10832701277,412.3710968744
1,1,2.741305e-05,4.09776900851,149.5631971346
1,1,2.761279e-05,3.96260867581,95.9792272178
1,1,1.876093e-05,2.5238111389,3.9321532631
1,1,1.765306e-05,0.75684456614,277.0349937414
1,1,1.692588e-05,4.74243609118,536.8045120954
1,1,1.688471e-05,3.98271487594,422.6660376129
1,1,1.544657e-05,5.30307291724,330.6189636582
1,1,1.467039e-05,0.00015438412,529.6909650946
1,1,1.366833e-05,2.02865467887,1066.49547719
1,1,1.330039e-05,5.06312198727,234.6397364404
1,1,1.511486e-05,6.23276511633,3.1813937377
1,1,1.270679e-05,2.40338510736,415.5524906121
1,1,1.128732e-05,5.45795307607,423.4167971383
1,1,1.126065e-05,2.88172300482,860.3099287528
1,1,1.100929e-05,4.07698729757,429.7795846137
1,1,1.271587e-05,0.09494045392,742.9900605326
1,1,1.341894e-05,2.98929529398,210.8514148832
1,1,1.330665e-05,1.90899526877,215.7467759928
1,1,9.59698e-06,0.92647221746,838.9692877504
1,1,9.6122e-06,4.48942325366,846.0828347512
1,1,8.82349e-06,5.41464815156,437.6438911399
1,1,9.25249e-06,1.35858269164,625.6701923124
1,1,8.20262e-06,4.74555084219,223.5940361765
1,1,8.11096e-06,0.03213863705,21.3406410024
1,1,7.18372e-06,6.12728049238,430.5303441391
1,1,6.25679e-06,3.88265084193,88.865680217
1,1,6.08949e-06,2.50851582822,309.2783226558
1,1,5.44929e-06,1.5333714923,515.463871093
1,1,5.95983e-06,5.09979150439,124.433415221
1,1,4.72201e-06,3.60914985488,654.1243803156
1,1,4.65734e-06,0.21394106678,203.0041546995
1,1,4.51746e-06,1.11929921156,735.8765135318
1,1,4.05164e-06,4.42613862863,85.8272988312
1,1,3.69613e-06,3.75025765171,76.2660712756
1,1,3.39017e-06,0.74071788415,1155.361157407
1,1,3.40385e-06,1.78611648518,302.164775655
1,1,3.23376e-06,0.09844912589,191.9584544356
1,1,3.39649e-06,2.7382306255,217.964961884
1,1,3.04968e-06,0.18416896544,231.4583427027
1,1,3.14732e-06,0.28370835646,728.762966531
1,1,3.11511e-06,2.36484349864,628.8515860501
1,1,3.11391e-06,1.91348898544,942.062061969
1,1,2.98227e-06,2.1636437464,208.633228992
1,1,2.70658e-06,2.70265519361,288.0806940053
1,1,2.59894e-06,0.87228358124,18.1592472647
1,1,3.34303e-06,3.07818702918,203.7378678824
1,1,2.59515e-06,6.01660018486,10.2949407385
1,1,2.64173e-06,3.5530712615,362.8622925726
1,1,2.90607e-06,1.81179534417,222.8603229936
1,1,2.14859e-06,6.03196961182,207.8824694666
1,1,2.08996e-06,5.16442120392,218.7157214094
1,1,2.08264e-06,4.40981297916,408.4389436113
1,1,2.09142e-06,2.1254191805,138.5174968707
1,1,1.95809e-06,0.35649768849,52.6901980395
1,1,1.90687e-06,6.22000152508,200.7689224658
1,1,1.88529e-06,0.45283523313,340.7708920448
1,1,1.71733e-06,1.12897848901,831.8557407496
1,1,1.70838e-06,1.17439205178,350.3321196004
1,1,1.67203e-06,5.0029204529,225.8292684102
1,1,1.71646e-06,2.30457163571,127.4717966068
1,1,1.77509e-06,4.94085879824,210.3783341312
1,1,1.77688e-06,6.22097530726,216.2198567448
1,1,1.94079e-06,5.71429546555,1059.3819301892
1,1,1.61567e-06,6.13528887818,956.2891559706
1,1,2.06978e-06,5.3643829224,949.1756089698
1,1,1.63339e-06,1.48827637108,195.1398481733
1,1,1.4957e-06,0.31719520948,9.5612275556
1,1,1.44643e-06,4.54007227855,543.9180590962
1,1,1.77257e-06,6.27024835072,160.6088973985
1,1,1.70347e-06,2.63698505108,207.6700211455
1,1,1.40654e-06,0.48104293652,1471.7530270636
1,1,1.50812e-06,3.1387811176,635.9651330509
1,1,1.63889e-06,2.23920379694,218.9281697305
1,1,1.64968e-06,4.62059482677,22.0914005278
1,1,1.45469e-06,4.63713942585,265.9892934775
1,1,1.34755e-06,3.92461654777,750.1036075334
1,1,1.33754e-06,1.25928209722,703.6331846174
1,1,1.52766e-06,4.26935902156,56.6223513026
1,1,1.37437e-06,1.65792404451,1258.4539316256
1,1,1.25541e-06,4.29077908509,447.9388318784
1,1,1.40716e-06,4.40833694034,142.4496501338
1,1,1.47398e-06,4.19489449356,70.8494453042
1,1,1.34558e-06,0.84258328591,490.3340891794
1,1,1.17954e-06,2.15227719526,618.5566453116
1,1,1.0679e-06,2.74587720126,565.1156877467
1,1,1.05456e-06,3.58458171176,209.106309744
1,1,1.23096e-06,2.84869686434,483.2205421786
1,1,1.04216e-06,1.30367057574,217.491881132
1,1,1.07837e-06,6.23672094194,1045.1548361876
1,1,1.0368e-06,0.13827521003,106.2741679563
1,1,9.7995e-07,1.27230991592,1279.794572628
1,1,1.22664e-06,1.7364795415,12.5301729722
1,1,1.0753e-06,2.04781654923,424.1505103212
1,1,1.11568e-06,3.50500638623,269.9214467406
1,1,8.9898e-07,4.39874361756,1265.5674786264
1,1,8.801e-07,2.09813184088,1073.6090241908
1,1,8.5083e-07,0.06463976577,63.7358983034
1,1,8.4413e-07,6.17211235651,113.3877149571
1,1,9.1967e-07,2.31043069927,497.4476361802
1,1,8.1346e-07,4.70635118236,650.9429865779
1,1,8.2303e-07,3.28548782545,643.0786800517
1,1,7.8375e-07,1.28057643864,107.0249274817
1,1,9.5815e-07,2.80749230313,191.2076949102
1,1,7.3135e-07,0.85149756693,1148.2476104062
1,1,7.0686e-07,2.4084637803,251.4321310758
1,1,7.4955e-07,1.41374378423,284.1485407422
1,1,8.4109e-07,1.77169146527,219.4494345923
1,1,6.5942e-07,4.83872793621,636.7158925763
1,1,8.1407e-07,0.20581939966,1162.4747044078
1,1,6.3005e-07,5.10229133202,479.2883889155
1,1,7.3214e-07,4.3114971672,344.7030453079
1,1,6.1071e-07,0.2186822555,1788.1448967202
1,1,5.9724e-07,6.15667265627,99.1606209555
1,1,6.3039e-07,3.97913184944,436.8931316145
1,1,6.4926e-07,1.38378985477,1574.8458012822
1,1,5.9701e-07,3.30887710221,74.7815985673
1,1,5.7459e-07,1.30013550877,98.8999885246
1,1,6.3077e-07,3.8264964353,358.9301393095
1,1,5.8706e-07,0.74631691499,114.1384744825
1,1,6.5943e-07,3.15806871314,207.1487562837
1,1,7.1467e-07,5.5458507511,1375.7737998458
1,1,6.0283e-07,4.24355163684,417.0369633204
1,1,6.1593e-07,0.18111349611,404.5067903482
1,1,5.4192e-07,2.42191769133,175.1660598002
1,1,6.3883e-07,1.98934528141,235.3904959658
1,1,5.2018e-07,2.01145355849,220.4608265486
1,1,5.035e-07,5.61723540234,416.3032501375
1,1,4.8167e-07,1.89139655642,351.8165923087
1,1,6.6418e-07,4.53131068295,337.732510659
1,1,4.8765e-07,3.06797286748,151.0476698429
1,1,5.04e-07,1.5209542425,429.0458714308
1,1,4.6384e-07,3.98517523045,1581.959348283
1,1,5.2615e-07,4.02063591989,4.665866446
1,1,5.0403e-07,1.56736943409,121.2520214833
1,1,5.0842e-07,2.66055558906,181.0557665236
1,1,5.5974e-07,0.53749535499,554.0699874828
1,1,5.0833e-07,2.0533098404,934.9485149682
1,1,4.4915e-07,2.30720526284,245.5424243524
1,1,4.4007e-07,2.26187654674,205.2223405907
1,1,4.058e-07,2.8230226241,867.4234757536
1,1,4.0794e-07,3.77453610582,621.7380390493
1,1,3.9034e-07,4.46509633732,131.5469622218
1,1,4.0198e-07,4.00305184334,81.7521332162
1,1,4.1101e-07,5.97982167014,1361.5467058442
1,1,4.3683e-07,2.49416224692,198.321241911
1,1,4.1544e-07,5.90298490617,643.8294395771
1,1,3.6501e-07,1.88359643454,148.0787244263
1,1,3.6298e-07,5.66459628765,444.7574381407
1,1,3.6204e-07,2.75001997487,214.0498549634
1,1,4.4554e-07,1.95732411408,842.1506814881
1,1,3.4395e-07,0.55991266624,1464.6394800628
1,1,3.4251e-07,2.87922054674,289.5651667136
1,1,3.682e-07,2.97826336303,206.1373643274
1,1,3.3234e-07,5.25972985177,177.8743727859
1,1,3.2812e-07,4.42600333541,78.7137518304
1,1,3.2822e-07,2.19475458249,212.5483359126
1,1,3.752e-07,2.38353067688,228.276948965
1,1,3.1834e-07,1.79566179374,275.5505210331
1,1,2.8965e-07,5.92603162323,248.7238180901
1,1,3.1198e-07,1.10756989883,1891.2376709388
1,1,3.5352e-07,2.37933201235,501.3797894433
1,1,2.7618e-07,6.22546756438,2104.5367663768
1,1,2.9957e-07,5.40487681857,32.2433289144
1,1,3.3504e-07,1.04514414503,436.1594184316
1,1,3.4822e-07,6.13406829923,1478.8665740644
1,1,3.1852e-07,3.21479408149,414.0680179038
1,1,2.7482e-07,3.85997067594,114.3991069134
1,1,2.9366e-07,5.70869861143,214.7835681463
1,1,2.5651e-07,0.56261005356,1052.2683831884
1,1,2.9442e-07,5.76608786139,355.7487455718
1,1,2.4664e-07,4.56168548884,427.5613987225
1,1,3.0555e-07,5.23325905147,1692.1656695024
1,1,2.7676e-07,0.89718596794,347.8844390456
1,1,2.3455e-07,2.96060769325,278.5194664497
1,1,2.3061e-07,3.72246157747,1898.3512179396
1,1,2.481e-07,0.83325589326,425.6349830295
1,1,2.3968e-07,1.93756656786,431.264057322
1,1,2.5563e-07,4.02928916042,69.1525242748
1,1,2.2254e-07,2.97473191186,601.7642506762
1,1,2.1877e-07,3.74094863602,299.1263942692
1,1,2.4055e-07,1.7593857914,508.3503240922
1,1,2.1272e-07,0.55451958674,916.9322800554
1,1,2.1278e-07,3.99747719378,319.5732633943
1,1,2.4242e-07,0.23640017361,1272.6810256272
1,1,2.2384e-07,2.85389159089,576.1613880106
1,1,2.3974e-07,3.1370364878,134.5853436076
1,1,2.4477e-07,1.7574124279,1251.3403846248
1,1,2.0791e-07,4.86337530922,241.7532834412
1,1,2.5281e-07,1.25065914595,421.93232443
1,1,2.182e-07,5.17668449284,405.2575498736
1,1,1.9942e-07,1.87120288031,295.0512286542
1,1,2.3121e-07,4.47416931306,230.7075831773
1,1,2.0375e-07,1.15875306859,426.6463749858
1,1,1.9224e-07,2.18427009211,333.657345044
1,1,2.1067e-07,4.8938198404,421.1815649046
1,1,1.9761e-07,1.44807575199,188.9200730498
1,1,2.1171e-07,2.7761883642,221.3758502853
1,1,1.9879e-07,4.95105499299,312.4597163935
1,1,1.7765e-07,1.15218439574,5.4166259714
1,1,1.816e-07,5.37336510772,205.4347889118
1,1,1.7576e-07,4.88872208031,313.2104759189
1,1,1.9556e-07,5.57005392669,327.4375699205
1,1,1.7303e-07,5.13480198138,320.3240229197
1,1,1.727e-07,4.34613632899,120.358249606
1,1,2.241e-07,4.1701470823,39.3568759152
1,1,1.669e-07,0.29893752523,1781.0313497194
1,1,1.6458e-07,4.30803351694,439.1283638482
1,1,1.8207e-07,0.48659303659,6275.9623029906
1,1,2.1732e-07,5.22005710777,211.8146227297
1,1,1.8507e-07,4.70834364633,144.1465711632
1,1,1.6075e-07,1.92420405654,778.4147831847
1,1,1.7154e-07,3.41932820069,237.6781178262
1,1,1.7797e-07,6.1760691228,6290.1893969922
1,1,1.9762e-07,2.03523955092,696.5196376166
1,1,1.709e-07,1.90981812501,10206.1719992102
1,1,1.5935e-07,5.76041448948,1677.9385755008
1,1,2.0378e-07,4.24340498319,426.5500067662
1,1,1.6597e-07,0.85397214019,2207.6295405954
1,1,1.6706e-07,1.31728263597,10220.3990932118
1,1,1.8071e-07,6.21759540157,166.828672522
1,1,1.8385e-07,3.75515575211,67.6680515665
1,1,1.5128e-07,1.51586170044,710.7467316182
1,1,1.4449e-07,6.18261120713,525.4981794006
1,1,1.6166e-07,4.69227400215,14.977853527
1,1,1.4583e-07,0.68816508751,99.9113804809
1,1,1.447e-07,0.69520749579,59.8037450403
1,1,1.331e-07,5.39284427062,1169.5882514086
1,1,1.7662e-07,5.83272145706,1795.258443721
1,1,1.3053e-07,4.90886335399,196.0336200506
1,1,1.2965e-07,3.45124261363,87.3117715395
1,1,1.3625e-07,1.06434195633,312.1990839626
1,1,1.4561e-07,4.55001974727,381.3516082374
1,1,1.4849e-07,5.26704509981,182.279606801
1,1,1.711e-07,1.29146214271,432.2272651685
1,1,1.2655e-07,5.95283827941,2420.9286360334
1,1,1.5239e-07,5.32338258618,429.5189521828
1,1,1.251e-07,3.78183987918,757.2171545342
1,1,1.2205e-07,3.50752907894,661.2379273164
1,1,1.3493e-07,2.43215265163,849.2642284889
1,1,1.4072e-07,4.06344928621,395.578702239
1,1,1.3601e-07,0.17868852981,96.8729990951
1,1,1.1964e-07,6.23368291889,230.5645708254
1,1,1.3246e-07,4.65483803385,129.9194771616
1,1,1.4172e-07,0.19960468334,116.4260963429
1,1,1.1819e-07,0.54037105135,430.79097657
1,1,1.3243e-07,5.16075891864,36.6485629295
1,1,1.2156e-07,5.83782522442,373.9079928365
1,1,1.1378e-07,3.43727161334,2214.7430875962
1,1,1.4807e-07,5.01458165145,273.1028404783
1,1,1.3178e-07,1.47675722182,1567.7322542814
1,1,1.1322e-07,1.65088277124,776.9303104764
1,1,1.2602e-07,6.09917656228,28.4541880032
1,1,1.1336e-07,4.21862046409,131.4039498699
1,1,1.2487e-07,2.32002507803,39.6175083461
1,1,1.0998e-07,4.22331215028,145.6310438715
1,1,1.2399e-07,4.1674425474,329.7251917809
1,1,1.1422e-07,0.13933692639,617.8058857862
1,1,1.0671e-07,5.59629136646,426.0769260142
1,1,1.0673e-07,5.82038453434,221.1634019642
1,1,1.3921e-07,3.33457458779,558.0021407459
1,1,1.0778e-07,4.18033815184,343.2185725996
1,1,1.1528e-07,4.81930125364,432.0148168474
1,1,1.1552e-07,1.84554412069,5849.3641121146
1,1,1.0051e-07,0.62803050508,767.3690829208
1,1,1.3339e-07,5.02992037744,2008.557539159
1,1,1.0229e-07,1.16924486323,199.2844497575
1,1,1.0068e-07,1.36356275788,206.706813299
1,1,1.0639e-07,0.6183968927,84.3428261229
1,1,1.0876e-07,3.34333014843,305.3461693927
1,1,1.0915e-07,2.79445499623,199.9657733137
1,1,9.725e-08,3.30023563496,181.806526049
1,1,9.672e-08,6.28029607027,238.5718897035
1,1,9.859e-08,2.88114726106,572.2292347475
1,1,1.2081e-07,2.1788912729,62.2514255951
1,1,1.0814e-07,3.27218935827,9779.5738083342
1,1,9.745e-08,4.95649952378,184.9879197867
1,1,9.751e-08,1.00495055462,192.6921676185
1,1,1.1495e-07,0.37585889114,92.0470739547
1,1,9.779e-08,2.45540897959,188.1693135244
1,1,1.1105e-07,5.60272957525,46.470422916
1,1,1.0288e-07,1.25217228657,5863.5912061162
1,1,1.2505e-07,6.06854885763,196.6243208816
1,1,1.0047e-07,0.46188126695,20.6069278195
1,1,1.0712e-07,6.08785652303,427.1194557378
1,1,9.237e-08,3.96643507366,280.9671470045
1,1,9.203e-08,4.3015304867,214.5711198252
1,1,9.203e-08,0.58809567989,212.0270710508
1,1,1.0243e-07,0.54672366594,1589.0728952838
1,1,9.371e-08,3.72043087349,227.3137411185
1,1,1.0238e-07,5.85230859079,244.318584075
1,1,1.012e-07,5.73318727961,65.2203710117
1,1,1.138e-07,1.44237688792,156.6767441354
1,1,1.0536e-07,0.03525818188,153.4953503977
1,1,1.0417e-07,4.57368017472,41.6444977756
1,1,1.0043e-07,2.09517100147,226.6324175623
1,1,9.557e-08,0.89168093041,411.620337349
1,1,8.873e-08,3.26329229257,963.4027029714
1,1,1.1992e-07,1.46247236631,563.6312150384
1,1,8.787e-08,1.29695498377,51.2057253312
1,1,9.612e-08,2.6794965763,9793.8009023358
1,1,1.0094e-07,4.87681316056,259.769518354
1,1,8.71e-08,2.51870094895,238.4288773516
1,1,9.008e-08,1.18557398919,637.4496057592
1,1,8.926e-08,3.80008358468,233.9060232575
1,1,8.884e-08,2.03591715695,159.1244246902
1,1,9.253e-08,4.4741969952,77.962992305
1,1,9.59e-08,4.94810472412,326.6868103951
1,1,1.1742e-07,2.57725200458,45.5766510387
1,1,8.212e-08,0.05357930115,2097.423219376
1,1,8.676e-08,1.36795623721,824.7421937488
1,1,9.187e-08,3.26250261117,556.5176680376
1,1,8.184e-08,6.18341957072,241.6102710893
1,1,8.04e-08,2.68676513528,546.956440482
1,1,1.0057e-07,0.45621087059,258.8757464767
1,1,8.03e-08,1.57230173248,244.791664827
1,1,1.0377e-07,2.43734552323,212.4053235607
1,1,1.0377e-07,2.45228064336,214.1928673153
1,1,9.061e-08,2.72986488306,206.233732547
1,1,1.0519e-07,2.17106565253,92.940845832
1,1,8.685e-08,5.30112488875,220.364458329
1,1,8.358e-08,0.57656413895,2524.021410252
1,1,8.16e-08,1.282702782,60.7669528868
1,1,8.189e-08,0.93497045777,195.8906076987
1,1,7.936e-08,2.573315273,173.9422195228
1,1,7.295e-08,0.46947569621,1493.093668066
1,1,7.076e-08,1.51163518889,464.7312265138
1,1,8.902e-08,0.92333738769,81.8951455681
1,1,7.187e-08,3.9083860391,864.2420820159
1,1,7.014e-08,3.2303171072,627.3671133418
1,1,7.389e-08,2.49697747476,254.9435932136
1,1,6.894e-08,5.98648101436,282.4516197128
1,1,6.941e-08,1.47629647815,561.1835344836
1,1,7.826e-08,3.52552865669,23.5758732361
1,1,6.648e-08,1.31475016542,1286.9081196288
1,1,6.665e-08,1.25893140425,357.4456666012
1,1,7.035e-08,3.95586092314,458.8415197904
1,1,6.518e-08,6.21803736938,638.4128136057
1,1,7.597e-08,4.56291940149,186.472392495
1,1,7.106e-08,2.68615304998,570.7447620392
1,1,6.833e-08,2.32576577597,73.297125859
1,1,6.436e-08,5.64783432607,1994.3304451574
1,1,8.77e-08,5.50567173542,2111.6503133776
1,1,6.216e-08,2.02339326554,171.6545976624
1,1,6.188e-08,1.48241471659,339.2864193365
1,1,7.303e-08,1.22221564178,1884.124123938
1,1,7.629e-08,3.38251628365,295.1942410061
1,1,6.035e-08,2.93854921292,31.019488637
1,1,5.998e-08,0.44195423177,334.5511169213
1,1,6.129e-08,4.966289642,211.0114735776
1,1,6.129e-08,6.20652183177,215.5867172984
1,1,6.23e-08,2.93562516232,274.0660483248
1,1,7.108e-08,1.5633328969,427.3489504014
1,1,5.728e-08,5.71498118676,2737.32050569
1,1,6.47e-08,5.25485081311,162.0933701068
1,1,5.741e-08,4.42916296869,128.9562693151
1,1,5.868e-08,5.70598476093,264.5048207692
1,1,5.589e-08,3.90685132543,54.1746707478
1,1,6.286e-08,0.9402861199,432.7485300303
1,1,5.979e-08,0.47283810206,240.125798381
1,1,5.548e-08,3.14875859722,2531.1349572528
1,1,5.905e-08,2.50850442183,856.3777754897
1,1,5.596e-08,2.61159505041,193.655375465
1,1,6.762e-08,2.27424026675,420.9691165835
1,1,7.277e-08,2.47497568796,611.4430983108
1,1,5.462e-08,0.48649532469,1905.4647649404
1,1,5.579e-08,2.41862523941,252.6559713532
1,1,5.918e-08,3.85830083228,422.405405182
1,1,5.963e-08,2.87749733117,16.6747745564
1,1,6.291e-08,4.79715993624,423.6774295692
1,1,5.288e-08,2.86056658179,267.4737661858
1,1,5.147e-08,1.21452560134,488.8496164711
1,1,5.102e-08,1.71142923231,472.1748419147
1,1,6.136e-08,3.08419059916,125.9873238985
1,1,4.857e-08,2.21952453414,29.2049475286
1,1,6.447e-08,4.25155724533,107.7586406646
1,1,5.252e-08,4.32715420518,342.2553647531
1,1,4.774e-08,1.4563135654,394.3548619616
1,1,6.315e-08,4.86204823155,2324.9494088156
1,1,4.862e-08,2.45699450502,526.5095713569
1,1,5.004e-08,3.21047421953,650.1922270525
1,1,5.322e-08,4.76999032492,24.3790223882
1,1,4.502e-08,3.81171539816,167.7224443993
1,1,4.55e-08,0.86759003557,291.262087743
1,1,4.559e-08,1.7260413775,418.5214360287
1,1,5.441e-08,2.06417156626,229.9738699944
1,1,5.565e-08,2.2960879274,38.1330356378
1,1,5.865e-08,3.88586257924,551.031606097
1,1,4.491e-08,4.35642719677,850.0149880143
1,1,4.589e-08,1.09304022282,1141.1340634054
1,1,4.471e-08,0.86761100667,361.3778198643
1,1,4.779e-08,2.28566566949,397.3932433474
1,1,4.269e-08,5.42826152642,201.5196819912
1,1,4.269e-08,2.60295729376,225.0785088848
1,1,4.391e-08,4.27594847745,491.8185618877
1,1,4.469e-08,5.64881997462,428.0826635843
1,1,4.012e-08,5.27339722503,425.1137181677
1,1,4.407e-08,0.3058551706,2840.4132799086
1,1,4.203e-08,2.42086992646,364.3467652809
1,1,3.858e-08,5.61266727903,77.7505439839
1,1,4.218e-08,4.2982470687,135.336103133
1,1,3.913e-08,2.20696118315,504.561183181
1,1,3.96e-08,1.01941294318,292.0128472684
1,1,3.74e-08,4.88716400146,658.0565335787
1,1,3.805e-08,4.25039588116,692.5874843535
1,1,3.782e-08,6.17958645001,2413.8150890326
1,1,4.999e-08,1.43325039057,448.6895914038
1,1,3.941e-08,1.19970132537,433.7599219866
1,1,4.489e-08,2.13031131602,409.9234163196
1,1,4.724e-08,0.88455881434,205.6642835754
1,1,4.853e-08,3.82187028425,189.7232222019
1,1,3.566e-08,1.79794788895,211.6021744086
1,1,3.566e-08,6.23327093123,214.9960164674
1,1,4.241e-08,3.811976734,369.9758395734
1,1,4.21e-08,0.96298353439,2200.5159935946
1,1,3.518e-08,0.26426270051,33.1371007917
1,1,4.251e-08,5.30335991719,525.7588118315
1,1,3.682e-08,0.8030795418,732.6951197941
1,1,4.559e-08,3.52798487098,835.0371344873
1,1,4.873e-08,1.38708989982,721.6494195302
1,1,3.781e-08,1.037486811,106.0135355254
1,1,4.527e-08,0.86326298236,220.9339073006
1,1,3.477e-08,0.22806246853,2221.856634597
1,1,3.735e-08,5.87888144153,33.9402499438
1,1,4.657e-08,5.21916539574,2428.0421830342
1,1,3.967e-08,5.18202138976,120.5012619579
1,1,3.785e-08,5.04003954266,214.9436268407
1,1,3.785e-08,6.13277193111,211.6545640353
1,1,3.61e-08,1.83782296246,409.1897031367
1,1,3.3e-08,6.20167657081,543.0242872189
1,1,3.287e-08,4.88392830876,184.0941479094
1,1,3.713e-08,1.92562812532,203.2647871304
1,1,3.713e-08,6.10559069486,223.3334037456
1,1,3.167e-08,0.25257995187,201.9927627432
1,1,3.167e-08,1.49545356113,224.6054281328
1,1,3.7e-08,4.89576644081,170.0100662597
1,1,4.012e-08,2.58912835624,494.2662424425
1,1,4.001e-08,2.01408132063,519.3960243561
1,1,3.678e-08,1.45731309163,418.0001711669
1,1,3.067e-08,2.46882556311,441.576044403
1,1,3.38e-08,0.76892084559,236.8749686741
1,1,3.101e-08,5.70696828046,406.954470903
1,1,2.898e-08,2.07796697547,1080.7225711916
1,1,2.943e-08,4.30276376907,255.8373650909
1,1,3.571e-08,0.56587079675,511.5317178299
1,1,3.935e-08,3.710272062,425.8474313506
1,1,2.881e-08,4.2782837083,92.7978334801
1,1,2.993e-08,4.47257282424,405.9912630565
1,1,3.235e-08,2.72240470556,112.6540017742
1,1,3.336e-08,0.12942181361,128.3655684841
1,1,2.826e-08,2.70175929398,84.9335269539
1,1,2.998e-08,2.34100102411,388.4651552382
1,1,2.751e-08,3.07786378008,518.6452648307
1,1,2.85e-08,5.39053439064,220.5245170234
1,1,2.755e-08,5.36323095715,731.9443602687
1,1,3.003e-08,3.47647543508,450.9772132642
1,1,2.703e-08,3.67105639526,344.8460576598
1,1,2.705e-08,4.48933959673,60.5545045657
1,1,2.9e-08,1.18282938719,532.8723588323
1,1,2.669e-08,2.23461202741,815.0633461142
1,1,3.694e-08,1.25430082141,465.9550667912
1,1,2.831e-08,2.64047307044,2847.5268269094
1,1,2.858e-08,5.54569423185,540.7366653585
1,1,2.763e-08,2.67302780179,5636.0650166766
1,1,2.782e-08,0.10347092925,638.9340784675
1,1,2.613e-08,0.64725972976,739.8086667949
1,1,2.865e-08,0.07273098423,58.1068240109
1,1,3.003e-08,4.78201826415,2641.3412784722
1,1,2.843e-08,0.39095638889,630.3360587584
1,1,3.596e-08,1.37444203378,1055.4497769261
1,1,3.169e-08,5.31181193539,55.1378785943
1,1,2.545e-08,4.09883259215,455.0523788792
1,1,2.51e-08,3.89386878011,640.8604941605
1,1,2.993e-08,4.38089542258,462.0229135281
1,1,2.474e-08,1.50083275203,419.532827985
1,1,2.847e-08,5.76025163205,348.635198571
1,1,2.551e-08,1.28445104958,184.8449074348
1,1,3.048e-08,0.69309647906,6062.6632075526
1,1,2.526e-08,5.44087477787,857.1285350151
1,1,2.597e-08,0.35423361548,426.4863162914
1,1,2.441e-08,3.20019142038,1368.660252845
1,1,2.937e-08,4.96203625209,739.0579072695
1,1,2.464e-08,5.65030234126,3053.7123753466
1,1,2.82e-08,6.27704326901,256.5881246163
1,1,2.444e-08,3.25740106622,420.4478517217
1,1,2.412e-08,3.12276627293,1685.0521225016
1,1,3.165e-08,5.89068478002,200.5564741447
1,1,3.165e-08,2.14053404016,226.0417167313
1,1,2.534e-08,6.05167254488,2730.2069586892
1,1,3.229e-08,1.28247322439,137.0330241624
1,1,2.447e-08,3.11720914436,206.9363079626
1,1,2.447e-08,4.91400967582,219.6618829134
1,1,2.71e-08,1.36243351725,1802.3719907218
1,1,2.346e-08,2.75550177516,533.6231183577
1,1,2.344e-08,1.03710656159,402.2191684878
1,1,2.329e-08,2.12756268735,454.9093665273
1,1,2.353e-08,2.57967727687,398.1440028728
1,1,3.27e-08,1.82014094673,714.6788848813
1,1,2.295e-08,2.14341201879,502.8642621516
1,1,2.65e-08,1.83522077064,172.2452984934
1,1,2.906e-08,1.49315014147,403.0223176399
1,1,2.979e-08,1.32345981452,1485.9801210652
1,1,2.217e-08,5.60216247483,2310.722314814
1,1,2.312e-08,5.81192933715,724.8308132679
1,1,2.379e-08,0.86162227365,1457.525933062
1,1,2.636e-08,0.30028112725,649.4585138696
1,1,2.635e-08,2.09112624929,9992.8729037722
1,1,2.459e-08,4.21812788054,468.2426886516
1,1,2.141e-08,2.4475211469,480.7728616238
1,1,2.195e-08,0.95099493253,593.426863398
1,1,2.116e-08,3.28858497352,1382.8873468466
1,1,2.136e-08,1.09577252073,186.2117600641
1,1,2.117e-08,4.6591907588,71.6002048296
1,1,2.275e-08,4.10907333096,393.4610900843
1,1,2.46e-08,2.08222252767,5650.2921106782
1,1,2.69e-08,5.21694504184,980.6681783588
1,1,2.847e-08,2.2120835706,927.8349679674
1,1,2.465e-08,2.83150372526,306.0969289181
1,1,2.153e-08,5.44863339657,232.942815411
1,1,2.597e-08,5.04726142112,426.7100654606
1,1,2.201e-08,2.69689845951,434.6749457233
1,1,2.057e-08,0.813696759,298.2326223919
1,1,2.404e-08,3.51565880925,9580.5018068978
1,1,2.26e-08,4.11126690849,42.5382696529
1,1,2.242e-08,0.02196017056,774.4826299216
1,1,1.98e-08,6.26959509527,188.0263011725
1,1,1.947e-08,4.98845259619,141.2258098564
1,1,2.519e-08,5.65207938247,6489.2613984286
1,1,2.659e-08,4.98749485033,2744.4340526908
1,1,2.045e-08,5.94414624932,477.8039162072
1,1,2.463e-08,0.72737478637,629.6023455755
1,1,2.042e-08,0.22222750144,380.12776796
1,1,1.912e-08,2.15038299463,162.8965192589
1,1,1.901e-08,6.21446767804,271.4059194489
1,1,2.178e-08,3.04872502572,254.3528923826
1,1,1.872e-08,2.25107452526,905.8865797915
1,1,1.888e-08,0.97996534938,642.3449668688
1,1,2.17e-08,1.32347573273,1038.0412891868
1,1,1.899e-08,0.47442297068,1049.0869894507
1,1,2.182e-08,4.42761937882,426.8106391971
1,1,1.855e-08,0.70172463076,760.25553592
1,1,1.811e-08,0.95890385523,842.9014410135
1,1,2.347e-08,0.79433458213,10419.4710946482
1,1,1.793e-08,3.43045021055,419.4364597654
1,1,1.87e-08,4.48530468485,49.5088043018
1,1,1.788e-08,2.03408748606,170.7608257851
1,1,1.778e-08,2.30435271781,702.1487119091
1,1,1.796e-08,3.79385342755,240.3864308119
1,1,1.974e-08,0.40863452127,639.9454704238
1,1,1.773e-08,0.91546662134,990.2294059144
1,1,1.823e-08,6.21733480836,2538.2485042536
1,1,1.977e-08,4.78604848197,1048.3362299253
1,1,2.481e-08,2.96642006057,105.5404547734
1,1,2.133e-08,1.74104444317,552.5855147745
1,1,1.999e-08,1.18716789706,6076.8903015542
1,1,2.182e-08,0.97387565779,426.3857425549
1,1,1.839e-08,5.55208370554,486.4019359163
1,1,1.98e-08,6.08475811682,206.2974230218
1,1,1.91e-08,4.61558595685,175.4266922311
1,1,2.379e-08,3.5753552419,594.6507036754
1,1,1.783e-08,3.93430854425,212.3358875915
1,1,1.733e-08,3.39728756412,705.1176573257
1,1,1.824e-08,0.43158734549,420.005908737
1,1,1.802e-08,4.09102296722,9566.2747128962
1,1,1.857e-08,3.09120325612,141.6988906084
1,1,2.035e-08,3.95594803721,481.7360694703
1,1,1.706e-08,0.75846006307,97.6761482472
1,1,1.861e-08,3.54944197324,5165.3626887242
1,1,1.713e-08,1.3018219165,457.617679513
1,1,1.826e-08,4.991264738,484.7050148869
1,1,1.771e-08,3.57657405367,555.5544601911
1,1,2.042e-08,0.72463541689,6069.7767545534
1,1,1.664e-08,5.3772423908,1127.2624300768
1,1,1.863e-08,2.61132821127,10007.0999977738
1,1,1.691e-08,2.07854652969,789.4604834486
1,1,1.806e-08,4.2818266182,1193.9672737968
1,1,1.863e-08,3.4330142103,699.7010313543
1,1,1.651e-08,2.95151342978,152.5321425512
1,1,1.958e-08,3.34832715644,143.9341228421
1,1,1.804e-08,0.1188064753,353.301065017
1,1,1.746e-08,0.02529348358,3156.8051495652
1,1,1.643e-08,1.16931668732,1112.0721282287
1,1,1.572e-08,4.5245461807,91.7864415238
1,1,1.687e-08,5.7913650979,3046.5988283458
1,1,1.664e-08,6.06878282437,487.3651437628
1,1,1.753e-08,4.91984933534,3333.498879699
1,1,1.948e-08,4.60933876481,268.4369740323
1,1,2.018e-08,2.20128487926,9999.986450773
1,1,1.562e-08,2.75112579541,2001.4439921582
1,1,1.654e-08,4.67379220133,2957.7331481288
1,1,1.546e-08,2.42254478872,258.5456780766
1,1,1.712e-08,3.12113420418,26080.78959457339
1,1,1.531e-08,4.39131983815,5216.5803728014
1,1,1.619e-08,1.87868074566,784.0438574772
1,1,1.871e-08,0.40711466948,206.0736738526
1,1,1.732e-08,6.00644330186,1332.4847706675
1,1,1.686e-08,4.36569219379,3347.7259737006
1,1,1.553e-08,3.46070648954,1101.0264279648
1,1,1.674e-08,0.20458859876,305.0855369618
1,1,1.76e-08,6.06427820378,319.3126309634
1,1,1.661e-08,2.56966191326,26095.016688575
1,1,1.583e-08,0.21330050712,373.0142209592
1,1,1.737e-08,2.560508714,622.4887985747
1,1,1.446e-08,0.64453355125,221.8971151471
1,1,1.446e-08,1.10349996175,204.7010757289
1,1,1.939e-08,4.11123627772,100.6450936638
1,1,1.424e-08,4.53013561217,140.001969579
1,1,1.452e-08,6.27129789493,1130.2313754934
1,1,1.874e-08,2.34106959221,769.8167634756
1,1,1.437e-08,3.70114244913,1044.4040766622
1,1,1.573e-08,0.97760246717,746.9222137957
1,1,1.428e-08,5.4185843464,1902.2833712027
1,1,1.536e-08,1.46680556033,213.2509113282
1,1,1.639e-08,5.07308302027,426.8588233069
1,1,1.565e-08,0.60408479572,392.6579409322
1,1,1.895e-08,1.71351370489,835.7878940127
1,1,1.395e-08,5.81475708274,9146.790069021
1,1,1.378e-08,2.63897520396,3163.918696566
1,1,1.467e-08,0.03938415892,827.9235874865
1,1,1.495e-08,3.04726766044,263.7016716171
1,1,1.506e-08,0.27403889742,251.1714986449
1,1,1.463e-08,1.20162324657,2118.7638603784
1,1,1.528e-08,0.65096988363,906.849787638
1,1,1.562e-08,0.64998564498,2516.9078632512
1,1,1.523e-08,0.15241954556,921.0768816396
1,1,1.335e-08,2.34002496567,2317.8358618148
1,1,1.578e-08,5.98549196472,190.4045457581
1,1,1.578e-08,5.18731950905,236.1936451179
1,1,1.731e-08,0.64743919781,1126.2992222303
1,1,1.526e-08,6.26405094967,180.1619946463
1,1,1.316e-08,4.88411707911,460.5384408198
1,1,1.322e-08,1.91541223458,2.4476805548
1,1,1.42e-08,1.1411347981,25.2727942655
1,1,1.334e-08,2.44221187031,282.6640680339
1,1,1.291e-08,4.75415505268,694.0719570618
1,1,1.279e-08,5.09345002137,449.232108125
1,1,1.287e-08,0.2650470813,286.596221297
1,1,1.401e-08,0.36474313629,2090.3096723752
1,1,1.745e-08,0.5873362811,2833.2997329078
1,1,1.481e-08,2.76192290396,31.492569389
1,1,1.251e-08,2.04507143625,909.8187330546
1,1,1.247e-08,4.64664167702,187.4356003415
1,1,1.247e-08,0.24298448957,239.1625905345
1,1,1.246e-08,1.79519085241,2487.4160449478
1,1,1.231e-08,4.07592990685,561.934294009
1,1,1.27e-08,2.19092299809,1176.7017984094
1,1,1.235e-08,3.39862257632,11926.2544136688
1,1,1.226e-08,5.24377580472,4127.3213995374
1,1,1.216e-08,5.52009945657,348.8476468921
1,1,1.229e-08,2.44579020325,51535.90899683439
1,1,1.477e-08,0.42597965987,401.3253966105
1,1,1.385e-08,4.26130043246,41.0537969446
1,1,1.614e-08,4.72661087242,3060.8259223474
1,1,1.56e-08,1.20558662172,614.6244920485
1,1,1.321e-08,0.66259853003,1773.9178027186
1,1,1.446e-08,1.52188920409,4628.5581766288
1,1,1.175e-08,4.77197454256,1681.1199692385
1,1,1.191e-08,3.68577950035,9595.2390892234
1,1,1.322e-08,4.91380958743,69.3649725959
1,1,1.449e-08,2.40222426931,1699.2792165032
1,1,1.168e-08,1.08248414293,74.6385862154
1,1,1.417e-08,6.20540616186,3473.1970192218
1,1,1.33e-08,0.04908988755,200.0352092829
1,1,1.33e-08,1.69894362545,226.5629815931
1,1,1.175e-08,1.75585408438,1674.0064222377
1,1,1.222e-08,0.38365380852,335.1418177523
1,1,1.406e-08,0.93043359633,700.6642392008
1,1,1.173e-08,0.89010724985,1159.2933106701
1,1,1.387e-08,5.73913384732,527.2432845398
1,1,1.124e-08,3.20599582504,2107.7181601145
1,1,1.536e-08,1.65574706063,1560.6187072806
1,1,1.114e-08,0.00659736078,25234.70675982219
1,1,1.108e-08,4.92316604415,1364.7280995819
1,1,1.408e-08,4.31689108869,336.8387387817
1,1,1.095e-08,4.58815212599,674.4282370888
1,1,1.091e-08,4.75459799081,1688.2335162393
1,1,1.351e-08,3.03972655282,179.3588454942
1,1,1.112e-08,5.86445814326,1144.3154571431
1,1,1.167e-08,1.61776931498,1784.2127434571
1,1,1.166e-08,4.32147284453,634.4806603426
1,1,1.082e-08,2.33633445539,756.3233826569
1,1,1.121e-08,3.70392077079,366.0436863103
1,1,1.501e-08,1.9603224678,1244.226837624
1,1,1.341e-08,4.97730299975,4312.1663069722
1,1,1.217e-08,2.01609497062,2005.3761454213
1,1,1.284e-08,1.71254545492,313.9441891018
1,1,1.288e-08,1.85993541573,247.2393453818
1,1,1.044e-08,2.12933199281,2634.2277314714
1,1,1.294e-08,4.62842427087,1190.0351205337
1,1,1.07e-08,1.14804635779,3597.6304344428
1,1,1.255e-08,3.41668691558,691.1030116452
1,1,1.034e-08,2.08536574341,1062.5633239269
1,1,1.154e-08,5.74451178912,2921.1277828246
1,1,1.04e-08,2.45361513153,988.532484885
1,1,1.09e-08,0.54953140818,1314.3255234028
1,1,1.171e-08,3.94743052221,672.1406152284
1,1,1.084e-08,2.22846759206,140.9651774255
1,1,1.014e-08,0.72711076947,606.7601855223
1,1,1.133e-08,0.06024843139,35.1640902212
1,1,1.069e-08,5.34533726393,1.2720243872
1,1,1.146e-08,0.33774172888,220.3007678542
1,1,1.287e-08,5.96335995053,72.3339180125
1,1,1.195e-08,3.17169864377,1459.9565672743
1,1,1.005e-08,4.27372798502,1585.1407420207
1,1,1.118e-08,5.41372662205,1534.7381658416
1,1,1.008e-08,4.07813930825,3906.9087570986
1,1,1.032e-08,2.56286714079,241.8709035202
1,1,1.032e-08,2.3267590258,184.7272873558
1,1,1.129e-08,2.05923392074,480.251596762
1,1,1.08e-08,2.6139308086,681.5417840896
1,1,1.095e-08,4.52873181843,745.9108218394
1,1,1.111e-08,3.94287042483,25668.418497699
1,1,1.035e-08,3.02167382117,235.933012687
1,1,1.128e-08,3.92303838555,398.2870152247
1,1,1.04e-08,1.29012272,6.592282139
1,1,1.315e-08,2.76743227504,1791.3262904579
1,1,1.11e-08,5.08486528001,731.6837278378
1,1,9.65e-09,5.76694781738,17.4084877393
1,1,1.13e-08,3.37351057745,5481.7545583808
1,1,9.58e-09,4.98632174581,1246.6574718363
1,1,1.193e-08,0.98399514662,1468.5716333259
1,1,1.277e-08,5.88447485498,322.6116447801
1,1,1.122e-08,5.46861037898,6467.9257579616
1,1,1.202e-08,3.77471511835,418.7338843498
1,1,1.079e-08,6.27953776977,2906.900688823
1,1,1.073e-08,1.54239618673,494.4786907636
1,1,9.42e-09,3.50136124997,114.8721876654
1,1,1.02e-08,5.66644343999,2627.1141844706
1,1,9.41e-09,3.67244160492,119.767548775
1,1,9.96e-09,3.0687219144,4863.1979130692
1,1,1.059e-08,4.47743859511,25654.19140369739
1,1,9.86e-09,1.95549483874,5842.2505651138
1,1,1.051e-08,0.87183660869,5268.4554629428
1,1,9.41e-09,5.52302306397,97.4155158163
1,1,9.45e-09,2.54544364353,205.9731001161
1,1,9.45e-09,5.48577517665,220.6250907599
1,1,1.084e-08,0.76684360231,2435.155730035
1,1,9.12e-09,5.29401262474,1041.2226829245
1,1,9.12e-09,3.45128782828,952.0963702766
1,1,9.06e-09,2.01145804191,12779.4507954208
1,1,9.14e-09,0.94055736317,306.830642101
1,1,9.14e-09,6.06812228447,285.3723810196
1,1,1.034e-08,1.11923710876,1152.1797636693
1,1,9.56e-09,4.61179207909,1570.9136480191
1,1,9.41e-09,1.65119763294,3583.4033404412
1,1,9.25e-09,0.19129473176,1365.4788591073
1,1,9.09e-09,2.92059650634,1250.5896250994
1,1,8.91e-09,4.95998693708,4443.713269194
1,1,1.133e-08,0.58698978086,318.8395502114
1,1,1.094e-08,6.25709701419,738.7972748386
1,1,1.011e-08,3.98083146356,138.6605092226
1,1,1.073e-08,4.34308945034,875.830299001
1,1,8.84e-09,5.13674590808,2218.6752408593
1,1,1.131e-08,3.4920733891,639.8491022042
1,1,1.014e-08,3.84499571511,246.4361962297
1,1,9.21e-09,3.37898558991,9772.4602613334
1,1,8.68e-09,4.9585913212,1371.8416465827
1,1,9.4e-09,2.38470781473,287.9376816534
1,1,9.22e-09,2.23583057309,1596.1864422846
1,1,9.22e-09,5.27674146778,3686.4961146598
1,1,9.97e-09,5.10210718986,987.7817253596
1,1,1.061e-08,3.69387971075,688.6553310904
1,1,8.64e-09,5.36977054689,3370.1042450032
1,1,1.177e-08,0.1634043034,1328.5526174044
1,1,8.6e-09,1.23158588637,12146.6670561076
1,1,1.119e-08,4.9500532661,6283.0758499914
1,1,8.43e-09,5.00058816516,1239.5439248355
1,1,8.46e-09,3.17553686252,2114.8317071153
1,1,8.63e-09,6.25214866516,3569.1762464396
1,1,8.86e-09,5.73302742834,3803.81598288
1,1,9.81e-09,1.46133083467,1471.0022675382
1,1,8.29e-09,6.17527627929,1372.5924061081
1,1,1.164e-08,6.03632211065,3391.4448860056
1,1,1.143e-08,0.317215763,3149.6916025644
1,1,8.85e-09,3.21468341749,608.877797677
1,1,8.37e-09,1.26802412219,311.7260032106
1,1,8.27e-09,4.31418145925,1165.6560981455
1,1,9.04e-09,3.04051970684,477.0007670551
1,1,8.18e-09,4.24078420149,5055.1563675048
1,1,8.41e-09,3.88873056685,473.068613792
1,1,8.29e-09,0.77508627125,17.2654753874
1,1,8.42e-09,4.82411532711,831.1049812242
1,1,1.023e-08,1.90815772351,384.0599212231
1,1,9.98e-09,2.24448938053,938.8806682313
1,1,1.026e-08,3.07657450703,5378.6617841622
1,1,8.46e-09,6.04071273632,199.0238173266
1,1,8.46e-09,1.99050608386,227.5743735494
1,1,1.105e-08,4.93697328282,168.0525127994
1,1,8.82e-09,1.12105057835,41.1019810544
1,1,8.72e-09,5.56428111751,3362.9906980024
1,1,1.054e-08,4.19921163644,93.531546663
1,1,8.39e-09,2.01987352433,220.2001941177
1,1,8.39e-09,6.01134529585,206.3979967583
1,1,8.26e-09,3.67485221518,219.891377577
1,1,8.53e-09,1.21635018066,539.9859058331
1,1,8.58e-09,5.6954765872,781.5961769224
1,1,8.53e-09,3.60553998035,1894.4190646765
1,1,8.13e-09,0.86230265041,1578.0271950199
1,1,9.67e-09,5.86676674618,151.260118164
1,1,8.58e-09,5.62583672873,973.554631358
1,1,8.31e-09,1.84826218261,2648.454825473
1,1,8.77e-09,5.80298687705,3789.5888888784
1,1,9.76e-09,2.02721042666,395.105621487
1,1,8.51e-09,5.76766110685,2854.6403739102
1,1,7.68e-09,4.76896894601,4436.5997221932
1,1,7.63e-09,4.2558193306,198.1087935899
1,1,7.63e-09,3.77539948958,228.4893972861
1,1,7.67e-09,4.7248344081,838.218528225
1,1,9.49e-09,1.98321654363,945.9942152321
1,1,7.83e-09,2.27534905083,3494.5376602242
1,1,8.17e-09,0.82100313331,635.231419868
1,1,8.36e-09,5.87100604717,135.5485514541
1,1,7.62e-09,3.21569513818,5158.2491417234
1,1,8.61e-09,3.85100975973,782.3469364478
1,1,7.58e-09,1.43185126319,1997.5118388951
1,1,7.78e-09,6.03247429542,418.9633790134
1,1,8.22e-09,2.64020332721,5436.9930152402
1,1,7.52e-09,3.50936275717,313.4711083498
1,1,7.52e-09,1.38026340942,113.1270825262
1,1,8.34e-09,5.85070280153,763.4369296577
1,1,8.71e-09,6.01814655144,2943.5060541272
1,1,9.01e-09,3.7591483073,444.0066786153
1,1,9.03e-09,0.23029877348,123.5396433437
1,1,1.009e-08,1.90046156811,1987.2168981566
1,1,7.5e-09,2.15136621786,5282.6825569444
1,1,1.016e-08,2.37444689169,1264.816719101
1,1,8.74e-09,0.93951630481,1475.6851803267
1,1,9.72e-09,2.20085561714,1670.8250285
1,1,7.38e-09,2.5256710142,109.3125493421
1,1,8.95e-09,0.54186785098,1119.1856752295
1,1,7.98e-09,3.47587781714,495.9631634719
1,1,8.28e-09,1.2515019779,114.9416236346
1,1,7.93e-09,0.39999568942,4017.115078318
1,1,8.82e-09,3.5567433178,2442.2692770358
1,1,9.79e-09,0.47406023937,2406.7015420318
1,1,8.17e-09,2.10021317616,1257.7031721002
1,1,7.17e-09,3.99283768764,103925.01437542078
1,1,7.43e-09,3.44205402388,5422.7659212386
1,1,7.14e-09,4.4611851028,2115.5824666407
1,1,7.19e-09,1.08999404688,501.2367770914
1,1,9.3e-09,1.32861036715,1877.0105769372
1,1,8.15e-09,0.61360086763,1792.0770499833
1,1,8e-09,4.13459764986,9367.2027114598
1,1,7.36e-09,2.54656520137,1460.7073267997
1,1,7.22e-09,0.84796954175,878.3261636656
1,1,8.24e-09,4.45776575023,498.9321088885
1,1,7.05e-09,6.07014928564,275.338072712
1,1,7.28e-09,1.24535456741,51742.09454527159
1,1,9.57e-09,4.3412231754,433.663553767
1,1,6.97e-09,4.70224891228,3274.1250177854
1,1,7.11e-09,1.89998090537,205.9249160063
1,1,7.11e-09,6.13123791481,220.6732748697
1,1,6.94e-09,1.61522962867,664.2763087022
1,1,8.29e-09,5.32110039039,4415.2590811908
1,1,7.21e-09,4.58275654686,952.3570027075
1,1,6.92e-09,0.62893428225,754.0357607965
1,1,7.95e-09,5.56415917977,19786.67380610799
1,1,6.89e-09,3.82241010942,1037.2905296614
1,1,7.06e-09,1.1232856605,644.56315276
1,1,7.73e-09,5.74997493496,620.253566341
1,1,6.92e-09,5.5731877264,25448.00585526019
1,1,6.92e-09,2.81881748057,1165.3954657146
1,1,8.08e-09,1.55707064891,817.628646748
1,1,6.81e-09,0.26530171784,100.3844612329
1,1,9.53e-09,0.59117119093,2826.186185907
1,1,8.26e-09,1.2718870558,284.8993002676
1,1,6.95e-09,4.58296836233,3171.0322435668
1,2,0.00560586041,1.26401676555,206.1855484372
1,2,0.00545678885,3.62343709789,220.4126424388
1,2,0.00443297401,3.14159265359,0.0
1,2,0.00336013651,2.4254743221,213.299095438
1,2,0.00224237163,2.49151267683,426.598190876
1,2,0.00087156936,4.89048703815,7.1135470008
1,2,0.00050013864,2.70119455991,433.7117378768
1,2,0.0004510988,0.36735560493,419.4846438752
1,2,0.00032838505,1.59210694211,639.897286314
1,2,0.00027145848,3.49804001342,227.5261894396
1,2,0.00012672501,1.45466696358,199.0720014364
1,2,0.00010329051,4.76949570032,14.2270940016
1,2,7.248688e-05,5.70261917802,110.2063212194
1,2,4.651894e-05,1.83710425038,647.0108333148
1,2,4.92218e-05,3.08463039042,216.4804891757
1,2,4.775993e-05,1.81695167893,210.1177017003
1,2,4.165287e-05,5.32887778584,316.3918696566
1,2,3.507416e-05,0.78248949398,853.196381752
1,2,2.659711e-05,3.16731450403,209.3669421749
1,2,2.537339e-05,2.65097652412,440.8252848776
1,2,2.567381e-05,1.74024227844,217.2312487011
1,2,2.502759e-05,4.69464279172,117.3198682202
1,2,2.506135e-05,1.74809205533,103.0927742186
1,2,2.128734e-05,0.28416516589,632.7837393132
1,2,1.842235e-05,3.99299720318,323.5054166574
1,2,1.22819e-05,0.42913693726,412.3710968744
1,2,8.04505e-06,3.35740687094,234.6397364404
1,2,7.96179e-06,1.09484072849,202.2533951741
1,2,5.44923e-06,5.78808648308,95.9792272178
1,2,7.32334e-06,3.86144567309,224.3447957019
1,2,4.40358e-06,3.59840290265,330.6189636582
1,2,4.26791e-06,1.00483231522,860.3099287528
1,2,3.92189e-06,0.6900670238,11.0457002639
1,2,4.40217e-06,4.62429695267,21.3406410024
1,2,4.03719e-06,2.95386471404,223.5940361765
1,2,3.99321e-06,2.21962287963,429.7795846137
1,2,3.67352e-06,3.30624278809,522.5774180938
1,2,3.32827e-06,0.00403898284,1066.49547719
1,2,3.0648e-06,4.44235835495,3.1813937377
1,2,3.53827e-06,2.08574838147,422.6660376129
1,2,2.72466e-06,3.00748164082,536.8045120954
1,2,3.82384e-06,5.31521149352,529.6909650946
1,2,2.77766e-06,3.99263414764,3.9321532631
1,2,2.66087e-06,1.10605005957,423.4167971383
1,2,2.44552e-06,1.81855172211,654.1243803156
1,2,2.52757e-06,5.58633314063,88.865680217
1,2,2.63461e-06,3.32945622126,124.433415221
1,2,1.98166e-06,1.75391782582,191.9584544356
1,2,1.92788e-06,2.35358142259,149.5631971346
1,2,2.23879e-06,2.03081321297,203.0041546995
1,2,1.94363e-06,2.64555552513,625.6701923124
1,2,1.60387e-06,3.30779240923,515.463871093
1,2,1.64989e-06,4.4593871392,742.9900605326
1,2,1.32687e-06,3.18963228913,302.164775655
1,2,1.71957e-06,1.26865256659,309.2783226558
1,2,1.1707e-06,2.50733253747,277.0349937414
1,2,1.05122e-06,4.21584969999,10.2949407385
1,2,1.23227e-06,3.28227189007,437.6438911399
1,2,1.24539e-06,2.95233255802,735.8765135318
1,2,9.3822e-07,3.96019060061,415.5524906121
1,2,9.4722e-07,1.91659373538,430.5303441391
1,2,8.3689e-07,2.7191414015,838.9692877504
1,2,8.2638e-07,2.55445861205,447.9388318784
1,2,8.0263e-07,4.5965670204,231.4583427027
1,2,9.9292e-07,0.1948858595,846.0828347512
1,2,6.8111e-07,2.06467676396,728.762966531
1,2,5.8325e-07,5.16302254216,18.1592472647
1,2,4.9407e-07,2.77048375568,543.9180590962
1,2,4.7763e-07,2.86136089141,831.8557407496
1,2,4.4407e-07,3.49489031748,195.1398481733
1,2,4.6269e-07,0.00721267106,408.4389436113
1,2,3.9788e-07,0.19276767111,1073.6090241908
1,2,4.4399e-07,3.6644393566,942.062061969
1,2,4.0117e-07,3.78886773763,618.5566453116
1,2,3.425e-07,1.53749032009,362.8622925726
1,2,2.9256e-07,4.45268167111,113.3877149571
1,2,3.9963e-07,1.19231439925,635.9651330509
1,2,3.6033e-07,0.17719563899,222.8603229936
1,2,3.0069e-07,5.33792974143,269.9214467406
1,2,3.0472e-07,5.98247335753,56.6223513026
1,2,3.3922e-07,2.1663814989,436.8931316145
1,2,3.6126e-07,4.6822790972,203.7378678824
1,2,3.7398e-07,2.14629677288,85.8272988312
1,2,3.4387e-07,1.38650218399,643.0786800517
1,2,3.194e-07,2.72057591859,337.732510659
1,2,2.6971e-07,2.72612032459,131.5469622218
1,2,2.7368e-07,2.04598732204,750.1036075334
1,2,2.9852e-07,5.52245298759,1279.794572628
1,2,2.7428e-07,2.69564562615,1155.361157407
1,2,2.4974e-07,2.01509072208,76.2660712756
1,2,2.3978e-07,5.72658252294,81.7521332162
1,2,2.8869e-07,4.16331591891,1059.3819301892
1,2,2.5348e-07,4.59248158354,483.2205421786
1,2,2.3209e-07,1.00054522408,867.4234757536
1,2,2.4253e-07,2.13310973122,70.8494453042
1,2,2.218e-07,1.6900534964,1045.1548361876
1,2,2.1018e-07,3.79760928662,160.6088973985
1,2,2.0693e-07,0.86918818398,288.0806940053
1,2,2.6561e-07,2.65829878676,1052.2683831884
1,2,2.0294e-07,2.15135194296,22.0914005278
1,2,1.9907e-07,4.59466677736,106.2741679563
1,2,2.0372e-07,2.57894069574,1148.2476104062
1,2,2.065e-07,2.97740334682,107.0249274817
1,2,1.9289e-07,0.5757193513,497.4476361802
1,2,2.0049e-07,4.2994146193,956.2891559706
1,2,1.8131e-07,2.87482499239,949.1756089698
1,2,2.0406e-07,1.27038102659,416.3032501375
1,2,1.5869e-07,0.47111865673,628.8515860501
1,2,1.5417e-07,3.16623537199,241.7532834412
1,2,1.9228e-07,3.46470845524,1258.4539316256
1,2,1.5274e-07,0.98168978226,265.9892934775
1,2,1.6208e-07,6.04835517486,344.7030453079
1,2,1.7094e-07,1.17789558213,63.7358983034
1,2,1.9673e-07,2.08584329643,200.7689224658
1,2,1.475e-07,4.02023803804,138.5174968707
1,2,1.861e-07,6.17356580287,142.4496501338
1,2,1.74e-07,2.80888774149,340.7708920448
1,2,1.8185e-07,2.80414739937,225.8292684102
1,2,1.7671e-07,3.74153777529,934.9485149682
1,2,1.3724e-07,2.11658793699,358.9301393095
1,2,1.3536e-07,6.03056178545,284.1485407422
1,2,1.8157e-07,2.62423050197,52.6901980395
1,2,1.3432e-07,4.5032997678,6290.1893969922
1,2,1.2937e-07,0.85990781123,181.0557665236
1,2,1.3012e-07,5.38330107399,191.2076949102
1,2,1.4609e-07,5.58397686905,490.3340891794
1,2,1.5756e-07,2.59168235746,650.9429865779
1,2,1.2424e-07,3.40358544133,295.0512286542
1,2,1.3121e-07,2.14481625328,6275.9623029906
1,2,1.2303e-07,3.76145869505,444.7574381407
1,2,1.262e-07,5.92668313028,10220.3990932118
1,2,1.1807e-07,0.06245578074,424.1505103212
1,2,1.3151e-07,3.75285664218,1375.7737998458
1,2,1.2327e-07,3.56818133002,10206.1719992102
1,2,1.237e-07,0.4572551826,405.2575498736
1,2,1.1299e-07,2.87991803497,350.3321196004
1,2,1.078e-07,4.25191295553,127.4717966068
1,2,1.1403e-07,2.50450346364,1471.7530270636
1,2,1.0714e-07,4.01666936812,245.5424243524
1,2,1.0231e-07,5.68395070282,703.6331846174
1,2,1.3693e-07,0.82029906057,636.7158925763
1,2,9.828e-08,6.01694251061,12.5301729722
1,2,1.1897e-07,3.52839576709,508.3503240922
1,2,9.302e-08,4.78562586259,9.5612275556
1,2,9.088e-08,2.27348136998,1464.6394800628
1,2,1.0108e-07,5.58543192996,235.3904959658
1,2,1.0079e-07,0.71634516078,351.8165923087
1,2,8.729e-08,1.4816646565,1361.5467058442
1,2,8.422e-08,1.74868225923,661.2379273164
1,2,7.887e-08,0.90663919997,565.1156877467
1,2,1.068e-07,4.78132423423,1162.4747044078
1,2,8.224e-08,3.539254682,5849.3641121146
1,2,7.907e-08,5.89704027369,5863.5912061162
1,2,7.278e-08,2.7059550293,404.5067903482
1,2,7.69e-08,4.96283444092,9779.5738083342
1,2,7.394e-08,1.03743923255,9793.8009023358
1,2,8.652e-08,3.18495082254,1574.8458012822
1,2,8.794e-08,3.46778208926,1251.3403846248
1,2,6.698e-08,5.8186582824,121.2520214833
1,2,6.938e-08,0.68217212931,208.633228992
1,2,6.402e-08,0.36178333362,313.2104759189
1,2,6.778e-08,1.06356800619,217.964961884
1,2,6.524e-08,5.34330917422,429.0458714308
1,2,6.83e-08,3.24159116011,1265.5674786264
1,2,8.708e-08,2.46136750998,1368.660252845
1,2,6.147e-08,2.24199774873,319.5732633943
1,2,8.399e-08,3.30728600269,6283.0758499914
1,2,7.759e-08,5.80608441219,621.7380390493
1,2,5.864e-08,2.48238256439,114.1384744825
1,2,7.803e-08,4.71886465463,10213.285546211
1,2,5.393e-08,6.27168925772,78.7137518304
1,2,5.49e-08,5.37820332227,347.8844390456
1,2,5.33e-08,0.02876795001,842.1506814881
1,2,6.053e-08,2.87275112758,230.7075831773
1,2,5.825e-08,3.57519970065,1692.1656695024
1,2,6.109e-08,5.1859147099,195.8906076987
1,2,6.18e-08,4.65823145266,5856.4776591154
1,2,4.574e-08,5.23062124474,436.1594184316
1,2,4.886e-08,2.04925295464,643.8294395771
1,2,4.771e-08,2.23510815062,99.9113804809
1,2,6.196e-08,4.51127953775,1478.8665740644
1,2,4.608e-08,1.9843329844,757.2171545342
1,2,5.775e-08,6.08213006176,9786.687355335
1,2,4.718e-08,2.29208330722,1788.1448967202
1,2,4.271e-08,4.02086430435,175.1660598002
1,2,4.204e-08,0.80177985689,576.1613880106
1,2,5.585e-08,1.17248277846,479.2883889155
1,2,4.241e-08,1.02185101303,289.5651667136
1,2,4.564e-08,3.05464344806,824.7421937488
1,2,4.157e-08,3.77906712975,398.1440028728
1,2,4.22e-08,2.0784113745,1781.0313497194
1,2,4.026e-08,0.69077662766,251.4321310758
1,2,4.026e-08,6.02989448816,710.7467316182
1,2,3.978e-08,1.2320245662,134.5853436076
1,2,3.849e-08,3.0000049458,98.8999885246
1,2,4.233e-08,5.52392629908,1272.6810256272
1,2,3.768e-08,0.27912645686,501.3797894433
1,2,4.06e-08,6.14592131253,120.358249606
1,2,4.811e-08,3.22144835793,1567.7322542814
1,2,4.436e-08,5.60117640002,9999.986450773
1,2,4.369e-08,4.18650514859,6069.7767545534
1,2,3.542e-08,0.63053476414,320.3240229197
1,2,3.32e-08,1.3034428988,1677.9385755008
1,2,4.195e-08,4.35216750323,333.657345044
1,2,4.387e-08,2.99277478849,1891.2376709388
1,2,3.275e-08,1.92414476769,166.828672522
1,2,3.574e-08,5.94779813906,156.6767441354
1,2,3.394e-08,3.09924988885,196.0336200506
1,2,3.533e-08,2.14645465127,114.3991069134
1,2,4.063e-08,3.20873890715,326.6868103951
1,2,3.816e-08,4.19418962192,611.4430983108
1,2,2.979e-08,1.23014225252,151.0476698429
1,2,3.909e-08,2.13168218024,1685.0521225016
1,2,3.741e-08,0.62287950834,849.2642284889
1,2,3.047e-08,1.79037600019,230.5645708254
1,2,2.819e-08,6.19576518658,431.264057322
1,2,2.815e-08,5.27911903476,414.0680179038
1,2,2.928e-08,2.32767067793,395.578702239
1,2,2.894e-08,6.25242559802,381.3516082374
1,2,3.376e-08,4.35324654268,1795.258443721
1,2,2.789e-08,4.59954924249,526.5095713569
1,2,2.805e-08,3.1184951995,259.769518354
1,2,2.798e-08,0.0733829989,129.9194771616
1,2,3.377e-08,1.60711929937,299.1263942692
1,2,2.698e-08,5.46428214658,1589.0728952838
1,2,2.848e-08,3.32164076256,721.6494195302
1,2,2.783e-08,5.69239153569,1286.9081196288
1,2,2.535e-08,5.30267830354,305.3461693927
1,2,2.513e-08,5.92254424615,343.2185725996
1,2,2.465e-08,1.10304225755,572.2292347475
1,2,3.42e-08,3.32155470803,1581.959348283
1,2,2.461e-08,3.95494769587,409.1897031367
1,2,2.58e-08,4.98676114859,1493.093668066
1,2,2.381e-08,4.67337216247,74.7815985673
1,2,2.53e-08,3.91187247053,696.5196376166
1,2,2.623e-08,3.23676219968,554.0699874828
1,2,2.367e-08,5.12852371777,59.8037450403
1,2,2.945e-08,2.15064158133,551.031606097
1,2,2.813e-08,5.66780576556,421.93232443
1,2,2.415e-08,4.57966213445,45.5766510387
1,2,2.353e-08,2.72341915306,1169.5882514086
1,2,2.32e-08,4.04967284998,519.3960243561
1,2,2.211e-08,3.66247626749,275.5505210331
1,2,2.219e-08,3.4242811609,188.0263011725
1,2,2.193e-08,4.11153715755,205.2223405907
1,2,2.193e-08,3.91968166263,221.3758502853
1,2,2.329e-08,2.42556084705,144.1465711632
1,2,2.162e-08,4.600328584,238.5718897035
1,2,2.149e-08,4.99715589626,916.9322800554
1,2,2.122e-08,0.0410443867,92.940845832
1,2,2.081e-08,4.93157740168,188.9200730498
1,2,2.175e-08,5.63002332525,432.2272651685
1,2,2.595e-08,3.40305728866,2008.557539159
1,2,2.581e-08,2.20662036464,2097.423219376
1,2,1.984e-08,4.73063860465,5643.1785636774
1,2,2.385e-08,5.70410580283,69.1525242748
1,2,2.53e-08,2.66181688163,2207.6295405954
1,2,2.555e-08,0.25549086562,229.9738699944
1,2,2.555e-08,1.49254264738,196.6243208816
1,2,2.066e-08,3.32994609833,2627.1141844706
1,2,2.226e-08,2.84564999814,1141.1340634054
1,2,2.39e-08,2.56947989325,6062.6632075526
1,2,2e-08,4.63224542281,32.2433289144
1,2,1.968e-08,5.88733808823,131.4039498699
1,2,1.941e-08,3.37602923994,373.9079928365
1,2,2.353e-08,1.38929393306,650.1922270525
1,2,1.818e-08,3.03949571304,120.5012619579
1,2,1.834e-08,6.09045185685,561.1835344836
1,2,2.193e-08,1.56009056549,207.1487562837
1,2,2.193e-08,0.18794294751,219.4494345923
1,2,2.038e-08,1.74690830633,2413.8150890326
1,2,1.794e-08,6.11943078449,9573.388259897
1,2,2.272e-08,6.07078324928,135.336103133
1,2,2.404e-08,3.85253728397,927.8349679674
1,2,1.787e-08,6.24123350695,237.6781178262
1,2,2.251e-08,1.83411449763,145.6310438715
1,2,1.819e-08,0.51111183004,220.4608265486
1,2,1.819e-08,1.23692168296,206.1373643274
1,2,1.781e-08,2.63674790157,116.4260963429
1,2,1.884e-08,4.95154067042,556.5176680376
1,2,1.855e-08,4.36894863492,2111.6503133776
1,2,1.775e-08,6.08377383987,3259.8979237838
1,2,2.39e-08,0.57829722827,856.3777754897
1,2,1.749e-08,6.09665041146,417.0369633204
1,2,1.826e-08,1.86446006635,344.8460576598
1,2,1.811e-08,1.03035050506,570.7447620392
1,2,1.742e-08,5.37462069176,425.6349830295
1,2,1.971e-08,2.58560125016,1457.525933062
1,2,2.261e-08,3.11062462322,421.1815649046
1,2,1.691e-08,2.43995589654,455.0523788792
1,2,2.031e-08,2.29508293823,92.0470739547
1,2,1.703e-08,2.82714873836,427.5613987225
1,2,1.764e-08,2.79871920143,186.472392495
1,2,1.746e-08,3.36116416919,898.7730327907
1,2,2.282e-08,2.04372303495,439.1283638482
1,2,1.793e-08,5.82146283335,913.0001267923
1,2,1.639e-08,3.52013201939,2641.3412784722
1,2,1.651e-08,4.58235804409,546.956440482
1,2,1.869e-08,2.38958346848,3597.6304344428
1,2,1.597e-08,5.72930431899,280.9671470045
1,2,1.959e-08,2.68901201458,732.6951197941
1,2,1.737e-08,1.74570627953,167.7224443993
1,2,2.134e-08,2.95468156383,173.9422195228
1,2,1.946e-08,2.15176891932,2420.9286360334
1,2,1.581e-08,2.31500508773,258.8757464767
1,2,1.863e-08,2.20927715172,2104.5367663768
1,2,1.819e-08,4.43470604008,206.233732547
1,2,1.819e-08,3.5965127801,220.364458329
1,2,1.527e-08,3.04717303366,273.1028404783
1,2,1.709e-08,5.2872606403,81.8951455681
1,2,1.463e-08,0.4355658714,298.2326223919
1,2,1.894e-08,2.99138630157,1898.3512179396
1,2,1.895e-08,5.0473045265,291.262087743
1,2,1.546e-08,2.47057043174,739.8086667949
1,2,1.887e-08,2.94443665997,1884.124123938
1,2,1.423e-08,0.84203295561,201.5196819912
1,2,1.423e-08,0.90600055739,225.0785088848
1,2,1.491e-08,2.09090630362,240.125798381
1,2,1.913e-08,1.64596708222,295.1942410061
1,2,1.359e-08,1.56962491127,963.4027029714
1,2,1.39e-08,3.73504189572,731.9443602687
1,2,1.553e-08,0.23610855161,685.4739373527
1,2,1.352e-08,5.53246920435,5429.8794682394
1,2,1.323e-08,2.98882008525,980.6681783588
1,2,1.391e-08,3.35589924867,617.8058857862
1,2,1.33e-08,6.16179285989,3576.2897934404
1,2,1.414e-08,6.21368674613,1371.8416465827
1,2,1.7e-08,6.21800543945,563.6312150384
1,2,1.299e-08,3.53363256309,767.3690829208
1,2,1.674e-08,2.00015752559,2001.4439921582
1,2,1.372e-08,5.88560479169,532.8723588323
1,2,1.259e-08,0.96011598153,850.0149880143
1,2,1.305e-08,1.37120991188,1994.3304451574
1,2,1.321e-08,4.37658999115,28.4541880032
1,2,1.379e-08,2.12052572095,2737.32050569
1,2,1.328e-08,2.58956206405,214.2623032845
1,2,1.328e-08,5.44165675613,212.3358875915
1,2,1.579e-08,3.34736370728,2324.9494088156
1,2,1.231e-08,4.50009391302,3178.1457905676
1,2,1.246e-08,0.67281854122,9360.089164459
1,2,1.219e-08,1.29311240207,945.9942152321
1,2,1.269e-08,3.22552060147,327.4375699205
1,2,1.664e-08,1.9323756059,252.6559713532
1,2,1.384e-08,2.21441962019,2524.021410252
1,2,1.544e-08,2.44379787028,1049.0869894507
1,2,1.268e-08,3.89702349681,472.1748419147
1,2,1.191e-08,2.1150080597,153.4953503977
1,2,1.404e-08,2.81178679147,312.4597163935
1,2,1.46e-08,1.98205310382,699.7010313543
1,2,1.222e-08,5.71175018863,213.3472795478
1,2,1.222e-08,2.31946863155,213.2509113282
1,2,1.167e-08,4.59358372111,193.655375465
1,2,1.167e-08,3.43763509907,232.942815411
1,2,1.163e-08,0.23385034682,148.0787244263
1,2,1.407e-08,3.99762884497,9992.8729037722
1,2,1.28e-08,0.87484258071,4120.2078525366
1,2,1.134e-08,1.53044808941,525.4981794006
1,2,1.336e-08,4.87465823527,1905.4647649404
1,2,1.148e-08,1.30512021279,1596.1864422846
1,2,1.155e-08,5.90518396544,67.6680515665
1,2,1.122e-08,4.02938519202,128.3655684841
1,2,1.305e-08,3.82342312832,96.8729990951
1,2,1.321e-08,0.98022217092,355.7487455718
1,2,1.105e-08,3.19584194807,1038.0412891868
1,2,1.431e-08,3.57196787982,1244.226837624
1,2,1.322e-08,6.14235561079,4216.1870797544
1,2,1.068e-08,5.90398865331,3892.681663097
1,2,1.346e-08,1.90158806441,2406.7015420318
1,2,1.154e-08,3.56014472151,184.8449074348
1,2,1.11e-08,1.17830763748,4017.115078318
1,2,1.288e-08,2.24776349764,629.6023455755
1,2,1.023e-08,4.46536500836,5636.0650166766
1,2,1.012e-08,3.59569868907,211.6021744086
1,2,1.012e-08,4.43552013111,214.9960164674
1,2,1.32e-08,5.94097955621,2964.8466951296
1,2,9.97e-09,6.16867640374,776.9303104764
1,2,1.175e-08,1.53687242309,2730.2069586892
1,2,1.377e-08,2.53741878844,1773.9178027186
1,2,1.124e-08,2.19052206601,3914.0223040994
1,2,1.193e-08,5.67235253062,4113.0943055358
1,2,1.237e-08,2.82498813081,2193.4024465938
1,2,1.196e-08,1.80112488667,2317.8358618148
1,2,9.54e-09,3.08188516695,206.706813299
1,2,9.54e-09,4.94933365323,219.891377577
1,2,9.52e-09,2.26143146849,1912.5783119412
1,2,1.022e-08,0.15232062073,3583.4033404412
1,2,9.73e-09,1.56107465656,181.806526049
1,2,9.73e-09,3.32855151003,244.791664827
1,2,1.3e-08,3.26495224133,835.7878940127
1,2,1.249e-08,2.51786044665,2516.9078632512
1,2,1.088e-08,3.9035789259,2428.0421830342
1,2,9.29e-09,0.45989104164,1475.6851803267
1,2,9.56e-09,2.56594245315,312.1990839626
1,2,9.53e-09,4.3629887293,3494.5376602242
1,2,1.186e-08,0.16724602956,3899.7952100978
1,2,1.062e-08,5.98827376052,4209.0735327536
1,2,9.86e-09,3.70856598989,3487.4241132234
1,2,9.17e-09,1.25571195126,601.7642506762
1,2,1.066e-08,0.73008144677,3686.4961146598
1,2,9.09e-09,1.10532095217,3149.6916025644
1,2,1.103e-08,1.66926766813,1262.3860848887
1,2,9.99e-09,5.63756377401,171.6545976624
1,2,1.02e-08,3.0270239671,2200.5159935946
1,2,1.082e-08,1.14306307216,1382.8873468466
1,2,9.48e-09,5.3988174049,1809.4855377226
1,2,8.98e-09,5.87496744199,9566.2747128962
1,2,1.003e-08,2.89316477102,60.7669528868
1,2,1.048e-08,1.72895083338,3053.7123753466
1,2,8.78e-09,4.79905755156,4422.3726281916
1,2,8.83e-09,1.95148255924,2936.3925071264
1,2,9.2e-09,3.26816711188,458.8415197904
1,2,1.034e-08,2.00213945097,2840.4132799086
1,2,1.1e-08,5.41378028474,3267.0114707846
1,2,8.61e-09,0.3178076101,2943.5060541272
1,2,8.69e-09,5.85449793979,92.7978334801
1,2,9.23e-09,0.50147958719,731.6837278378
1,2,8.52e-09,6.02200914086,835.0371344873
1,2,1.019e-08,5.16657224921,558.0021407459
1,2,9.72e-09,5.47637157482,254.9435932136
1,2,9.08e-09,2.87474888027,745.9108218394
1,2,8.51e-09,3.39345244102,2957.7331481288
1,2,9.01e-09,1.75381864225,823.9914342234
1,2,8.85e-09,5.04038096483,1037.2905296614
1,2,8.28e-09,6.15073321813,60.5545045657
1,2,9.06e-09,4.8971520567,905.8865797915
1,2,8.25e-09,3.03654698989,99.1606209555
1,2,8.71e-09,2.37191353961,137.0330241624
1,2,9.44e-09,1.27319885318,1051.517623663
1,2,8.62e-09,3.15782546881,397.3932433474
1,2,8.07e-09,5.36535950366,3067.9394693482
1,2,1.11e-08,3.19832395458,739.0579072695
1,2,1.085e-08,0.07341193511,1176.7017984094
1,2,1.008e-08,3.63001056867,203.2647871304
1,2,1.008e-08,4.40120825151,223.3334037456
1,2,7.91e-09,2.01279017523,201.9927627432
1,2,7.91e-09,6.01842864495,224.6054281328
1,2,8.43e-09,4.81860966681,411.620337349
1,2,8.7e-09,5.83539286646,2648.454825473
1,2,9.48e-09,1.68350455637,215.7467759928
1,2,1.076e-08,1.39032879017,3789.5888888784
1,2,7.64e-09,1.39589682354,84.9335269539
1,2,8.93e-09,6.04799393738,1802.3719907218
1,2,9.34e-09,2.01855627131,2833.2997329078
1,2,1.041e-08,3.28284201181,1560.6187072806
1,2,8.85e-09,5.4030047828,4326.3934009738
1,2,8.32e-09,5.94730006536,4223.3006267552
1,2,9.62e-09,5.33472317723,214.0498549634
1,2,9.62e-09,2.69649564295,212.5483359126
1,2,1.061e-08,3.91087935079,525.7588118315
1,2,7.51e-09,6.13617466887,3569.1762464396
1,2,7.44e-09,4.65729515884,278.5194664497
1,2,7.42e-09,4.70968645148,1119.1856752295
1,2,7.71e-09,5.80442543136,831.1049812242
1,2,7.59e-09,0.08689720924,778.4147831847
1,2,7.71e-09,1.93743302083,305.0855369618
1,2,7.44e-09,0.57331346787,504.561183181
1,2,7.26e-09,4.61903728311,2861.753920911
1,2,8.7e-09,2.38183712961,1056.2005364515
1,2,7.46e-09,0.23181387281,1080.7225711916
1,2,8.29e-09,4.76086686294,714.5358725294
1,2,9.54e-09,2.58974255609,205.6642835754
1,2,9.54e-09,5.44147626409,220.9339073006
1,2,9.07e-09,2.9120277668,2214.7430875962
1,2,9.11e-09,1.32688747464,3362.9906980024
1,2,8.96e-09,0.81358229052,1699.2792165032
1,2,8.23e-09,4.36594388653,2538.2485042536
1,2,7.15e-09,1.89070101229,760.25553592
1,2,9.42e-09,2.09563260663,953.1077622329
1,2,6.99e-09,0.89798477775,3466.083472221
1,2,7.04e-09,5.13636089217,306.0969289181
1,2,6.93e-09,5.51319068716,637.4496057592
1,2,7.32e-09,0.46520796438,172.2452984934
1,2,7.32e-09,4.42441820221,254.3528923826
1,2,9.45e-09,1.12211376563,388.4651552382
1,2,8.65e-09,2.55550857107,2509.7943162504
1,2,8.74e-09,2.39287375587,2090.3096723752
1,2,8.07e-09,4.61318661936,2221.856634597
1,2,6.86e-09,4.49678432054,2854.6403739102
1,2,7.85e-09,0.63645876992,4436.5997221932
1,2,7.16e-09,0.31353354367,3796.7024358792
1,2,7.14e-09,4.03037145569,3171.0322435668
1,3,0.00077093916,2.97714400003,206.1855484372
1,3,0.00075318954,1.89208004954,220.4126424388
1,3,0.00018448888,3.14159265359,0.0
1,3,0.00010524182,0.66368351849,426.598190876
1,3,8.992383e-05,0.91696888396,433.7117378768
1,3,7.401493e-05,1.78627385772,227.5261894396
1,3,8.043886e-05,3.12863814419,7.1135470008
1,3,4.503883e-05,2.24531651241,419.4846438752
1,3,3.467011e-05,3.14591173603,199.0720014364
1,3,2.973756e-05,6.00031256382,639.897286314
1,3,2.341707e-05,3.06091721419,14.2270940016
1,3,1.230371e-05,4.38195871546,213.299095438
1,3,1.023597e-05,0.01138890289,647.0108333148
1,3,7.88314e-06,0.89850306907,440.8252848776
1,3,8.06115e-06,1.28205827389,216.4804891757
1,3,7.68511e-06,3.61309275908,210.1177017003
1,3,3.84249e-06,3.06233558203,117.3198682202
1,3,4.31624e-06,3.77909555661,110.2063212194
1,3,4.56158e-06,5.14235391148,853.196381752
1,3,3.23749e-06,1.6513598609,234.6397364404
1,3,2.79312e-06,2.09194739376,412.3710968744
1,3,2.42325e-06,3.37263291828,103.0927742186
1,3,1.9482e-06,0.79561075453,316.3918696566
1,3,1.97473e-06,2.29502750567,632.7837393132
1,3,1.53539e-06,2.32058023635,323.5054166574
1,3,1.5389e-06,2.88170193491,21.3406410024
1,3,1.2521e-06,1.45557479064,209.3669421749
1,3,1.1276e-06,3.40679000015,217.2312487011
1,3,1.11243e-06,5.41745722736,860.3099287528
1,3,1.1454e-06,1.16490445103,223.5940361765
1,3,8.5309e-07,1.89280411727,330.6189636582
1,3,8.5135e-07,0.03375816593,654.1243803156
1,3,7.7939e-07,1.5601059802,124.433415221
1,3,7.8231e-07,3.42914597013,191.9584544356
1,3,7.413e-07,1.42392750477,95.9792272178
1,3,6.8142e-07,0.98387434301,88.865680217
1,3,8.7336e-07,0.36956268263,429.7795846137
1,3,5.5815e-07,3.14406432672,202.2533951741
1,3,5.2827e-07,1.73408996046,224.3447957019
1,3,5.7443e-07,3.03043444004,309.2783226558
1,3,5.7492e-07,3.84782364103,203.0041546995
1,3,5.617e-07,4.32610077535,1066.49547719
1,3,3.671e-07,0.80403065388,447.9388318784
1,3,4.3368e-07,0.21492345016,422.6660376129
1,3,3.8392e-07,4.6179398161,302.164775655
1,3,3.2639e-07,1.27284006674,536.8045120954
1,3,2.6301e-07,5.33628294545,3.9321532631
1,3,3.2662e-07,5.10912315942,515.463871093
1,3,3.4539e-07,4.06711162584,625.6701923124
1,3,2.7097e-07,3.52898530668,423.4167971383
1,3,3.274e-07,5.24464525755,522.5774180938
1,3,1.8273e-07,5.52009626612,11.0457002639
1,3,1.7384e-07,2.604873892,742.9900605326
1,3,1.6214e-07,5.33895191945,195.1398481733
1,3,1.246e-07,1.13917234752,437.6438911399
1,3,1.1566e-07,0.99542094843,543.9180590962
1,3,1.04e-07,0.86968337094,337.732510659
1,3,9.842e-08,3.125253121,529.6909650946
1,3,9.56e-08,3.90950620405,728.762966531
1,3,1.1351e-07,4.59214972522,1073.6090241908
1,3,9.345e-08,2.60381362406,846.0828347512
1,3,9.883e-08,0.96970461885,131.5469622218
1,3,1.1913e-07,0.32742179509,436.8931316145
1,3,8.885e-08,1.24775346326,81.7521332162
1,3,9.563e-08,5.37444374475,618.5566453116
1,3,8.801e-08,4.62317354759,831.8557407496
1,3,8.329e-08,5.47343196835,867.4234757536
1,3,7.557e-08,0.67492634194,149.5631971346
1,3,8.632e-08,5.79859457484,643.0786800517
1,3,7.108e-08,5.64575177409,635.9651330509
1,3,6.933e-08,2.65057981825,231.4583427027
1,3,6.264e-08,4.4109354756,838.9692877504
1,3,6.025e-08,0.88008570151,269.9214467406
1,3,6.551e-08,2.06592655725,408.4389436113
1,3,5.426e-08,1.51764548237,241.7532834412
1,3,6.969e-08,2.96839894235,18.1592472647
1,3,4.98e-08,3.99676471147,277.0349937414
1,3,6.072e-08,4.85052454022,430.5303441391
1,3,6.351e-08,4.65670685339,735.8765135318
1,3,5.092e-08,5.42295850402,415.5524906121
1,3,4.853e-08,1.41484953432,56.6223513026
1,3,4.788e-08,5.23457916974,416.3032501375
1,3,5.822e-08,3.52591886185,1279.794572628
1,3,4.502e-08,5.18072695308,295.0512286542
1,3,4.827e-08,2.39418231864,1059.3819301892
1,3,4.162e-08,2.57897558009,405.2575498736
1,3,4.047e-08,0.05586072894,483.2205421786
1,3,3.761e-08,0.20298402131,184.8449074348
1,3,4.267e-08,0.15673436136,750.1036075334
1,3,3.758e-08,6.26818424862,661.2379273164
1,3,3.444e-08,0.42308482121,70.8494453042
1,3,4.356e-08,5.28542650706,508.3503240922
1,3,3.055e-08,3.54993071464,1045.1548361876
1,3,4.02e-08,5.3926350781,942.062061969
1,3,3.963e-08,4.65894685562,1148.2476104062
1,3,2.777e-08,5.36220250966,398.1440028728
1,3,3.496e-08,5.46796158814,934.9485149682
1,3,2.632e-08,5.25668667268,497.4476361802
1,3,3.141e-08,2.37254962656,113.3877149571
1,3,2.985e-08,4.24271370111,1464.6394800628
1,3,2.624e-08,5.92774700876,362.8622925726
1,3,2.819e-08,2.37526855634,106.2741679563
1,3,2.182e-08,0.02759628247,85.8272988312
1,3,2.279e-08,5.92066831454,611.4430983108
1,3,1.975e-08,2.38286785833,10.2949407385
1,3,2.39e-08,5.35249244244,2111.6503133776
1,3,1.947e-08,0.29299091741,650.9429865779
1,3,2.67e-08,0.63080955086,195.8906076987
1,3,2.67e-08,1.11722396214,230.7075831773
1,3,2.109e-08,2.18754318252,1375.7737998458
1,3,2.172e-08,4.72482235976,824.7421937488
1,3,1.881e-08,1.51688147809,344.7030453079
1,3,1.803e-08,1.85139236464,191.2076949102
1,3,2.064e-08,3.7341369057,636.7158925763
1,3,1.731e-08,4.25636556249,107.0249274817
1,3,2.012e-08,5.61258183662,927.8349679674
1,3,2.174e-08,3.60856902528,2001.4439921582
1,3,1.894e-08,3.17747534562,2634.2277314714
1,3,1.623e-08,5.85709468849,1596.1864422846
1,3,1.568e-08,3.03962450731,235.3904959658
1,3,1.62e-08,3.59260179724,1354.4331588434
1,3,2.086e-08,1.63830662169,444.7574381407
1,3,1.666e-08,1.70122243075,1877.0105769372
1,3,1.534e-08,2.96438152675,2531.1349572528
1,3,1.478e-08,2.77571041612,6290.1893969922
1,3,1.478e-08,5.26637302788,5849.3641121146
1,3,1.581e-08,3.3392712287,1670.8250285
1,3,1.463e-08,4.17961291276,5863.5912061162
1,3,1.463e-08,3.86247051274,6275.9623029906
1,3,1.458e-08,5.0055787328,1471.7530270636
1,3,1.8e-08,2.33402657895,1692.1656695024
1,3,1.703e-08,5.31204896749,1251.3403846248
1,3,1.486e-08,2.79422230211,956.2891559706
1,3,1.712e-08,3.37615479427,2317.8358618148
1,3,1.611e-08,4.98780035976,1155.361157407
1,3,1.461e-08,4.49945803797,284.1485407422
1,3,1.422e-08,1.45443687756,3156.8051495652
1,3,1.703e-08,4.03248419286,1781.0313497194
1,3,1.826e-08,5.18757361092,1258.4539316256
1,3,1.71e-08,0.91014674347,2118.7638603784
1,3,1.784e-08,4.50423670731,2641.3412784722
1,3,1.464e-08,5.14309710649,1567.7322542814
1,3,1.401e-08,1.88642781204,142.4496501338
1,3,1.343e-08,0.92628967169,721.6494195302
1,3,1.291e-08,3.37888350174,2214.7430875962
1,3,1.35e-08,4.32908573183,2104.5367663768
1,3,1.418e-08,4.89635131851,1891.2376709388
1,3,1.378e-08,5.33317515837,1244.226837624
1,3,1.169e-08,3.51844208566,1038.0412891868
1,3,1.193e-08,2.35328043754,208.633228992
1,3,1.193e-08,5.67793838264,217.964961884
1,3,1.171e-08,1.32912096461,67.6680515665
1,3,1.448e-08,4.76381158065,1574.8458012822
1,3,1.479e-08,2.71782422593,2943.5060541272
1,3,1.218e-08,4.64137100804,1802.3719907218
1,3,1.258e-08,3.13376191836,1987.2168981566
1,3,1.12e-08,2.20237394974,2221.856634597
1,3,1.489e-08,4.90352954971,99.9113804809
1,3,1.423e-08,0.20348614524,2751.5475996916
1,3,1.287e-08,2.87033036762,2950.619601128
1,3,1.366e-08,1.50720012516,160.6088973985
1,3,1.404e-08,4.60280002051,1141.1340634054
1,3,1.271e-08,3.84978015419,2516.9078632512
1,3,1.043e-08,3.94888443244,156.6767441354
1,3,1.353e-08,1.63971328596,2332.0629558164
1,3,1.107e-08,4.52250002071,1788.1448967202
1,3,1.03e-08,3.14179566095,1272.6810256272
1,3,1.267e-08,3.23903356397,2730.2069586892
1,3,9.83e-09,3.57873923658,2538.2485042536
1,3,9.47e-09,1.10602398935,2737.32050569
1,3,9.43e-09,1.43059281636,1265.5674786264
1,3,9.59e-09,2.81080821378,3.1813937377
1,3,9.34e-09,2.85061816635,2847.5268269094
1,3,1.217e-08,0.61048663699,2435.155730035
1,3,1.065e-08,3.11668462648,2627.1141844706
1,3,1.037e-08,5.05773255871,1560.6187072806
1,3,8.92e-09,4.8707294155,340.7708920448
1,3,1.159e-08,4.05810519039,1773.9178027186
1,3,8.9e-09,0.42201287054,358.9301393095
1,3,9.11e-09,4.63172396818,52.6901980395
1,3,1.141e-08,4.36531176294,2200.5159935946
1,3,8.69e-09,1.7435685832,621.7380390493
1,3,8.74e-09,3.20030615211,313.2104759189
1,3,1.076e-08,4.65549790926,2310.722314814
1,3,9.15e-09,3.95150791665,2413.8150890326
1,3,8.86e-09,4.98162541052,1884.124123938
1,3,8.26e-09,0.12226241024,2854.6403739102
1,3,9.31e-09,4.58138300754,2207.6295405954
1,3,1.022e-08,2.73879142256,1795.258443721
1,3,8.29e-09,1.23001925045,3473.1970192218
1,3,7.8e-09,5.40530203824,288.0806940053
1,3,7.8e-09,5.76750943553,138.5174968707
1,3,8.01e-09,4.12442591018,2420.9286360334
1,3,1.048e-08,5.42341780494,1699.2792165032
1,3,9.8e-09,3.38242345124,265.9892934775
1,3,7.61e-09,5.11274182251,628.8515860501
1,3,8.29e-09,4.46319631894,1382.8873468466
1,3,7.59e-09,4.24719590767,1589.0728952838
1,3,1.036e-08,1.92150632612,2008.557539159
1,3,1.004e-08,3.82519737724,2097.423219376
1,3,8.59e-09,6.09743195511,1169.5882514086
1,3,1.023e-08,3.1635416575,1162.4747044078
1,3,7.49e-09,3.65032166516,1809.4855377226
1,3,1.025e-08,1.41031425038,2648.454825473
1,3,9.7e-09,2.42137255057,3259.8979237838
1,3,9.69e-09,4.11891057273,2524.021410252
1,3,7.6e-09,3.53245128537,1361.5467058442
1,3,7.27e-09,2.50277330889,245.5424243524
1,3,7.27e-09,2.3868528577,181.0557665236
1,3,8.06e-09,4.44964273062,1912.5783119412
1,3,6.99e-09,0.41079818318,9779.5738083342
1,3,6.99e-09,4.19500442256,10220.3990932118
1,3,7.12e-09,0.8312822561,3149.6916025644
1,3,9.43e-09,4.3786582438,1457.525933062
1,4,7.957649e-05,4.70523623227,206.1855484372
1,4,7.834416e-05,0.13981692944,220.4126424388
1,4,1.510766e-05,0.06561562614,227.5261894396
1,4,1.222718e-05,5.41618706626,433.7117378768
1,4,7.02578e-06,4.84942343584,199.0720014364
1,4,8.61569e-06,0.0,0.0
1,4,5.50606e-06,1.37376296077,7.1135470008
1,4,3.53954e-06,4.14510701125,419.4846438752
1,4,3.86476e-06,1.33814676867,14.2270940016
1,4,3.86632e-06,5.00698289959,426.598190876
1,4,1.85617e-06,5.43394463245,440.8252848776
1,4,2.08917e-06,4.14160968677,639.897286314
1,4,1.71842e-06,4.4745363058,647.0108333148
1,4,1.07628e-06,3.12066785242,213.299095438
1,4,8.5501e-07,6.19913432948,234.6397364404
1,4,4.4565e-07,1.37919223618,117.3198682202
1,4,4.6688e-07,3.24488292928,853.196381752
1,4,4.0674e-07,3.84264604432,412.3710968744
1,4,3.1426e-07,1.10512966038,21.3406410024
1,4,2.2585e-07,4.54572472226,654.1243803156
1,4,2.3455e-07,1.8222105771,110.2063212194
1,4,2.21e-07,4.99442974326,103.0927742186
1,4,1.6781e-07,5.95845772756,124.433415221
1,4,2.1614e-07,3.57669133452,860.3099287528
1,4,1.3266e-07,2.62546406286,88.865680217
1,4,1.1159e-07,0.51449343376,323.5054166574
1,4,1.2055e-07,5.31554479919,447.9388318784
1,4,1.168e-07,0.07071555888,330.6189636582
1,4,1.2768e-07,4.29259283212,632.7837393132
1,4,9.454e-08,4.97949666878,309.2783226558
1,4,1.1615e-07,5.48666645223,191.9584544356
1,4,8.176e-08,4.69579306758,429.7795846137
1,4,8.183e-08,6.25637069378,302.164775655
1,4,7.648e-08,2.49809540273,1066.49547719
1,4,7.244e-08,2.45154966599,316.3918696566
1,4,7.122e-08,3.48320485477,95.9792272178
1,4,6.842e-08,2.21058521494,203.0041546995
1,4,6.721e-08,5.82034927641,223.5940361765
1,4,5.567e-08,0.74140224137,515.463871093
1,4,6.054e-08,5.76677297417,625.6701923124
1,4,3.706e-08,0.91070583014,423.4167971383
1,4,4.566e-08,2.33336636359,210.1177017003
1,4,3.547e-08,0.88269270613,522.5774180938
1,4,3.481e-08,0.40766895755,405.2575498736
1,4,4.122e-08,5.75056217441,216.4804891757
1,4,2.952e-08,5.70948811764,536.8045120954
1,4,2.914e-08,4.78578940892,422.6660376129
1,4,2.709e-08,0.47869910745,831.8557407496
1,4,2.717e-08,5.35928319999,131.5469622218
1,4,2.555e-08,4.65503946246,337.732510659
1,4,1.782e-08,1.94963952968,184.8449074348
1,4,1.782e-08,6.0815792905,241.7532834412
1,4,1.647e-08,4.69494400206,529.6909650946
1,4,1.607e-08,4.53781851011,611.4430983108
1,4,1.671e-08,5.8234739921,728.762966531
1,4,1.832e-08,1.0574832081,618.5566453116
1,4,1.378e-08,4.60357847531,1258.4539316256
1,4,1.362e-08,0.24349155164,295.0512286542
1,4,1.424e-08,1.29921978517,1361.5467058442
1,4,1.354e-08,0.56585154017,1052.2683831884
1,4,1.527e-08,0.16925157947,742.9900605326
1,4,1.385e-08,1.03348225034,934.9485149682
1,4,1.276e-08,5.27451478451,209.3669421749
1,4,1.31e-08,2.66710126916,217.2312487011
1,4,1.646e-08,0.97572157001,195.1398481733
1,4,1.646e-08,0.77231194299,231.4583427027
1,4,1.321e-08,4.31463392663,1891.2376709388
1,4,1.22e-08,5.77693859261,1677.9385755008
1,4,1.161e-08,6.07080345095,81.7521332162
1,4,1.326e-08,0.08306524701,735.8765135318
1,4,1.356e-08,5.89043928703,1464.6394800628
1,4,1.109e-08,1.13447786805,942.062061969
1,4,1.079e-08,6.04021301968,1368.660252845
1,4,1.36e-08,0.43595823048,1251.3403846248
1,4,9.7e-09,4.35782627482,1574.8458012822
1,4,1.04e-08,6.10739546703,1148.2476104062
1,4,1.058e-08,1.60073627875,750.1036075334
1,4,8.15e-09,3.68677231115,1884.124123938
1,4,9.63e-09,0.31543671592,508.3503240922
1,4,8.72e-09,5.40584490574,1994.3304451574
1,4,8.59e-09,1.14491409094,416.3032501375
1,4,8.62e-09,4.75102573016,436.8931316145
1,4,8.69e-09,4.08394538076,2207.6295405954
1,4,7.91e-09,0.48772914294,1375.7737998458
1,4,6.99e-09,6.11938930504,1272.6810256272
1,4,7.11e-09,3.95347589074,838.9692877504
1,4,6.84e-09,5.09702256485,661.2379273164
1,5,5.89081e-06,0.13910544483,206.1855484372
1,5,5.85706e-06,4.66559223624,220.4126424388
1,5,2.25585e-06,4.60652710308,227.5261894396
1,5,1.30928e-06,3.62464025902,433.7117378768
1,5,9.6655e-07,0.2721100815,199.0720014364
1,5,3.9234e-07,5.89958047262,14.2270940016
1,5,3.4028e-07,3.65602602826,440.8252848776
1,5,2.2888e-07,2.66308397652,647.0108333148
1,5,1.3217e-07,0.45062200345,419.4846438752
1,5,1.1098e-07,2.29053445238,639.897286314
1,5,1.0309e-07,4.51687321997,234.6397364404
1,5,8.618e-08,3.52496812983,191.9584544356
1,5,7.232e-08,2.35670723669,426.598190876
1,5,4.57e-08,4.45812627425,88.865680217
1,5,3.952e-08,2.26696519317,405.2575498736
1,5,4.374e-08,2.76511551481,654.1243803156
1,5,3.345e-08,0.57732318208,302.164775655
1,5,3.33e-08,1.41526603487,853.196381752
1,5,3.423e-08,0.55242036551,213.299095438
1,5,3.257e-08,2.01504712067,7.1135470008
1,5,3.259e-08,3.89966347218,124.433415221
1,5,2.6e-08,5.88861526835,110.2063212194
1,5,2.678e-08,1.74968775976,860.3099287528
1,5,2.293e-08,3.33163799546,515.463871093
1,5,2.138e-08,3.58678888073,447.9388318784
1,5,1.434e-08,1.5296246459,309.2783226558
1,5,1.179e-08,5.61835587452,117.3198682202
1,5,9.84e-09,3.95579224093,203.0041546995
1,5,9.84e-09,4.07542657925,223.5940361765
1,5,7.79e-09,2.12929707069,330.6189636582
1,5,7.83e-09,3.19520562324,522.5774180938
2,0,9.52714696877,5.58600556072,213.299095438
2,0,0.79354119271,3.14159265359,0.0
2,0,0.26434197609,4.83528742856,426.598190876
2,0,0.06914690347,2.55279029588,206.1855484372
2,0,0.066316792,5.46258849076,220.4126424388
2,0,0.02345226948,0.44652393276,7.1135470008
2,0,0.01183557497,1.34637027573,419.4846438752
2,0,0.012455238,0.60375781288,110.2063212194
2,0,0.01098442011,4.08609387384,639.897286314
2,0,0.00700636234,1.13613024684,316.3918696566
2,0,0.00373221824,4.71309283502,433.7117378768
2,0,0.00335413797,0.66392970394,103.0927742186
2,0,0.00149675444,0.59938943096,38.1330356378
2,0,0.00097829309,5.7286091022,323.5054166574
2,0,0.00080377512,1.51715226439,529.6909650946
2,0,0.00080576954,4.05258308529,11.0457002639
2,0,0.00083875875,5.33204068233,227.5261894396
2,0,0.00070138439,5.59777958177,209.3669421749
2,0,0.00065919181,1.25972156533,202.2533951741
2,0,0.00071069917,0.88882645933,632.7837393132
2,0,0.00068966168,2.44460285922,217.2312487011
2,0,0.00058391222,0.58871774298,224.3447957019
2,0,0.00054033488,3.33755971377,853.196381752
2,0,0.00058932599,0.76188426024,74.7815985673
2,0,0.00045783362,0.30331816441,14.2270940016
2,0,0.00041964833,2.62589505876,199.0720014364
2,0,0.00044692371,0.90600229248,63.7358983034
2,0,0.0002519238,5.08963506546,216.4804891757
2,0,0.000246338,2.95445207628,210.1177017003
2,0,0.00024828004,4.02630021779,415.5524906121
2,0,0.00025539506,0.06636302741,117.3198682202
2,0,0.0002967171,6.09960421165,735.8765135318
2,0,0.00023390138,3.96337860167,647.0108333148
2,0,0.00020506212,1.05154502619,522.5774180938
2,0,0.00020269405,2.34321183269,309.2783226558
2,0,0.00023261688,4.81745174067,149.5631971346
2,0,0.00015379504,3.1022791367,277.0349937414
2,0,0.00012419205,2.6255814302,490.3340891794
2,0,0.00012044624,4.09265940857,351.8165923087
2,0,9.544823e-05,3.48777857215,95.9792272178
2,0,7.657437e-05,1.16709831318,742.9900605326
2,0,6.918461e-05,1.17089073634,412.3710968744
2,0,9.006036e-05,5.87854541021,1052.2683831884
2,0,6.536938e-05,0.84256190288,838.9692877504
2,0,6.080448e-05,4.58758307965,440.8252848776
2,0,6.221723e-05,5.03120156259,536.8045120954
2,0,4.987241e-05,0.92163133661,846.0828347512
2,0,5.200364e-05,2.97482811217,210.8514148832
2,0,5.155105e-05,5.05796992379,215.7467759928
2,0,3.791258e-05,4.41806594234,422.6660376129
2,0,3.879403e-05,3.38065334501,3.9321532631
2,0,3.767674e-05,2.14954245794,212.3358875915
2,0,3.750939e-05,5.88125435107,214.2623032845
2,0,3.118048e-05,5.55799397309,213.2509113282
2,0,3.117166e-05,2.47259779969,213.3472795478
2,0,3.816713e-05,2.44107897815,625.6701923124
2,0,3.676804e-05,4.51090470038,76.2660712756
2,0,4.041434e-05,1.2447504583,137.0330241624
2,0,2.909579e-05,5.84815497128,85.8272988312
2,0,2.829614e-05,5.44452944307,330.6189636582
2,0,3.366302e-05,6.13299715431,437.6438911399
2,0,2.773819e-05,5.61593446938,203.7378678824
2,0,2.637903e-05,3.83678037157,288.0806940053
2,0,2.531663e-05,3.52630260061,628.8515860501
2,0,2.520223e-05,3.89344117733,138.5174968707
2,0,2.620709e-05,0.69738696032,127.4717966068
2,0,2.913908e-05,2.5899193557,1066.49547719
2,0,2.501957e-05,6.19958027393,9.5612275556
2,0,2.449132e-05,0.54252658898,1155.361157407
2,0,2.428822e-05,2.3993979858,222.8603229936
2,0,3.138264e-05,5.63040781132,1368.660252845
2,0,2.268608e-05,2.12403236555,430.5303441391
2,0,2.077451e-05,1.95682583751,423.4167971383
2,0,2.67026e-05,0.18164077956,3.1813937377
2,0,2.339111e-05,4.29619046322,388.4651552382
2,0,1.636695e-05,2.97402097142,12.5301729722
2,0,2.127828e-05,0.42532134789,1.4844727083
2,0,1.638713e-05,0.62823227849,212.7778305762
2,0,1.633768e-05,1.12043073218,213.8203602998
2,0,1.499907e-05,5.16859292196,52.6901980395
2,0,1.46249e-05,4.35286393311,429.7795846137
2,0,1.640707e-05,2.04694637546,949.1756089698
2,0,1.53978e-05,3.21449237414,860.3099287528
2,0,1.436654e-05,3.84293514986,350.3321196004
2,0,1.276111e-05,2.98754780759,340.7708920448
2,0,1.151687e-05,1.78618989351,942.062061969
2,0,1.112304e-05,5.19114179785,234.6397364404
2,0,1.011157e-05,0.27252410682,1471.7530270636
2,0,1.162485e-05,2.35044095493,200.7689224658
2,0,1.090717e-05,4.2563826302,362.8622925726
2,0,1.090434e-05,5.85087641969,173.9422195228
2,0,1.186448e-05,5.38322854424,1685.0521225016
2,0,8.70118e-06,1.66373572799,210.3783341312
2,0,1.120498e-05,1.89478747163,703.6331846174
2,0,8.68567e-06,0.08028652697,216.2198567448
2,0,1.013844e-05,1.37562258871,1059.3819301892
2,0,8.31751e-06,5.29292222262,212.5483359126
2,0,8.77776e-06,4.33786393079,1162.4747044078
2,0,8.25614e-06,2.73629728926,214.0498549634
2,0,8.80691e-06,6.17829958739,209.106309744
2,0,8.67374e-06,1.84353750811,217.491881132
2,0,7.89522e-06,4.952007939,223.5940361765
2,0,7.91369e-06,1.1155198511,515.463871093
2,0,1.009165e-05,5.79971867848,225.8292684102
2,0,8.52124e-06,3.77491223629,88.865680217
2,0,9.19472e-06,3.29103760893,565.1156877467
2,0,8.61649e-06,2.13214744203,252.6559713532
2,0,7.08486e-06,1.0111073499,1265.5674786264
2,0,9.3583e-06,2.78325753863,302.164775655
2,0,7.11355e-06,1.83909716516,417.0369633204
2,0,9.18453e-06,3.00605070326,563.6312150384
2,0,7.14225e-06,5.61336708759,207.6700211455
2,0,6.8991e-06,0.31593971773,956.2891559706
2,0,7.9568e-06,0.44249478599,207.8824694666
2,0,6.64618e-06,0.18239901113,479.2883889155
2,0,7.70609e-06,1.32128908448,218.7157214094
2,0,6.93519e-06,2.40549687947,218.9281697305
2,0,7.99557e-06,6.06693539047,22.0914005278
2,0,8.36402e-06,1.39153503044,160.6088973985
2,0,7.40023e-06,6.27814822867,728.762966531
2,0,7.86033e-06,1.68340995597,36.6485629295
2,0,5.9393e-06,1.31626642695,265.9892934775
2,0,7.64611e-06,0.14564177629,21.3406410024
2,0,7.32406e-06,2.65496529583,39.6175083461
2,0,5.81076e-06,2.38876104918,554.0699874828
2,0,6.28971e-06,1.2282890722,18.1592472647
2,0,7.01996e-06,1.97471012595,62.2514255951
2,0,6.98415e-06,5.28262978122,124.433415221
2,0,6.14285e-06,2.85212173127,217.964961884
2,0,6.67726e-06,1.25225064585,425.1137181677
2,0,5.81211e-06,0.50782226422,231.4583427027
2,0,5.20195e-06,5.09622319954,414.0680179038
2,0,5.19835e-06,1.7091197246,99.1606209555
2,0,5.0089e-06,1.47883812751,1258.4539316256
2,0,5.33532e-06,0.96174816662,214.7835681463
2,0,4.83116e-06,0.91735857148,408.4389436113
2,0,6.3024e-06,2.95599903199,65.2203710117
2,0,5.53256e-06,5.17631306517,208.633228992
2,0,4.65386e-06,3.05786362626,203.0041546995
2,0,5.28655e-06,0.6590912752,211.8146227297
2,0,4.65526e-06,3.83793669928,654.1243803156
2,0,5.0318e-06,2.80008494039,251.4321310758
2,0,4.43674e-06,0.00736496644,1788.1448967202
2,0,4.47116e-06,4.18006136527,1478.8665740644
2,0,3.98382e-06,0.07909774752,213.4109700226
2,0,3.98382e-06,1.66925524906,213.1872208534
2,0,3.83114e-06,2.20178796576,148.0787244263
2,0,4.73403e-06,5.14050822265,2001.4439921582
2,0,3.58919e-06,4.93878023673,2.4476805548
2,0,3.79588e-06,0.56608330947,1581.959348283
2,0,4.64877e-06,1.45312694666,142.4496501338
2,0,4.65852e-06,5.01110520258,73.297125859
2,0,3.41585e-06,3.45264409045,198.321241911
2,0,4.33316e-06,3.20558404998,312.1990839626
2,0,3.50436e-06,1.14513501672,98.8999885246
2,0,3.34759e-06,2.28889729136,213.0866471169
2,0,3.34759e-06,5.74264101239,213.5115437591
2,0,3.57143e-06,5.33211408348,175.1660598002
2,0,3.67605e-06,4.36445046507,750.1036075334
2,0,3.19024e-06,4.57593199965,228.276948965
2,0,3.1259e-06,0.96110658139,831.8557407496
2,0,3.67994e-06,3.75097201641,151.0476698429
2,0,4.20699e-06,5.61788853488,70.8494453042
2,0,3.06586e-06,4.93996479979,195.1398481733
2,0,3.8478e-06,4.14880260454,56.6223513026
2,0,4.0003e-06,2.71207125945,177.8743727859
2,0,3.27733e-06,2.69309432564,191.9584544356
2,0,2.73993e-06,5.98830026684,278.5194664497
2,0,2.70202e-06,3.5709821182,635.9651330509
2,0,3.36412e-06,3.29741235332,114.1384744825
2,0,2.69943e-06,0.56914501964,327.4375699205
2,0,2.6507e-06,4.06900450863,205.2223405907
2,0,3.48765e-06,5.3311217213,248.7238180901
2,0,2.96845e-06,6.22357485953,10.2949407385
2,0,2.51697e-06,1.64343434992,213.0384630071
2,0,2.51697e-06,0.1049182401,213.5597278689
2,0,2.53052e-06,2.67224328276,404.5067903482
2,0,3.07227e-06,5.83295899287,483.2205421786
2,0,2.36975e-06,1.1867099554,1574.8458012822
2,0,2.69443e-06,6.09247842409,1045.1548361876
2,0,2.51354e-06,5.49027488511,191.2076949102
2,0,2.41019e-06,4.17629516581,221.3758502853
2,0,2.47351e-06,4.14967259359,275.5505210331
2,0,2.21337e-06,4.74937289683,543.9180590962
2,0,2.92774e-06,2.2916015539,424.1505103212
2,0,2.73849e-06,0.48976257091,106.2741679563
2,0,2.37397e-06,3.38925999152,235.3904959658
2,0,2.06826e-06,2.89687953034,842.1506814881
2,0,2.32878e-06,1.32938721664,39.3568759152
2,0,2.6927e-06,1.92392937845,121.2520214833
2,0,2.02662e-06,6.03169886301,2104.5367663768
2,0,2.30906e-06,2.46511266784,497.4476361802
2,0,2.18872e-06,0.86295345782,8.0767548473
2,0,2.03946e-06,1.38528238326,284.1485407422
2,0,2.16481e-06,4.58190569482,429.0458714308
2,0,2.40544e-06,0.08933614222,269.9214467406
2,0,2.12434e-06,5.38637581028,650.9429865779
2,0,2.3682e-06,2.0031360394,219.4494345923
2,0,2.14707e-06,1.40555033199,425.6349830295
2,0,1.9704e-06,0.24444641123,1898.3512179396
2,0,1.90659e-06,2.72280889899,355.7487455718
2,0,1.73751e-06,1.72051113398,426.6463749858
2,0,1.6975e-06,3.20987625429,501.3797894433
2,0,1.73746e-06,4.8059016185,426.5500067662
2,0,1.68051e-06,5.46526862654,312.4597163935
2,0,1.80566e-06,3.84758143637,1795.258443721
2,0,1.82549e-06,5.95923923503,210.5907824523
2,0,1.81549e-06,1.50539014714,84.3428261229
2,0,1.79528e-06,2.07197179284,216.0074084237
2,0,1.88571e-06,2.33544585541,618.5566453116
2,0,1.86121e-06,5.22455005386,427.5613987225
2,0,1.96312e-06,4.90432953947,2317.8358618148
2,0,1.9834e-06,3.69541361584,488.8496164711
2,0,1.51676e-06,2.56675310055,213.4591541324
2,0,1.51676e-06,5.46446571963,213.1390367436
2,0,1.51429e-06,2.33434011196,220.4608265486
2,0,1.51827e-06,1.89597975094,1375.7737998458
2,0,1.67545e-06,1.83420005749,1279.794572628
2,0,1.90528e-06,6.02427347834,207.1487562837
2,0,1.80421e-06,4.76213875112,491.8185618877
2,0,1.8039e-06,1.05469577674,344.7030453079
2,0,1.46615e-06,5.44168799419,220.364458329
2,0,1.94447e-06,2.62404840122,188.9200730498
2,0,1.36976e-06,0.70428757869,1148.2476104062
2,0,1.85075e-06,3.55365539139,601.7642506762
2,0,1.58868e-06,1.84813378152,179.3588454942
2,0,1.45472e-06,1.21853593658,636.7158925763
2,0,1.55991e-06,3.42111288262,289.5651667136
2,0,1.59449e-06,3.96675364143,358.9301393095
2,0,1.38962e-06,1.62828990596,436.1594184316
2,0,1.74048e-06,5.3880213533,237.6781178262
2,0,1.25284e-06,1.76243276586,643.8294395771
2,0,1.31798e-06,0.93003850215,212.0270710508
2,0,1.47344e-06,1.52448539161,617.8058857862
2,0,1.3071e-06,0.81771148871,214.5711198252
2,0,1.23423e-06,0.17360907837,621.7380390493
2,0,1.32653e-06,4.08171658773,4.665866446
2,0,1.16763e-06,0.03834317084,113.3877149571
2,0,1.17597e-06,0.90279986158,1891.2376709388
2,0,1.15112e-06,3.65333095084,5.6290742925
2,0,1.12534e-06,5.68635818339,206.1373643274
2,0,1.28649e-06,6.16927510347,247.2393453818
2,0,1.12709e-06,3.87456537063,114.3991069134
2,0,1.11075e-06,4.41850119615,107.0249274817
2,0,1.14394e-06,5.4245488043,32.2433289144
2,0,1.06221e-06,0.24090572807,767.3690829208
2,0,1.26251e-06,2.79961544501,181.0557665236
2,0,1.02514e-06,5.96313041202,0.9632078465
2,0,1.07636e-06,2.57069606934,206.233732547
2,0,1.20584e-06,0.17406709675,342.2553647531
2,0,1.348e-06,1.20576280285,35.4247226521
2,0,1.05828e-06,6.16888247845,219.891377577
2,0,9.5115e-07,3.59922461581,643.0786800517
2,0,1.03878e-06,2.46322510423,1073.6090241908
2,0,9.9528e-07,6.13536812132,426.0769260142
2,0,1.04663e-06,5.88419995684,1361.5467058442
2,0,9.4747e-07,5.77564110292,2420.9286360334
2,0,9.562e-07,4.45357940681,447.9388318784
2,0,1.30015e-06,5.07630034396,245.5424243524
2,0,1.01365e-06,6.23985111882,2214.7430875962
2,0,8.8342e-07,4.76346651574,87.3117715395
2,0,9.03e-07,2.86774410339,525.4981794006
2,0,9.0513e-07,5.66908341298,92.0470739547
2,0,9.2409e-07,0.907021241,78.7137518304
2,0,8.1847e-07,1.67799021003,20.6069278195
2,0,9.1321e-07,0.36728160716,427.1194557378
2,0,8.0705e-07,1.93891112794,320.3240229197
2,0,9.1143e-07,2.01894680272,206.706813299
2,0,9.7745e-07,6.23005888799,4.192785694
2,0,7.9749e-07,3.26351898499,159.1244246902
2,0,1.00221e-06,1.98574874715,140.001969579
2,0,7.799e-07,1.66809322351,14.0146456805
2,0,7.6329e-07,5.90195594455,543.0242872189
2,0,7.4957e-07,4.60768341839,420.9691165835
2,0,7.7269e-07,2.80019747431,67.6680515665
2,0,8.018e-07,1.76473699777,125.9873238985
2,0,7.11e-07,0.89129238653,630.3360587584
2,0,7.6008e-07,4.57174101646,134.5853436076
2,0,7.6857e-07,4.88095052633,692.5874843535
2,0,6.9326e-07,4.40670817988,212.0752551606
2,0,6.9326e-07,3.62451064029,214.5229357154
2,0,7.621e-07,1.91960721245,934.9485149682
2,0,7.1701e-07,3.46497359389,2111.6503133776
2,0,8.5047e-07,3.18774989859,54.1746707478
2,0,8.1906e-07,0.0282332505,353.301065017
2,0,9.1385e-07,2.24806332628,776.9303104764
2,0,8.3341e-07,4.67038022346,2634.2277314714
2,0,8.6493e-07,1.15488292363,916.9322800554
2,0,7.652e-07,5.70422944555,144.1465711632
2,0,8.3998e-07,1.30453941538,69.1525242748
2,0,6.6684e-07,0.76966880509,423.6774295692
2,0,6.4747e-07,4.57928856242,128.9562693151
2,0,7.085e-07,4.61521587231,211.6021744086
2,0,6.5595e-07,3.23651495782,6.1503391543
2,0,6.4137e-07,0.44216461549,1464.6394800628
2,0,7.5789e-07,2.72257817752,153.4953503977
2,0,6.3366e-07,4.99065911889,184.9879197867
2,0,7.357e-07,6.14451890498,286.596221297
2,0,6.4126e-07,1.30105389213,2.9207613068
2,0,7.3235e-07,0.3066819686,1272.6810256272
2,0,6.1422e-07,4.93336864703,267.4737661858
2,0,7.8591e-07,5.9064418459,46.470422916
2,0,7.0325e-07,4.73999009945,337.732510659
2,0,6.7029e-07,2.10509391932,33.9402499438
2,0,5.9139e-07,6.25938993884,51.2057253312
2,0,5.9935e-07,0.62832430985,2207.6295405954
2,0,6.3494e-07,0.80826123304,391.1734682239
2,0,5.9971e-07,5.45076407738,182.279606801
2,0,7.6232e-07,4.60147129724,299.1263942692
2,0,6.6001e-07,2.50975335235,778.4147831847
2,0,6.6705e-07,0.99016626571,220.9339073006
2,0,6.5833e-07,1.74010602145,416.3032501375
2,0,5.5245e-07,4.21009430774,436.8931316145
2,0,6.1866e-07,0.96601636837,14.977853527
2,0,6.6195e-07,4.88980737223,696.5196376166
2,0,6.8948e-07,6.0225054242,305.3461693927
2,0,5.4609e-07,0.0079372732,387.2413149608
2,0,5.9022e-07,3.40769037534,214.9960164674
2,0,5.4036e-07,4.61708325976,627.3671133418
2,0,7.0977e-07,4.8623495471,487.3651437628
2,0,6.3311e-07,3.50812337721,576.1613880106
2,0,6.6791e-07,4.95921724777,116.4260963429
2,0,5.2982e-07,2.94521665287,241.6102710893
2,0,5.4244e-07,1.7776119648,329.7251917809
2,0,6.4685e-07,4.11817037305,421.93232443
2,0,6.6198e-07,6.25266954481,1169.5882514086
2,0,5.3229e-07,4.09328383786,292.0128472684
2,0,5.6864e-07,6.02030048296,444.7574381407
2,0,5.0139e-07,0.33981792989,7.065362891
2,0,5.0427e-07,3.58218487728,211.8628068395
2,0,5.0427e-07,4.44903394289,214.7353840365
2,0,5.2408e-07,2.49871082273,282.4516197128
2,0,5.2915e-07,3.66309570535,199.2844497575
2,0,5.5592e-07,3.43165296192,221.1634019642
2,0,4.7715e-07,5.10534935586,219.6618829134
2,0,5.6847e-07,0.97741250258,418.5214360287
2,0,5.9393e-07,5.0477721654,439.1283638482
2,0,4.9622e-07,1.07397902514,430.79097657
2,0,4.8678e-07,1.59398431827,96.8729990951
2,0,4.871e-07,5.60640836585,429.5189521828
2,0,4.6209e-07,4.54083648481,425.8474313506
2,0,5.1493e-07,5.97425873524,2531.1349572528
2,0,5.1412e-07,5.76661298592,518.6452648307
2,0,4.7005e-07,2.61649558438,31.019488637
2,0,4.5618e-07,5.66704236554,273.1028404783
2,0,4.4467e-07,5.530373199,2737.32050569
2,0,5.5947e-07,0.51535719965,638.4128136057
2,0,4.2519e-07,2.70084502599,5.4166259714
2,0,4.2505e-07,5.31459145594,421.1815649046
2,0,4.8382e-07,3.51641445336,7.1617311106
2,0,4.2004e-07,0.91254981055,280.9671470045
2,0,4.1851e-07,2.36099631927,244.318584075
2,0,5.2538e-07,4.47099895134,205.4347889118
2,0,4.1378e-07,3.38701415728,59.8037450403
2,0,4.1254e-07,4.01431999731,120.358249606
2,0,4.6802e-07,0.01622711468,558.0021407459
2,0,5.2883e-07,2.83931668083,166.828672522
2,0,4.1956e-07,5.69540610025,1677.9385755008
2,0,5.0113e-07,1.81016163546,6.592282139
2,0,4.5107e-07,4.49380088938,227.3137411185
2,0,4.5964e-07,0.754549048,205.6642835754
2,0,4.6355e-07,1.53774731019,432.2272651685
2,0,3.7172e-07,2.93645417223,206.9363079626
2,0,4.4659e-07,5.38536280774,2.9689454166
2,0,3.6628e-07,2.09707542805,427.3489504014
2,0,4.5029e-07,0.46131983164,428.0826635843
2,0,3.8453e-07,4.42450266346,209.1544938538
2,0,4.0433e-07,5.16219115737,233.9060232575
2,0,3.7471e-07,3.60681221764,217.4436970222
2,0,4.6113e-07,5.55096889463,212.4053235607
2,0,4.6113e-07,2.48024992554,214.1928673153
2,0,3.6077e-07,3.08476346783,867.4234757536
2,0,3.716e-07,3.1428932076,41.6444977756
2,0,3.735e-07,1.63735841154,1251.3403846248
2,0,3.5072e-07,6.23912039279,181.806526049
2,0,3.9215e-07,4.12162482146,28.3111756513
2,0,3.6956e-07,5.98933325919,77.7505439839
2,0,3.9775e-07,4.04549743419,339.2864193365
2,0,3.7635e-07,1.44659682623,347.8844390456
2,0,4.5853e-07,3.13205357665,192.6921676185
2,0,3.9323e-07,3.20138954128,756.3233826569
2,0,3.991e-07,2.04686718372,1692.1656695024
2,0,4.4137e-07,5.4832121559,135.5485514541
2,0,3.4157e-07,3.94135052425,81.7521332162
2,0,3.2207e-07,1.93681169587,313.2104759189
2,0,3.6698e-07,2.11524812183,431.264057322
2,0,3.1105e-07,0.18786474496,1781.0313497194
2,0,3.123e-07,0.23280228607,405.9912630565
2,0,3.7384e-07,4.45699108315,319.5732633943
2,0,3.9779e-07,4.74985208556,738.7972748386
2,0,3.5892e-07,4.44540281948,2950.619601128
2,0,3.9342e-07,0.62472997033,373.9079928365
2,0,2.965e-07,3.37204650277,274.0660483248
2,0,3.1782e-07,4.13370262314,24.3790223882
2,0,3.0193e-07,0.35423807736,2524.021410252
2,0,3.1118e-07,1.6911634149,465.9550667912
2,0,2.9441e-07,3.0354409229,2428.0421830342
2,0,2.9292e-07,4.61105433395,131.5469622218
2,0,3.8807e-07,4.79007536474,145.6310438715
2,0,2.8756e-07,4.87076509051,192.8522263129
2,0,3.1497e-07,4.1521979218,468.2426886516
2,0,3.4699e-07,1.27595242408,381.3516082374
2,0,2.7274e-07,2.45030050983,60.7669528868
2,0,2.7836e-07,5.88920583793,216.2680408546
2,0,3.4964e-07,4.9668686331,23.5758732361
2,0,2.7991e-07,4.95642453415,525.7588118315
2,0,2.875e-07,6.23126382059,333.657345044
2,0,2.7255e-07,1.69447975245,244.791664827
2,0,2.9305e-07,1.98340428594,464.7312265138
2,0,3.1737e-07,2.99242362906,0.7507595254
2,0,2.7051e-07,1.35484538064,361.3778198643
2,0,3.4058e-07,1.75751565147,405.2575498736
2,0,3.3607e-07,4.20725171012,395.578702239
2,0,2.6325e-07,2.16951933975,0.5212648618
2,0,3.2004e-07,3.05644356241,35.1640902212
2,0,2.7057e-07,2.08658456308,210.3301500214
2,0,2.6627e-07,1.22485059499,681.5417840896
2,0,2.9985e-07,1.75140772777,710.7467316182
2,0,2.9611e-07,3.03563269574,295.0512286542
2,0,2.5305e-07,3.1604542433,233.7459645631
2,0,2.6679e-07,5.17299701811,494.2662424425
2,0,2.5384e-07,3.22791759769,16.6747745564
2,0,2.5196e-07,0.12107682753,412.5835451955
2,0,3.4215e-07,5.10822596181,259.769518354
2,0,3.325e-07,0.30954521223,162.0933701068
2,0,2.5742e-07,1.25888857316,477.8039162072
2,0,2.9765e-07,4.52626132577,129.9194771616
2,0,2.5034e-07,4.88552569459,420.4478517217
2,0,2.62e-07,2.20762141616,45.5766510387
2,0,2.3913e-07,3.85751439026,162.8965192589
2,0,2.397e-07,2.34887571453,264.5048207692
2,0,3.3556e-07,3.87396335885,27.0873353739
2,0,2.719e-07,3.46933216009,214.9436268407
2,0,2.719e-07,4.56188666009,211.6545640353
2,0,2.5644e-07,2.29213712683,229.9738699944
2,0,2.9006e-07,5.94908879891,454.9093665273
2,0,2.8582e-07,1.27599593473,41.1019810544
2,0,2.3511e-07,5.11817349516,212.4959462859
2,0,2.3511e-07,2.91304532501,214.1022445901
2,0,2.3833e-07,6.14424686939,422.405405182
2,0,2.5612e-07,1.72388920925,411.620337349
2,0,2.5496e-07,5.69074258555,2847.5268269094
2,0,2.2472e-07,2.15633918584,7.6348118626
2,0,2.6222e-07,2.80143128349,31.492569389
2,0,2.2198e-07,0.9180426852,426.4863162914
2,0,2.3046e-07,3.99493191448,184.7272873558
2,0,2.3226e-07,6.03563080998,207.0793203145
2,0,2.172e-07,1.02524191391,432.0148168474
2,0,2.1569e-07,1.63592154899,224.6054281328
2,0,2.2198e-07,5.61107049084,426.7100654606
2,0,2.2961e-07,2.58109891107,92.940845832
2,0,2.2695e-07,6.24214736431,223.3334037456
2,0,2.0843e-07,3.43174352438,472.1748419147
2,0,2.2283e-07,1.99778424604,219.5188705615
2,0,2.0519e-07,5.2871577894,3053.7123753466
2,0,2.4105e-07,0.97906190272,334.5511169213
2,0,2.003e-07,2.81675406065,849.2642284889
2,0,1.9784e-07,0.4486547966,1485.9801210652
2,0,1.9519e-07,1.31453508293,357.4456666012
2,0,2.1045e-07,4.00724213785,241.8709035202
2,0,2.141e-07,0.86161640271,343.2185725996
2,0,2.4839e-07,2.6543898165,46.2097904851
2,0,2.2024e-07,1.95120216269,186.2117600641
2,0,1.8921e-07,3.45842911419,171.6545976624
2,0,1.8653e-07,4.99142844854,426.8106391971
2,0,2.3815e-07,6.02632859549,112.6540017742
2,0,1.8653e-07,1.53768472751,426.3857425549
2,0,1.8843e-07,6.17211329882,555.5544601911
2,0,1.9727e-07,6.15337850264,100.6450936638
2,0,2.2972e-07,4.85207087547,450.9772132642
2,0,2.3844e-07,4.55885748022,593.426863398
2,0,2.0032e-07,1.3566257245,1567.7322542814
2,0,1.943e-07,0.4988937966,392.6579409322
2,0,1.8276e-07,1.17948262732,508.3503240922
2,0,2.3767e-07,4.50296212,462.0229135281
2,0,1.9372e-07,0.24140775392,831.1049812242
2,0,2.1013e-07,2.13939539715,402.2191684878
2,0,1.8535e-07,5.57136714221,546.956440482
2,0,1.9726e-07,3.64855444024,963.4027029714
2,0,2.2398e-07,6.21091779253,556.5176680376
2,0,1.7812e-07,4.67876860218,460.5384408198
2,0,2.0404e-07,1.44835454438,458.8415197904
2,0,1.7127e-07,1.42593326651,419.532827985
2,0,2.3833e-07,2.58926520909,141.2258098564
2,0,1.8879e-07,3.13780715639,572.2292347475
2,0,1.8098e-07,4.6799786694,230.7075831773
2,0,2.0564e-07,1.73670066361,156.6767441354
2,0,1.6722e-07,2.18699356364,1055.4497769261
2,0,1.8221e-07,1.66360953902,561.1835344836
2,0,1.7235e-07,5.69642460408,254.9435932136
2,0,1.7269e-07,4.52531012357,199.9657733137
2,0,1.7264e-07,3.70601205694,295.1942410061
2,0,2.0777e-07,1.66799856647,175.4266922311
2,0,1.6444e-07,4.2898329517,263.7016716171
2,0,1.8781e-07,6.05523756391,240.3864308119
2,0,1.8297e-07,0.74893263028,533.6231183577
2,0,2.2334e-07,2.491647121,423.6292454594
2,0,1.9518e-07,0.10849262421,71.8126531507
2,0,1.6374e-07,4.0531803595,757.2171545342
2,0,1.8861e-07,1.53135934768,66.70484372
2,0,2.2359e-07,5.94675603401,486.4019359163
2,0,1.5958e-07,6.18474282955,2097.423219376
2,0,2.1495e-07,1.80009954963,206.3979967583
2,0,1.6498e-07,5.5299795123,1994.3304451574
2,0,1.737e-07,3.48286795322,552.5855147745
2,0,1.8321e-07,0.7130233393,50.4025761791
2,0,1.8291e-07,0.84252688005,100.3844612329
2,0,1.7455e-07,1.71250488224,905.8865797915
2,0,1.5961e-07,0.08620485585,2840.4132799086
2,0,1.8199e-07,2.63471966869,152.5321425512
2,0,1.5567e-07,1.54318325188,220.3007678542
2,0,1.6067e-07,3.49794734385,226.6324175623
2,0,1.5648e-07,1.56688636016,211.2933578679
2,0,1.5648e-07,0.18114715284,215.3048330081
2,0,1.8382e-07,0.18848462965,220.2001941177
2,0,1.8947e-07,1.5019438972,637.4496057592
2,0,2.0602e-07,5.47900525864,285.3723810196
2,0,1.629e-07,4.40037017827,41.0537969446
2,0,1.6595e-07,3.19935275989,364.3467652809
2,0,1.7326e-07,1.34597087283,199.8057146193
2,0,1.6253e-07,3.43269290331,109.2431133729
2,0,1.6383e-07,1.10309267801,203.8979265768
2,0,1.471e-07,0.56450048893,110.1581371096
2,0,1.5065e-07,4.480083144,258.8757464767
2,0,1.6371e-07,1.11833300339,81.8951455681
2,0,1.6641e-07,4.52681352135,419.4364597654
2,0,1.5483e-07,5.00138655264,409.9234163196
2,0,1.4822e-07,0.12437161534,195.7729876197
2,0,1.482e-07,5.69441218507,835.0371344873
2,0,1.8061e-07,2.78810034757,82.8583534146
2,0,1.593e-07,0.61706914429,172.4577468145
2,0,1.579e-07,1.37001454466,348.8476468921
2,0,1.9923e-07,4.18939127616,107.7586406646
2,0,1.5462e-07,0.6441497934,222.7002642992
2,0,1.5877e-07,4.20691449361,17.2654753874
2,0,1.4016e-07,5.63689121224,426.8588233069
2,0,1.5062e-07,4.17432597418,441.576044403
2,0,1.4016e-07,0.89222201489,426.3375584451
2,0,1.4705e-07,3.76205802021,110.2545053292
2,0,1.5302e-07,5.65006523821,980.6681783588
2,0,1.5926e-07,0.40206286298,226.7924762567
2,0,1.9008e-07,1.39536466934,72.0732855816
2,0,1.4043e-07,5.08109977245,77.962992305
2,0,1.3632e-07,2.31331276774,13.3333221243
2,0,1.5012e-07,6.23427543593,220.5245170234
2,0,1.5647e-07,4.22924053362,3267.0114707846
2,0,1.3901e-07,3.25076552397,146.594251718
2,0,1.4376e-07,2.59472611987,448.6895914038
2,0,1.8185e-07,3.04689762052,702.1487119091
2,0,1.5578e-07,2.79287881306,570.7447620392
2,0,1.6412e-07,1.18291299381,221.8971151471
2,0,1.383e-07,3.43135660708,434.6749457233
2,0,1.8337e-07,4.67709417616,170.0100662597
2,0,1.7128e-07,2.65513969995,28.5718080822
2,0,1.6503e-07,0.86644103914,111.1695290659
2,0,1.3281e-07,1.62081717611,230.8252032563
2,0,1.2978e-07,5.00967719419,241.7532834412
2,0,1.3849e-07,0.56971120253,850.0149880143
2,0,1.5892e-07,2.38247604286,230.5645708254
2,0,1.4101e-07,1.45466687402,99.9113804809
2,0,1.3407e-07,0.01099066757,540.7366653585
2,0,1.3199e-07,4.3838858499,457.617679513
2,0,1.262e-07,0.92344635694,131.4039498699
2,0,1.5831e-07,0.08492919982,251.1714986449
2,0,1.3957e-07,4.60482139712,864.2420820159
2,0,1.6676e-07,4.00720673932,705.1176573257
2,0,1.7279e-07,4.83208309701,569.0478410098
2,0,1.2993e-07,5.71458760363,193.655375465
2,0,1.5393e-07,0.1580699029,420.005908737
2,0,1.2381e-07,2.78554352136,380.12776796
2,0,1.2127e-07,2.57414102933,2744.4340526908
2,0,1.2577e-07,0.31187279533,238.5718897035
2,0,1.2359e-07,5.19894120419,326.6868103951
2,0,1.3217e-07,2.66592366261,188.1693135244
2,0,1.4162e-07,4.87830248734,894.8408795276
2,0,1.1557e-07,5.03813004128,280.003939158
2,0,1.4282e-07,4.27263941293,42.5382696529
2,0,1.2957e-07,5.40884833034,3163.918696566
2,0,1.1989e-07,4.02199963625,642.3449668688
2,0,1.1206e-07,2.55059167193,714.6788848813
2,0,1.1094e-07,3.77494369838,119.767548775
2,0,1.1265e-07,3.74313513949,403.0223176399
2,0,1.4433e-07,2.20590955504,386.9806825299
2,0,1.2049e-07,1.79618188447,203.2647871304
2,0,1.1058e-07,0.35405181917,17.5261078183
2,0,1.2095e-07,1.14547306649,254.1404440615
2,0,1.0842e-07,0.97259949349,639.9454704238
2,0,1.335e-07,0.65575474438,638.9340784675
2,0,1.4697e-07,1.26523877234,432.7485300303
2,0,1.0935e-07,2.99474883979,19.1224551112
2,0,1.3741e-07,2.81160245841,815.0633461142
2,0,1.2848e-07,5.62672323243,196.0336200506
2,0,1.0879e-07,2.84976926802,820.0592809603
2,0,1.0518e-07,2.64349450169,97.6761482472
2,0,1.057e-07,5.55557605599,606.7601855223
2,0,1.0505e-07,0.2051302914,206.2974230218
2,0,1.0385e-07,4.75266542249,196.8367692027
2,0,1.0842e-07,4.05799649461,639.8491022042
2,0,1.0315e-07,5.04748152372,3370.1042450032
2,0,1.0254e-07,0.1841212585,201.9927627432
2,0,1.0419e-07,2.88584157548,1589.0728952838
2,0,1.0891e-07,1.07425081751,1884.124123938
2,0,1.0249e-07,1.25494504145,107.2855599126
2,0,9.86e-08,1.06822199204,526.5095713569
2,0,9.862e-08,1.78722934048,33.1371007917
2,0,1.3735e-07,1.94688549102,2008.557539159
2,0,1.3237e-07,4.82102210965,480.7728616238
2,0,1.0908e-07,4.503928081,186.472392495
2,0,9.594e-08,1.63466155819,433.7599219866
2,0,9.944e-08,1.10909756879,47.6942631934
2,0,1.0478e-07,0.37560099716,189.7232222019
2,0,1.1233e-07,4.51872140986,640.8604941605
2,0,9.492e-08,3.1148699345,106.0135355254
2,0,1.2985e-07,3.33325603152,256.5881246163
2,0,9.546e-08,0.75076951952,219.1406180516
2,0,1.2721e-07,4.26318149453,170.7608257851
2,0,9.37e-08,3.27855373671,229.7614216733
2,0,9.245e-08,2.21550080989,406.954470903
2,0,1.1067e-07,3.43799154852,240.125798381
2,0,9.735e-08,4.72972824448,433.663553767
2,0,1.0066e-07,5.20819082705,423.8898778903
2,0,1.1401e-07,4.60187128385,172.2452984934
2,0,1.2271e-07,0.45950418131,662.531203563
2,0,9.355e-08,1.53347383876,194.1766403268
2,0,1.0379e-07,5.25618033429,238.4288773516
2,0,1.1289e-07,3.2473206267,389.9496279465
2,0,8.924e-08,6.03883665364,19.643719973
2,0,8.841e-08,0.50392103518,1802.3719907218
2,0,1.0267e-07,4.23756855504,746.9222137957
2,0,8.733e-08,4.67037924875,157.6399519819
2,0,1.0066e-07,1.32092240008,429.3065038617
2,0,9.374e-08,1.79762056777,206.0736738526
2,0,9.533e-08,2.29107827195,236.8749686741
2,0,8.433e-08,1.81570030403,426.7582495704
2,0,1.0715e-07,4.37027632759,495.7507151508
2,0,8.433e-08,4.7134129231,426.4381321816
2,0,9.526e-08,3.31288975087,384.0599212231
2,0,8.366e-08,2.89420654474,89.7594520943
2,0,8.491e-08,6.09666431453,3156.8051495652
2,0,9.436e-08,1.12567006222,1493.093668066
2,0,9.863e-08,1.00498501412,376.1956146969
2,0,8.903e-08,0.86621106611,649.4585138696
2,0,8.389e-08,0.30076958467,232.4215505492
2,0,8.246e-08,0.71370891617,194.3890886479
2,0,8.317e-08,3.70830433977,661.2379273164
2,0,1.1199e-07,5.06635124052,395.105621487
2,0,1.122e-07,5.60781396892,453.6855262499
2,0,8.086e-08,3.34184345438,385.5443939314
2,0,8.096e-08,1.131011646,824.7421937488
2,0,8.959e-08,5.65941324166,187.4356003415
2,0,8.026e-08,2.62564001618,313.6835566709
2,0,1.1002e-07,0.34533540558,354.5249052944
2,0,8.38e-08,1.30664256598,857.1285350151
2,0,9.92e-08,0.28888805593,204.7010757289
2,0,8.727e-08,2.65844044975,196.6243208816
2,0,7.978e-08,1.68245693691,394.3548619616
2,0,7.712e-08,5.98060890594,2413.8150890326
2,0,9.112e-08,4.34972455215,167.7224443993
2,0,9.228e-08,0.22253166769,594.6507036754
2,0,9.889e-08,2.79591836728,29.2049475286
2,0,7.695e-08,1.00995675874,207.4575728244
2,0,7.998e-08,4.19812784482,255.8373650909
2,0,8.421e-08,2.65464574606,502.8642621516
2,0,9.658e-08,5.37523639564,380.3884003909
2,0,7.45e-08,6.00758654848,366.7944458357
2,0,9.59e-08,5.19097739834,343.7398374614
2,0,7.327e-08,1.03432503215,232.2091022281
2,0,7.358e-08,4.8917643148,449.232108125
2,0,7.649e-08,5.2410936805,1382.8873468466
2,0,7.564e-08,2.7244464938,325.9530972122
2,0,9.416e-08,4.48854222432,418.0001711669
2,0,7.037e-08,5.89918763754,418.9633790134
2,0,9.15e-08,0.91468054201,562.1467423301
2,0,7.298e-08,0.17912713996,425.3261664888
2,0,7.767e-08,3.44132053994,195.8906076987
2,0,7.169e-08,0.78094936112,291.262087743
2,0,8.066e-08,2.33980427517,84.9335269539
2,0,9.654e-08,4.51737909313,112.9146342051
2,0,6.841e-08,6.05461927306,397.3932433474
2,0,6.688e-08,2.70758296796,313.9441891018
2,0,7.544e-08,2.39660132843,239.1625905345
2,0,7.298e-08,0.06680077999,427.8702152632
2,0,7.038e-08,2.36428897508,110.7275860812
2,0,7.821e-08,5.18741695859,176.6505325085
2,0,6.649e-08,5.44986911188,2310.722314814
2,0,7.539e-08,5.29427535852,25.6028626656
2,0,7.418e-08,4.53992673926,700.6642392008
2,0,7.095e-08,4.07590920492,3583.4033404412
2,0,6.935e-08,1.68866622749,1286.9081196288
2,0,6.624e-08,3.3847840471,268.9582388941
2,0,6.922e-08,5.86148555985,511.5317178299
2,0,8.876e-08,1.45124442917,190.4045457581
2,0,8.632e-08,5.94716297224,739.8086667949
2,0,6.376e-08,3.04969045967,117.9105690512
2,0,7.976e-08,6.27614086118,28.4541880032
2,0,8.635e-08,3.06913386835,1905.4647649404
2,0,8.583e-08,1.38183299971,298.2326223919
2,0,6.427e-08,5.78516785645,328.9220426288
2,0,6.901e-08,2.93953956658,249.9476583675
2,0,6.169e-08,0.02881162455,104.5772469269
2,0,7.512e-08,5.5740369507,25.1297819136
2,0,7.268e-08,0.55017036505,128.3655684841
2,0,7.663e-08,4.59575677319,724.8308132679
2,0,7.57e-08,1.45797407216,990.2294059144
2,0,6.057e-08,2.85826530733,856.3777754897
2,0,7.044e-08,0.74967263787,141.4864422873
2,0,7.326e-08,4.22422661121,909.8187330546
2,0,6.147e-08,5.38817990453,639.3760214522
2,0,5.874e-08,1.44969396662,393.4610900843
2,0,5.838e-08,4.69945144897,505.3119427064
2,0,5.932e-08,4.48350348373,120.9913890524
2,0,5.818e-08,3.32808006343,43.2890291783
2,0,7.778e-08,1.43620402576,25.2727942655
2,0,6.661e-08,3.45258138447,95.3885263868
2,0,5.748e-08,0.04298421235,843.6351541964
2,0,5.766e-08,4.84601849388,88.1149206916
2,0,7.756e-08,1.93405266531,55.6591434561
2,0,6.334e-08,1.84951949945,109.6850563576
2,0,5.819e-08,4.80388713776,215.9592243139
2,0,5.819e-08,3.22733168242,210.6389665621
2,0,6.72e-08,1.6601582149,135.336103133
2,0,6.628e-08,2.31043141001,611.4430983108
2,0,5.55e-08,2.16803692359,3060.8259223474
2,0,7.445e-08,0.29603600769,236.1936451179
2,0,6.305e-08,5.07644380408,3480.3105662226
2,0,5.773e-08,5.34909870712,97.4155158163
2,0,5.959e-08,0.81674403093,2200.5159935946
2,0,5.771e-08,4.76574145067,164.5410506616
2,0,5.702e-08,4.85038864412,610.6923387854
2,0,6.085e-08,5.30179771397,433.190473015
2,0,7.072e-08,1.42498322135,72.3339180125
2,0,5.516e-08,0.00146158188,631.8205314667
2,0,6.414e-08,1.1822184892,624.919432787
2,0,6.082e-08,5.90524903819,640.4185511758
2,0,6.689e-08,5.67587790589,140.9651774255
2,0,5.832e-08,3.23574880242,635.231419868
2,0,5.677e-08,0.22462654591,218.4069048687
2,0,5.677e-08,1.52340696709,208.1912860073
2,0,5.154e-08,4.72385268655,806.725958836
2,0,6.235e-08,2.64890299983,616.3214130779
2,0,6.572e-08,0.46207708293,1130.2313754934
2,0,6.928e-08,0.39261887909,143.9341228421
2,0,6.462e-08,4.11395311508,369.9758395734
2,0,6.897e-08,1.11750070334,310.7146112543
2,0,5.032e-08,4.78394356647,3686.4961146598
2,0,6.508e-08,5.51529639159,566.600160455
2,0,5.905e-08,2.11203050847,969.6224780949
2,0,6.416e-08,0.42307449455,69.3649725959
2,0,5.751e-08,0.14238078678,305.0855369618
2,0,5.479e-08,4.10400660456,551.031606097
2,0,4.865e-08,3.10986841616,124.5028511902
2,0,6.101e-08,5.27130569482,55.1378785943
2,0,4.873e-08,3.86714341213,760.25553592
2,0,4.886e-08,3.16798230764,306.0969289181
2,0,4.978e-08,3.21017890061,178.086821107
2,0,5.637e-08,5.42364517987,499.895316735
2,0,5.105e-08,3.43791199676,88.7962442478
2,0,5.419e-08,6.03456044528,320.5846553506
2,0,5.591e-08,0.97716211165,285.1117485887
2,0,5.035e-08,5.27515551134,658.0565335787
2,0,4.931e-08,5.41266558398,771.3012361839
2,0,5.385e-08,0.30815887732,1033.3583763983
2,0,4.606e-08,3.9010137295,634.2682120215
2,0,5.516e-08,4.29920828193,455.1699989582
2,0,5.289e-08,1.72715966366,484.7050148869
2,0,4.901e-08,1.94192487952,319.3126309634
2,0,4.509e-08,2.94241810571,271.4059194489
2,0,5.054e-08,1.30081494754,43.1289704839
2,0,4.55e-08,4.64059617411,958.576777831
2,0,5.328e-08,6.23500759865,58.1068240109
2,0,4.628e-08,1.03763056101,745.277682393
2,0,4.492e-08,0.36984177539,732.6951197941
2,0,5.514e-08,2.98116751203,2221.856634597
2,0,4.464e-08,0.00963533764,636.9765250072
2,0,5.558e-08,3.37188064285,493.303034596
2,0,4.957e-08,2.49575219954,526.9826521089
2,0,4.485e-08,3.80247388459,623.2225117576
2,0,4.77e-08,1.62322752296,991.7138786227
2,0,4.783e-08,2.3167756143,504.561183181
2,0,4.633e-08,4.41902834379,26.826702943
2,0,4.812e-08,3.04861600576,327.6982023514
2,0,4.454e-08,6.20355474499,198.4813006054
2,0,4.511e-08,3.87445380751,707.5653378805
2,0,4.451e-08,1.27013594738,113.1270825262
2,0,4.35e-08,4.07716874275,840.6662087798
2,0,4.327e-08,5.70195843787,2730.2069586892
2,0,5.808e-08,3.24854160326,254.3528923826
2,0,4.664e-08,4.20536088537,318.8395502114
2,0,4.378e-08,5.82692125515,3473.1970192218
2,0,4.313e-08,3.88436316438,439.9315130003
2,0,5.01e-08,1.87919232767,2324.9494088156
2,0,4.613e-08,0.10623373342,774.4826299216
2,0,4.45e-08,2.82885666591,629.6023455755
2,0,5.233e-08,4.00529540892,952.0963702766
2,0,5.26e-08,2.1562284075,115.6229471908
2,0,4.321e-08,2.28638024486,201.5196819912
2,0,5.321e-08,1.23695932593,597.3590166611
2,0,4.111e-08,3.99363576385,561.934294009
2,0,4.845e-08,2.27697782163,226.0417167313
2,0,4.049e-08,2.54842532095,372.4235201282
2,0,4.077e-08,3.46715688833,650.1922270525
2,0,4.372e-08,2.7222653532,225.0785088848
2,0,4.108e-08,0.27128923799,2118.7638603784
2,0,4.173e-08,0.28763595583,211.0114735776
2,0,4.173e-08,1.46039755717,215.5867172984
2,0,4.019e-08,0.87322430941,1141.1340634054
2,0,5.075e-08,3.4142558373,317.8763423649
2,0,4.06e-08,1.82766433682,228.1168902706
2,0,3.992e-08,6.06359298496,668.2084619653
2,0,4.165e-08,3.75880493478,6275.9623029906
2,0,4.041e-08,5.36982470528,331.2096644892
2,0,5.062e-08,2.71562815851,200.5564741447
2,0,5.029e-08,4.81157332925,197.257460328
2,0,5.457e-08,0.62936317016,481.7360694703
2,0,5.129e-08,3.87485901115,207.6218370357
2,0,5.129e-08,4.15635980903,218.9763538403
2,0,3.855e-08,3.65565538336,425.3743505986
2,0,4.705e-08,3.72248568793,424.9012698466
2,0,3.88e-08,0.75632369741,541.5398145106
2,0,3.86e-08,3.28596473379,512.4254897072
2,0,3.855e-08,2.87345784377,427.8220311534
2,0,3.992e-08,4.82104146147,248.511369769
2,0,4.04e-08,1.33827734907,49.7212526229
2,0,3.973e-08,5.17941188721,10206.1719992102
2,0,4.561e-08,6.09725389673,491.5579294568
2,0,3.903e-08,0.64285376704,378.9039276826
2,0,4.917e-08,5.33496755731,769.8167634756
2,0,3.77e-08,3.22875931246,214.6716935617
2,0,3.77e-08,4.80245950772,211.9264973143
2,0,3.732e-08,1.87406384413,48.7580447764
2,0,5.021e-08,4.77663253414,108.7218485111
2,0,3.851e-08,3.44837014022,305.6068018236
2,0,3.728e-08,5.06145217265,407.4757357648
2,0,4.008e-08,3.44168738224,1044.4040766622
2,0,3.788e-08,2.56555519144,258.5456780766
2,0,3.639e-08,4.65501398335,634.4806603426
2,0,4.845e-08,6.02448861393,604.4725636619
2,0,4.292e-08,4.2310834999,180.1619946463
2,0,3.969e-08,3.99964137261,398.2870152247
2,0,4.729e-08,2.7525880017,184.0941479094
2,0,4.535e-08,3.22219467599,229.340730548
2,0,3.649e-08,1.96746396187,444.1242986943
2,0,3.517e-08,4.03852795064,3899.7952100978
2,0,3.538e-08,1.31552944944,316.4400537664
2,0,4.339e-08,3.48361091763,608.877797677
2,0,3.506e-08,4.40454614352,316.3436855468
2,0,3.647e-08,1.50873517823,519.3960243561
2,0,4.193e-08,2.69898321973,775.233389447
2,0,4.286e-08,3.18185934871,77.2292791221
2,0,4.034e-08,3.45748098127,262.0571402144
2,0,3.347e-08,0.14036401631,109.455561694
2,0,4.116e-08,5.24881005284,120.5012619579
2,0,3.377e-08,1.4104942977,765.8846102125
2,0,3.617e-08,1.09655203793,315.4286618101
2,0,3.642e-08,3.5969305989,348.635198571
2,0,3.282e-08,6.05512739363,211.762233103
2,0,3.282e-08,1.97609142655,214.835957773
2,0,3.358e-08,5.03561049516,165.6048322446
2,0,3.178e-08,4.04653368104,110.9570807448
2,0,3.804e-08,5.94126091615,80.1982245387
2,0,4.062e-08,2.18177184785,92.3077063856
2,0,3.301e-08,2.46298796727,282.6640680339
2,0,3.787e-08,4.28600120342,652.4274592862
2,0,3.212e-08,4.02232029742,306.830642101
2,0,3.88e-08,4.82754222667,317.3550775031
2,0,3.691e-08,5.19957011681,194.2885149114
2,0,3.467e-08,2.75272147827,428.2951119054
2,0,4.132e-08,0.151967781,434.2330027386
2,0,4.289e-08,0.56065340003,187.6962327724
2,0,3.828e-08,6.10468598936,114.9416236346
2,0,3.067e-08,1.19985423472,71.6002048296
2,0,3.142e-08,3.74647337221,130.4407420234
2,0,3.054e-08,4.31541167047,699.7010313543
2,0,3.219e-08,4.40669258863,657.1627617014
2,0,3.527e-08,3.59075624103,495.9631634719
2,0,3.31e-08,0.53771489354,2516.9078632512
2,0,3.471e-08,0.959851376,1119.1856752295
2,0,4.106e-08,2.0343070819,685.4739373527
2,0,3.032e-08,3.52225726785,93.531546663
2,0,3.788e-08,0.41613967902,672.1406152284
2,0,3.317e-08,1.05508535425,721.6494195302
2,0,3.312e-08,6.04970700966,691.1030116452
2,0,2.97e-08,4.6278023778,4002.8879843164
2,0,3.02e-08,5.03890376384,151.260118164
2,0,3.5e-08,2.81349072076,789.4604834486
2,0,3.174e-08,6.10109078944,453.424893819
2,0,2.994e-08,4.38745012498,91.7864415238
2,0,3.894e-08,1.24532219442,268.4369740323
2,0,3.953e-08,6.16022797347,101.8689339412
2,0,3.539e-08,5.71127070378,232.942815411
2,0,3.866e-08,5.44364081086,37.8724032069
2,0,2.998e-08,2.95919686933,328.2407190726
2,0,3.033e-08,1.45458632603,188.0263011725
2,0,3.405e-08,3.08243677773,167.0893049529
2,0,2.917e-08,1.86331950934,357.2332182801
2,0,2.89e-08,4.23477281091,92.7978334801
2,0,3.086e-08,5.84396093041,443.8636662634
2,0,3.008e-08,2.5311755453,434.4624974022
2,0,3.572e-08,6.08350760138,851.7119090437
2,0,2.9e-08,1.1951252426,842.9014410135
2,0,2.804e-08,2.83113208076,425.1619022775
2,0,3.277e-08,2.83164917192,232.3096759646
2,0,2.758e-08,3.6782578885,103.0445901088
2,0,3.541e-08,0.53353274088,239.3226492289
2,0,2.882e-08,3.07881226842,123.5396433437
2,0,2.804e-08,3.69798114637,428.0344794745
2,0,2.728e-08,1.13605812584,354.2642728635
2,0,2.986e-08,0.01727868701,42.3258213318
2,0,3.75e-08,3.91661897655,145.4185955504
2,0,2.715e-08,1.40747373075,620.253566341
2,0,3.737e-08,0.26727034607,25.8634950965
2,0,2.707e-08,0.11590621754,310.9752436852
2,0,3.259e-08,4.73993803463,3796.7024358792
2,0,2.699e-08,4.09770361223,141.6988906084
2,0,2.846e-08,0.59348034929,103.1409583284
2,0,2.693e-08,4.35806644152,432.9609783514
2,0,3.752e-08,1.31275213009,187.2755416471
2,0,3.408e-08,4.57767638767,498.9321088885
2,0,3.27e-08,1.1350105903,924.0458270562
2,0,2.922e-08,3.43339315332,335.1418177523
2,0,3.462e-08,4.87665384758,182.5402392319
2,0,3.056e-08,3.84258397222,179.5712938153
2,0,3.566e-08,1.22446128806,238.9019581036
2,0,3.321e-08,0.62461208452,122.7364941916
2,0,2.751e-08,2.0034349205,322.0209439491
2,0,2.606e-08,0.14368418549,1049.0869894507
2,0,2.722e-08,0.33833300117,644.090072008
2,0,2.655e-08,2.71424424324,125.1841747464
2,0,2.84e-08,5.63787661296,336.8387387817
2,0,2.833e-08,4.49076222674,782.3469364478
2,0,3.36e-08,4.08549912142,1063.3140834523
2,0,2.712e-08,3.26766861519,631.2992666049
2,0,2.667e-08,2.34899182217,1080.7225711916
2,0,3.565e-08,5.73250034919,1056.2005364515
2,0,2.603e-08,3.14892751264,508.4933364441
2,0,2.559e-08,3.79368088293,639.1465267886
2,0,3.194e-08,0.26003120905,913.9633346388
2,0,2.555e-08,5.91141702766,625.8826406335
2,0,2.581e-08,1.05939099951,158.9643659958
2,0,3.373e-08,6.22510987996,102.1295663721
2,0,2.548e-08,1.66256671387,95.2284676924
2,0,3.193e-08,2.66788003455,2538.2485042536
2,0,2.686e-08,4.87164344891,642.8180476208
2,0,2.536e-08,3.93316993605,64.9597385808
2,0,2.48e-08,4.89581480605,111.4301614968
2,0,2.66e-08,1.58245860025,443.2729654324
2,0,2.495e-08,5.48966738548,2627.1141844706
2,0,2.429e-08,2.83521812027,235.933012687
2,0,2.396e-08,3.78771740781,173.6815870919
2,0,2.649e-08,3.41312329124,244.0579516441
2,0,2.387e-08,4.23055061931,619.2903584945
2,0,2.373e-08,5.47710357456,3046.5988283458
2,0,2.556e-08,1.66067410548,3377.217792004
2,0,2.655e-08,3.73582825216,440.6128365565
2,0,2.369e-08,5.55705197269,205.9731001161
2,0,2.369e-08,5.61575950108,220.6250907599
2,0,2.774e-08,2.02597665846,168.0525127994
2,0,3.235e-08,2.58049219033,338.4832701844
2,0,2.329e-08,4.11799083739,398.1440028728
2,0,2.701e-08,3.7394716454,300.6108669775
2,0,3.125e-08,3.79844466951,531.978586955
2,0,2.323e-08,3.05034654081,535.9107402181
2,0,2.895e-08,5.50164208553,945.2434557067
2,0,2.373e-08,5.46855507643,337.8019466282
2,0,2.726e-08,1.94958732685,953.1077622329
2,0,2.952e-08,0.74298822983,645.5263606065
2,0,3.101e-08,4.07921701551,104.0559820651
2,0,2.253e-08,0.6561470454,310.1720945331
2,0,2.325e-08,5.58522441833,3789.5888888784
2,0,2.533e-08,0.42337625047,90.5626012464
2,0,2.313e-08,4.74432612488,469.8872200543
2,0,2.261e-08,0.49414568193,297.6419215609
2,0,2.906e-08,5.36614631776,550.1378342197
2,0,2.203e-08,4.74111725788,281.1795953256
2,0,2.305e-08,1.27906331822,768.8535556291
2,0,2.215e-08,1.98003879892,2641.3412784722
2,0,2.811e-08,6.10219051624,641.3817590223
2,0,2.247e-08,1.30388296472,315.1680293792
2,0,2.184e-08,0.64755103697,1457.525933062
2,0,2.591e-08,5.35033213699,170.1701249541
2,0,2.177e-08,4.17779611513,67.8804998876
2,0,2.159e-08,2.78579770414,347.4113582936
2,0,2.304e-08,4.3942115684,49.5088043018
2,0,2.466e-08,4.19474542518,247.0268970607
2,0,2.386e-08,2.80178234746,430.7427924602
2,0,2.61e-08,4.77257985354,1193.9672737968
2,0,2.641e-08,3.35196821148,739.0579072695
2,0,2.7e-08,2.12282494441,927.8349679674
2,0,2.379e-08,0.49192182148,176.3899000776
2,0,2.808e-08,2.30330319489,837.6972633632
2,0,2.25e-08,3.80713989523,366.0436863103
2,0,2.115e-08,2.49144340867,476.3194434989
2,0,2.334e-08,3.56275093608,60.5545045657
2,0,2.069e-08,3.42638286804,256.4280659219
2,0,2.094e-08,2.69778083768,883.7951792637
2,0,2.634e-08,4.98366789173,103.3534066495
2,0,2.113e-08,3.7173554236,90.8232336773
2,0,2.259e-08,5.23005869914,183.2428146475
2,0,2.403e-08,0.69911286193,452.2010535416
2,0,2.564e-08,1.72919712902,427.4919627533
2,0,2.111e-08,3.6734032722,422.4535892918
2,0,2.309e-08,1.52889857656,154.979823106
2,0,2.101e-08,3.17100143341,418.7338843498
2,0,2.339e-08,3.19581014018,475.3562356524
2,0,2.81e-08,4.44919998552,1041.2226829245
2,0,1.991e-08,0.07570870145,1097.0942747017
2,0,2.346e-08,4.39881551809,447.2051186955
2,0,2.489e-08,1.26387069472,2487.4160449478
2,0,2.265e-08,5.41116346117,827.9235874865
2,0,2.041e-08,5.11578854043,409.1897031367
2,0,2.467e-08,5.87379769512,429.5671362926
2,0,1.995e-08,4.07142764766,409.3327154886
2,0,2.007e-08,0.06206259537,614.6244920485
2,0,2.459e-08,2.83207805977,485.8806710545
2,0,1.949e-08,2.29014828042,1171.875873269
2,0,2.073e-08,4.35393775952,532.1386456494
2,0,1.873e-08,3.82628269559,344.8460576598
2,0,2.386e-08,5.73054918768,25234.70675982219
2,0,1.913e-08,1.11318492193,835.7878940127
2,0,2.201e-08,2.10310925537,784.0438574772
2,0,2.205e-08,2.5497639891,527.2432845398
2,0,2.159e-08,5.22897893375,666.723989257
2,0,2.042e-08,4.90569999816,102.5715093568
2,0,1.859e-08,2.43455134316,469.7271613599
2,0,2.564e-08,4.79991609811,425.7044189987
2,0,1.848e-08,1.89340310979,528.9402055692
2,0,1.965e-08,4.29620967516,40.1600250673
2,0,1.953e-08,2.77684772272,115.8353955119
2,0,2.542e-08,4.99291303185,354.7855377253
2,0,2.293e-08,3.74833102224,180.8433182025
2,0,1.833e-08,0.68864623997,267.6338248802
2,0,2.098e-08,4.80007899391,252.9166037841
2,0,2.063e-08,4.4229054454,177.1236132605
2,0,2.289e-08,3.53527647248,482.2573343321
2,0,2.36e-08,3.90231570903,1108.1399749656
2,0,1.811e-08,5.59255697169,530.44172462
2,0,1.804e-08,5.24742259566,3362.9906980024
2,0,1.844e-08,0.00789242156,2435.155730035
2,0,1.982e-08,5.35608124487,103.6140390804
2,0,1.908e-08,5.2223826537,466.7582159433
2,0,2.016e-08,2.76555324862,243.3553762285
2,0,1.848e-08,4.20159262156,633.7469471597
2,0,1.781e-08,4.91158923453,205.9249160063
2,0,1.781e-08,6.26122223924,220.6732748697
2,0,1.887e-08,6.15706255153,1083.7609525774
2,0,2.271e-08,3.52462508383,192.8040422031
2,0,2.271e-08,4.50659373635,233.7941486729
2,0,2.089e-08,2.7467783024,105.5404547734
2,0,2.115e-08,3.37920796693,670.916774951
2,0,2.035e-08,4.41826161524,1357.6145525811
2,0,2.371e-08,0.74039668492,799.6124118352
2,0,1.774e-08,3.33747140433,206.4461808681
2,0,1.774e-08,1.55215476226,220.1520100079
2,0,1.959e-08,5.96363240537,1246.6574718363
2,0,2.018e-08,1.23143921903,250.2082907984
2,0,2.294e-08,4.61597338213,912.4788619305
2,0,1.775e-08,0.8187040681,198.1087935899
2,0,1.775e-08,4.07092209849,228.4893972861
2,0,2.098e-08,4.3222554055,754.8389099486
2,0,1.762e-08,4.83065781118,551.1010420662
2,0,2.337e-08,6.02524868807,635.70450062
2,0,2.222e-08,5.4837945948,1699.2792165032
2,0,1.706e-08,0.55353279572,749.2098356561
2,0,1.694e-08,6.24017209111,518.3846323998
2,0,1.784e-08,3.41130277039,346.1875180162
2,0,1.912e-08,5.8315431792,133.1008708993
2,0,1.839e-08,6.01872357391,589.4947101349
2,0,1.703e-08,2.29299187318,146.3818033969
2,0,1.687e-08,0.96512635264,10.0343083076
2,0,2.084e-08,3.81612644973,5216.5803728014
2,0,1.707e-08,5.43507761109,1144.3154571431
2,0,1.855e-08,5.99205151484,301.4140161296
2,0,2.07e-08,0.48705338683,45.2465826386
2,0,1.709e-08,2.43242085921,1062.5633239269
2,0,1.655e-08,1.00249438802,104.789695248
2,0,1.838e-08,1.9492753766,2854.6403739102
2,0,1.836e-08,1.35614614488,644.56315276
2,0,2.08e-08,6.1695106041,587.2070882745
2,0,1.689e-08,3.06052557709,275.338072712
2,0,2.104e-08,5.53965159347,1372.5924061081
2,0,1.649e-08,3.76361921057,4216.1870797544
2,0,1.822e-08,1.36816817971,118.0706277456
2,0,1.72e-08,6.04159111363,6290.1893969922
2,0,2.084e-08,1.19654093349,414.8187774292
2,0,1.658e-08,0.45133729472,624.3981679252
2,0,1.707e-08,0.48133465395,98.3574718034
2,0,1.742e-08,5.09299481446,349.3689117539
2,0,1.749e-08,2.17421151845,25455.119402261
2,0,1.782e-08,3.2528987676,9772.4602613334
2,0,1.774e-08,4.76865612658,533.8837507886
2,0,1.684e-08,1.2022940182,10220.3990932118
2,0,1.942e-08,5.33749253343,246.4361962297
2,0,1.839e-08,0.63974984193,524.0137066923
2,0,1.666e-08,2.21549340552,700.4517908797
2,0,1.943e-08,5.24690810849,9146.790069021
2,0,1.802e-08,3.88396641267,2707.8286873866
2,0,1.696e-08,3.74962508253,134.1122628556
2,0,1.56e-08,1.3555573994,413.8555695827
2,0,1.8e-08,1.13754295844,1389.1071219701
2,0,1.866e-08,5.16894152281,58.319272332
2,0,1.82e-08,4.24734832675,33.6796175129
2,0,1.569e-08,2.96590949044,122.4758617607
2,0,1.878e-08,0.5603481854,134.0640787458
2,0,1.573e-08,6.00727125972,2751.5475996916
2,0,1.715e-08,3.4812452115,709.0498105888
2,0,1.549e-08,3.00079525151,735.828329422
2,0,1.584e-08,3.71413202518,3767.2106175758
2,0,1.617e-08,0.82146396585,83.3796182764
2,0,1.522e-08,3.95543295975,406.1513217509
2,0,1.774e-08,2.05577451783,988.532484885
2,0,1.844e-08,1.12596393242,4.4534181249
2,0,1.668e-08,0.15464960467,318.679491517
2,0,1.505e-08,2.43278632462,447.0450600011
2,0,1.851e-08,1.32257916724,586.3133163972
2,0,1.699e-08,1.83589151289,5849.3641121146
2,0,1.513e-08,1.58063538394,694.0719570618
2,0,1.652e-08,2.29417006197,1364.7280995819
2,0,1.681e-08,3.27233741787,9779.5738083342
2,0,1.761e-08,4.54815343835,59.2824801785
2,0,1.512e-08,5.62855091662,1748.0372612796
2,0,1.83e-08,5.34715739631,259.5088859231
2,0,1.955e-08,1.14034312132,913.7508863177
2,0,1.7e-08,2.52690589264,1091.6252591036
2,0,1.492e-08,3.87041262067,878.3261636656
2,0,1.813e-08,4.7493499523,284.8993002676
2,0,1.477e-08,2.97738624058,105.380396079
2,0,1.498e-08,0.41523796774,174.6929790482
2,0,1.557e-08,4.72868742196,5753.3848848968
2,0,1.661e-08,0.36710516357,1012.9115072732
2,0,1.458e-08,0.77581736648,632.831923423
2,0,1.835e-08,4.28335523752,245.7548726735
2,0,1.579e-08,2.180567697,680.0573113813
2,0,1.563e-08,3.16063918535,736.8397213783
2,0,1.45e-08,6.0389400302,735.9246976416
2,0,1.763e-08,3.7990707114,383.3091616977
2,0,1.651e-08,1.38404939118,1038.0412891868
2,0,1.644e-08,3.60831498439,249.4745776155
2,0,1.496e-08,4.79857033083,77623.81213840858
2,0,1.555e-08,1.75214206831,679.2541622292
2,0,1.432e-08,4.37859929602,4319.279853973
2,0,1.89e-08,2.07781526909,764.4001375042
2,0,1.529e-08,3.49230150581,1379.7059531089
2,0,1.537e-08,2.3081556194,321.0577361026
2,0,1.683e-08,2.44398546913,6503.4884924302
2,0,1.413e-08,5.19282461963,322.6116447801
2,0,1.473e-08,5.41554956833,1452.8430202735
2,0,1.848e-08,0.98286127487,419.6970921963
2,0,1.615e-08,3.28706588176,763.4369296577
2,0,1.495e-08,0.29095019343,155.7829722581
2,0,1.394e-08,3.59008434668,632.0329797878
2,0,1.588e-08,3.92824002664,148.3393568572
2,0,1.416e-08,1.27557908922,840.4537604587
2,0,1.377e-08,1.49343226956,1354.4331588434
2,0,1.512e-08,1.46479222367,5746.271337896
2,0,1.512e-08,2.71827936357,428.2427222787
2,0,1.373e-08,5.14213868043,118.8737768977
2,0,1.432e-08,0.34980510915,1166.4068576709
2,0,1.361e-08,0.09412736777,331.3697231836
2,0,1.891e-08,3.43728723911,1165.3954657146
2,0,1.501e-08,2.87450546367,9676.4810341156
2,0,1.759e-08,3.01502964755,200.0352092829
2,0,1.759e-08,1.87459651904,226.5629815931
2,0,1.599e-08,3.86769166408,10433.6981886498
2,0,1.401e-08,4.97239262675,1950.2906564537
2,0,1.637e-08,1.37711471652,451.7279727896
2,0,1.339e-08,0.57976012942,1159.2933106701
2,0,1.375e-08,1.60430927308,1670.8250285
2,0,1.377e-08,2.45454466359,183.5516311882
2,0,1.377e-08,5.57667415659,243.0465596878
2,0,1.464e-08,3.85374204577,263.0203480609
2,0,1.337e-08,6.03006105607,6.3627874754
2,0,1.647e-08,2.07108808598,109.3125493421
2,0,1.455e-08,0.74361321398,25661.3049506982
2,0,1.312e-08,4.56459920331,311.7260032106
2,0,1.5e-08,1.53242411242,2313.9037085517
2,0,1.715e-08,4.51218397068,79.1868325824
2,0,1.381e-08,5.24179656775,718.6110381444
2,0,1.758e-08,1.96055689832,452.4616859725
2,0,1.687e-08,3.24710382106,1151.4290041439
2,0,1.765e-08,5.03429736111,757.8078553652
2,0,1.66e-08,2.14686249511,661.0949149645
2,0,1.464e-08,2.84230067135,359.893347156
2,0,1.374e-08,5.32410055956,535.3200393871
2,0,1.342e-08,1.84663745229,384.2723695442
2,0,1.663e-08,0.24097601233,102.980899634
2,0,1.297e-08,3.46029204668,4532.578949411
2,0,1.451e-08,5.66628703851,316.6525020875
2,0,1.27e-08,2.95469445132,373.0142209592
2,0,1.46e-08,1.42235125301,1020.025054274
2,0,1.406e-08,0.84231326933,560.7104537316
2,0,1.459e-08,4.6204734122,9352.9756174582
2,0,1.414e-08,3.87043606216,632.7355552034
2,0,1.665e-08,5.34226157718,163.5778428151
2,0,1.394e-08,3.70666435538,1008.9793540101
2,0,1.372e-08,5.09085657141,1182.9215735329
2,0,1.379e-08,5.79481326272,315.8706047948
2,0,1.321e-08,0.36554718986,271.61836777
2,0,1.564e-08,6.16373253849,3391.4448860056
2,0,1.475e-08,5.61366600619,5643.1785636774
2,0,1.471e-08,0.61030032816,2693.601593385
2,0,1.58e-08,3.30444982133,1477.5945496772
2,0,1.597e-08,1.08229581813,303.8616966844
2,0,1.295e-08,2.80308750215,5179.5897827258
2,0,1.282e-08,2.45390821025,1048.3362299253
2,0,1.623e-08,2.82702522323,2914.0142358238
2,0,1.413e-08,0.07531190902,42.5864537627
2,0,1.267e-08,3.75487767558,114.8721876654
2,0,1.279e-08,5.34028961972,208.8938614229
2,0,1.279e-08,5.83252185405,217.7043294531
2,0,1.208e-08,6.03949546814,115.8835796217
2,0,1.406e-08,3.94363693881,959.2099172774
2,0,1.426e-08,3.54668411045,823.9914342234
2,0,1.187e-08,5.29569678283,2648.454825473
2,0,1.376e-08,2.389557804,973.554631358
2,0,1.435e-08,5.24207563071,1147.4968508808
2,0,1.183e-08,4.17236140424,415.2918581812
2,0,1.307e-08,5.09096433091,962.5089310941
2,0,1.46e-08,1.81062368165,1244.226837624
2,0,1.332e-08,0.68009283969,896.3253522359
2,0,1.408e-08,1.48916422175,1560.6187072806
2,0,1.354e-08,2.19008098418,529.8028396792
2,0,1.236e-08,5.87828881803,539.0921339558
2,0,1.187e-08,4.77583628852,1261.6353253633
2,0,1.569e-08,4.9663745508,1178.9894202698
2,0,1.168e-08,1.96403978263,832.5894539325
2,0,1.351e-08,5.90695241311,795.6802585721
2,0,1.188e-08,5.75060601791,1394.7361962626
2,0,1.182e-08,6.04710142267,3149.6916025644
2,0,1.278e-08,3.39065490978,851.4994607226
2,0,1.176e-08,1.33279737043,251.9052118278
2,0,1.15e-08,5.05374956343,4105.980758535
2,0,1.245e-08,3.08432272519,293.4973199767
2,0,1.274e-08,2.13259616483,165.3441998137
2,0,1.391e-08,1.59445777142,5860.4098123785
2,0,1.383e-08,2.9111533848,880.023084695
2,0,1.364e-08,3.65670468364,673.8375362578
2,0,1.211e-08,0.72754477376,270.8152186179
2,0,1.22e-08,5.76615286425,6599.467719648
2,0,1.26e-08,4.21792862426,95.0160193713
2,0,1.435e-08,4.73699005047,745.9108218394
2,0,1.175e-08,0.4512471068,1773.9178027186
2,0,1.373e-08,4.69446038699,5852.5455058523
2,0,1.156e-08,2.09958021403,2957.7331481288
2,0,1.148e-08,3.66152510897,2047.9144150742
2,0,1.139e-08,2.68435803005,199.0238173266
2,0,1.139e-08,2.20526813654,227.5743735494
2,0,1.35e-08,5.09745513208,25440.89230825939
2,0,1.311e-08,2.47777507424,332.1728723357
2,0,1.176e-08,0.25747287404,303.0585475323
2,0,1.161e-08,0.08009629228,2833.2997329078
2,0,1.276e-08,4.92819616998,613.8737325231
2,0,1.179e-08,0.9634748146,272.5815756165
2,0,1.122e-08,0.92184815863,432.8179659995
2,0,1.228e-08,4.57812464858,91.4563731237
2,0,1.187e-08,4.30030791094,5863.5912061162
2,0,1.432e-08,1.96156899893,1467.0701142751
2,0,1.565e-08,5.50866075952,670.4960838257
2,0,1.46e-08,4.02014508155,1128.534454464
2,0,1.127e-08,0.75894620303,1248.1419445446
2,0,1.142e-08,3.13725365534,1378.0614217062
2,0,1.292e-08,4.94892179549,101.6083015103
2,0,1.182e-08,5.41503430757,5540.0857894588
2,0,1.261e-08,3.01344786948,520.129737539
2,0,1.189e-08,1.44697668431,934.1977554428
2,0,1.29e-08,4.31664662387,1403.3342159717
2,0,1.238e-08,0.92078746343,1383.6904959987
2,0,1.287e-08,2.71685606596,11.3063326948
2,0,1.429e-08,2.57870016615,388.7257876691
2,0,1.241e-08,1.1637463504,938.1299087059
2,0,1.429e-08,1.35590972606,9367.2027114598
2,0,1.238e-08,2.88082011488,559.6990617753
2,0,1.464e-08,2.19517746458,1268.7488723641
2,0,1.475e-08,4.07024767243,2810.9214616052
2,0,1.114e-08,4.80667138601,674.4282370888
2,0,1.103e-08,3.05975735898,531.6967026647
2,0,1.075e-08,5.77191306487,17.4084877393
2,0,1.301e-08,3.01791185503,9790.6195085981
2,0,1.1e-08,4.42560702702,527.6852275245
2,0,1.266e-08,5.92426661157,5867.5233593793
2,0,1.257e-08,0.41197726402,877.5754041402
2,0,1.442e-08,4.23877549265,4113.0943055358
2,0,1.094e-08,4.00646645065,9896.8936765544
2,0,1.072e-08,2.44003133103,220.5727011332
2,0,1.072e-08,2.44959483556,206.0254897428
2,0,1.283e-08,6.11791413409,9782.7552020719
2,0,1.066e-08,0.35413270142,313.4711083498
2,0,1.496e-08,6.13864478613,5436.9930152402
2,0,1.15e-08,2.75164397729,622.4887985747
2,0,1.081e-08,5.43327205124,1512.6467653138
2,0,1.101e-08,4.55889118971,526.7702037878
2,0,1.081e-08,5.08897949602,304.1223291153
2,0,1.122e-08,2.67408029502,525.0250986486
2,0,1.099e-08,2.14793939788,582.3811631341
2,0,1.113e-08,2.78895749341,184.8449074348
2,0,1.124e-08,1.95050273016,40.8413486235
2,0,1.156e-08,4.91320818501,885.4397106664
2,0,1.072e-08,5.83506752367,206.3456071316
2,0,1.072e-08,5.3377439501,220.2525837444
2,0,1.303e-08,2.12418606135,1096.2429414398
2,0,1.17e-08,0.54627504485,704.8570248948
2,0,1.397e-08,3.88391400366,1461.4410399826
2,0,1.408e-08,3.76229402125,1112.0721282287
2,0,1.047e-08,6.13974886268,2090.3096723752
2,0,1.301e-08,6.22683407267,875.830299001
2,0,1.288e-08,5.13607461897,1340.5615255148
2,0,1.299e-08,0.71540574041,2509.7943162504
2,0,1.23e-08,0.13956830728,25867.49049913539
2,0,1.139e-08,0.41496903697,253.4591205053
2,0,1.166e-08,3.48880285321,2467.3990589494
2,0,1.294e-08,5.50067006265,1082.0158474382
2,0,1.128e-08,1.50250031231,1222.2784494481
2,0,1.368e-08,3.5574035986,79.2350166922
2,0,1.335e-08,1.0817972204,730.4598875604
2,0,1.131e-08,0.03214465517,689.6185389369
2,0,1.038e-08,0.51297577197,1152.1797636693
2,0,1.033e-08,1.52450189207,4010.0015313172
2,0,1.303e-08,1.99200329985,945.9942152321
2,0,1.127e-08,5.02755449215,78477.00852016058
2,0,1.088e-08,1.8753617553,976.7360250957
2,0,1.199e-08,2.54525785509,308.3151148093
2,0,1.314e-08,2.07607830812,701.936263588
2,0,1.105e-08,3.15207498933,971.1069508032
2,0,1.029e-08,6.18632577425,1365.4788591073
2,0,1.026e-08,0.76317034722,521.6142102473
2,0,1.035e-08,1.58079454896,121.8427223143
2,0,1.33e-08,3.46718588783,2740.5018994277
2,0,1.129e-08,5.61460981892,1054.7160637432
2,0,1.188e-08,1.28708061167,70.3281804424
2,0,1.026e-08,3.09324791083,2442.2692770358
2,0,1.244e-08,5.00296233329,761.7400086283
2,0,1.252e-08,0.34989378235,1116.0042814918
2,0,1.321e-08,2.86590848137,323.2447842265
2,0,1.279e-08,1.94525342708,223.1209554245
2,0,1.279e-08,2.94437273951,203.4772354515
2,0,1.018e-08,1.34516588766,640.6480458394
2,0,1.055e-08,5.07319058758,1460.7073267997
2,0,1.015e-08,4.28796379199,1022.3126761344
2,0,1.258e-08,0.69213323852,9573.388259897
2,0,1.184e-08,1.06455252744,9797.7330555989
2,0,1.007e-08,5.8781227521,102.8321417877
2,0,1.104e-08,4.69963929431,1276.6131788903
2,0,1.037e-08,2.37689196096,645.3139122854
2,0,1.241e-08,0.02017171913,748.406686504
2,0,1.019e-08,0.2048335354,6247.5131155228
2,0,1.32e-08,5.9204894502,1127.2624300768
2,0,1.11e-08,0.09479876796,1397.7051416792
2,0,1.254e-08,4.10528340828,758.7710632117
2,0,1.119e-08,1.80586847421,4966.2906872878
2,0,1.393e-08,2.24060310557,25558.2121764796
2,0,1.197e-08,0.06674040925,47.061123747
2,0,9.93e-09,3.81339502228,1759.8337210689
2,0,1.344e-08,5.35674518674,108.50940019
2,0,1.031e-08,3.42249730866,714.5358725294
2,0,1.008e-08,5.42544405998,557.0389328994
2,0,1.003e-08,5.72439128757,3067.9394693482
2,0,1.17e-08,3.04619310978,1176.7017984094
2,0,1.03e-08,1.19140347405,5385.775331163
2,0,1.16e-08,4.66675692714,152.7445908723
2,0,1.132e-08,3.30323864793,1467.8208738005
2,0,1.056e-08,2.35368791284,683.1863154923
2,0,1.201e-08,1.52741197289,528.4671248172
2,0,1.019e-08,2.53037345351,599.6466385215
2,0,1.009e-08,0.40854433922,1939.2449561898
2,0,1.228e-08,4.848893279,1439.5096981492
2,0,1.269e-08,0.83510696953,1239.5439248355
2,0,9.73e-09,2.36193993021,173.1390703707
2,0,1.082e-08,6.08511886961,442.639825986
2,0,1.282e-08,5.51004335308,314.9073969483
2,0,1.108e-08,4.52501543913,523.5406259403
2,0,1.105e-08,5.8615863942,199.1201855462
2,0,1.105e-08,5.31122507957,227.4780053298
2,0,9.65e-09,1.83712872363,5599.074426601
2,0,1.072e-08,3.4120813714,572.9799942729
2,0,1.227e-08,2.37509830492,1973.1328165069
2,0,9.86e-09,5.10430433948,3679.382567659
2,0,1.186e-08,0.73895067297,772.9981572133
2,0,1.222e-08,1.63996260052,775.9671026299
2,0,1.089e-08,4.89269944083,416.5638825684
2,0,1.18e-08,2.37180620952,1226.2106027112
2,0,9.53e-09,1.64633028007,951.4632308302
2,0,1.226e-08,4.39692936186,25344.9130810416
2,0,1.022e-08,3.8558153258,968.1380053866
2,0,1.161e-08,5.33337222331,6327.837393132
2,0,9.59e-09,3.23065315419,104138.31347085879
2,0,9.5e-09,1.34328833506,568.2970814844
2,0,1.21e-08,6.18765615746,2597.6223661672
2,0,1.221e-08,3.06185083945,1458.472094566
2,0,9.89e-09,6.21888180767,394.9455627926
2,0,1.092e-08,2.10149693935,1681.1199692385
2,0,1.155e-08,0.22997009337,308.5275631304
2,0,9.45e-09,2.34748592116,731.6837278378
2,0,9.61e-09,1.7800795484,1333.2355301929
2,0,1.1e-08,3.22997983392,608.2446582306
2,0,9.37e-09,3.347497256,544.5087599272
2,0,1.297e-08,2.80101502823,1784.2127434571
2,0,1.122e-08,0.69750945684,877.1023233882
2,0,9.33e-09,0.51299958961,848.530515306
2,0,1.045e-08,1.54081682323,1987.2168981566
2,0,1.056e-08,0.8433959132,62.038977274
2,0,9.99e-09,0.90076451228,3569.1762464396
2,0,1.005e-08,0.28351221664,9793.8009023358
2,0,9.3e-09,4.21016384068,818.574808252
2,0,1.066e-08,0.47942092975,2306.7901615509
2,0,9.63e-09,0.11398671683,316.9131345184
2,0,1.221e-08,4.50707535867,473.068613792
2,0,1.116e-08,1.68960080489,517.1607921224
2,0,1.044e-08,2.16537763505,836.5216071956
2,0,1.147e-08,5.47459127263,633.305004175
2,0,1.052e-08,3.11316362179,6261.7402095244
2,0,1.072e-08,5.82302843412,781.5961769224
2,0,1.082e-08,3.68063207053,2151.0071892928
2,0,9.31e-09,0.21521830264,354.9979860464
2,0,9.48e-09,3.43998144012,97.4636999261
2,0,1.057e-08,6.03030458165,3707.8367556622
2,0,9.6e-09,6.20933873501,2015.6710861598
2,0,1.049e-08,5.33285992294,1018.3281332446
2,0,1.139e-08,0.28846267487,5845.4319588515
2,0,9.14e-09,6.19113704199,838.218528225
2,0,9.14e-09,1.06552716224,385.7568422525
2,0,1.042e-08,1.84028027185,1304.9243545416
2,0,1.203e-08,1.07996928802,5333.9002410216
2,0,1.048e-08,1.94898160418,1471.0022675382
2,0,9.31e-09,3.02433582418,5966.6839803348
2,0,1.121e-08,6.06132137788,1079.8287993143
2,0,9.73e-09,4.2572964157,522.529233984
2,0,1.041e-08,1.71140114347,1186.853726796
2,0,1.248e-08,5.81880585315,1392.2885157078
2,0,1.071e-08,2.37134940495,947.5310775671
2,0,9.83e-09,6.14597134557,1432.3961511484
2,0,9.39e-09,4.76698210393,632.2624744514
2,0,9.47e-09,1.70406168716,1791.3262904579
2,0,9.33e-09,0.10105086253,401.5378449316
2,0,8.99e-09,5.66539137251,605.9570363702
2,0,8.95e-09,4.34232828985,774.0095491696
2,0,1.12e-08,5.72518062452,507.5995645668
2,0,1.109e-08,4.52510690641,1259.1876448085
2,0,1.167e-08,3.02717194449,25771.5112719176
2,0,1.011e-08,4.96279902162,600.5404103988
2,0,8.96e-09,1.24835724643,6386.16862421
2,0,9.31e-09,2.99706770941,529.57909051
2,0,9.52e-09,0.90233317636,1197.8994270599
2,0,9.63e-09,0.2094318439,770.3380283374
2,0,9.23e-09,1.51298250216,3171.0322435668
2,0,9.07e-09,2.14028131544,663.8032279502
2,0,9.06e-09,5.11765190175,2961.6653013919
2,0,1.214e-08,4.42120077268,2946.6874478649
2,0,9.67e-09,0.98988062069,10529.6774158676
2,0,1.179e-08,3.99906681922,260.9933586314
2,0,9.5e-09,0.59456934149,944.9828232758
2,0,8.72e-09,3.49844276549,102.9327155242
2,0,9.56e-09,2.92027266913,1527.6246188408
2,0,9.02e-09,4.43760131078,1407.2663692348
2,0,9.7e-09,2.49664105561,51322.60990139639
2,0,8.71e-09,0.48742243908,103.252832913
2,0,8.73e-09,0.09381959854,532.8723588323
2,0,9.43e-09,0.71258336966,6018.5590704762
2,0,1.016e-08,4.70921884112,981.4189378842
2,0,8.81e-09,4.58021114149,2843.5946736463
2,0,1.085e-08,0.37811767801,1546.5346256309
2,0,9.39e-09,3.15073621706,12573.2652469836
2,0,8.68e-09,0.44886276523,449.4927405559
2,0,1.172e-08,0.20951776841,979.1837056505
2,0,1.152e-08,0.35051240732,775.4458377681
2,0,1.101e-08,5.07266587861,494.4786907636
2,0,1.065e-08,1.71191506456,9775.6416550711
2,0,8.53e-09,4.59373677875,4760.1051388506
2,0,9.18e-09,6.03829321587,52168.69273614759
2,0,8.78e-09,6.24767898008,166.237971691
2,0,1.01e-08,1.98220117589,480.251596762
2,0,1.152e-08,1.04093902543,3693.6096616606
2,0,9.6e-09,1.81660864656,5842.2505651138
2,0,8.59e-09,1.05530609054,1886.5547581503
2,0,8.77e-09,5.41246001857,4642.7852706304
2,0,8.45e-09,2.85280736082,726.3152859762
2,0,8.58e-09,5.12251529685,1035.002907801
2,0,9.35e-09,1.83502346499,61.2882177486
2,0,8.4e-09,2.81067577434,9808.5381846614
2,0,9.59e-09,1.3762135639,249.6870259366
2,0,9.59e-09,0.3718199491,176.9111649394
2,0,8.55e-09,3.9885387894,1310.3933701397
2,0,8.43e-09,3.12599906236,248.4631856592
2,0,8.43e-09,4.90521975782,178.1350052168
2,0,9.96e-09,0.20876442702,1332.4847706675
2,0,9.53e-09,0.51927892471,1230.1427559743
2,0,8.29e-09,4.13735314255,1303.2798231389
2,0,9.15e-09,0.15291133436,1329.3033769298
2,0,8.66e-09,4.28206544053,1535.488925367
2,0,8.82e-09,6.1484264379,9683.5945811164
2,0,8.52e-09,0.51301141846,6004.3319764746
2,0,8.25e-09,0.62630510792,20007.0864485468
2,0,9.18e-09,3.42990447828,803.5445650983
2,0,8.53e-09,1.59971801488,1235.6117715724
2,0,9.51e-09,5.4670432236,170.9732741062
2,0,1.144e-08,1.01612696205,982.1526510671
2,0,8.75e-09,0.47626060283,711.4974911436
2,0,9.05e-09,2.71960412461,1257.7031721002
2,0,1.152e-08,5.33984775483,987.7817253596
2,0,9.98e-09,1.04631660524,6069.7767545534
2,0,8.54e-09,0.23340791396,6179.9830757728
2,0,8.4e-09,5.60050623367,1336.4169239306
2,0,9.91e-09,3.14797549363,720.8986600048
2,0,8.19e-09,2.67378067049,10316.3783204296
2,0,9.19e-09,3.47325211191,1026.2448293975
2,0,9.94e-09,1.6095067258,829.6205085159
2,0,9.43e-09,4.17403338141,1109.6244476739
2,0,9.27e-09,4.1984943596,204.91352405
2,0,9.27e-09,0.69113180699,221.684666826
2,0,8.71e-09,0.52354702088,9470.2954856784
2,0,9.33e-09,4.15364437718,1674.0064222377
2,0,8.77e-09,4.52268592431,653.2306084383
2,0,9.27e-09,2.66429940836,1962.087116243
2,0,8.8e-09,0.13023886547,547.8502123593
2,0,1.082e-08,5.65042296748,26404.2950112308
2,0,9.19e-09,4.83467452443,1055.1891444952
2,0,8.46e-09,6.02295130304,931.0163617051
2,0,1.037e-08,5.02887266884,5805.2599750382
2,0,8e-09,4.13177049709,4635.6717236296
2,0,8.67e-09,5.47092894803,155.1922714271
2,0,1.053e-08,4.90390047531,1901.5326116773
2,0,1.079e-08,3.72322614378,902.9176343749
2,0,8.96e-09,0.27836778819,580.0935412737
2,0,1.031e-08,0.6033537647,688.6553310904
2,0,7.98e-09,0.89814256581,437.9045235708
2,0,1.053e-08,1.91920415131,859.4161568755
2,0,8.31e-09,0.54907671784,2748.3662059539
2,0,7.95e-09,2.54691720565,866.5297038763
2,0,8.4e-09,1.48233531283,1385.174968707
2,0,8.03e-09,4.00105166343,19992.85935454519
2,0,8.54e-09,0.46873622406,1784.9635029825
2,0,8.31e-09,5.64600755399,898.7730327907
2,0,9.37e-09,0.42725418233,68.1893164283
2,0,9.72e-09,1.58618574208,892.5532576672
2,0,9.27e-09,3.30290599729,1025.4416802454
2,0,8.05e-09,1.9626723778,913.0001267923
2,0,1.019e-08,5.48579524125,103.2046488032
2,0,8.47e-09,2.9761030043,1052.3165672982
2,0,8.73e-09,4.08656619449,63.6240237188
2,0,8.93e-09,0.91586743264,63.847772888
2,0,7.93e-09,4.26073072769,746.1714542703
2,0,1.086e-08,1.02446339597,592.2030231206
2,0,7.71e-09,2.27022333294,887.7273325268
2,0,7.79e-09,2.54078758579,689.4060906158
2,0,8.06e-09,1.66859223326,10110.1927719924
2,0,8.87e-09,1.70334556979,26514.5013324502
2,0,9.29e-09,2.62709773685,1120.148883076
2,0,8.59e-09,0.82190799976,74.6697239827
2,0,7.89e-09,3.20945790021,1030.927742186
2,0,8.58e-09,3.85737061744,74.8934731519
2,0,7.67e-09,4.66307945149,498.1983957056
2,0,1.021e-08,1.40139494002,1.6969210294
2,0,9.59e-09,1.04789269733,6076.8903015542
2,0,7.84e-09,5.99841824258,5158.2491417234
2,0,9.36e-09,0.72034877666,841.8900490572
2,0,7.66e-09,6.24799605844,1101.0264279648
2,0,8.39e-09,4.71654625446,1231.6272286826
2,0,1.015e-08,0.10530028205,100.1720129118
2,0,7.78e-09,4.04810843349,2321.7680150779
2,0,8.66e-09,5.12432196817,1293.8786542777
2,0,1.032e-08,1.17517343066,3657.0042963564
2,0,9.47e-09,3.08746343216,447.7958195265
2,0,7.68e-09,1.62756580326,845.3320752258
2,0,7.99e-09,5.146882689,734.9133056853
2,0,9.08e-09,0.26950699609,733.428832977
2,0,7.67e-09,4.46762890624,2439.0878832981
2,0,8.14e-09,0.37021427089,545.4719677737
2,0,7.58e-09,0.34567197825,2520.0892569889
2,0,7.69e-09,5.8709275819,1052.2201990786
2,0,7.77e-09,2.78595286028,2014.0265547571
2,0,8.82e-09,1.95143255195,870.4618571394
2,0,1.02e-08,5.90465000788,1475.6851803267
2,0,1.002e-08,2.61282923035,52182.9198301492
2,0,9.68e-09,0.11565571052,273.8536000037
2,0,1.032e-08,4.67952456423,901.9544265284
2,0,7.98e-09,2.99561263866,188.2387494936
2,0,7.83e-09,4.50695826573,664.2763087022
2,0,9.74e-09,3.91688033246,518.9058972616
2,0,8.39e-09,5.64758218929,13362.4497067992
2,0,7.87e-09,5.13104524009,487.1526954417
2,0,9.16e-09,3.77881993784,655.4176565622
2,0,7.71e-09,3.10909230338,6058.7310542895
2,0,8.81e-09,4.53520937731,522.6256022036
2,0,8.49e-09,2.69053963232,142.6620984549
2,0,8.31e-09,5.48519211288,436.6324991836
2,0,7.77e-09,4.48728323493,1459.9565672743
2,0,7.68e-09,4.55911217014,2093.4910661129
2,0,7.57e-09,2.65987497026,5495.9816523824
2,0,7.42e-09,5.52726117983,2332.0629558164
2,0,9.4e-09,1.37204266374,461.7622810972
2,0,8.81e-09,4.14004497053,157.4275036608
2,0,8.81e-09,3.89117384965,269.1706872152
2,0,7.89e-09,1.23325676313,678.0303219518
2,0,1.033e-08,0.17480901728,6283.0758499914
2,0,9.84e-09,3.9615540143,3281.2385647862
2,0,8.31e-09,3.47299098336,595.7144852584
2,0,9.99e-09,1.13314642156,920.8644333185
2,0,7.42e-09,5.70935160714,731.9443602687
2,0,7.31e-09,2.60139474945,995.6460318858
2,0,8.3e-09,1.77407654847,1016.8436605363
2,0,8.38e-09,2.96887278071,1809.4855377226
2,0,8.41e-09,2.45745541864,1051.3051753419
2,0,8.54e-09,0.98057544228,260.360219185
2,0,7.44e-09,0.83167351532,1262.3860848887
2,0,7.41e-09,5.23085224752,2630.2955782083
2,0,9.93e-09,0.70716715579,1126.2992222303
2,0,7.2e-09,1.5650065552,103711.71527998279
2,0,7.76e-09,0.11552710493,1703.2113697663
2,0,7.81e-09,2.1919449583,1255.2725378879
2,0,9.84e-09,2.53004116896,7232.2514589612
2,0,7.29e-09,4.65946561531,1649.6273998495
2,0,7.95e-09,3.18515228074,1578.0271950199
2,0,7.85e-09,4.60689165591,3892.681663097
2,0,7.49e-09,2.29649366933,785.5283301855
2,0,8.1e-09,4.93913245615,109.9456887885
2,0,7.19e-09,5.79339190715,467.4395394995
2,0,8.57e-09,3.17633759904,1158.5425511447
2,0,7.09e-09,3.15027123836,2431.2235767719
2,0,8.25e-09,5.06498115275,1163.4379122543
2,0,8.46e-09,0.32817929651,669.6447505638
2,0,7.11e-09,0.51488865945,257.3912737684
2,0,7.2e-09,0.238315243,255.6249167698
2,0,8.5e-09,6.00519987822,893.3564068193
2,0,7.86e-09,1.09310702278,1877.0105769372
2,0,8e-09,4.99602201203,147.1155165798
2,0,8e-09,3.03519680815,279.4826742962
2,0,7.26e-09,1.74105086917,119.3950417595
2,0,7.2e-09,4.53254360784,9988.9407505091
2,0,9.74e-09,2.4257091423,738.3241940866
2,0,8.25e-09,4.40565729511,1012.8633231634
2,0,9.28e-09,4.77788887117,5856.4776591154
2,0,7.29e-09,1.61950166057,938.8806682313
2,0,7.83e-09,6.05642153657,227.0049245778
2,0,7.83e-09,5.1163899372,199.5932662982
2,0,7.11e-09,0.78076574241,461.1291416508
2,0,7.06e-09,3.1178317097,740.2817475469
2,0,7.07e-09,3.12817541549,5654.2242639413
2,0,9.17e-09,5.15440738995,665.0270682276
2,0,7.07e-09,3.00720307782,111.6907939277
2,0,8.11e-09,4.27025807476,1799.1905969841
2,0,7.03e-09,0.342765787,809.0135806964
2,0,7.36e-09,5.91316802743,403.7036411961
2,0,7.82e-09,5.65617344255,309.230138546
2,0,7.37e-09,2.65037863056,285.6330134505
2,0,8.17e-09,2.85530610777,4863.1979130692
2,0,6.84e-09,5.85076034411,1585.1407420207
2,0,6.85e-09,4.29010164874,455.0523788792
2,0,7.93e-09,3.19405005242,5422.7659212386
2,0,8.03e-09,5.39520301385,1688.9842757647
2,0,8.18e-09,3.10302225792,391.976617376
2,0,7.05e-09,5.82260938168,3466.083472221
2,0,8.36e-09,3.85309730075,570.5323137181
2,0,7.52e-09,0.5655624143,413.1048100573
2,0,6.81e-09,0.83326775082,458.090760265
2,0,6.81e-09,5.71281585921,2143.893642292
2,0,7.43e-09,2.21707684604,1016.0929010109
2,0,7.02e-09,1.24544695479,598.8434893694
2,0,8.1e-09,3.81368284008,614.8369403696
2,0,6.81e-09,1.84015126699,2954.5517543911
2,1,0.05373895252,0.0,0.0
2,1,0.03089676414,2.70347020059,426.598190876
2,1,0.02740812928,4.2666750646,206.1855484372
2,1,0.02646734779,3.76132299914,220.4126424388
2,1,0.00631417689,5.03245728319,7.1135470008
2,1,0.00256727017,1.95352327208,639.897286314
2,1,0.00312184641,3.25850939353,419.4846438752
2,1,0.00189379568,2.9150232868,433.7117378768
2,1,0.00164086267,5.29239224879,213.299095438
2,1,0.00116775818,5.89150757121,110.2063212194
2,1,0.00067189505,2.170429775,316.3918696566
2,1,0.00066984273,3.63101074215,227.5261894396
2,1,0.00032993193,4.35526131741,199.0720014364
2,1,0.00030623941,4.8886201945,14.2270940016
2,1,0.00022227517,4.62224969869,103.0927742186
2,1,0.00018939541,1.20409782475,853.196381752
2,1,0.00018074789,3.51566121826,209.3669421749
2,1,0.00017786462,4.53214139341,217.2312487011
2,1,0.00016316041,3.29784030574,216.4804891757
2,1,0.00015939705,4.74503240139,210.1177017003
2,1,0.00016718004,3.00200323762,632.7837393132
2,1,0.00016150533,4.04213724873,323.5054166574
2,1,0.00014477333,2.10298721499,647.0108333148
2,1,0.0001108147,4.74085903299,117.3198682202
2,1,9.902653e-05,3.60258639503,202.2533951741
2,1,8.725278e-05,4.46324685676,224.3447957019
2,1,6.584549e-05,4.07328504513,309.2783226558
2,1,5.504485e-05,2.83207431701,440.8252848776
2,1,5.427246e-05,1.03183073701,11.0457002639
2,1,4.177277e-05,3.01038599928,412.3710968744
2,1,4.047069e-05,5.17479134124,95.9792272178
2,1,2.745113e-05,2.52862121261,149.5631971346
2,1,2.423372e-05,2.64373010772,522.5774180938
2,1,1.744754e-05,5.50576132273,277.0349937414
2,1,1.672526e-05,3.18810844159,536.8045120954
2,1,1.692304e-05,2.39926742035,422.6660376129
2,1,1.545875e-05,3.73180287915,330.6189636582
2,1,1.360664e-05,0.45530625979,1066.49547719
2,1,1.332178e-05,3.49199811942,234.6397364404
2,1,1.300561e-05,0.8372757643,415.5524906121
2,1,1.393361e-05,4.62211146668,3.1813937377
2,1,1.173958e-05,2.72608805865,846.0828347512
2,1,1.314212e-05,4.38807267093,625.6701923124
2,1,1.127628e-05,3.8731011349,423.4167971383
2,1,1.127311e-05,1.31087998856,860.3099287528
2,1,1.519756e-05,6.1290909803,3.9321532631
2,1,1.102045e-05,2.50535926173,429.7795846137
2,1,1.344507e-05,1.41793614164,210.8514148832
2,1,1.331406e-05,0.33834520814,215.7467759928
2,1,9.84782e-06,4.06175514589,529.6909650946
2,1,8.82803e-06,3.84618864037,437.6438911399
2,1,8.45402e-06,2.61067150867,838.9692877504
2,1,8.20885e-06,3.17476992262,223.5940361765
2,1,6.61753e-06,5.4459235063,742.9900605326
2,1,6.89847e-06,5.48656147822,88.865680217
2,1,8.16193e-06,4.73301735835,21.3406410024
2,1,7.11322e-06,4.54955881405,430.5303441391
2,1,6.9887e-06,4.56691908682,302.164775655
2,1,5.97396e-06,3.52691223403,124.433415221
2,1,4.71839e-06,2.03826977441,654.1243803156
2,1,4.79853e-06,4.85897867518,203.0041546995
2,1,5.12378e-06,5.88153151176,735.8765135318
2,1,4.05932e-06,2.85402341284,85.8272988312
2,1,4.05563e-06,2.74169565316,515.463871093
2,1,3.80146e-06,4.42849645888,191.9584544356
2,1,3.69673e-06,2.17850899524,76.2660712756
2,1,3.29674e-06,2.25304515644,1155.361157407
2,1,3.39777e-06,1.16732337173,217.964961884
2,1,3.04932e-06,4.89664555631,231.4583427027
2,1,3.13279e-06,0.79690491776,628.8515860501
2,1,3.12226e-06,3.52631355331,942.062061969
2,1,2.99967e-06,0.58486918119,208.633228992
2,1,2.71553e-06,1.13380715292,288.0806940053
2,1,2.61665e-06,5.58043800182,18.1592472647
2,1,3.36751e-06,1.51006955238,203.7378678824
2,1,2.59741e-06,4.42049959331,10.2949407385
2,1,2.63792e-06,1.98500737829,362.8622925726
2,1,2.89108e-06,1.62539765309,728.762966531
2,1,2.9248e-06,0.24003627114,222.8603229936
2,1,2.13893e-06,4.46025867511,207.8824694666
2,1,2.28306e-06,5.83832283113,949.1756089698
2,1,2.08106e-06,3.59333007773,218.7157214094
2,1,2.08355e-06,2.79392574025,408.4389436113
2,1,2.10228e-06,0.51312557889,138.5174968707
2,1,1.95753e-06,1.92286511963,52.6901980395
2,1,1.94622e-06,5.15592319826,340.7708920448
2,1,1.94009e-06,4.64002206209,200.7689224658
2,1,1.69514e-06,5.9001086524,350.3321196004
2,1,1.67903e-06,3.43165870674,225.8292684102
2,1,1.65942e-06,2.65915928084,831.8557407496
2,1,1.77511e-06,3.37006150668,210.3783341312
2,1,1.77822e-06,4.64970159848,216.2198567448
2,1,1.60353e-06,0.38234469263,195.1398481733
2,1,1.62449e-06,4.34655014824,956.2891559706
2,1,1.45028e-06,2.97035649604,543.9180590962
2,1,1.45034e-06,5.01521877128,9.5612275556
2,1,1.78224e-06,4.70070237084,160.6088973985
2,1,1.7027e-06,1.06169886425,207.6700211455
2,1,1.51139e-06,1.56897925752,635.9651330509
2,1,1.63974e-06,0.66806989122,218.9281697305
2,1,1.36838e-06,1.98352486919,1471.7530270636
2,1,1.64874e-06,3.04584528801,22.0914005278
2,1,1.34654e-06,5.96927335823,703.6331846174
2,1,1.51556e-06,3.67396623947,127.4717966068
2,1,1.53277e-06,5.85394341815,56.6223513026
2,1,1.31057e-06,2.459184829,750.1036075334
2,1,1.35815e-06,3.202725419,1258.4539316256
2,1,1.24428e-06,2.71560761485,447.9388318784
2,1,1.35909e-06,2.82497232885,142.4496501338
2,1,1.37107e-06,5.58034331705,490.3340891794
2,1,1.2278e-06,0.78945958156,1059.3819301892
2,1,1.08222e-06,1.17614128037,565.1156877467
2,1,1.22931e-06,1.28638505576,483.2205421786
2,1,1.05358e-06,2.01086087701,209.106309744
2,1,1.05077e-06,6.01394978397,217.491881132
2,1,1.23632e-06,0.14236071,12.5301729722
2,1,9.8664e-07,5.98315192678,1279.794572628
2,1,9.9427e-07,6.13367597022,1265.5674786264
2,1,1.17145e-06,1.93408241498,269.9214467406
2,1,1.07531e-06,0.47701573313,424.1505103212
2,1,1.05139e-06,1.47641840902,1045.1548361876
2,1,1.28853e-06,4.09081439424,618.5566453116
2,1,9.1193e-07,4.716874151,70.8494453042
2,1,8.8029e-07,0.52735226168,1073.6090241908
2,1,1.09631e-06,3.58034902833,265.9892934775
2,1,8.4025e-07,4.60150990218,113.3877149571
2,1,9.1314e-07,0.73720537017,497.4476361802
2,1,8.0531e-07,3.13922825011,650.9429865779
2,1,8.2305e-07,1.71469351335,643.0786800517
2,1,7.2994e-07,2.40916079132,1148.2476104062
2,1,7.9808e-07,4.98284118355,106.2741679563
2,1,7.0939e-07,0.83631473279,251.4321310758
2,1,7.6736e-07,6.18128713604,284.1485407422
2,1,8.4108e-07,0.20089720996,219.4494345923
2,1,6.7694e-07,3.29161643533,636.7158925763
2,1,6.8746e-07,1.72448117794,191.2076949102
2,1,6.7011e-07,6.0753473547,107.0249274817
2,1,7.3484e-07,2.75710156454,344.7030453079
2,1,6.3624e-07,1.26038981874,74.7815985673
2,1,6.0209e-07,3.5929274759,479.2883889155
2,1,5.9886e-07,1.72462101125,1788.1448967202
2,1,6.3039e-07,2.4083443841,436.8931316145
2,1,6.3642e-07,2.90623173294,1574.8458012822
2,1,6.1645e-07,0.47415613574,1375.7737998458
2,1,6.3067e-07,2.25783021871,358.9301393095
2,1,5.6656e-07,2.85346867563,98.8999885246
2,1,6.5944e-07,1.58727020558,207.1487562837
2,1,5.8621e-07,2.69431743641,417.0369633204
2,1,5.4845e-07,3.63305913358,416.3032501375
2,1,6.3898e-07,0.41807886669,235.3904959658
2,1,5.1983e-07,0.98560774735,175.1660598002
2,1,5.2017e-07,0.44065942413,220.4608265486
2,1,5.0246e-07,5.95122725127,1581.959348283
2,1,6.6519e-07,2.96087412556,337.732510659
2,1,5.2203e-07,6.26845412867,121.2520214833
2,1,4.8816e-07,1.49585273959,151.0476698429
2,1,4.7109e-07,0.39163135029,351.8165923087
2,1,5.04e-07,6.23334046215,429.0458714308
2,1,4.8966e-07,5.37445400062,114.1384744825
2,1,4.9995e-07,1.08980573833,181.0557665236
2,1,5.2992e-07,2.37357973686,4.665866446
2,1,5.1283e-07,5.32818158756,554.0699874828
2,1,5.1115e-07,3.63154677592,934.9485149682
2,1,4.893e-07,0.61944877126,245.5424243524
2,1,5.2265e-07,1.76447498585,1162.4747044078
2,1,4.1901e-07,5.6360397538,81.7521332162
2,1,4.4083e-07,0.68386602503,205.2223405907
2,1,4.058e-07,1.25223435843,867.4234757536
2,1,4.0978e-07,2.17727067387,621.7380390493
2,1,5.2199e-07,5.22313624591,404.5067903482
2,1,3.8938e-07,2.88746633845,131.5469622218
2,1,4.1367e-07,1.28036571274,1361.5467058442
2,1,3.6349e-07,0.31120539101,148.0787244263
2,1,3.6297e-07,4.09378541509,444.7574381407
2,1,3.6204e-07,1.17922364807,214.0498549634
2,1,4.0865e-07,4.28623605561,643.8294395771
2,1,4.5475e-07,0.40542517807,842.1506814881
2,1,3.6962e-07,5.43865166017,1052.2683831884
2,1,3.4507e-07,2.15105522201,1464.6394800628
2,1,3.4261e-07,1.30832375393,289.5651667136
2,1,3.6821e-07,1.40746404714,206.1373643274
2,1,3.5277e-07,4.7954858195,295.0512286542
2,1,3.8754e-07,0.95034448968,198.321241911
2,1,3.3004e-07,3.66317254626,177.8743727859
2,1,3.2822e-07,0.6239582557,212.5483359126
2,1,3.7519e-07,0.81273995929,228.276948965
2,1,3.2161e-07,0.23596694801,275.5505210331
2,1,3.0977e-07,2.76363299639,78.7137518304
2,1,2.9162e-07,4.35941497066,248.7238180901
2,1,3.1052e-07,2.62522341734,1891.2376709388
2,1,3.3254e-07,3.46044658988,405.2575498736
2,1,3.5352e-07,0.80858694073,501.3797894433
2,1,3.2207e-07,1.65110353191,414.0680179038
2,1,2.6802e-07,1.48913028184,2104.5367663768
2,1,3.3504e-07,5.75755276401,436.1594184316
2,1,2.7476e-07,2.28916318049,114.3991069134
2,1,2.9375e-07,4.14201483171,214.7835681463
2,1,2.735e-07,4.28960125311,355.7487455718
2,1,3.2491e-07,1.41984273462,1478.8665740644
2,1,2.4664e-07,2.99088916204,427.5613987225
2,1,2.7439e-07,0.32819955804,1692.1656695024
2,1,3.1458e-07,0.97131994074,32.2433289144
2,1,2.4545e-07,5.69075638662,1898.3512179396
2,1,2.3644e-07,1.44198198532,278.5194664497
2,1,2.479e-07,4.17753953454,99.1606209555
2,1,2.481e-07,5.54564487364,425.6349830295
2,1,2.3968e-07,0.36677339015,431.264057322
2,1,2.5471e-07,2.4587068953,69.1525242748
2,1,2.2253e-07,1.40400187528,601.7642506762
2,1,2.1879e-07,5.82469648186,5.4166259714
2,1,2.1821e-07,2.16944144639,299.1263942692
2,1,2.218e-07,3.69514971843,313.2104759189
2,1,2.1267e-07,5.26614913504,916.9322800554
2,1,2.2381e-07,1.28311915565,576.1613880106
2,1,2.0789e-07,3.29258683166,241.7532834412
2,1,2.4965e-07,3.35942036955,1251.3403846248
2,1,2.094e-07,2.47050974766,319.5732633943
2,1,2.1153e-07,4.25482812903,1169.5882514086
2,1,2.4097e-07,1.29392903774,39.3568759152
2,1,2.1598e-07,3.88492023488,320.3240229197
2,1,2.5319e-07,5.9372282252,421.93232443
2,1,2.312e-07,2.90337843385,230.7075831773
2,1,2.1611e-07,3.34376918112,312.4597163935
2,1,2.1367e-07,3.99569581578,327.4375699205
2,1,2.0375e-07,5.87114204897,426.6463749858
2,1,2.1067e-07,3.32303268835,421.1815649046
2,1,2.117e-07,1.20539648133,221.3758502853
2,1,1.932e-07,6.19416200591,188.9200730498
2,1,1.7858e-07,0.13265725774,63.7358983034
2,1,1.816e-07,3.80256648237,205.4347889118
2,1,1.783e-07,5.89469972322,120.358249606
2,1,1.6895e-07,1.87814122042,1781.0313497194
2,1,1.6578e-07,2.79198392554,508.3503240922
2,1,1.6563e-07,4.08679914102,134.5853436076
2,1,1.6458e-07,2.73725981634,439.1283638482
2,1,1.8272e-07,5.18806803729,6275.9623029906
2,1,1.6078e-07,0.35327615385,778.4147831847
2,1,1.6691e-07,1.0933209332,1677.9385755008
2,1,1.7811e-07,4.60507339479,6290.1893969922
2,1,1.8693e-07,3.79915612503,211.8146227297
2,1,1.5558e-07,1.80190957772,333.657345044
2,1,1.7965e-07,3.08971573736,14.977853527
2,1,1.7164e-07,0.32859484938,10206.1719992102
2,1,1.6429e-07,2.35675032601,2207.6295405954
2,1,1.9617e-07,0.46012011083,696.5196376166
2,1,2.0378e-07,2.67260865639,426.5500067662
2,1,1.672e-07,6.02943216083,10220.3990932118
2,1,1.8307e-07,4.61706941936,166.828672522
2,1,1.5744e-07,1.88003442344,237.6781178262
2,1,1.4844e-07,1.57837518408,92.0470739547
2,1,1.5127e-07,6.22734841918,710.7467316182
2,1,1.3896e-07,4.68914749586,525.4981794006
2,1,1.8459e-07,1.12369510709,1795.258443721
2,1,1.5871e-07,3.6823272432,182.279606801
2,1,1.4181e-07,5.76892575123,312.1990839626
2,1,1.3039e-07,1.8649928581,87.3117715395
2,1,1.3054e-07,3.33806013415,196.0336200506
2,1,1.4553e-07,2.9802367235,381.3516082374
2,1,1.711e-07,6.00385352506,432.2272651685
2,1,1.2749e-07,1.2604348696,2420.9286360334
2,1,1.3372e-07,2.17443872737,59.8037450403
2,1,1.5239e-07,3.75258625939,429.5189521828
2,1,1.2464e-07,2.22284574501,757.2171545342
2,1,1.2205e-07,1.93673309903,661.2379273164
2,1,1.407e-07,2.49267619933,395.578702239
2,1,1.3577e-07,4.88645694646,96.8729990951
2,1,1.2848e-07,1.86448207878,305.3461693927
2,1,1.6592e-07,3.63905709488,1272.6810256272
2,1,1.31e-07,0.85481187046,849.2642284889
2,1,1.3949e-07,1.75148537427,116.4260963429
2,1,1.1819e-07,5.25276003174,430.79097657
2,1,1.3252e-07,3.5892518546,36.6485629295
2,1,1.3084e-07,6.21897330504,129.9194771616
2,1,1.2158e-07,4.26700103392,373.9079928365
2,1,1.1809e-07,5.43652749359,2214.7430875962
2,1,1.3442e-07,3.06902780273,1567.7322542814
2,1,1.1229e-07,4.64413388,230.5645708254
2,1,1.35e-07,4.36062336832,196.6243208816
2,1,1.1166e-07,0.07959909309,776.9303104764
2,1,1.2488e-07,0.74887488462,39.6175083461
2,1,1.0671e-07,4.02549503966,426.0769260142
2,1,1.3925e-07,1.76313918148,558.0021407459
2,1,1.0673e-07,4.24959203585,221.1634019642
2,1,1.1528e-07,3.24851110875,432.0148168474
2,1,1.1815e-07,0.09299240001,2008.557539159
2,1,1.1593e-07,3.42150881999,5849.3641121146
2,1,1.0706e-07,5.32683313201,84.3428261229
2,1,1.0726e-07,5.88519609344,192.6921676185
2,1,1.023e-07,5.88162921381,199.2844497575
2,1,1.0068e-07,6.07595102211,206.706813299
2,1,1.0345e-07,5.08478659317,20.6069278195
2,1,9.919e-08,2.32998042308,280.9671470045
2,1,1.0417e-07,2.54605028348,343.2185725996
2,1,1.1215e-07,4.78008790757,153.4953503977
2,1,1.0484e-07,2.87917497547,145.6310438715
2,1,1.0915e-07,1.22365424726,199.9657733137
2,1,9.672e-08,4.70950839637,238.5718897035
2,1,1.1766e-07,4.65102517362,28.4541880032
2,1,9.86e-08,1.31027229484,572.2292347475
2,1,1.0848e-07,4.847975463,9779.5738083342
2,1,9.609e-08,1.77311660543,181.806526049
2,1,9.746e-08,3.38579212893,184.9879197867
2,1,9.655e-08,5.39671219074,767.3690829208
2,1,1.1807e-07,3.76535437114,62.2514255951
2,1,9.779e-08,0.88460460264,188.1693135244
2,1,1.0712e-07,4.51706019623,427.1194557378
2,1,1.1504e-07,4.56344934969,144.1465711632
2,1,9.586e-08,0.45566717751,159.1244246902
2,1,9.203e-08,2.7307341599,214.5711198252
2,1,9.203e-08,5.30048466028,212.0270710508
2,1,1.0497e-07,6.17177980486,41.6444977756
2,1,9.37e-08,2.1496396419,227.3137411185
2,1,1.2234e-07,6.18809205263,563.6312150384
2,1,1.0237e-07,4.28152767419,244.318584075
2,1,1.1381e-07,6.15512821138,156.6767441354
2,1,1.0107e-07,2.87828198451,5863.5912061162
2,1,1.0043e-07,0.52437948083,226.6324175623
2,1,9.156e-08,5.02396736289,617.8058857862
2,1,8.851e-08,2.89832546376,51.2057253312
2,1,1.0085e-07,3.30668269779,259.769518354
2,1,8.596e-08,1.23210897186,546.956440482
2,1,9.008e-08,5.89790029935,637.4496057592
2,1,8.925e-08,2.22929558479,233.9060232575
2,1,9.667e-08,3.38327802047,326.6868103951
2,1,1.1698e-07,4.1793855725,45.5766510387
2,1,8.767e-08,5.40542030217,472.1748419147
2,1,8.663e-08,1.30416402722,267.4737661858
2,1,9.447e-08,4.30430679634,9793.8009023358
2,1,1.0188e-07,5.69390908773,347.8844390456
2,1,8.373e-08,4.61083828197,241.6102710893
2,1,8.254e-08,1.61618489394,963.4027029714
2,1,8.24e-08,1.57545403896,2097.423219376
2,1,8.267e-08,0.93707963365,73.297125859
2,1,9.192e-08,1.67959848745,556.5176680376
2,1,1.0532e-07,1.25439567343,65.2203710117
2,1,8.029e-08,0.00151886179,244.791664827
2,1,1.0377e-07,0.86654919644,212.4053235607
2,1,1.0377e-07,0.88148431656,214.1928673153
2,1,9.461e-08,4.03836049759,46.470422916
2,1,9.061e-08,1.15906814795,206.233732547
2,1,1.0521e-07,0.59635443681,92.940845832
2,1,8.413e-08,2.05836489461,2524.021410252
2,1,1.0716e-07,0.8345329803,2111.6503133776
2,1,8.001e-08,2.82221595266,824.7421937488
2,1,8.685e-08,3.73032890348,220.364458329
2,1,8.026e-08,0.76761905754,238.4288773516
2,1,8.554e-08,0.97000952694,137.0330241624
2,1,8.06e-08,2.81448650265,60.7669528868
2,1,8.882e-08,4.25154684026,486.4019359163
2,1,7.091e-08,2.89138411937,692.5874843535
2,1,7.076e-08,6.22401435166,464.7312265138
2,1,7.187e-08,2.33756820807,864.2420820159
2,1,7.117e-08,4.20299838678,282.4516197128
2,1,7.014e-08,1.65943646852,627.3671133418
2,1,6.953e-08,6.15878720133,339.2864193365
2,1,7.646e-08,1.01232502313,173.9422195228
2,1,6.921e-08,6.10093552816,357.4456666012
2,1,7.299e-08,2.3788343945,458.8415197904
2,1,6.752e-08,3.48073494728,77.962992305
2,1,8.038e-08,0.1269454606,258.8757464767
2,1,8.011e-08,1.91772033476,23.5758732361
2,1,6.648e-08,6.02715969637,1286.9081196288
2,1,6.661e-08,6.15191523027,561.1835344836
2,1,8.707e-08,3.94168949686,67.6680515665
2,1,6.819e-08,2.7441847199,131.4039498699
2,1,6.518e-08,4.64724104258,638.4128136057
2,1,7.597e-08,2.99211484721,186.472392495
2,1,6.426e-08,1.27546614194,193.655375465
2,1,6.413e-08,5.28516632111,1493.093668066
2,1,7.07e-08,1.11516171811,570.7447620392
2,1,6.371e-08,1.52403837626,518.6452648307
2,1,6.3e-08,5.98089525933,411.620337349
2,1,6.668e-08,2.23289861343,1589.0728952838
2,1,7.215e-08,2.75216423983,1884.124123938
2,1,6.216e-08,0.45259148972,171.6545976624
2,1,6.289e-08,0.94099317701,1994.3304451574
2,1,6.124e-08,0.98855335752,2737.32050569
2,1,7.637e-08,1.8145037593,295.1942410061
2,1,6.17e-08,6.02456387142,128.9562693151
2,1,6.208e-08,2.49457325625,526.5095713569
2,1,6.54e-08,4.88945975145,1485.9801210652
2,1,5.995e-08,5.17469821167,334.5511169213
2,1,6.129e-08,3.39549331521,211.0114735776
2,1,6.129e-08,4.63572550497,215.5867172984
2,1,7.666e-08,5.59618234503,81.8951455681
2,1,7.108e-08,6.27572187728,427.3489504014
2,1,5.857e-08,2.99507812756,543.0242872189
2,1,8.076e-08,5.35159389958,195.8906076987
2,1,5.703e-08,4.89941145086,274.0660483248
2,1,5.904e-08,5.14907268147,2531.1349572528
2,1,6.47e-08,3.6840476462,162.0933701068
2,1,5.632e-08,5.49833678714,54.1746707478
2,1,7.029e-08,4.25905954762,329.7251917809
2,1,6.286e-08,5.65267510028,432.7485300303
2,1,7.824e-08,3.36686887016,99.9113804809
2,1,7.307e-08,4.01074770863,611.4430983108
2,1,5.905e-08,0.93769875191,856.3777754897
2,1,5.596e-08,4.20350967343,31.019488637
2,1,6.762e-08,0.70345352932,420.9691165835
2,1,5.918e-08,2.28750450549,422.405405182
2,1,6.723e-08,4.90771973158,240.125798381
2,1,5.461e-08,2.66176789006,342.2553647531
2,1,6.291e-08,3.22636360944,423.6774295692
2,1,5.758e-08,1.74985736492,835.0371344873
2,1,5.148e-08,5.9267267671,488.8496164711
2,1,5.052e-08,0.43140093037,24.3790223882
2,1,6.211e-08,2.76152708645,107.7586406646
2,1,4.859e-08,0.64868543868,29.2049475286
2,1,4.775e-08,6.1687186328,394.3548619616
2,1,6.172e-08,4.62085119316,125.9873238985
2,1,6.061e-08,0.50690771703,252.6559713532
2,1,4.858e-08,1.81663890928,33.9402499438
2,1,5.7e-08,6.27984769112,1055.4497769261
2,1,5.004e-08,1.63967789274,650.1922270525
2,1,4.646e-08,5.54769102219,291.262087743
2,1,4.947e-08,2.70299305311,525.7588118315
2,1,4.502e-08,2.24091054158,167.7224443993
2,1,5.224e-08,1.1212214312,468.2426886516
2,1,4.559e-08,0.15524505071,418.5214360287
2,1,4.529e-08,4.09375839029,273.1028404783
2,1,5.44e-08,0.49338802541,229.9738699944
2,1,5.826e-08,2.31670821643,551.031606097
2,1,6.012e-08,0.53998869706,2428.0421830342
2,1,4.308e-08,4.78508097302,629.6023455755
2,1,4.78e-08,6.05035048896,2324.9494088156
2,1,4.415e-08,3.50744529852,298.2326223919
2,1,4.472e-08,5.57992516251,361.3778198643
2,1,4.243e-08,4.9030583479,306.0969289181
2,1,4.295e-08,4.8438218527,1802.3719907218
2,1,4.246e-08,2.54779769462,1141.1340634054
2,1,4.281e-08,2.96546921101,405.9912630565
2,1,4.269e-08,3.85746519963,201.5196819912
2,1,4.269e-08,1.03216096696,225.0785088848
2,1,4.121e-08,3.44763524659,1382.8873468466
2,1,4.115e-08,1.38226473702,2413.8150890326
2,1,4.332e-08,1.78553286268,2840.4132799086
2,1,4.392e-08,2.70520415735,491.8185618877
2,1,4.469e-08,4.07802364782,428.0826635843
2,1,4.813e-08,1.71682749378,1905.4647649404
2,1,4.052e-08,3.88176872544,425.1137181677
2,1,4.203e-08,0.84999684256,364.3467652809
2,1,3.914e-08,5.22293191768,28.3111756513
2,1,3.858e-08,4.04205370508,77.7505439839
2,1,3.915e-08,0.63612829951,504.561183181
2,1,3.74e-08,3.31636767466,658.0565335787
2,1,4.998e-08,6.14567011515,448.6895914038
2,1,3.941e-08,5.91209030576,433.7599219866
2,1,4.487e-08,0.56012010972,409.9234163196
2,1,3.616e-08,5.35134628835,292.0128472684
2,1,4.14e-08,1.72820223176,397.3932433474
2,1,4.724e-08,5.59694115939,205.6642835754
2,1,3.566e-08,0.22715156216,211.6021744086
2,1,3.566e-08,4.66247460443,214.9960164674
2,1,4.241e-08,2.24122643057,369.9758395734
2,1,3.519e-08,4.9764644915,33.1371007917
2,1,3.509e-08,2.98078877538,189.7232222019
2,1,3.46e-08,2.58166716757,850.0149880143
2,1,3.452e-08,2.08246425974,732.6951197941
2,1,4.527e-08,5.57565356286,220.9339073006
2,1,3.733e-08,5.60649943194,465.9550667912
2,1,3.963e-08,2.49682953173,2200.5159935946
2,1,4.64e-08,4.65653142987,264.5048207692
2,1,4.193e-08,6.01638489773,170.7608257851
2,1,3.968e-08,3.61107686825,120.5012619579
2,1,3.785e-08,4.56197560432,211.6545640353
2,1,3.785e-08,3.46924321586,214.9436268407
2,1,4.427e-08,2.01805201614,254.9435932136
2,1,3.319e-08,1.07445155196,731.9443602687
2,1,3.713e-08,0.35483179852,203.2647871304
2,1,3.713e-08,4.53479436807,223.3334037456
2,1,3.167e-08,4.96496893225,201.9927627432
2,1,3.167e-08,6.20784254152,224.6054281328
2,1,3.7e-08,3.32495693901,170.0100662597
2,1,3.091e-08,1.60504310764,6062.6632075526
2,1,3.678e-08,6.16970207201,418.0001711669
2,1,3.067e-08,0.89802750598,441.576044403
2,1,3.169e-08,6.06706915544,92.7978334801
2,1,3.999e-08,0.96003854854,494.2662424425
2,1,3.169e-08,4.99328407843,2847.5268269094
2,1,3.379e-08,5.48132058561,236.8749686741
2,1,3.1e-08,4.13702546039,406.954470903
2,1,2.898e-08,0.50716531857,1080.7225711916
2,1,2.898e-08,3.02536240457,9992.8729037722
2,1,2.943e-08,2.73198845165,255.8373650909
2,1,3.459e-08,5.70450484288,532.8723588323
2,1,3.935e-08,2.13947573521,425.8474313506
2,1,2.974e-08,4.75387274036,184.0941479094
2,1,3.866e-08,1.18231350391,388.4651552382
2,1,3.337e-08,4.84172710789,128.3655684841
2,1,3.217e-08,3.24642675636,519.3960243561
2,1,3.232e-08,0.69234918409,55.1378785943
2,1,2.974e-08,5.15832495594,630.3360587584
2,1,2.801e-08,4.26499278042,84.9335269539
2,1,2.747e-08,0.59959266926,409.1897031367
2,1,2.85e-08,3.81973806384,220.5245170234
2,1,2.747e-08,0.59415209174,3053.7123753466
2,1,2.721e-08,4.07189880807,857.1285350151
2,1,3.018e-08,1.90405526939,450.9772132642
2,1,2.703e-08,2.10024434265,344.8460576598
2,1,2.862e-08,1.66172273544,2221.856634597
2,1,2.669e-08,0.66381570062,815.0633461142
2,1,3.615e-08,3.07446523021,135.336103133
2,1,2.874e-08,1.65791837564,58.1068240109
2,1,2.765e-08,4.24403667902,5636.0650166766
2,1,2.782e-08,4.81585990964,638.9340784675
2,1,2.611e-08,1.05384317164,739.0579072695
2,1,3.024e-08,6.08706149799,403.0223176399
2,1,2.987e-08,1.95584965297,1685.0521225016
2,1,2.545e-08,2.52803626535,455.0523788792
2,1,2.747e-08,5.24344205402,6076.8903015542
2,1,2.523e-08,1.46582251094,511.5317178299
2,1,2.51e-08,2.32307245332,640.8604941605
2,1,2.992e-08,2.81022130646,462.0229135281
2,1,2.474e-08,6.21322173241,419.532827985
2,1,2.639e-08,4.52480635495,487.3651437628
2,1,2.597e-08,5.06662259586,426.4863162914
2,1,2.429e-08,4.60328054292,477.8039162072
2,1,2.65e-08,5.99488065652,398.1440028728
2,1,2.819e-08,4.70626423287,256.5881246163
2,1,2.444e-08,1.68660473943,420.4478517217
2,1,3.165e-08,4.31988845323,200.5564741447
2,1,3.165e-08,0.56973771336,226.0417167313
2,1,2.712e-08,5.9355527706,50.4025761791
2,1,2.563e-08,0.38164149001,10007.0999977738
2,1,2.447e-08,3.34321334903,219.6618829134
2,1,2.447e-08,1.54641281756,206.9363079626
2,1,2.56e-08,2.60777675851,106.0135355254
2,1,2.481e-08,4.40404596279,2118.7638603784
2,1,2.342e-08,5.74881935689,402.2191684878
2,1,2.438e-08,1.28023647756,2730.2069586892
2,1,3.27e-08,0.24934461993,714.6788848813
2,1,2.615e-08,0.89208215786,38.1330356378
2,1,2.295e-08,0.5726074621,502.8642621516
2,1,2.279e-08,0.66039697096,454.9093665273
2,1,2.946e-08,1.37128403088,739.8086667949
2,1,3.102e-08,3.82184422445,927.8349679674
2,1,2.228e-08,5.50268808814,593.426863398
2,1,2.593e-08,0.24109780915,172.2452984934
2,1,2.636e-08,5.01267010764,649.4585138696
2,1,2.219e-08,5.68743660683,25.2727942655
2,1,2.526e-08,3.82490201245,540.7366653585
2,1,2.24e-08,2.35846114302,1457.525933062
2,1,2.132e-08,3.02423868473,71.6002048296
2,1,2.136e-08,5.80815269639,186.2117600641
2,1,2.46e-08,3.65186422754,5650.2921106782
2,1,2.06e-08,0.83760116573,2310.722314814
2,1,2.152e-08,3.8778465107,232.942815411
2,1,2.117e-08,1.42894515335,3156.8051495652
2,1,2.115e-08,1.90666946498,905.8865797915
2,1,2.597e-08,3.47646509433,426.7100654606
2,1,2.201e-08,1.12610213271,434.6749457233
2,1,2.404e-08,5.08535872369,9580.5018068978
2,1,2.261e-08,2.54049627534,42.5382696529
2,1,2.519e-08,3.61992656089,980.6681783588
2,1,1.958e-08,0.51006487073,610.6923387854
2,1,2.062e-08,2.54499257042,699.7010313543
2,1,1.937e-08,3.50920262578,141.2258098564
2,1,2.495e-08,4.07951736289,6489.2613984286
2,1,2.634e-08,0.26482595016,2744.4340526908
2,1,1.903e-08,1.86707361207,1049.0869894507
2,1,1.94e-08,4.49422553046,622.4887985747
2,1,1.9e-08,4.64507172866,271.4059194489
2,1,1.918e-08,6.14933299248,49.5088043018
2,1,2.178e-08,1.47792419376,254.3528923826
2,1,2.055e-08,5.77388045921,2641.3412784722
2,1,1.888e-08,5.69235432976,642.3449668688
2,1,2.182e-08,2.85682305202,426.8106391971
2,1,1.793e-08,1.85965388376,419.4364597654
2,1,1.82e-08,1.0574231798,480.7728616238
2,1,2.325e-08,5.50497285155,10419.4710946482
2,1,1.779e-08,0.73316360703,702.1487119091
2,1,1.796e-08,2.22306757146,240.3864308119
2,1,1.974e-08,5.12102350165,639.9454704238
2,1,1.773e-08,5.62739708151,990.2294059144
2,1,1.891e-08,1.59279038223,533.6231183577
2,1,2.017e-08,1.16455816298,112.6540017742
2,1,2.182e-08,5.68626463817,426.3857425549
2,1,1.732e-08,0.79114238967,724.8308132679
2,1,1.724e-08,4.80247738218,184.8449074348
2,1,1.98e-08,4.51396179003,206.2974230218
2,1,1.91e-08,3.04477792936,175.4266922311
2,1,2.379e-08,2.00455891511,594.6507036754
2,1,1.734e-08,1.82611959703,705.1176573257
2,1,1.805e-08,5.66213272167,9566.2747128962
2,1,1.824e-08,5.14397632587,420.005908737
2,1,2.04e-08,2.38214203493,481.7360694703
2,1,2.013e-08,3.83948575721,685.4739373527
2,1,2.198e-08,1.83487758422,2001.4439921582
2,1,1.675e-08,1.77654694925,2.4476805548
2,1,1.83e-08,3.4171303407,484.7050148869
2,1,1.713e-08,6.01421212418,457.617679513
2,1,1.701e-08,4.27525315421,2435.155730035
2,1,1.969e-08,2.1124308052,5165.3626887242
2,1,1.666e-08,3.80593626843,1127.2624300768
2,1,1.992e-08,1.2120028522,16.6747745564
2,1,1.637e-08,0.37607532277,909.8187330546
2,1,1.728e-08,1.03967609565,3046.5988283458
2,1,1.691e-08,0.50775020289,789.4604834486
2,1,1.633e-08,4.08902762771,168.0525127994
2,1,1.759e-08,2.56455172887,721.6494195302
2,1,1.786e-08,2.70265885565,1193.9672737968
2,1,1.652e-08,1.38065256963,152.5321425512
2,1,1.961e-08,1.77700160103,143.9341228421
2,1,1.804e-08,4.83122115379,353.301065017
2,1,1.646e-08,5.87987374745,1112.0721282287
2,1,1.795e-08,1.77560607719,305.0855369618
2,1,1.837e-08,0.16712025895,162.8965192589
2,1,1.572e-08,6.09546987334,91.7864415238
2,1,1.884e-08,1.44716590675,2317.8358618148
2,1,1.947e-08,3.03979941704,268.4369740323
2,1,1.779e-08,3.32090155293,3333.498879699
2,1,1.734e-08,0.96745963616,746.9222137957
2,1,1.791e-08,5.80059576545,624.919432787
2,1,1.937e-08,3.12447835337,842.9014410135
2,1,1.587e-08,1.53900553933,2538.2485042536
2,1,1.726e-08,2.92947725798,835.7878940127
2,1,1.546e-08,0.85174846193,258.5456780766
2,1,1.736e-08,1.52298525836,26080.78959457339
2,1,1.62e-08,0.30763317476,784.0438574772
2,1,1.531e-08,5.96261991396,5216.5803728014
2,1,1.871e-08,5.11950364986,206.0736738526
2,1,1.733e-08,4.43541173951,1332.4847706675
2,1,1.73e-08,1.14746042144,6069.7767545534
2,1,1.506e-08,1.67495816083,1101.0264279648
2,1,1.688e-08,2.79465260174,3347.7259737006
2,1,1.605e-08,2.05454244503,487.1526954417
2,1,1.633e-08,4.8372724081,384.0599212231
2,1,1.64e-08,4.79487962143,774.4826299216
2,1,1.591e-08,1.78350637644,373.0142209592
2,1,1.662e-08,0.99863125096,26095.016688575
2,1,1.446e-08,5.35692253163,221.8971151471
2,1,1.446e-08,5.81588894214,204.7010757289
2,1,1.554e-08,5.58405408827,760.25553592
2,1,1.67e-08,5.24614942818,348.635198571
2,1,1.452e-08,4.70023348372,1130.2313754934
2,1,1.427e-08,5.56166562526,97.6761482472
2,1,1.875e-08,0.77039124872,769.8167634756
2,1,1.443e-08,3.07158890839,694.0719570618
2,1,1.639e-08,3.50228669347,426.8588233069
2,1,1.566e-08,5.31659707606,392.6579409322
2,1,1.601e-08,1.14874732984,31.492569389
2,1,1.904e-08,5.38085542514,380.12776796
2,1,1.421e-08,4.90813463368,287.9376816534
2,1,1.396e-08,1.10287761125,9146.790069021
2,1,1.431e-08,1.66082448408,2833.2997329078
2,1,1.885e-08,1.15755737985,5275.5690099436
2,1,1.602e-08,2.55207628612,9999.986450773
2,1,1.408e-08,3.82839552801,348.8476468921
2,1,1.379e-08,1.75134819042,555.5544601911
2,1,1.368e-08,2.257680275,606.7601855223
2,1,1.369e-08,4.6233206716,681.5417840896
2,1,1.566e-08,4.85371280569,3163.918696566
2,1,1.489e-08,1.47256565119,263.7016716171
2,1,1.345e-08,0.40544096187,449.232108125
2,1,1.347e-08,0.95659867183,1176.7017984094
2,1,1.506e-08,4.98644271497,251.1714986449
2,1,1.463e-08,0.13381728103,69.3649725959
2,1,1.533e-08,5.35897682405,906.849787638
2,1,1.537e-08,4.00254787001,393.4610900843
2,1,1.524e-08,4.86466679268,921.0768816396
2,1,1.33e-08,3.2956329995,460.5384408198
2,1,1.732e-08,5.3596700682,1126.2992222303
2,1,1.578e-08,4.41469563792,190.4045457581
2,1,1.578e-08,3.61652318226,236.1936451179
2,1,1.333e-08,1.44452251314,518.3846323998
2,1,1.517e-08,4.56505866021,3480.3105662226
2,1,1.348e-08,3.97556216331,17.4084877393
2,1,1.541e-08,3.08280299118,151.260118164
2,1,1.333e-08,0.87141945338,282.6640680339
2,1,1.29e-08,2.78166040458,141.6988906084
2,1,1.548e-08,1.15089562508,1048.3362299253
2,1,1.703e-08,5.7950995317,100.6450936638
2,1,1.313e-08,1.005293489,319.3126309634
2,1,1.287e-08,4.97743606169,286.596221297
2,1,1.287e-08,3.05378275849,140.001969579
2,1,1.284e-08,1.25389505833,7.1617311106
2,1,1.269e-08,0.60500062367,180.1619946463
2,1,1.551e-08,0.90565423938,6.1503391543
2,1,1.321e-08,5.40533932982,401.3253966105
2,1,1.247e-08,3.07584535023,187.4356003415
2,1,1.247e-08,4.95537346995,239.1625905345
2,1,1.67e-08,3.20068218026,1560.6187072806
2,1,1.246e-08,3.36638903654,2487.4160449478
2,1,1.227e-08,3.22759415891,1354.4331588434
2,1,1.237e-08,4.96982095855,11926.2544136688
2,1,1.244e-08,0.04476099962,674.4282370888
2,1,1.259e-08,4.77947362013,823.9914342234
2,1,1.227e-08,3.67293743287,4127.3213995374
2,1,1.343e-08,1.02487927152,72.3339180125
2,1,1.396e-08,1.29558481851,1063.3140834523
2,1,1.231e-08,4.01733211314,51535.90899683439
2,1,1.385e-08,2.69047350261,41.0537969446
2,1,1.208e-08,0.55094685421,3370.1042450032
2,1,1.361e-08,0.60826072973,313.9441891018
2,1,1.353e-08,1.29562446082,1056.2005364515
2,1,1.501e-08,1.76820220332,3914.0223040994
2,1,1.672e-08,3.53405579707,1244.226837624
2,1,1.294e-08,0.43494678616,3259.8979237838
2,1,1.192e-08,5.25668652917,9595.2390892234
2,1,1.186e-08,4.29620869798,938.8806682313
2,1,1.168e-08,2.65330892914,74.6385862154
2,1,1.33e-08,4.76147886793,200.0352092829
2,1,1.33e-08,0.12814729866,226.5629815931
2,1,1.232e-08,3.67245960431,188.0263011725
2,1,1.154e-08,1.67729267315,782.3469364478
2,1,1.209e-08,0.44068563547,552.5855147745
2,1,1.386e-08,4.16778562437,527.2432845398
2,1,1.397e-08,2.30137095313,2516.9078632512
2,1,1.547e-08,3.43482102043,213.2509113282
2,1,1.114e-08,1.57780803639,25234.70675982219
2,1,1.387e-08,5.86439679069,336.8387387817
2,1,1.528e-08,6.24034456555,3060.8259223474
2,1,1.322e-08,3.81888755667,501.2367770914
2,1,1.155e-08,1.81278387825,2090.3096723752
2,1,1.141e-08,1.23640832422,1144.3154571431
2,1,1.278e-08,2.91635929568,1038.0412891868
2,1,1.351e-08,1.46889117918,179.3588454942
2,1,1.167e-08,2.75098896132,634.4806603426
2,1,1.131e-08,2.08666023513,1773.9178027186
2,1,1.148e-08,3.75033984958,1357.6145525811
2,1,1.409e-08,0.80723610507,1372.5924061081
2,1,1.121e-08,2.13314347848,366.0436863103
2,1,1.07e-08,1.30514111321,827.9235874865
2,1,1.137e-08,0.05422233304,4333.5069479746
2,1,1.097e-08,2.32605918661,988.532484885
2,1,1.056e-08,4.78995933839,212.7778305762
2,1,1.288e-08,0.28913908894,247.2393453818
2,1,1.035e-08,0.51476774227,1062.5633239269
2,1,1.13e-08,2.11237960176,1368.660252845
2,1,1.18e-08,1.07459117463,2921.1277828246
2,1,1.092e-08,5.25938351806,1314.3255234028
2,1,1.02e-08,5.7358871435,1596.1864422846
2,1,1.23e-08,3.95893223706,831.1049812242
2,1,1.086e-08,0.65554097744,140.9651774255
2,1,1.178e-08,0.17068538925,7.6348118626
2,1,1.05e-08,3.33777919837,1791.3262904579
2,1,1.294e-08,1.78071318384,691.1030116452
2,1,1.133e-08,4.77291959539,35.1640902212
2,1,1.146e-08,5.05013070926,220.3007678542
2,1,1.196e-08,1.60064335169,1459.9565672743
2,1,1.298e-08,1.26343370681,2634.2277314714
2,1,1.024e-08,2.20885054302,1026.2448293975
2,1,1.142e-08,3.62094396061,480.251596762
2,1,1.119e-08,3.84255993144,1534.7381658416
2,1,1.032e-08,0.99207081399,241.8709035202
2,1,1.032e-08,0.75596269901,184.7272873558
2,1,1e-08,3.70447169258,1166.4068576709
2,1,1.095e-08,0.46976742311,541.5398145106
2,1,1.135e-08,5.5555474328,25668.418497699
2,1,1.018e-08,0.19827209218,969.6224780949
2,1,1.035e-08,2.08039216504,2107.7181601145
2,1,1.021e-08,0.97936116353,586.3133163972
2,1,1.128e-08,2.35318641429,398.2870152247
2,1,1.034e-08,4.59248984743,235.933012687
2,1,1.255e-08,2.58348469138,945.2434557067
2,1,1.131e-08,1.80260354863,5481.7545583808
2,1,9.85e-09,3.11692018349,2004.6253858959
2,1,9.73e-09,4.58689241437,1696.0978227655
2,1,1.281e-08,1.17354221088,322.6116447801
2,1,1.311e-08,1.69829246657,1040.4719233991
2,1,1.133e-08,3.28608815192,1044.4040766622
2,1,1.023e-08,6.1735985263,306.830642101
2,1,1.08e-08,1.567690325,2906.900688823
2,1,9.47e-09,2.80425771264,3569.1762464396
2,1,1.048e-08,2.96360462842,745.9108218394
2,1,9.58e-09,1.01512625795,5378.6617841622
2,1,9.42e-09,1.93042438563,114.8721876654
2,1,9.81e-09,0.61206352827,700.6642392008
2,1,9.43e-09,3.77054123407,443.8636662634
2,1,1.169e-08,2.55431542134,1468.5716333259
2,1,9.41e-09,2.10164527812,119.767548775
2,1,9.97e-09,1.49781488558,4863.1979130692
2,1,1.058e-08,3.10506351339,494.4786907636
2,1,1.06e-08,6.04870941841,25654.19140369739
2,1,1.15e-08,2.81140082194,1152.1797636693
2,1,9.86e-09,3.52646141704,5842.2505651138
2,1,1.082e-08,3.48267233754,731.6837278378
2,1,1.061e-08,2.53267332217,7.8643065262
2,1,1.246e-08,4.88854535253,738.7972748386
2,1,9.4e-09,0.81063715213,97.4155158163
2,1,9.72e-09,0.55466768669,3473.1970192218
2,1,1.035e-08,0.84548736211,672.1406152284
2,1,9.32e-09,4.76193011807,838.218528225
2,1,9.45e-09,0.97464731674,205.9731001161
2,1,9.45e-09,3.91497884985,220.6250907599
2,1,9.14e-09,0.07220332386,1681.1199692385
2,1,9.3e-09,0.85222232622,1310.3933701397
2,1,9.05e-09,0.44194841216,12779.4507954208
2,1,9.51e-09,2.55095800722,418.7338843498
2,1,9.57e-09,3.87155467351,2751.5475996916
2,1,1.065e-08,2.47549936867,614.6244920485
2,1,9.13e-09,4.497328935,285.3723810196
2,1,1.13e-08,4.33302778122,1902.2833712027
2,1,1.012e-08,0.44789996996,1379.7059531089
2,1,9.11e-09,1.34750279511,1250.5896250994
2,1,8.92e-09,3.38913025388,4443.713269194
2,1,8.94e-09,5.20515813371,3803.81598288
2,1,1.011e-08,2.41001422307,138.6605092226
2,1,1.039e-08,3.05654473231,2332.0629558164
2,1,1.091e-08,1.83710876302,123.5396433437
2,1,9.39e-09,3.50343473164,20213.271996984
2,1,1.131e-08,1.9212770623,639.8491022042
2,1,9.93e-09,5.41814026418,635.231419868
2,1,1.014e-08,2.27419938832,246.4361962297
2,1,9.22e-09,4.94995215129,9772.4602613334
2,1,8.67e-09,1.40600454066,2442.2692770358
2,1,1.086e-08,4.72298778334,1998.2625984205
2,1,1.114e-08,5.51408175984,318.8395502114
2,1,8.67e-09,1.87500015152,952.0963702766
2,1,8.66e-09,0.93216349587,51962.5071877104
2,1,8.72e-09,0.35835124427,1097.0942747017
2,1,8.76e-09,3.23898762254,1699.2792165032
2,1,8.61e-09,5.35015485056,1474.9344208013
2,1,1.041e-08,3.52118365739,1670.8250285
2,1,8.93e-09,1.40847703679,3149.6916025644
2,1,1.037e-08,1.61883909205,756.3233826569
2,1,8.59e-09,4.64155099558,1347.3196118426
2,1,1.008e-08,4.34062461071,7.065362891
2,1,8.68e-09,2.81754009176,12146.6670561076
2,1,1.178e-08,4.87566234372,1328.5526174044
2,1,8.41e-09,4.45584468813,535.9107402181
2,1,9.74e-09,3.51497366146,987.7817253596
2,1,8.45e-09,3.42724095402,1239.5439248355
2,1,8.45e-09,2.85404367064,1570.9136480191
2,1,9.36e-09,3.41425549096,550.1378342197
2,1,8.46e-09,1.60464490839,2114.8317071153
2,1,9.82e-09,6.17335642566,1471.0022675382
2,1,1.164e-08,4.46540287915,3391.4448860056
2,1,1.137e-08,0.5078596349,6467.9257579616
2,1,8.85e-09,1.6438870907,608.877797677
2,1,8.32e-09,6.23911864828,616.3214130779
2,1,8.87e-09,0.81421674914,3362.9906980024
2,1,8.98e-09,4.20351235707,5436.9930152402
2,1,8.33e-09,5.79841023985,883.7951792637
2,1,8.48e-09,2.79833225924,5158.2491417234
2,1,8.41e-09,2.31765589143,473.068613792
2,1,9.02e-09,1.46957685393,477.0007670551
2,1,8.75e-09,4.50068448495,3494.5376602242
2,1,8.37e-09,1.18787622858,2854.6403739102
2,1,8.46e-09,4.46991640952,199.0238173266
2,1,8.46e-09,0.41970975707,227.5743735494
2,1,8.21e-09,2.13215936793,4223.3006267552
2,1,8.82e-09,5.83304308882,41.1019810544
2,1,8.39e-09,0.44907719753,220.2001941177
2,1,8.39e-09,4.44054896906,206.3979967583
2,1,8.01e-09,4.0319522555,1255.2725378879
2,1,8.27e-09,2.10399735762,219.891377577
2,1,8.52e-09,0.69770700155,2950.619601128
2,1,8.54e-09,5.92834155433,539.9859058331
2,1,8.71e-09,5.97413520662,10213.285546211
2,1,8.58e-09,4.12455323678,781.5961769224
2,1,1.068e-08,5.7944248367,2957.7331481288
2,1,8.49e-09,4.58387124471,832.5894539325
2,1,8.65e-09,0.51942079568,2125.8774073792
2,1,7.88e-09,2.02294007206,749.2098356561
2,1,1.023e-08,2.62667117726,93.531546663
2,1,1.078e-08,2.97011727945,1877.0105769372
2,1,1.056e-08,2.96418062084,214.2623032845
2,1,8.75e-09,3.41429492396,945.9942152321
2,1,7.63e-09,2.6850230038,198.1087935899
2,1,7.63e-09,2.20460316279,228.4893972861
2,1,7.83e-09,2.3925372988,98.4269077726
2,1,8.08e-09,2.01329663652,5856.4776591154
2,1,8.31e-09,5.62799756997,9367.2027114598
2,1,8.52e-09,4.01306880569,973.554631358
2,1,7.58e-09,4.17954417886,109.3125493421
2,1,1.032e-08,2.50124672205,775.233389447
2,1,7.78e-09,4.46167796863,418.9633790134
2,1,7.63e-09,5.67125967655,1912.5783119412
2,1,9.49e-09,2.87351778014,1159.2933106701
2,1,7.52e-09,1.93856643038,313.4711083498
2,1,7.52e-09,6.0926523898,113.1270825262
2,1,9.01e-09,2.1883519805,444.0066786153
2,1,1.017e-08,0.80348484502,1264.816719101
2,1,7.81e-09,1.0908846781,4752.9915918498
2,1,8.29e-09,3.76042707908,3906.9087570986
2,1,7.4e-09,0.33707021115,1364.7280995819
2,1,7.87e-09,4.14285154465,953.1077622329
2,1,7.86e-09,3.03025765906,1385.174968707
2,1,7.43e-09,4.94465691744,1784.2127434571
2,1,7.3e-09,1.54029484212,1365.4788591073
2,1,7.45e-09,1.32328297416,4017.115078318
2,1,8.84e-09,2.91900213011,114.9416236346
2,1,7.99e-09,1.90491555917,495.9631634719
2,1,7.2e-09,2.14719013122,878.3261636656
2,1,9.1e-09,5.59941883957,213.8203602998
2,1,1.001e-08,1.63769179212,4230.414173756
2,1,7.17e-09,5.56374471646,103925.01437542078
2,1,7.44e-09,5.01299895798,5422.7659212386
2,1,8.96e-09,4.09061813923,25661.3049506982
2,1,7.14e-09,2.89023492932,2115.5824666407
2,1,7.23e-09,6.18405509738,662.531203563
2,1,7.13e-09,4.3661215257,1663.7114814992
2,1,7.45e-09,5.54206315448,1578.0271950199
2,1,7.06e-09,0.01886419763,664.2763087022
2,1,7.36e-09,4.11752977909,1460.7073267997
2,1,9.77e-09,1.87199705293,1987.2168981566
2,1,8.25e-09,2.88680810425,498.9321088885
2,1,7.29e-09,2.81635363996,51742.09454527159
2,1,7.05e-09,4.49937953677,275.338072712
2,1,9.57e-09,2.77042684861,433.663553767
2,1,8.25e-09,3.13361237855,817.628646748
2,1,7.11e-09,0.32918457858,205.9249160063
2,1,7.11e-09,4.56044158801,220.6732748697
2,1,7.92e-09,5.07640935202,561.934294009
2,1,8.15e-09,4.55283923414,3355.8771510016
2,1,7.96e-09,0.85220984274,19786.67380610799
2,1,7.06e-09,5.83567464088,644.56315276
2,1,6.93e-09,0.86742075683,25448.00585526019
2,1,7.75e-09,4.17411042862,620.253566341
2,1,7.85e-09,3.26469936926,1585.1407420207
2,1,6.92e-09,1.24760556574,1165.3954657146
2,1,9.6e-09,2.16058060627,2826.186185907
2,1,6.81e-09,1.83626169258,100.3844612329
2,1,6.94e-09,3.92108200272,107.2855599126
2,1,7.8e-09,4.34812306979,2321.7680150779
2,1,6.92e-09,4.7052737816,3590.516887442
2,1,6.81e-09,2.46730626644,3885.5681160962
2,1,6.87e-09,1.26279091079,1261.6353253633
2,1,6.95e-09,1.75702964176,812.9457339595
2,1,8.26e-09,5.98430782385,284.8993002676
2,2,0.00563545688,5.97115835983,206.1855484372
2,2,0.00546856143,2.05154974712,220.4126424388
2,2,0.00458462799,0.0,0.0
2,2,0.00362190876,0.89540102818,213.299095438
2,2,0.00225456249,0.91699830789,426.598190876
2,2,0.00088376134,3.3028974379,7.1135470008
2,2,0.00050087062,1.12976577868,433.7117378768
2,2,0.00045503682,5.07669915666,419.4846438752
2,2,0.00032887404,0.02089587128,639.897286314
2,2,0.00027192023,1.92638417379,227.5261894396
2,2,0.00013247777,6.07692233033,199.0720014364
2,2,0.00010424268,3.18247070949,14.2270940016
2,2,6.672789e-05,4.24754247893,110.2063212194
2,2,4.657269e-05,0.26558212048,647.0108333148
2,2,4.932685e-05,1.51301176465,216.4804891757
2,2,4.788186e-05,0.24337888601,210.1177017003
2,2,4.165917e-05,3.7320357174,316.3918696566
2,2,3.508567e-05,5.49278691726,853.196381752
2,2,2.742669e-05,6.2194241061,103.0927742186
2,2,2.660411e-05,1.58795353685,209.3669421749
2,2,2.540502e-05,1.07964699287,440.8252848776
2,2,2.567284e-05,0.16811215438,217.2312487011
2,2,2.507213e-05,3.11896693485,117.3198682202
2,2,2.158545e-05,4.99876489338,632.7837393132
2,2,1.828667e-05,2.43398377331,323.5054166574
2,2,1.351292e-05,4.81674779715,412.3710968744
2,2,1.177094e-05,5.84487292439,309.2783226558
2,2,8.04686e-06,1.78663039116,234.6397364404
2,2,8.90962e-06,0.57870923865,95.9792272178
2,2,8.06323e-06,5.80160469505,202.2533951741
2,2,7.37326e-06,2.2900398209,224.3447957019
2,2,4.39328e-06,2.02776827506,330.6189636582
2,2,4.27442e-06,5.71757576099,860.3099287528
2,2,3.77335e-06,5.39640588055,11.0457002639
2,2,4.38738e-06,3.04003133763,21.3406410024
2,2,4.04595e-06,1.38253517416,223.5940361765
2,2,4.00049e-06,0.64827543918,429.7795846137
2,2,3.30461e-06,4.70864137961,1066.49547719
2,2,3.13557e-06,2.87420547669,3.1813937377
2,2,3.56011e-06,0.4951534659,422.6660376129
2,2,2.83801e-06,0.92471217472,88.865680217
2,2,2.76595e-06,0.06669144413,625.6701923124
2,2,2.6483e-06,1.47289826706,536.8045120954
2,2,2.74267e-06,0.07990244299,302.164775655
2,2,2.65498e-06,5.80586423553,423.4167971383
2,2,2.43984e-06,0.24814637625,654.1243803156
2,2,2.63236e-06,1.75838078242,124.433415221
2,2,2.34804e-06,1.98441386459,3.9321532631
2,2,2.22884e-06,6.17115980346,191.9584544356
2,2,2.29042e-06,0.40578151728,203.0041546995
2,2,1.93642e-06,0.77773603724,149.5631971346
2,2,2.49913e-06,3.74336024074,529.6909650946
2,2,1.15588e-06,0.89164509195,277.0349937414
2,2,1.09123e-06,2.57234111431,10.2949407385
2,2,1.04394e-06,4.34072678547,515.463871093
2,2,1.11821e-06,3.97880150457,522.5774180938
2,2,1.23782e-06,1.7107877514,437.6438911399
2,2,1.02074e-06,5.33636424684,846.0828347512
2,2,8.9666e-07,2.38634979171,415.5524906121
2,2,9.408e-07,0.34838778915,430.5303441391
2,2,8.2635e-07,0.98367627117,447.9388318784
2,2,8.0158e-07,3.02403811252,231.4583427027
2,2,5.6165e-07,3.57976541726,18.1592472647
2,2,5.9355e-07,3.25639427388,728.762966531
2,2,5.5421e-07,4.71536076772,838.9692877504
2,2,4.9553e-07,1.20225257432,543.9180590962
2,2,4.5494e-07,4.35717735333,831.8557407496
2,2,4.6592e-07,2.16397372306,195.1398481733
2,2,4.5784e-07,4.72127813952,408.4389436113
2,2,4.5096e-07,5.87984776956,618.5566453116
2,2,3.9015e-07,4.89730697683,1073.6090241908
2,2,3.7698e-07,5.37392517178,1059.3819301892
2,2,4.4163e-07,5.32028640042,942.062061969
2,2,3.4252e-07,6.24954297345,362.8622925726
2,2,4.3261e-07,4.50272466853,742.9900605326
2,2,4.2263e-07,5.91441597118,635.9651330509
2,2,3.6033e-07,4.88958618693,222.8603229936
2,2,2.8666e-07,2.89210881124,113.3877149571
2,2,3.0304e-07,1.2867623414,56.6223513026
2,2,3.3922e-07,0.59559534499,436.8931316145
2,2,3.7552e-07,0.57341890891,85.8272988312
2,2,3.6126e-07,3.11147910034,203.7378678824
2,2,2.9536e-07,3.76331314778,269.9214467406
2,2,3.4388e-07,6.09889554857,643.0786800517
2,2,3.1901e-07,1.14481756518,337.732510659
2,2,2.6875e-07,1.14516402265,131.5469622218
2,2,2.5259e-07,0.69371609826,750.1036075334
2,2,2.884e-07,3.94162037781,1279.794572628
2,2,2.4873e-07,0.44942144561,76.2660712756
2,2,2.482e-07,1.1029403429,81.7521332162
2,2,2.4784e-07,4.17997238824,1155.361157407
2,2,2.5349e-07,3.01894544341,483.2205421786
2,2,2.3209e-07,5.71293795197,867.4234757536
2,2,2.1337e-07,0.28233505485,295.0512286542
2,2,2.1014e-07,2.22286425893,160.6088973985
2,2,2.0843e-07,5.58798240327,288.0806940053
2,2,2.1918e-07,3.17518895554,1045.1548361876
2,2,2.076e-07,5.6217178132,416.3032501375
2,2,2.0311e-07,0.53682587226,22.0914005278
2,2,1.966e-07,4.12343704195,1148.2476104062
2,2,2.0049e-07,3.60192475616,70.8494453042
2,2,1.9267e-07,5.28623997942,497.4476361802
2,2,2.3162e-07,2.25252644106,956.2891559706
2,2,1.6596e-07,5.19612423608,628.8515860501
2,2,1.9471e-07,2.29694410644,63.7358983034
2,2,1.9338e-07,4.99775249418,1258.4539316256
2,2,1.7318e-07,1.50339429745,107.0249274817
2,2,1.5416e-07,1.59544914625,241.7532834412
2,2,1.5048e-07,2.45248308283,138.5174968707
2,2,1.5098e-07,5.93836982612,265.9892934775
2,2,1.6202e-07,4.47797857238,344.7030453079
2,2,1.9674e-07,0.51504291324,200.7689224658
2,2,1.6443e-07,5.1102434477,405.2575498736
2,2,1.8325e-07,4.26463276211,52.6901980395
2,2,1.8701e-07,4.60015871543,142.4496501338
2,2,1.8184e-07,1.23335576012,225.8292684102
2,2,1.8137e-07,5.36395571858,934.9485149682
2,2,1.7086e-07,4.39727548001,1052.2683831884
2,2,1.3721e-07,0.54585194233,358.9301393095
2,2,1.7699e-07,1.0918311345,340.7708920448
2,2,1.5349e-07,4.02900442305,490.3340891794
2,2,1.3441e-07,2.93226064342,6290.1893969922
2,2,1.2938e-07,5.57228673197,181.0557665236
2,2,1.3344e-07,3.33822391651,106.2741679563
2,2,1.5757e-07,1.02090474834,650.9429865779
2,2,1.3152e-07,0.5712932343,6275.9623029906
2,2,1.3637e-07,4.63945882031,284.1485407422
2,2,1.2435e-07,0.92453447284,735.8765135318
2,2,1.2303e-07,2.19066097291,444.7574381407
2,2,1.2692e-07,5.22300147317,1375.7737998458
2,2,1.2628e-07,4.35563394629,10220.3990932118
2,2,1.1807e-07,4.77484476112,424.1505103212
2,2,1.2355e-07,1.99468333352,10206.1719992102
2,2,1.1234e-07,1.25840483834,350.3321196004
2,2,1.3925e-07,5.46758177566,636.7158925763
2,2,1.2431e-07,5.70697352257,949.1756089698
2,2,1.0816e-07,5.57657783615,127.4717966068
2,2,1.0468e-07,2.47282916923,245.5424243524
2,2,1.0243e-07,4.11036997935,703.6331846174
2,2,9.824e-08,4.14183224295,12.5301729722
2,2,1.0114e-07,3.97585916137,1471.7530270636
2,2,1.1347e-07,5.52210735319,351.8165923087
2,2,9.198e-08,3.9100363171,1464.6394800628
2,2,1.0107e-07,4.01464967571,235.3904959658
2,2,8.422e-08,0.17788593244,661.2379273164
2,2,1.1523e-07,4.28038150916,191.2076949102
2,2,8.05e-08,4.42633572783,508.3503240922
2,2,7.885e-08,5.6193110432,565.1156877467
2,2,8.233e-08,5.1104594833,5849.3641121146
2,2,7.982e-08,2.94467951015,1361.5467058442
2,2,7.644e-08,1.29316810715,404.5067903482
2,2,7.938e-08,1.18915691335,5863.5912061162
2,2,9.121e-08,4.72270138876,1574.8458012822
2,2,7.699e-08,0.25085366401,9779.5738083342
2,2,9.489e-08,4.07433472727,1368.660252845
2,2,7.423e-08,2.61273997897,9793.8009023358
2,2,8.98e-08,5.08550396886,1251.3403846248
2,2,7.35e-08,5.49243057571,313.2104759189
2,2,6.938e-08,5.39456818142,208.633228992
2,2,6.778e-08,5.77595384598,217.964961884
2,2,6.524e-08,3.77251284742,429.0458714308
2,2,6.362e-08,0.52150509836,319.5732633943
2,2,8.402e-08,1.72645111914,6283.0758499914
2,2,7.897e-08,0.14444386144,1162.4747044078
2,2,7.764e-08,4.22781318512,621.7380390493
2,2,5.96e-08,0.85552901967,114.1384744825
2,2,7.979e-08,3.16170623406,10213.285546211
2,2,5.502e-08,4.69989095999,78.7137518304
2,2,5.532e-08,4.74020289938,1265.5674786264
2,2,6.204e-08,3.56272058362,195.8906076987
2,2,5.083e-08,4.3049532283,842.1506814881
2,2,6.053e-08,1.30195578009,230.7075831773
2,2,5.326e-08,4.98440493121,1692.1656695024
2,2,4.909e-08,3.71093580405,1788.1448967202
2,2,4.574e-08,3.65982491794,436.1594184316
2,2,4.886e-08,0.47844921825,643.8294395771
2,2,4.5e-08,6.03958077194,99.1606209555
2,2,4.485e-08,4.27145091277,121.2520214833
2,2,4.496e-08,0.45535353234,757.2171545342
2,2,4.384e-08,3.69838113413,333.657345044
2,2,4.24e-08,2.80668494715,175.1660598002
2,2,4.203e-08,5.51409326781,576.1613880106
2,2,4.364e-08,4.50874666063,824.7421937488
2,2,4.242e-08,5.73406669115,289.5651667136
2,2,4.026e-08,5.40316560805,251.4321310758
2,2,4.027e-08,4.45902875729,710.7467316182
2,2,3.992e-08,2.51147020916,1169.5882514086
2,2,3.876e-08,2.8238124293,134.5853436076
2,2,4.906e-08,6.03440415257,479.2883889155
2,2,3.796e-08,4.54598861176,98.8999885246
2,2,3.768e-08,4.99152883867,501.3797894433
2,2,4.513e-08,1.80716596854,398.1440028728
2,2,3.877e-08,3.70998482895,1781.0313497194
2,2,4.177e-08,3.64910690649,74.7815985673
2,2,4.428e-08,6.21808891979,1478.8665740644
2,2,4.026e-08,1.47953978871,120.358249606
2,2,4.198e-08,4.37815056603,1891.2376709388
2,2,4.587e-08,3.67578748136,1685.0521225016
2,2,4.53e-08,4.80061804389,1567.7322542814
2,2,4.348e-08,0.05774649263,5856.4776591154
2,2,3.573e-08,4.37750447178,156.6767441354
2,2,3.394e-08,1.52844790239,196.0336200506
2,2,3.533e-08,0.57565855894,114.3991069134
2,2,3.641e-08,0.04003274809,166.828672522
2,2,3.936e-08,1.67508528335,326.6868103951
2,2,3.247e-08,2.67423610661,1677.9385755008
2,2,4.069e-08,1.48284023947,9786.687355335
2,2,2.98e-08,5.94251782395,151.0476698429
2,2,3.098e-08,4.45079673488,1581.959348283
2,2,3.742e-08,5.33557512257,849.2642284889
2,2,3.047e-08,0.21958597767,230.5645708254
2,2,3.648e-08,5.75342713476,611.4430983108
2,2,3.098e-08,3.89851404128,526.5095713569
2,2,2.819e-08,4.62496885979,431.264057322
2,2,2.815e-08,3.70833186151,414.0680179038
2,2,2.927e-08,0.75690409846,395.578702239
2,2,2.893e-08,4.68195629987,381.3516082374
2,2,2.669e-08,0.23163089942,306.0969289181
2,2,2.803e-08,1.54793175537,259.769518354
2,2,2.799e-08,1.64435927281,129.9194771616
2,2,3.378e-08,0.03637154602,299.1263942692
2,2,2.783e-08,4.12158984765,1286.9081196288
2,2,2.557e-08,0.41569961768,59.8037450403
2,2,3.374e-08,4.24961349276,69.1525242748
2,2,2.649e-08,0.08633239547,84.9335269539
2,2,2.771e-08,5.51441923038,320.3240229197
2,2,2.909e-08,2.59078817253,137.0330241624
2,2,2.465e-08,5.81534068526,572.2292347475
2,2,2.461e-08,2.38415136907,409.1897031367
2,2,2.443e-08,1.29249188449,1272.6810256272
2,2,2.579e-08,3.41613819491,1493.093668066
2,2,2.442e-08,2.95735834989,546.956440482
2,2,2.536e-08,2.34085009776,696.5196376166
2,2,2.428e-08,6.23679777999,45.5766510387
2,2,2.318e-08,4.42637917857,343.2185725996
2,2,2.813e-08,4.09700943877,421.93232443
2,2,2.298e-08,1.85531273629,188.0263011725
2,2,2.88e-08,0.56316732699,551.031606097
2,2,2.256e-08,1.11650889937,554.0699874828
2,2,2.211e-08,2.09170078196,275.5505210331
2,2,2.512e-08,1.24402266178,312.1990839626
2,2,2.193e-08,2.54074083075,205.2223405907
2,2,2.193e-08,2.34888533584,221.3758502853
2,2,2.332e-08,3.99762087333,144.1465711632
2,2,2.849e-08,3.77789682092,92.0470739547
2,2,2.162e-08,3.02953584766,238.5718897035
2,2,2.604e-08,5.54796500632,927.8349679674
2,2,3.001e-08,0.87555285269,6069.7767545534
2,2,2.148e-08,3.42586788929,916.9322800554
2,2,2.122e-08,4.75341405041,92.940845832
2,2,2.767e-08,2.23440285883,9999.986450773
2,2,2.081e-08,3.36077324824,188.9200730498
2,2,2.08e-08,0.82558359811,1589.0728952838
2,2,2.175e-08,4.05922699845,432.2272651685
2,2,2.268e-08,3.61370278398,2104.5367663768
2,2,2.007e-08,0.02600377472,5643.1785636774
2,2,2.555e-08,4.967879846,229.9738699944
2,2,2.555e-08,6.20493162777,196.6243208816
2,2,1.894e-08,1.69980050572,1382.8873468466
2,2,1.988e-08,4.20307991244,1141.1340634054
2,2,1.954e-08,3.4136511464,2097.423219376
2,2,1.941e-08,1.80523291315,373.9079928365
2,2,2.353e-08,6.10168291345,650.1922270525
2,2,1.955e-08,3.17983281108,2413.8150890326
2,2,1.819e-08,1.4686151529,120.5012619579
2,2,1.815e-08,1.41544549589,9573.388259897
2,2,2.193e-08,6.27247954588,207.1487562837
2,2,2.193e-08,4.90033192789,219.4494345923
2,2,2.273e-08,4.49996826493,135.336103133
2,2,1.791e-08,5.66600971254,99.9113804809
2,2,1.786e-08,4.67044629573,237.6781178262
2,2,1.819e-08,5.22350081042,220.4608265486
2,2,1.819e-08,5.94931066335,206.1373643274
2,2,1.775e-08,4.28100694137,116.4260963429
2,2,1.891e-08,3.37577508092,556.5176680376
2,2,2.022e-08,4.82062172922,2008.557539159
2,2,2.39e-08,5.29068620866,856.3777754897
2,2,1.931e-08,2.21979858592,258.8757464767
2,2,1.749e-08,4.52585501392,417.0369633204
2,2,1.825e-08,0.29368090914,344.8460576598
2,2,2.044e-08,5.98201068402,1795.258443721
2,2,1.812e-08,5.74287970366,570.7447620392
2,2,1.742e-08,3.80382436497,425.6349830295
2,2,1.689e-08,1.94087093302,327.4375699205
2,2,2.261e-08,1.53982829642,421.1815649046
2,2,1.82e-08,3.09123068436,347.8844390456
2,2,1.691e-08,0.86915956975,455.0523788792
2,2,1.703e-08,1.25635241157,427.5613987225
2,2,1.764e-08,1.22791432289,186.472392495
2,2,1.749e-08,1.78920007271,898.7730327907
2,2,1.663e-08,0.70583379773,145.6310438715
2,2,2.282e-08,0.47292670815,439.1283638482
2,2,1.687e-08,4.58551918588,519.3960243561
2,2,1.795e-08,4.25046313837,913.0001267923
2,2,2.103e-08,3.56257377771,2001.4439921582
2,2,1.928e-08,1.64847154951,312.4597163935
2,2,1.597e-08,4.15770465382,280.9671470045
2,2,1.737e-08,0.1748961682,167.7224443993
2,2,2.134e-08,1.38387224617,173.9422195228
2,2,1.657e-08,3.99819302774,1457.525933062
2,2,2.107e-08,2.96121116298,1485.9801210652
2,2,1.726e-08,2.56063559984,486.4019359163
2,2,1.608e-08,1.16665145047,3252.784376783
2,2,1.819e-08,2.86390971329,206.233732547
2,2,1.819e-08,2.0257164533,220.364458329
2,2,1.69e-08,4.06888271137,2207.6295405954
2,2,1.59e-08,4.82328890581,685.4739373527
2,2,1.579e-08,5.01190493526,210.8514148832
2,2,1.556e-08,1.08924884995,1905.4647649404
2,2,1.708e-08,3.71571156744,81.8951455681
2,2,1.441e-08,3.51719846434,732.6951197941
2,2,1.895e-08,3.47646526553,291.262087743
2,2,1.966e-08,4.8098907612,131.4039498699
2,2,1.423e-08,5.55442193599,201.5196819912
2,2,1.423e-08,5.61838953778,225.0785088848
2,2,1.579e-08,4.2358357708,532.8723588323
2,2,1.491e-08,0.52012009126,240.125798381
2,2,1.913e-08,0.07514513304,295.1942410061
2,2,1.586e-08,1.17791014057,3803.81598288
2,2,1.495e-08,0.6370397397,1056.2005364515
2,2,1.439e-08,0.12364835405,699.7010313543
2,2,1.438e-08,3.07483474005,1802.3719907218
2,2,1.326e-08,1.41662015141,980.6681783588
2,2,1.805e-08,4.74583119029,4216.1870797544
2,2,1.351e-08,0.8216352041,5429.8794682394
2,2,1.414e-08,1.50148705867,1371.8416465827
2,2,1.581e-08,5.27304223476,1244.226837624
2,2,1.58e-08,4.99649873582,561.1835344836
2,2,1.464e-08,0.92036676895,472.1748419147
2,2,1.343e-08,4.9551592782,1055.4497769261
2,2,1.26e-08,5.6725795748,850.0149880143
2,2,1.287e-08,2.73723314006,28.4541880032
2,2,1.457e-08,0.82523140286,3597.6304344428
2,2,1.328e-08,1.01876573725,214.2623032845
2,2,1.328e-08,3.87086042934,212.3358875915
2,2,1.245e-08,2.24518120845,9360.089164459
2,2,1.382e-08,0.47552392329,525.7588118315
2,2,1.311e-08,4.68618251681,4113.0943055358
2,2,1.664e-08,0.36159363492,252.6559713532
2,2,1.205e-08,3.28772939852,1049.0869894507
2,2,1.646e-08,4.59140776956,563.6312150384
2,2,1.191e-08,0.54419432213,153.4953503977
2,2,1.188e-08,6.25671522816,525.4981794006
2,2,1.184e-08,2.77078103022,1994.3304451574
2,2,1.223e-08,3.45895305129,905.8865797915
2,2,1.222e-08,4.14095386183,213.3472795478
2,2,1.222e-08,0.74867230476,213.2509113282
2,2,1.257e-08,5.93589486535,629.6023455755
2,2,1.167e-08,3.02278739432,193.655375465
2,2,1.167e-08,1.86683877227,232.942815411
2,2,1.164e-08,4.9462197707,148.0787244263
2,2,1.596e-08,4.59579152366,1884.124123938
2,2,1.536e-08,1.03704208468,3693.6096616606
2,2,1.339e-08,4.42212893352,1898.3512179396
2,2,1.137e-08,3.59027879357,2641.3412784722
2,2,1.37e-08,4.97502462959,835.7878940127
2,2,1.107e-08,2.54015999967,2310.722314814
2,2,1.16e-08,4.32688430133,67.6680515665
2,2,1.276e-08,4.57782455431,1176.7017984094
2,2,1.122e-08,2.45856567122,128.3655684841
2,2,1.305e-08,2.25261819091,96.8729990951
2,2,1.197e-08,5.01667820627,4209.0735327536
2,2,1.321e-08,5.69067622276,355.7487455718
2,2,1.313e-08,5.46638052649,38.1330356378
2,2,1.103e-08,5.24996982319,739.0579072695
2,2,1.024e-08,6.0364586991,5636.0650166766
2,2,1.012e-08,2.02490236228,211.6021744086
2,2,1.012e-08,2.86472380431,214.9960164674
2,2,1e-08,4.59565320814,776.9303104764
2,2,1.241e-08,4.4122400422,2193.4024465938
2,2,1.125e-08,0.61961503719,3914.0223040994
2,2,1.212e-08,2.74105995095,2627.1141844706
2,2,1.014e-08,3.56962332387,2516.9078632512
2,2,9.54e-09,1.51108884016,206.706813299
2,2,9.54e-09,3.37853732643,219.891377577
2,2,1.134e-08,1.97815267667,92.7978334801
2,2,1.041e-08,3.23233571279,3178.1457905676
2,2,1.094e-08,3.06630520047,2730.2069586892
2,2,9.99e-09,3.11265581262,2406.7015420318
2,2,9.73e-09,6.27346363694,181.806526049
2,2,9.73e-09,1.75775518324,244.791664827
2,2,9.41e-09,3.53095210851,739.8086667949
2,2,1.054e-08,3.24298004303,2634.2277314714
2,2,1.156e-08,4.96571827287,1560.6187072806
2,2,1.008e-08,4.00176629932,254.9435932136
2,2,9.9e-09,0.01303950026,4120.2078525366
2,2,1.113e-08,3.86892203772,2524.021410252
2,2,9.17e-09,5.96810093164,601.7642506762
2,2,9.39e-09,5.19502728821,2936.3925071264
2,2,1.116e-08,4.64049818808,2324.9494088156
2,2,9.18e-09,0.71003260736,714.5358725294
2,2,9.99e-09,4.06676744721,171.6545976624
2,2,1.134e-08,5.94161973674,3782.4753418776
2,2,9.84e-09,0.8864691892,2221.856634597
2,2,9.5e-09,3.82757616527,1809.4855377226
2,2,1.158e-08,5.4728893003,3995.7744373156
2,2,8.99e-09,1.16276249362,9566.2747128962
2,2,1.002e-08,4.46394843643,60.7669528868
2,2,8.97e-09,2.73761578991,3494.5376602242
2,2,9.56e-09,3.59264934611,2317.8358618148
2,2,8.82e-09,3.45281377344,1773.9178027186
2,2,1.101e-08,3.13667172657,2332.0629558164
2,2,8.83e-09,0.14085296374,622.4887985747
2,2,9.03e-09,1.70433886791,838.218528225
2,2,9.2e-09,1.69749373479,458.8415197904
2,2,8.91e-09,0.82111399765,1262.3860848887
2,2,1.168e-08,0.25468840622,3906.9087570986
2,2,1.103e-08,5.29906832904,4002.8879843164
2,2,9.25e-09,5.2121565897,731.6837278378
2,2,9.09e-09,1.30371158475,745.9108218394
2,2,1.018e-08,3.59536645659,558.0021407459
2,2,9.03e-09,0.18176721951,823.9914342234
2,2,8.4e-09,1.97666011108,610.6923387854
2,2,8.87e-09,3.46857320111,1037.2905296614
2,2,1.156e-08,1.16648756429,2964.8466951296
2,2,8.47e-09,4.97551009586,3377.217792004
2,2,9.45e-09,5.98539579259,1051.517623663
2,2,8.75e-09,5.17703782078,731.9443602687
2,2,8.71e-09,4.70133426692,397.3932433474
2,2,8.1e-09,4.41261482309,835.0371344873
2,2,9.26e-09,3.77259745562,6076.8903015542
2,2,8.18e-09,4.77834353092,3700.7232086614
2,2,8.01e-09,3.28824778134,3686.4961146598
2,2,8.46e-09,1.14796661681,3067.9394693482
2,2,8.53e-09,1.95779608562,1912.5783119412
2,2,1.042e-08,4.51072806644,4532.578949411
2,2,8.36e-09,3.30367731513,2833.2997329078
2,2,9.64e-09,5.79852972922,329.7251917809
2,2,1.008e-08,2.05921424187,203.2647871304
2,2,1.008e-08,2.83041192472,223.3334037456
2,2,7.91e-09,0.44199384843,201.9927627432
2,2,7.91e-09,4.44763231816,224.6054281328
2,2,7.76e-09,3.11238011428,6062.6632075526
2,2,8.68e-09,4.18895614941,624.919432787
2,2,8.03e-09,0.12271627005,4.665866446
2,2,9.48e-09,0.11270822957,215.7467759928
2,2,8.18e-09,3.42867198731,305.3461693927
2,2,8.26e-09,3.99063604806,2214.7430875962
2,2,8.64e-09,5.19762795666,10007.0999977738
2,2,9.62e-09,3.76392685043,214.0498549634
2,2,9.62e-09,1.12569931616,212.5483359126
2,2,8.04e-09,0.07795599025,411.620337349
2,2,7.5e-09,4.63483469672,4422.3726281916
2,2,7.44e-09,3.08653093986,278.5194664497
2,2,7.43e-09,3.13775662089,1119.1856752295
2,2,8.79e-09,5.06060879535,3487.4241132234
2,2,7.59e-09,4.79928618962,778.4147831847
2,2,7.44e-09,5.28551554864,504.561183181
2,2,7.45e-09,2.26212763756,842.9014410135
2,2,7.56e-09,4.7549309741,1038.0412891868
2,2,1.004e-08,2.14151892609,945.9942152321
2,2,7.26e-09,4.54313688481,9992.8729037722
2,2,7.46e-09,4.94420073742,1080.7225711916
2,2,7.61e-09,4.44729002083,4429.4861751924
2,2,9.54e-09,1.0189462293,205.6642835754
2,2,9.54e-09,3.87067993729,220.9339073006
2,2,9.43e-09,0.52469754606,953.1077622329
2,2,7.53e-09,3.4751224195,305.0855369618
2,2,8.73e-09,4.14443296922,2509.7943162504
2,2,6.93e-09,3.94239436037,637.4496057592
2,2,7.32e-09,5.17759694477,172.2452984934
2,2,7.32e-09,2.85362187541,254.3528923826
2,2,9.45e-09,5.83450274601,388.4651552382
2,2,8.13e-09,3.83625059019,2420.9286360334
2,3,0.00077354527,1.40391035241,206.1855484372
2,3,0.00075542804,0.31962897945,220.4126424388
2,3,0.00022841198,3.14159265359,0.0
2,3,0.0001066917,5.364956122,426.598190876
2,3,9.007608e-05,5.62865492125,433.7117378768
2,3,7.415913e-05,0.21442311819,227.5261894396
2,3,8.29736e-05,1.52263020988,7.1135470008
2,3,4.505795e-05,0.67249306339,419.4846438752
2,3,3.58067e-05,1.5146619824,199.0720014364
2,3,2.98112e-05,4.42869532103,639.897286314
2,3,2.375829e-05,1.46232991989,14.2270940016
2,3,1.023972e-05,4.72338150445,647.0108333148
2,3,7.88612e-06,5.61078118652,440.8252848776
2,3,8.07685e-06,5.99385575552,216.4804891757
2,3,7.70611e-06,2.04234808917,210.1177017003
2,3,3.8421e-06,1.4854244509,117.3198682202
2,3,4.56443e-06,3.56523371093,853.196381752
2,3,3.24148e-06,0.08074667476,234.6397364404
2,3,3.38016e-06,2.47226721573,110.2063212194
2,3,3.55769e-06,5.40701066557,213.299095438
2,3,2.96603e-06,0.32077836251,412.3710968744
2,3,2.41378e-06,1.79772375424,103.0927742186
2,3,1.98202e-06,5.51857978716,316.3918696566
2,3,1.95234e-06,0.72153771655,632.7837393132
2,3,1.50777e-06,0.77624311648,323.5054166574
2,3,1.54028e-06,1.31543626425,21.3406410024
2,3,1.51698e-06,1.38281351365,309.2783226558
2,3,1.31653e-06,2.26722574599,95.9792272178
2,3,1.2517e-06,6.14972338278,209.3669421749
2,3,1.13221e-06,1.84141052645,217.2312487011
2,3,1.11239e-06,3.84668749918,860.3099287528
2,3,8.7163e-07,1.60174328814,191.9584544356
2,3,1.14537e-06,5.87729837758,223.5940361765
2,3,8.5241e-07,0.33009287077,330.6189636582
2,3,8.5136e-07,4.74614465215,654.1243803156
2,3,7.9372e-07,2.67260966241,88.865680217
2,3,7.8274e-07,6.27419421323,124.433415221
2,3,7.4114e-07,1.8890347758,302.164775655
2,3,8.7336e-07,5.08195542296,429.7795846137
2,3,5.5318e-07,1.56951361659,202.2533951741
2,3,5.4081e-07,0.16896886,224.3447957019
2,3,4.5789e-07,2.00674179989,625.6701923124
2,3,5.7974e-07,2.2635933486,203.0041546995
2,3,5.5659e-07,2.74083199091,1066.49547719
2,3,3.6709e-07,5.51643477597,447.9388318784
2,3,4.3284e-07,4.94816449709,422.6660376129
2,3,3.0209e-07,6.07309625712,536.8045120954
2,3,2.5777e-07,3.78412773568,3.9321532631
2,3,2.7097e-07,1.95819765953,423.4167971383
2,3,1.8435e-07,5.84806629186,515.463871093
2,3,1.7669e-07,3.86152764852,195.1398481733
2,3,1.5244e-07,3.68776396232,11.0457002639
2,3,1.2459e-07,5.85161085641,437.6438911399
2,3,1.1569e-07,1.45834921416,618.5566453116
2,3,1.0183e-07,5.57013967818,337.732510659
2,3,1.078e-07,5.70769981805,543.9180590962
2,3,9.663e-08,2.89192389329,81.7521332162
2,3,1.1351e-07,3.02135945276,1073.6090241908
2,3,9.885e-08,5.68206370029,131.5469622218
2,3,1.1913e-07,5.03981077547,436.8931316145
2,3,8.812e-08,6.08120926609,831.8557407496
2,3,9.053e-08,4.07366714695,522.5774180938
2,3,8.222e-08,2.09131673945,295.0512286542
2,3,8.329e-08,3.90263564155,867.4234757536
2,3,8.291e-08,4.91363846303,728.762966531
2,3,7.561e-08,5.38689397533,149.5631971346
2,3,8.632e-08,4.22779824805,643.0786800517
2,3,7.34e-08,0.62446686551,846.0828347512
2,3,7.109e-08,4.07508151963,635.9651330509
2,3,6.932e-08,1.07981679851,231.4583427027
2,3,5.842e-08,5.59806189386,269.9214467406
2,3,6.55e-08,0.49524007864,408.4389436113
2,3,5.275e-08,3.88157561156,742.9900605326
2,3,7.034e-08,1.52021874624,18.1592472647
2,3,5.426e-08,6.23004509808,241.7532834412
2,3,6.265e-08,3.21841918334,735.8765135318
2,3,5.328e-08,3.56494620223,416.3032501375
2,3,5.005e-08,2.34522240082,277.0349937414
2,3,6.072e-08,3.27968409813,430.5303441391
2,3,5.093e-08,3.85217305978,415.5524906121
2,3,5.737e-08,1.92668332911,1279.794572628
2,3,4.67e-08,6.21938669397,529.6909650946
2,3,4.587e-08,3.05441582756,56.6223513026
2,3,4.247e-08,3.86366292793,1059.3819301892
2,3,4.078e-08,1.22387025939,838.9692877504
2,3,4.517e-08,1.01678299139,942.062061969
2,3,4.049e-08,4.76798056225,483.2205421786
2,3,3.683e-08,1.9266769699,70.8494453042
2,3,3.558e-08,6.14015198465,508.3503240922
2,3,3.702e-08,4.9976693131,184.8449074348
2,3,3.758e-08,4.69738792182,661.2379273164
2,3,3.531e-08,0.19316056256,956.2891559706
2,3,3.544e-08,5.19943850042,750.1036075334
2,3,3.856e-08,1.00534599914,934.9485149682
2,3,3.331e-08,5.77295446897,1148.2476104062
2,3,3.016e-08,0.85072422054,405.2575498736
2,3,2.913e-08,4.85389224022,1045.1548361876
2,3,2.988e-08,3.6589980997,398.1440028728
2,3,2.634e-08,3.6855828081,497.4476361802
2,3,3.134e-08,0.10698641533,99.9113804809
2,3,2.625e-08,4.35671067549,362.8622925726
2,3,2.488e-08,5.59994597708,1464.6394800628
2,3,2.597e-08,0.47099450841,3.1813937377
2,3,2.356e-08,0.69069106204,10.2949407385
2,3,2.64e-08,0.85341396103,113.3877149571
2,3,2.163e-08,4.65276596776,85.8272988312
2,3,2.285e-08,1.19717455829,611.4430983108
2,3,2.126e-08,5.70068892104,2641.3412784722
2,3,2.139e-08,0.83753177595,1258.4539316256
2,3,2.341e-08,0.59778909735,2111.6503133776
2,3,1.947e-08,5.00537989779,650.9429865779
2,3,2.67e-08,5.34319853125,195.8906076987
2,3,2.67e-08,5.82961294252,230.7075831773
2,3,1.977e-08,3.5420931303,1375.7737998458
2,3,1.985e-08,1.48344430796,2538.2485042536
2,3,2.132e-08,6.24195050544,824.7421937488
2,3,1.881e-08,6.22942122495,344.7030453079
2,3,2.058e-08,0.9733940128,927.8349679674
2,3,1.803e-08,0.28058928924,191.2076949102
2,3,2.065e-08,2.16335972331,636.7158925763
2,3,1.622e-08,4.38588433956,1596.1864422846
2,3,1.912e-08,1.55609472462,2634.2277314714
2,3,1.568e-08,1.46883712025,235.3904959658
2,3,1.617e-08,3.46868055477,1354.4331588434
2,3,1.596e-08,3.07896109863,2015.6710861598
2,3,1.541e-08,3.48264306776,721.6494195302
2,3,2.091e-08,3.75685134157,106.2741679563
2,3,2.086e-08,0.0675102949,444.7574381407
2,3,1.666e-08,3.2720656179,1877.0105769372
2,3,1.48e-08,1.2042933607,6290.1893969922
2,3,1.48e-08,0.55460477853,5849.3641121146
2,3,1.465e-08,5.75128324979,5863.5912061162
2,3,1.465e-08,2.29080017866,6275.9623029906
2,3,1.651e-08,0.6716317157,1251.3403846248
2,3,1.632e-08,1.34059417592,2943.5060541272
2,3,1.549e-08,1.85314072632,2840.4132799086
2,3,1.495e-08,2.9814802549,284.1485407422
2,3,1.939e-08,2.07057795187,2420.9286360334
2,3,1.609e-08,1.54974241176,2627.1141844706
2,3,1.707e-08,1.76728968158,2317.8358618148
2,3,1.608e-08,0.3680269966,1574.8458012822
2,3,1.399e-08,3.25289482572,1670.8250285
2,3,1.389e-08,6.02263502114,2516.9078632512
2,3,1.31e-08,4.96087795521,1361.5467058442
2,3,1.401e-08,0.31555359079,142.4496501338
2,3,1.293e-08,4.48180993899,2751.5475996916
2,3,1.405e-08,0.68391140599,1244.226837624
2,3,1.311e-08,3.3644374941,1692.1656695024
2,3,1.383e-08,3.58356448743,949.1756089698
2,3,1.417e-08,4.03665624936,1038.0412891868
2,3,1.3e-08,5.39614568744,1781.0313497194
2,3,1.193e-08,0.78248411075,208.633228992
2,3,1.193e-08,4.10714205584,217.964961884
2,3,1.171e-08,6.04131034114,67.6680515665
2,3,1.131e-08,2.79794597235,1987.2168981566
2,3,1.184e-08,0.80111846132,2214.7430875962
2,3,1.141e-08,5.7256866176,1141.1340634054
2,3,1.301e-08,5.09290499928,1677.9385755008
2,3,1.288e-08,1.2994233388,2950.619601128
2,3,1.457e-08,0.99248805007,2531.1349572528
2,3,1.45e-08,0.55337290194,1272.6810256272
2,3,1.366e-08,6.21957347335,160.6088973985
2,3,1.072e-08,4.6041335525,2435.155730035
2,3,1.043e-08,2.37828937153,156.6767441354
2,3,1.114e-08,1.51992635023,1802.3719907218
2,3,1.138e-08,1.07669045985,3259.8979237838
2,3,9.4e-09,0.3374509745,52.6901980395
2,3,1.052e-08,0.39800410793,1560.6187072806
2,3,1.229e-08,0.08723623518,1567.7322542814
2,3,1.026e-08,0.61823553841,3156.8051495652
2,3,8.92e-09,3.29998766977,340.7708920448
2,3,8.89e-09,5.13462662304,358.9301393095
2,3,9.45e-09,5.33287321961,1773.9178027186
2,3,8.89e-09,2.33106713811,107.0249274817
2,3,8.7e-09,0.1722564992,621.7380390493
2,3,1.004e-08,1.7939365989,1169.5882514086
2,3,8.41e-09,5.76737390177,2833.2997329078
2,3,8.45e-09,4.49649956754,2730.2069586892
2,3,7.73e-09,3.99924716391,1162.4747044078
2,3,9.86e-09,5.98655793699,2200.5159935946
2,3,7.72e-09,5.37044694274,319.5732633943
2,3,7.8e-09,3.83450571144,288.0806940053
2,3,7.8e-09,4.19671310874,138.5174968707
2,3,9.64e-09,4.07945276922,1795.258443721
2,3,1.023e-08,0.8934292611,1382.8873468466
2,3,9.8e-09,1.81164890909,265.9892934775
2,3,7.61e-09,3.54194549571,628.8515860501
2,3,8.1e-09,6.05054198296,2524.021410252
2,3,7.49e-09,2.07949757307,1809.4855377226
2,3,8.83e-09,5.97568793053,1891.2376709388
2,3,8.56e-09,3.30227852657,2008.557539159
2,3,7.27e-09,0.93197698209,245.5424243524
2,3,7.27e-09,0.81605653091,181.0557665236
2,3,7.47e-09,5.49849719458,1994.3304451574
2,3,8.56e-09,0.85986163419,2847.5268269094
2,3,8.07e-09,2.87880371744,1912.5783119412
2,3,7.87e-09,0.41063399377,2332.0629558164
2,3,7.01e-09,1.98280933247,9779.5738083342
2,3,7.01e-09,2.62299327327,10220.3990932118
2,3,7.09e-09,5.45403624686,1457.525933062
2,4,7.976609e-05,3.13229267905,206.1855484372
2,4,7.866134e-05,4.84940259473,220.4126424388
2,4,1.514404e-05,4.77675736118,227.5261894396
2,4,1.22522e-05,3.84500353256,433.7117378768
2,4,7.20369e-06,3.23772774429,199.0720014364
2,4,6.09979e-06,5.96461769948,7.1135470008
2,4,3.5386e-06,2.57548318224,419.4846438752
2,4,3.82994e-06,6.00399581554,14.2270940016
2,4,4.6934e-06,3.14159265359,0.0
2,4,4.03662e-06,3.41614173802,426.598190876
2,4,1.85465e-06,3.86274212431,440.8252848776
2,4,2.08259e-06,2.57791157635,639.897286314
2,4,1.72118e-06,2.90478987674,647.0108333148
2,4,9.7307e-07,3.40223422689,213.299095438
2,4,8.4185e-07,4.62368663332,234.6397364404
2,4,4.3451e-07,6.0881237989,117.3198682202
2,4,4.6432e-07,1.67433282568,853.196381752
2,4,4.2226e-07,2.13000934788,412.3710968744
2,4,2.9947e-07,5.90543316589,21.3406410024
2,4,2.2585e-07,2.97492806608,654.1243803156
2,4,1.8023e-07,3.32864810894,309.2783226558
2,4,2.0733e-07,3.4006784841,103.0927742186
2,4,1.6785e-07,4.38743014498,124.433415221
2,4,2.1614e-07,2.00589132562,860.3099287528
2,4,1.6096e-07,4.54858886737,88.865680217
2,4,1.5292e-07,3.76962773546,302.164775655
2,4,1.5e-07,4.10018537649,95.9792272178
2,4,1.2174e-07,3.42898602458,191.9584544356
2,4,1.1676e-07,5.27063573454,323.5054166574
2,4,1.2054e-07,3.74475270374,447.9388318784
2,4,1.3392e-07,2.72202073311,632.7837393132
2,4,1.1585e-07,4.76605780772,330.6189636582
2,4,1.1837e-07,0.66874515167,110.2063212194
2,4,8.176e-08,3.12499674078,429.7795846137
2,4,9.418e-08,1.37154453834,316.3918696566
2,4,7.773e-08,3.77140700642,625.6701923124
2,4,7.925e-08,0.99159987248,1066.49547719
2,4,6.842e-08,0.63976654749,203.0041546995
2,4,6.721e-08,4.24955582048,223.5940361765
2,4,5.021e-08,4.08379815445,216.4804891757
2,4,3.706e-08,5.62309481052,423.4167971383
2,4,4.566e-08,0.7625700368,210.1177017003
2,4,3.749e-08,5.12362808483,405.2575498736
2,4,2.906e-08,1.12121500287,515.463871093
2,4,2.914e-08,3.21499308213,422.6660376129
2,4,2.416e-08,3.88958492559,295.0512286542
2,4,2.718e-08,3.78846437142,131.5469622218
2,4,2.556e-08,3.08391464161,337.732510659
2,4,1.928e-08,2.94939792463,618.5566453116
2,4,1.704e-08,1.1083475038,831.8557407496
2,4,1.692e-08,0.59694424259,728.762966531
2,4,2.295e-08,3.0677325077,742.9900605326
2,4,1.711e-08,5.34031096354,1052.2683831884
2,4,1.782e-08,0.37884320289,184.8449074348
2,4,1.782e-08,4.5107829637,241.7532834412
2,4,1.636e-08,4.60365551069,536.8045120954
2,4,1.603e-08,2.55469774635,1251.3403846248
2,4,1.7e-08,5.64431210768,522.5774180938
2,4,1.607e-08,6.10865142042,611.4430983108
2,4,1.971e-08,4.10286738399,1361.5467058442
2,4,1.392e-08,1.49756293227,508.3503240922
2,4,1.36e-08,1.76766357198,956.2891559706
2,4,1.505e-08,3.96794786519,1677.9385755008
2,4,1.276e-08,3.70365044251,209.3669421749
2,4,1.31e-08,1.0961762889,217.2312487011
2,4,1.646e-08,5.6881105504,195.1398481733
2,4,1.646e-08,5.48470092337,231.4583427027
2,4,1.479e-08,0.4878514979,529.6909650946
2,4,1.159e-08,1.35912570285,81.7521332162
2,4,1.227e-08,2.5416293,934.9485149682
2,4,1.038e-08,2.36830129087,1567.7322542814
2,4,1.079e-08,4.46930599086,1368.660252845
2,4,1.214e-08,1.13732432251,1464.6394800628
2,4,1.112e-08,3.73702856394,1994.3304451574
2,4,1.274e-08,4.63347476589,735.8765135318
2,4,9.93e-09,2.67257314348,942.062061969
2,4,1.037e-08,1.31415314586,1148.2476104062
2,4,8.88e-09,4.99973811384,1788.1448967202
2,4,8.43e-09,0.88917875831,750.1036075334
2,4,8.18e-09,0.60404781383,1045.1548361876
2,4,8.59e-09,5.85730307132,416.3032501375
2,4,8.62e-09,3.18022940336,436.8931316145
2,4,8.04e-09,5.27286205751,1155.361157407
2,4,9.95e-09,3.12700036302,1891.2376709388
2,4,8.03e-09,2.03547611416,1375.7737998458
2,4,7.6e-09,4.30005555725,1258.4539316256
2,4,7.38e-09,4.25590020164,10.2949407385
2,4,7.28e-09,3.57279637901,1802.3719907218
2,4,6.84e-09,3.52622623805,661.2379273164
2,5,5.88911e-06,4.84910386986,206.1855484372
2,5,5.89946e-06,3.08953743297,220.4126424388
2,5,2.26448e-06,3.03832080293,227.5261894396
2,5,1.31513e-06,2.04967560816,433.7117378768
2,5,9.4102e-07,5.02382407527,199.0720014364
2,5,3.9693e-07,4.32346998407,14.2270940016
2,5,3.4027e-07,2.08525646945,440.8252848776
2,5,2.2889e-07,1.0922921769,647.0108333148
2,5,1.3218e-07,5.16299629187,419.4846438752
2,5,1.1166e-07,0.746644503,639.897286314
2,5,1.0308e-07,2.94611135407,234.6397364404
2,5,8.7e-08,1.9338257454,191.9584544356
2,5,7.283e-08,0.85862173949,426.598190876
2,5,4.868e-08,6.24105305063,88.865680217
2,5,4.778e-08,3.47027519446,7.1135470008
2,5,3.843e-08,0.76786462039,405.2575498736
2,5,4.11e-08,2.21053405134,213.299095438
2,5,4.374e-08,1.19431918801,654.1243803156
2,5,3.33e-08,6.12745878547,853.196381752
2,5,3.26e-08,2.32884812687,124.433415221
2,5,2.704e-08,1.44355016718,515.463871093
2,5,2.565e-08,1.20250305213,110.2063212194
2,5,2.678e-08,0.17889143297,860.3099287528
2,5,2.138e-08,2.01599255393,447.9388318784
2,5,1.636e-08,0.39362704173,302.164775655
2,5,1.889e-08,0.4902511023,95.9792272178
2,5,1.454e-08,0.14310762168,309.2783226558
2,5,9.72e-09,4.13503049863,117.3198682202
2,5,9.84e-09,2.38499591413,203.0041546995
2,5,9.84e-09,2.50463025246,223.5940361765
2,5,7.8e-09,0.55796214439,330.6189636582
2,5,7.86e-09,1.61541856004,522.5774180938
3,0,0.41345140292,3.60234141893,213.299095438
3,0,0.01147953788,2.85128771957,426.598190876
3,0,0.01213097211,0.0,0.0
3,0,0.00329186544,0.57121482436,206.1855484372
3,0,0.00286852189,3.48073528206,220.4126424388
3,0,0.00099054808,4.73370561217,7.1135470008
3,0,0.000573476,4.92616271331,110.2063212194
3,0,0.00047724545,2.1003983837,639.897286314
3,0,0.00043448305,5.84904880596,419.4846438752
3,0,0.00034555171,5.42614764541,316.3918696566
3,0,0.00016180782,2.72987541776,433.7117378768
3,0,9.004046e-05,1.38192071602,103.0927742186
3,0,5.397142e-05,5.13204682732,202.2533951741
3,0,4.577011e-05,4.56990158929,38.1330356378
3,0,3.901809e-05,3.71512735501,323.5054166574
3,0,3.711659e-05,5.055737955,632.7837393132
3,0,3.613072e-05,3.35210458559,227.5261894396
3,0,3.379535e-05,2.13867177875,11.0457002639
3,0,3.088992e-05,3.62572857085,209.3669421749
3,0,2.683108e-05,4.87673933693,224.3447957019
3,0,2.962647e-05,0.46490184985,217.2312487011
3,0,2.342675e-05,1.34556621598,853.196381752
3,0,2.42418e-05,2.92931088398,63.7358983034
3,0,1.701916e-05,1.89892525654,735.8765135318
3,0,1.940777e-05,4.59422357831,14.2270940016
3,0,1.989569e-05,0.73166484127,199.0720014364
3,0,1.800493e-05,5.12194244143,529.6909650946
3,0,1.423982e-05,3.11558318997,522.5774180938
3,0,1.148029e-05,4.41145011466,117.3198682202
3,0,1.092497e-05,3.10679381209,216.4804891757
3,0,1.014889e-05,1.97897277665,647.0108333148
3,0,1.097941e-05,0.96097709156,210.1177017003
3,0,9.92793e-06,2.99636857682,846.0828347512
3,0,1.028445e-05,2.11933097909,415.5524906121
3,0,9.07521e-06,4.68574636784,309.2783226558
3,0,8.3282e-06,2.88893409053,149.5631971346
3,0,6.12306e-06,0.10918824809,74.7815985673
3,0,6.31089e-06,1.30558812837,277.0349937414
3,0,5.74105e-06,0.63353442802,490.3340891794
3,0,4.70993e-06,1.61845232899,1052.2683831884
3,0,4.16101e-06,5.88183041216,95.9792272178
3,0,4.10222e-06,2.56080817002,1162.4747044078
3,0,3.81934e-06,2.83850532211,838.9692877504
3,0,3.70902e-06,2.22356953874,351.8165923087
3,0,3.37338e-06,4.12487690436,3.9321532631
3,0,2.63173e-06,2.60594324261,440.8252848776
3,0,2.42649e-06,3.05671546262,536.8045120954
3,0,2.31186e-06,2.79137518143,127.4717966068
3,0,2.26218e-06,0.98981012262,210.8514148832
3,0,2.52287e-06,3.04205345262,137.0330241624
3,0,2.23924e-06,3.07498346391,215.7467759928
3,0,1.89542e-06,5.75473717633,742.9900605326
3,0,1.62873e-06,3.89762690585,214.2623032845
3,0,1.6451e-06,2.45697452905,422.6660376129
3,0,1.58129e-06,2.31312619246,1478.8665740644
3,0,2.03884e-06,3.85881179734,949.1756089698
3,0,1.56454e-06,1.35680198123,1368.660252845
3,0,1.50079e-06,4.14045329244,437.6438911399
3,0,1.42705e-06,2.58383947868,1155.361157407
3,0,1.4082e-06,2.28833335144,76.2660712756
3,0,1.63551e-06,0.16578976592,212.3358875915
3,0,1.35335e-06,0.48883402314,213.3472795478
3,0,1.26614e-06,0.59356477117,1066.49547719
3,0,1.40534e-06,3.97289861748,625.6701923124
3,0,1.21564e-06,4.51381049808,3.1813937377
3,0,1.1919e-06,1.61391416177,628.8515860501
3,0,1.15147e-06,3.43459040245,330.6189636582
3,0,1.35375e-06,3.57424025701,213.2509113282
3,0,1.03727e-06,6.17639441368,200.7689224658
3,0,1.07221e-06,3.52515054076,138.5174968707
3,0,1.07873e-06,3.99795753041,85.8272988312
3,0,1.13808e-06,0.43922136441,222.8603229936
3,0,9.492e-07,2.26222536028,388.4651552382
3,0,1.09894e-06,3.51094365836,1265.5674786264
3,0,1.01425e-06,0.14126238472,430.5303441391
3,0,1.01928e-06,0.21047731069,412.3710968744
3,0,1.04973e-06,4.19518394917,9.5612275556
3,0,8.2819e-07,4.86658856977,1.4844727083
3,0,7.1104e-07,4.92741306047,212.7778305762
3,0,7.0089e-07,1.05108025259,12.5301729722
3,0,6.6662e-07,1.22617152895,860.3099287528
3,0,7.7048e-07,0.80511279723,52.6901980395
3,0,9.0986e-07,6.2819848072,423.4167971383
3,0,6.2746e-07,2.06105893244,1795.258443721
3,0,6.3467e-07,2.36959372262,429.7795846137
3,0,5.8999e-07,2.31882650737,1471.7530270636
3,0,7.6181e-07,2.67435759741,191.2076949102
3,0,6.3389e-07,1.81556177589,350.3321196004
3,0,5.6601e-07,1.11303957705,1685.0521225016
3,0,5.7345e-07,3.28686490919,515.463871093
3,0,7.0959e-07,5.41979944279,213.8203602998
3,0,7.015e-07,3.82574373735,942.062061969
3,0,5.1149e-07,3.8603013169,173.9422195228
3,0,5.1666e-07,3.4911134407,203.7378678824
3,0,5.0128e-07,1.98273693937,195.1398481733
3,0,4.8091e-07,3.20971334548,234.6397364404
3,0,4.9761e-07,6.18808156638,703.6331846174
3,0,4.6488e-07,3.80768518798,225.8292684102
3,0,5.4127e-07,3.18092923296,1581.959348283
3,0,4.7483e-07,1.53655093485,265.9892934775
3,0,3.9354e-07,2.10537295968,728.762966531
3,0,3.9602e-07,2.27507746067,288.0806940053
3,0,4.1716e-07,1.05111221485,563.6312150384
3,0,3.7614e-07,6.14179074602,217.491881132
3,0,4.2785e-07,0.11273484212,252.6559713532
3,0,3.7718e-07,5.96333653993,210.3783341312
3,0,3.6792e-07,1.35292393469,565.1156877467
3,0,3.7862e-07,4.00773869969,62.2514255951
3,0,3.6057e-07,3.30899953753,212.5483359126
3,0,3.546e-07,5.01105830246,65.2203710117
3,0,3.4852e-07,4.75445504646,207.8824694666
3,0,4.0506e-07,2.20073759144,362.8622925726
3,0,3.256e-07,6.14806301843,417.0369633204
3,0,3.7967e-07,4.57075294928,302.164775655
3,0,3.2818e-07,5.79538785685,99.1606209555
3,0,3.0744e-07,3.64317302294,207.6700211455
3,0,3.2548e-07,2.95740474962,70.8494453042
3,0,3.583e-07,0.75230512173,214.0498549634
3,0,3.4253e-07,2.96835157474,223.5940361765
3,0,3.2939e-07,4.45144712576,21.3406410024
3,0,3.7689e-07,4.37977418287,216.2198567448
3,0,3.2421e-07,5.78559756829,160.6088973985
3,0,2.8902e-07,5.81529149124,88.865680217
3,0,3.3335e-07,5.62401622695,218.7157214094
3,0,3.8185e-07,4.19997816879,209.106309744
3,0,2.7693e-07,5.55618950213,18.1592472647
3,0,2.8922e-07,5.58858980738,425.1137181677
3,0,3.233e-07,4.22794944092,22.0914005278
3,0,2.9913e-07,3.31182307103,124.433415221
3,0,2.9634e-07,5.83020812669,956.2891559706
3,0,2.6648e-07,0.86666603224,217.964961884
3,0,2.5659e-07,5.10869894674,479.2883889155
3,0,2.5652e-07,4.80215156054,231.4583427027
3,0,2.6011e-07,2.05589181933,1788.1448967202
3,0,2.5663e-07,1.81564756635,2111.6503133776
3,0,2.4534e-07,5.66491831903,36.6485629295
3,0,2.9049e-07,1.0310642111,1059.3819301892
3,0,2.3291e-07,0.36646817056,39.6175083461
3,0,2.2977e-07,5.44037839738,142.4496501338
3,0,3.1283e-07,3.54881062563,1258.4539316256
3,0,3.0192e-07,0.42929684303,218.9281697305
3,0,2.6495e-07,2.86288115466,1898.3512179396
3,0,2.9523e-07,0.37961341545,554.0699874828
3,0,2.2228e-07,5.48142509504,408.4389436113
3,0,2.1237e-07,0.87139429027,2001.4439921582
3,0,2.0174e-07,1.8538064737,654.1243803156
3,0,2.0521e-07,6.16117414568,56.6223513026
3,0,2.3744e-07,3.20046265011,208.633228992
3,0,2.1685e-07,3.1787148276,414.0680179038
3,0,1.9856e-07,3.1385757274,175.1660598002
3,0,1.7347e-07,5.96946168051,213.1872208534
3,0,1.7925e-07,1.1455634066,203.0041546995
3,0,1.8247e-07,3.00127995342,831.8557407496
3,0,1.7378e-07,0.74127655202,177.8743727859
3,0,1.6401e-07,1.36402971878,211.8146227297
3,0,1.6228e-07,3.17582194781,98.8999885246
3,0,1.6107e-07,0.54971362869,251.4321310758
3,0,1.5546e-07,2.29108586908,750.1036075334
3,0,1.532e-07,3.8029637334,483.2205421786
3,0,1.4467e-07,1.32549449124,114.1384744825
3,0,1.4017e-07,0.22639450394,148.0787244263
3,0,1.4146e-07,4.85276668809,327.4375699205
3,0,1.5436e-07,1.48161033604,198.321241911
3,0,1.4576e-07,3.75966213667,213.5115437591
3,0,1.482e-07,3.34957428396,248.7238180901
3,0,1.3743e-07,4.77276011938,106.2741679563
3,0,1.7347e-07,4.37930417897,213.4109700226
3,0,1.4576e-07,0.30591841563,213.0866471169
3,0,1.3755e-07,2.59733474149,228.276948965
3,0,1.2945e-07,1.84552645547,1045.1548361876
3,0,1.2834e-07,4.2459746389,10.2949407385
3,0,1.2885e-07,4.8609570031,39.3568759152
3,0,1.6969e-07,1.27721722241,214.7835681463
3,0,1.2706e-07,0.31024660308,424.1505103212
3,0,1.2558e-07,0.03128357867,1272.6810256272
3,0,1.431e-07,2.34661407283,1375.7737998458
3,0,1.1808e-07,1.79617614059,2104.5367663768
3,0,1.3258e-07,2.56724178887,2214.7430875962
3,0,1.1158e-07,0.45949551763,497.4476361802
3,0,1.4798e-07,1.03056978581,2.4476805548
3,0,1.4861e-07,3.2634376201,1574.8458012822
3,0,1.1978e-07,6.22486801109,121.2520214833
3,0,1.0959e-07,1.31570222417,235.3904959658
3,0,1.1901e-07,1.58846496072,635.9651330509
3,0,1.108e-07,5.37041305935,1169.5882514086
3,0,1.0475e-07,2.19368288733,221.3758502853
3,0,1.2129e-07,4.63783219973,269.9214467406
3,0,1.3259e-07,1.84711455587,151.0476698429
3,0,1.0959e-07,4.40512358221,213.5597278689
3,0,1.0673e-07,1.60141035946,2428.0421830342
3,0,1.1521e-07,2.11579255167,205.2223405907
3,0,1.0228e-07,2.41342516828,275.5505210331
3,0,1.0229e-07,0.96548776504,842.1506814881
3,0,1.0959e-07,5.94363969204,213.0384630071
3,0,9.406e-08,3.39740548756,650.9429865779
3,0,1.0284e-07,0.01930234298,219.4494345923
3,0,9.424e-08,1.68112701238,488.8496164711
3,0,8.939e-08,5.28697277625,340.7708920448
3,0,8.867e-08,2.69602875485,1692.1656695024
3,0,9.979e-08,3.97256303244,278.5194664497
3,0,8.356e-08,0.65143790392,2317.8358618148
3,0,8.169e-08,3.23957036879,427.5613987225
3,0,9.044e-08,0.23054654773,312.1990839626
3,0,7.927e-08,3.97539997718,210.5907824523
3,0,1.0063e-07,4.2149869212,618.5566453116
3,0,9.335e-08,5.70779396792,425.6349830295
3,0,8.385e-08,0.64196694648,188.9200730498
3,0,8.67e-08,2.7560107905,491.8185618877
3,0,8.1e-08,4.06039030284,207.1487562837
3,0,7.835e-08,2.72270422259,543.9180590962
3,0,9.452e-08,2.59277908129,429.0458714308
3,0,7.738e-08,1.55361395079,601.7642506762
3,0,7.577e-08,6.02114380426,426.6463749858
3,0,9.275e-08,5.16642875471,8.0767548473
3,0,7.663e-08,2.73399784358,1148.2476104062
3,0,7.158e-08,5.84039229615,84.3428261229
3,0,8.033e-08,4.20065885029,767.3690829208
3,0,6.822e-08,6.12047591103,1279.794572628
3,0,6.961e-08,3.34826318442,237.6781178262
3,0,6.58e-08,5.81874339759,284.1485407422
3,0,6.629e-08,1.53732206945,289.5651667136
3,0,6.283e-08,3.84796221759,125.9873238985
3,0,7.796e-08,0.08813581424,216.0074084237
3,0,8.282e-08,1.90022750359,134.5853436076
3,0,6.576e-08,0.35050721605,220.4608265486
3,0,6.587e-08,0.58291546593,213.4591541324
3,0,6.626e-08,3.37506241952,312.4597163935
3,0,6.587e-08,3.48062808501,213.1390367436
3,0,7.576e-08,2.82334902636,426.5500067662
3,0,5.988e-08,5.47551169354,35.4247226521
3,0,5.723e-08,5.22938546212,212.0270710508
3,0,6.565e-08,5.1842352798,67.6680515665
3,0,5.704e-08,5.3116403771,1485.9801210652
3,0,6.842e-08,6.15429926594,179.3588454942
3,0,7.349e-08,0.73079523905,355.7487455718
3,0,5.59e-08,4.19082216094,247.2393453818
3,0,6.488e-08,2.29038019982,2531.1349572528
3,0,7.413e-08,2.98595847215,1891.2376709388
3,0,5.491e-08,2.70527999156,2008.557539159
3,0,5.82e-08,2.98199777797,5.4166259714
3,0,5.622e-08,1.4590188232,501.3797894433
3,0,5.473e-08,0.81641753389,181.0557665236
3,0,5.454e-08,6.12211624341,643.8294395771
3,0,5.407e-08,1.53066536154,2420.9286360334
3,0,5.621e-08,4.67878120796,73.297125859
3,0,5.442e-08,0.02368001914,404.5067903482
3,0,5.436e-08,4.67977840196,621.7380390493
3,0,6.267e-08,5.43877709236,636.7158925763
3,0,5.068e-08,4.3397890475,113.3877149571
3,0,4.865e-08,5.10809843245,69.1525242748
3,0,5.833e-08,0.02767070726,1589.0728952838
3,0,5.07e-08,3.27536823314,144.1465711632
3,0,4.738e-08,0.53669462342,1073.6090241908
3,0,5.183e-08,2.18841260581,107.0249274817
3,0,5.31e-08,0.66732715963,116.4260963429
3,0,5.141e-08,2.42998599018,692.5874843535
3,0,6.231e-08,5.93759865879,436.1594184316
3,0,6.367e-08,3.45785496152,220.364458329
3,0,4.541e-08,0.61777794179,206.233732547
3,0,4.528e-08,1.6575659631,1361.5467058442
3,0,5.172e-08,4.96799695932,342.2553647531
3,0,5.805e-08,2.10740836405,4.665866446
3,0,4.639e-08,1.63821364676,5.6290742925
3,0,4.731e-08,1.4464198594,2744.4340526908
3,0,4.756e-08,3.73287086188,206.1373643274
3,0,4.322e-08,4.15153138812,426.0769260142
3,0,4.167e-08,1.65241802351,191.9584544356
3,0,4.164e-08,2.47912208303,447.9388318784
3,0,5.676e-08,5.11706007934,214.5711198252
3,0,3.966e-08,0.05086647098,206.706813299
3,0,4.603e-08,5.52562693778,78.7137518304
3,0,3.802e-08,0.43628874694,617.8058857862
3,0,4.8e-08,5.54041183899,344.7030453079
3,0,4.743e-08,0.53760335914,128.9562693151
3,0,4.13e-08,1.61538042826,643.0786800517
3,0,4.686e-08,3.97383030786,934.9485149682
3,0,4.043e-08,2.18819710124,358.9301393095
3,0,3.906e-08,5.19970623343,630.3360587584
3,0,3.883e-08,5.39147665291,320.3240229197
3,0,4.913e-08,1.03288629446,32.2433289144
3,0,3.689e-08,5.45822055399,916.9322800554
3,0,4.228e-08,4.2836055894,4.192785694
3,0,4.02e-08,4.88073386744,54.1746707478
3,0,4.185e-08,3.32405342181,245.5424243524
3,0,4.673e-08,1.8260523009,114.3991069134
3,0,4.596e-08,4.18504944347,219.891377577
3,0,3.552e-08,5.98005739127,20.6069278195
3,0,3.975e-08,5.80157206371,14.977853527
3,0,3.475e-08,2.47178960968,1464.6394800628
3,0,4.395e-08,0.85418906454,525.4981794006
3,0,3.187e-08,2.61148353061,2324.9494088156
3,0,3.966e-08,4.66662911986,427.1194557378
3,0,3.124e-08,0.10655817305,14.0146456805
3,0,3.104e-08,0.38849805992,2634.2277314714
3,0,3.508e-08,2.85265213502,87.3117715395
3,0,2.979e-08,3.04084830124,420.9691165835
3,0,3.143e-08,1.71420147928,0.9632078465
3,0,3.169e-08,1.34499488466,159.1244246902
3,0,3.871e-08,2.71348462732,2207.6295405954
3,0,2.814e-08,0.526497138,778.4147831847
3,0,2.89e-08,1.29415320006,2737.32050569
3,0,2.831e-08,4.4559576463,518.6452648307
3,0,2.757e-08,2.0537143135,214.5229357154
3,0,2.757e-08,2.83591185309,212.0752551606
3,0,3.187e-08,2.00772012188,2847.5268269094
3,0,2.712e-08,5.27492060596,305.3461693927
3,0,2.771e-08,2.54360038772,319.5732633943
3,0,2.63e-08,5.50124179878,423.6774295692
3,0,2.626e-08,0.49212317679,153.4953503977
3,0,2.828e-08,3.04457317761,211.6021744086
3,0,2.65e-08,2.71849987794,145.6310438715
3,0,2.589e-08,5.1824823965,1802.3719907218
3,0,2.579e-08,1.68789924795,6.1503391543
3,0,3.452e-08,0.69033243447,776.9303104764
3,0,2.527e-08,3.47384786002,184.9879197867
3,0,2.496e-08,5.9621838611,2.9207613068
3,0,3.222e-08,3.60809233593,1251.3403846248
3,0,2.684e-08,5.48972047825,391.1734682239
3,0,2.37e-08,1.54660575926,51.2057253312
3,0,2.31e-08,0.63846192912,416.3032501375
3,0,2.444e-08,3.87972666346,182.279606801
3,0,2.435e-08,2.718296979,627.3671133418
3,0,2.236e-08,1.31003501645,241.6102710893
3,0,2.653e-08,5.7025527009,220.9339073006
3,0,2.646e-08,3.30185009916,696.5196376166
3,0,2.211e-08,4.72699183302,387.2413149608
3,0,2.313e-08,2.81517281649,738.7972748386
3,0,2.197e-08,2.6392912992,436.8931316145
3,0,2.348e-08,1.83689902078,214.9960164674
3,0,2.842e-08,2.88171478117,337.732510659
3,0,2.195e-08,1.58125142363,1677.9385755008
3,0,2.609e-08,1.41922918177,329.7251917809
3,0,2.207e-08,5.6719760778,905.8865797915
3,0,2.182e-08,3.15263816837,439.1283638482
3,0,2.06e-08,5.78919528834,120.358249606
3,0,2.079e-08,5.0800711448,7.065362891
3,0,2.351e-08,0.26849523535,140.001969579
3,0,2.77e-08,4.57559729641,24.3790223882
3,0,2.705e-08,4.32491993913,46.470422916
3,0,2.052e-08,1.22649156182,92.0470739547
3,0,2.046e-08,5.19173373776,347.8844390456
3,0,2.036e-08,2.88971262431,980.6681783588
3,0,2.481e-08,1.55318712059,576.1613880106
3,0,2.024e-08,4.32935289944,31.019488637
3,0,2.006e-08,2.01138855049,211.8628068395
3,0,2.006e-08,2.8782376161,214.7353840365
3,0,2.026e-08,2.42235724251,2641.3412784722
3,0,1.938e-08,2.4801660291,487.3651437628
3,0,2.065e-08,1.1608121433,192.6921676185
3,0,2.254e-08,5.9962317474,1905.4647649404
3,0,1.922e-08,5.98223148262,96.8729990951
3,0,2.534e-08,2.6227254968,421.93232443
3,0,2.106e-08,1.8488384149,299.1263942692
3,0,2.211e-08,1.86083014117,221.1634019642
3,0,2.083e-08,6.14443432076,59.8037450403
3,0,1.909e-08,1.13231253998,282.4516197128
3,0,1.898e-08,3.53454927143,219.6618829134
3,0,2.007e-08,4.3516782892,444.7574381407
3,0,1.974e-08,5.7863707967,430.79097657
3,0,1.937e-08,4.03561100629,429.5189521828
3,0,1.838e-08,2.97004270413,425.8474313506
3,0,1.927e-08,4.45403563257,2.9689454166
3,0,1.858e-08,5.83605607376,280.9671470045
3,0,2.128e-08,3.95375781114,831.1049812242
3,0,2.111e-08,5.51034879271,428.0826635843
3,0,2.084e-08,4.99656154667,254.9435932136
3,0,2.189e-08,5.75843317256,418.5214360287
3,0,2.225e-08,5.22774546552,638.4128136057
3,0,2.362e-08,0.10821349524,131.4039498699
3,0,1.938e-08,3.62212314488,267.4737661858
3,0,2.349e-08,2.45602769901,2524.021410252
3,0,1.752e-08,0.17721513623,969.6224780949
3,0,2.216e-08,4.46378373321,353.301065017
3,0,1.697e-08,3.74680430424,421.1815649046
3,0,1.692e-08,1.296738217,2840.4132799086
3,0,1.698e-08,2.09387250037,292.0128472684
3,0,2.118e-08,2.90133577623,205.4347889118
3,0,2.049e-08,1.88559014939,199.2844497575
3,0,1.712e-08,2.97477489664,273.1028404783
3,0,1.828e-08,2.23147050409,1781.0313497194
3,0,1.737e-08,2.59432238776,264.5048207692
3,0,1.676e-08,2.73737546375,3480.3105662226
3,0,1.935e-08,2.01080991907,7.1617311106
3,0,1.602e-08,4.81017819939,1382.8873468466
3,0,1.894e-08,4.74702697079,558.0021407459
3,0,1.589e-08,0.85622467383,1044.4040766622
3,0,1.565e-08,5.03064453644,458.8415197904
3,0,1.648e-08,5.00766073214,2648.454825473
3,0,1.562e-08,4.62304098893,543.0242872189
3,0,1.794e-08,2.92299868481,227.3137411185
3,0,1.844e-08,6.25012647811,432.2272651685
3,0,1.821e-08,5.47892889469,205.6642835754
3,0,1.699e-08,3.29572190816,533.6231183577
3,0,1.605e-08,2.57251520836,3127.3133312618
3,0,1.477e-08,1.36669731999,206.9363079626
3,0,1.468e-08,4.67912895132,339.2864193365
3,0,1.481e-08,0.92457754588,1994.3304451574
3,0,1.547e-08,0.134193401,465.9550667912
3,0,1.457e-08,0.52628058703,427.3489504014
3,0,1.902e-08,1.24600006636,166.828672522
3,0,1.529e-08,2.85370771355,209.1544938538
3,0,1.494e-08,3.66845408834,1182.9215735329
3,0,1.588e-08,1.63988438811,3163.918696566
3,0,1.502e-08,4.9634845977,373.9079928365
3,0,1.608e-08,3.59138122093,233.9060232575
3,0,1.46e-08,1.17818401345,92.940845832
3,0,1.462e-08,5.05747764334,33.9402499438
3,0,1.49e-08,2.03601440129,217.4436970222
3,0,1.688e-08,1.50928274793,815.0633461142
3,0,1.473e-08,0.17358194104,35.1640902212
3,0,1.778e-08,0.24563726151,6.592282139
3,0,1.834e-08,3.98017256784,212.4053235607
3,0,1.834e-08,0.90945359875,214.1928673153
3,0,1.451e-08,3.59438611623,494.2662424425
3,0,1.474e-08,4.97772142978,1699.2792165032
3,0,1.388e-08,4.77847833406,2854.6403739102
3,0,1.589e-08,5.43527416407,2538.2485042536
3,0,1.39e-08,4.08155384651,894.8408795276
3,0,1.435e-08,1.51395699369,867.4234757536
3,0,1.404e-08,4.02343833901,300.6108669775
3,0,1.359e-08,4.93938730479,2118.7638603784
3,0,1.54e-08,2.97773040595,10213.285546211
3,0,8.62e-09,5.26762490934,41.1019810544
3,0,7.64e-09,5.13454347326,26087.9031415742
3,1,0.0190595894,4.94544746619,213.299095438
3,1,0.00528167867,3.14159265359,0.0
3,1,0.0013022499,2.26141028606,206.1855484372
3,1,0.00101437388,1.79095832223,220.4126424388
3,1,0.0008592259,0.51612794233,426.598190876
3,1,0.0002225307,3.07685453172,7.1135470008
3,1,0.00016174973,1.19988846625,419.4846438752
3,1,9.114816e-05,6.17205939393,639.897286314
3,1,7.468572e-05,0.93135975352,433.7117378768
3,1,4.96511e-05,0.19046416304,316.3918696566
3,1,3.816033e-05,4.38281692683,110.2063212194
3,1,2.723345e-05,1.65580153042,227.5261894396
3,1,1.734454e-05,3.51648726804,103.0927742186
3,1,1.541549e-05,2.42323929864,199.0720014364
3,1,1.209044e-05,2.91141318291,14.2270940016
3,1,8.66749e-06,0.73823432275,632.7837393132
3,1,8.7879e-06,2.44338509079,217.2312487011
3,1,7.34163e-06,2.73478985417,210.1177017003
3,1,7.22571e-06,5.44723955466,853.196381752
3,1,6.51177e-06,1.48968855554,209.3669421749
3,1,5.82295e-06,0.1122494982,647.0108333148
3,1,6.57757e-06,1.31442181621,216.4804891757
3,1,5.10058e-06,1.75579271708,202.2533951741
3,1,4.67815e-06,2.04997674225,323.5054166574
3,1,4.49108e-06,2.82333930488,117.3198682202
3,1,3.09971e-06,2.20380300055,224.3447957019
3,1,2.26192e-06,0.85233380252,440.8252848776
3,1,2.13319e-06,4.88626822372,529.6909650946
3,1,1.7743e-06,0.67755587853,309.2783226558
3,1,2.14346e-06,4.69288132929,11.0457002639
3,1,1.42289e-06,1.34444047746,95.9792272178
3,1,1.21733e-06,1.54733882587,63.7358983034
3,1,1.17181e-06,0.50453513602,735.8765135318
3,1,1.15399e-06,4.72389777991,522.5774180938
3,1,1.26962e-06,1.40560397506,412.3710968744
3,1,1.18129e-06,4.62838752214,846.0828347512
3,1,6.8514e-07,0.39007157007,149.5631971346
3,1,6.7952e-07,4.6047489991,215.7467759928
3,1,7.8293e-07,3.26031102191,277.0349937414
3,1,5.8447e-07,2.70674418979,3.1813937377
3,1,5.7495e-07,4.1524608151,415.5524906121
3,1,5.6149e-07,4.11058404699,1162.4747044078
3,1,5.5408e-07,1.51354163855,234.6397364404
3,1,5.7884e-07,1.72832352555,330.6189636582
3,1,5.4118e-07,1.17844695765,536.8045120954
3,1,5.2089e-07,3.14726027446,74.7815985673
3,1,5.1032e-07,5.09783807355,3.9321532631
3,1,6.5605e-07,0.40831715964,422.6660376129
3,1,5.3852e-07,4.71773720484,1066.49547719
3,1,5.2398e-07,1.85751217072,423.4167971383
3,1,4.8311e-07,5.76774562578,210.8514148832
3,1,4.5825e-07,5.60012609774,860.3099287528
3,1,4.2528e-07,0.26574124089,1052.2683831884
3,1,5.1422e-07,3.03212480799,742.9900605326
3,1,4.4935e-07,0.51847195684,429.7795846137
3,1,3.343e-07,2.45707742085,430.5303441391
3,1,3.3541e-07,2.76204651966,21.3406410024
3,1,3.0208e-07,4.43680762317,838.9692877504
3,1,3.7762e-07,5.50817907664,949.1756089698
3,1,3.3424e-07,1.74752373535,437.6438911399
3,1,3.4043e-07,1.1917443893,223.5940361765
3,1,2.726e-07,2.19815364804,490.3340891794
3,1,2.9031e-07,4.98485313743,515.463871093
3,1,2.3381e-07,1.20660558774,88.865680217
3,1,2.4187e-07,1.56373114114,124.433415221
3,1,2.1789e-07,3.85669545186,1478.8665740644
3,1,2.0026e-07,2.9074776448,203.0041546995
3,1,1.9633e-07,0.06158742119,654.1243803156
3,1,1.8954e-07,5.59002140439,203.7378678824
3,1,1.7709e-07,1.87617250329,137.0330241624
3,1,1.7769e-07,0.01632384963,302.164775655
3,1,1.6148e-07,6.24824370719,1368.660252845
3,1,1.3816e-07,5.06584035631,625.6701923124
3,1,1.3533e-07,5.47658747033,217.964961884
3,1,1.3265e-07,3.80591212548,728.762966531
3,1,1.327e-07,3.43877857351,351.8165923087
3,1,1.6625e-07,5.31689217526,1265.5674786264
3,1,1.6759e-07,0.35928972666,127.4717966068
3,1,1.6432e-07,5.56181596719,942.062061969
3,1,1.7168e-07,1.73825643839,138.5174968707
3,1,1.3738e-07,4.31097928238,1155.361157407
3,1,1.2548e-07,2.88960022005,231.4583427027
3,1,1.4146e-07,3.98643812146,195.1398481733
3,1,1.3973e-07,4.86218215819,208.633228992
3,1,1.0571e-07,2.45820467886,10.2949407385
3,1,1.151e-07,4.63923085971,628.8515860501
3,1,1.3727e-07,0.66439765546,85.8272988312
3,1,1.0173e-07,3.58197312694,18.1592472647
3,1,9.694e-08,0.8697661698,408.4389436113
3,1,1.007e-07,0.02992656018,76.2660712756
3,1,9.354e-08,1.32092608711,210.3783341312
3,1,1.0071e-07,1.48889940912,218.7157214094
3,1,1.1184e-07,6.02461705687,191.2076949102
3,1,8.726e-08,5.30389752427,207.6700211455
3,1,9.584e-08,2.47120940305,200.7689224658
3,1,9.611e-08,2.41761563717,340.7708920448
3,1,8.286e-08,4.32556970704,222.8603229936
3,1,8.287e-08,3.58071495915,1795.258443721
3,1,9.236e-08,3.03146091034,1059.3819301892
3,1,8.038e-08,2.85526575273,191.9584544356
3,1,7.775e-08,6.20277851494,362.8622925726
3,1,8.724e-08,4.70273397649,831.8557407496
3,1,7.487e-08,5.24393231687,214.2623032845
3,1,9.808e-08,3.71994359218,350.3321196004
3,1,7.52e-08,1.51238938306,212.3358875915
3,1,8.313e-08,3.88563330807,38.1330356378
3,1,6.967e-08,6.14764780396,265.9892934775
3,1,7.93e-08,2.38845142534,207.8824694666
3,1,6.526e-08,5.97355876891,1685.0521225016
3,1,6.383e-08,0.76399546198,142.4496501338
3,1,8.591e-08,4.23329326783,52.6901980395
3,1,7.895e-08,5.28983476924,1258.4539316256
3,1,6.27e-08,1.55039102252,56.6223513026
3,1,6.596e-08,6.06955286464,618.5566453116
3,1,7.305e-08,5.10230083831,1581.959348283
3,1,6.51e-08,2.58766047235,160.6088973985
3,1,6.396e-08,4.05175128194,1471.7530270636
3,1,6.222e-08,1.83534241087,213.3472795478
3,1,5.967e-08,6.10561287765,209.106309744
3,1,5.43e-08,0.7393095795,447.9388318784
3,1,5.422e-08,0.89394666012,22.0914005278
3,1,6.01e-08,5.59380340709,483.2205421786
3,1,5.756e-08,1.17220111999,70.8494453042
3,1,5.508e-08,0.23756513534,750.1036075334
3,1,5.736e-08,4.98124695327,218.9281697305
3,1,6.223e-08,4.92073192158,213.2509113282
3,1,6.028e-08,5.8483575156,635.9651330509
3,1,4.583e-08,3.14247250829,1375.7737998458
3,1,5.682e-08,1.25271749641,225.8292684102
3,1,4.307e-08,4.70978533037,424.1505103212
3,1,5.034e-08,0.89554065489,543.9180590962
3,1,5.989e-08,2.68952514002,216.2198567448
3,1,5.256e-08,0.01969964251,269.9214467406
3,1,4.27e-08,3.35479531672,1045.1548361876
3,1,4.124e-08,4.55060879049,235.3904959658
3,1,4.323e-08,4.14790272459,1279.794572628
3,1,4.166e-08,6.09766763608,1.4844727083
3,1,4.069e-08,2.60100005478,554.0699874828
3,1,4.878e-08,5.04922604658,1574.8458012822
3,1,3.915e-08,2.97379506367,106.2741679563
3,1,3.843e-08,4.98162442107,497.4476361802
3,1,3.824e-08,3.45246107016,388.4651552382
3,1,4.575e-08,6.20805088569,288.0806940053
3,1,4.025e-08,3.79300651947,12.5301729722
3,1,3.723e-08,4.85309927868,1073.6090241908
3,1,3.61e-08,5.94058751363,934.9485149682
3,1,3.663e-08,2.61919749562,113.3877149571
3,1,3.915e-08,4.45024378168,1148.2476104062
3,1,3.357e-08,4.43225060692,219.4494345923
3,1,3.882e-08,3.74682686736,703.6331846174
3,1,3.314e-08,3.41625676576,2111.6503133776
3,1,3.27e-08,6.27410700801,212.7778305762
3,1,3.141e-08,1.4556813368,650.9429865779
3,1,3.103e-08,5.65046683605,2001.4439921582
3,1,3.028e-08,3.42518715666,956.2891559706
3,1,3.012e-08,4.45827269601,107.0249274817
3,1,3.261e-08,0.4825311237,213.8203602998
3,1,3.058e-08,4.77954182227,212.5483359126
3,1,3.018e-08,4.9570780256,1898.3512179396
3,1,2.951e-08,1.31088973653,344.7030453079
3,1,2.877e-08,3.78456494258,1788.1448967202
3,1,3.574e-08,6.01403213335,643.0786800517
3,1,2.649e-08,4.08901068887,284.1485407422
3,1,3.174e-08,1.19063213567,337.732510659
3,1,2.623e-08,1.69713528262,636.7158925763
3,1,3.581e-08,4.12344575096,9.5612275556
3,1,2.743e-08,5.32978008284,565.1156877467
3,1,2.507e-08,0.83753919585,436.8931316145
3,1,2.398e-08,2.60430644776,404.5067903482
3,1,2.917e-08,0.89207515266,417.0369633204
3,1,2.972e-08,4.71447928798,1891.2376709388
3,1,2.623e-08,0.01647605955,207.1487562837
3,1,2.187e-08,0.95383665392,114.3991069134
3,1,2.936e-08,3.84290338749,217.491881132
3,1,2.409e-08,3.56267761888,1169.5882514086
3,1,2.157e-08,3.02442510484,1692.1656695024
3,1,2.262e-08,4.25820830689,98.8999885246
3,1,2.141e-08,1.82853778649,479.2883889155
3,1,2.564e-08,0.84277674835,358.9301393095
3,1,2.209e-08,4.80292631309,2214.7430875962
3,1,2.136e-08,2.96715839944,1361.5467058442
3,1,2.069e-08,5.15304621208,220.4608265486
3,1,2.14e-08,5.38666672806,175.1660598002
3,1,2.003e-08,2.47564274875,416.3032501375
3,1,2.085e-08,4.09277149039,1272.6810256272
3,1,2.088e-08,5.05465836254,251.4321310758
3,1,2.082e-08,4.63603111699,121.2520214833
3,1,1.861e-08,4.45402970588,508.3503240922
3,1,2.005e-08,4.66254689609,429.0458714308
3,1,2.045e-08,3.73820015775,114.1384744825
3,1,2.093e-08,0.8790432663,4.665866446
3,1,2.056e-08,2.39618093351,2435.155730035
3,1,2.022e-08,5.80214824265,181.0557665236
3,1,1.881e-08,1.13062277248,757.2171545342
3,1,1.707e-08,1.57935987501,6069.7767545534
3,1,1.746e-08,3.0645557577,2008.557539159
3,1,1.795e-08,2.95316519456,1781.0313497194
3,1,1.786e-08,5.44879791643,245.5424243524
3,1,1.642e-08,1.87652377033,177.8743727859
3,1,1.614e-08,5.96461527769,867.4234757536
3,1,1.623e-08,0.63294345223,621.7380390493
3,1,1.553e-08,1.32350368373,131.5469622218
3,1,1.599e-08,0.86145918975,81.7521332162
3,1,1.513e-08,3.01415732754,2428.0421830342
3,1,1.939e-08,2.25124681713,1677.9385755008
3,1,1.827e-08,5.04434694439,842.1506814881
3,1,1.748e-08,5.85086226218,173.9422195228
3,1,1.652e-08,2.76139225258,643.8294395771
3,1,1.511e-08,3.22650702148,99.1606209555
3,1,1.714e-08,4.99601182685,2317.8358618148
3,1,1.99e-08,2.08785550062,2420.9286360334
3,1,1.664e-08,0.14097949424,151.0476698429
3,1,1.48e-08,2.89230197932,355.7487455718
3,1,1.425e-08,3.02679993106,248.7238180901
3,1,1.384e-08,2.33959628851,444.7574381407
3,1,1.458e-08,5.37055128984,148.0787244263
3,1,1.464e-08,6.11985601662,206.1373643274
3,1,1.173e-08,0.00063234885,1589.0728952838
3,2,0.00131237677,0.08868998014,213.299095438
3,2,0.00030139033,3.91396211806,206.1855484372
3,2,0.00019316662,0.0922875161,220.4126424388
3,2,6.866944e-05,5.48420260868,426.598190876
3,2,2.825589e-05,1.36584703698,7.1135470008
3,2,2.645589e-05,2.94607374034,419.4846438752
3,2,3.136555e-05,0.0,0.0
3,2,1.844271e-05,5.43612384912,433.7117378768
3,2,1.055082e-05,6.23890821882,227.5261894396
3,2,1.036141e-05,4.33916742809,639.897286314
3,2,6.34427e-06,4.10414101922,199.0720014364
3,2,4.92977e-06,1.74516307253,316.3918696566
3,2,3.84993e-06,1.22066829531,14.2270940016
3,2,2.39476e-06,4.47935921474,210.1177017003
3,2,2.05194e-06,1.76728126877,110.2063212194
3,2,1.76308e-06,4.5631776192,647.0108333148
3,2,1.50033e-06,4.33649711181,103.0927742186
3,2,1.48023e-06,4.28188112046,217.2312487011
3,2,1.84735e-06,5.81729679119,216.4804891757
3,2,1.28877e-06,2.62827363828,632.7837393132
3,2,1.0002e-06,5.38535854003,440.8252848776
3,2,9.2666e-07,1.20622589441,117.3198682202
3,2,1.21332e-06,3.47780478719,853.196381752
3,2,8.6968e-07,5.92619695759,209.3669421749
3,2,5.6696e-07,0.46733705639,323.5054166574
3,2,5.1546e-07,3.14926659859,202.2533951741
3,2,5.4658e-07,3.01021120875,412.3710968744
3,2,3.2218e-07,6.09457934158,234.6397364404
3,2,3.2681e-07,3.01893080236,309.2783226558
3,2,2.774e-07,3.18735286796,95.9792272178
3,2,2.4497e-07,1.49246807159,529.6909650946
3,2,1.9282e-07,0.27555296168,224.3447957019
3,2,1.7381e-07,1.07924221725,21.3406410024
3,2,1.6304e-07,3.71897508099,860.3099287528
3,2,1.3436e-07,3.73879936403,423.4167971383
3,2,1.5102e-07,0.02346987379,330.6189636582
3,2,1.3774e-07,0.2533455041,3.9321532631
3,2,1.5896e-07,5.68181987799,223.5940361765
3,2,1.5147e-07,4.9384358574,429.7795846137
3,2,1.2461e-07,0.13116820715,522.5774180938
3,2,1.2327e-07,4.80179468989,422.6660376129
3,2,1.0457e-07,0.8968021425,3.1813937377
3,2,1.0434e-07,4.69863675329,203.0041546995
3,2,1.0092e-07,6.08646339762,124.433415221
3,2,1.2269e-07,2.7163037413,1066.49547719
3,2,9.316e-08,2.92660214659,88.865680217
3,2,1.1165e-07,4.47469129108,11.0457002639
3,2,9.675e-08,4.54865123798,654.1243803156
3,2,8.155e-08,6.1938266554,415.5524906121
3,2,9.179e-08,1.56314990824,742.9900605326
3,2,7.32e-08,5.80446120079,536.8045120954
3,2,9.366e-08,4.88722886988,277.0349937414
3,2,6.493e-08,4.43377180184,191.9584544356
3,2,5.97e-08,6.13227111688,63.7358983034
3,2,5.743e-08,5.48648092848,149.5631971346
3,2,6.02e-08,5.88359837552,735.8765135318
3,2,6.285e-08,0.34693933458,515.463871093
3,2,6.935e-08,0.77796862892,949.1756089698
3,2,5.259e-08,4.46395984779,430.5303441391
3,2,4.112e-08,5.13362859612,625.6701923124
3,2,3.945e-08,4.8415461902,74.7815985673
3,2,3.942e-08,0.63354697459,10.2949407385
3,2,3.875e-08,5.91484244505,437.6438911399
3,2,3.734e-08,6.15283978599,838.9692877504
3,2,3.458e-08,5.48363967638,728.762966531
3,2,3.345e-08,5.97838746664,215.7467759928
3,2,3.588e-08,1.04087840499,942.062061969
3,2,3.589e-08,5.28302198799,447.9388318784
3,2,3.269e-08,1.73432278238,1059.3819301892
3,2,2.981e-08,1.38021533477,231.4583427027
3,2,2.856e-08,1.86665866713,302.164775655
3,2,2.269e-08,2.10089264689,18.1592472647
3,2,2.766e-08,0.40134293559,846.0828347512
3,2,2.088e-08,1.82541193746,1471.7530270636
3,2,1.99e-08,0.79685389889,210.8514148832
3,2,2.04e-08,5.80760536835,1162.4747044078
3,2,1.934e-08,0.04319189448,195.1398481733
3,2,1.949e-08,0.83703762066,1265.5674786264
3,2,2.107e-08,0.59861697225,1258.4539316256
3,2,1.868e-08,0.23989474559,1898.3512179396
3,2,1.84e-08,3.14880532464,408.4389436113
3,2,1.589e-08,3.33563676583,1073.6090241908
3,2,1.824e-08,0.08294127784,831.8557407496
3,2,1.751e-08,1.22063055823,203.7378678824
3,2,1.874e-08,0.84722174143,1375.7737998458
3,2,1.596e-08,0.64727508404,618.5566453116
3,2,1.504e-08,2.13190551837,1368.660252845
3,3,4.558118e-05,1.70646871501,213.299095438
3,3,4.77771e-05,5.5772375633,206.1855484372
3,3,3.964164e-05,0.0,0.0
3,3,2.507526e-05,4.64959056313,220.4126424388
3,3,3.14334e-06,3.65978364894,433.7117378768
3,3,2.76132e-06,4.53051550901,227.5261894396
3,3,3.22702e-06,4.70757024216,419.4846438752
3,3,3.27628e-06,3.31597275465,426.598190876
3,3,2.43745e-06,5.87706678179,7.1135470008
3,3,1.74957e-06,5.7859263505,199.0720014364
3,3,8.3895e-07,5.79905591107,14.2270940016
3,3,9.382e-07,2.4963795572,639.897286314
3,3,4.402e-07,6.21480013484,210.1177017003
3,3,3.6917e-07,3.20726820162,316.3918696566
3,3,3.7045e-07,2.74532673184,647.0108333148
3,3,2.9901e-07,3.63700944423,440.8252848776
3,3,2.7316e-07,4.02192055477,216.4804891757
3,3,2.1812e-07,0.29602454753,103.0927742186
3,3,1.5029e-07,1.61287308719,853.196381752
3,3,1.3278e-07,5.83332386279,117.3198682202
3,3,1.4206e-07,4.66959349596,412.3710968744
3,3,1.2017e-07,5.87019158782,217.2312487011
3,3,1.2913e-07,4.42190026971,632.7837393132
3,3,1.2456e-07,4.3913035372,234.6397364404
3,3,1.2442e-07,0.62890480503,110.2063212194
3,3,5.815e-08,5.62033243896,21.3406410024
3,3,5.017e-08,5.53227381289,309.2783226558
3,3,4.57e-08,4.93624436902,323.5054166574
3,3,4.55e-08,5.3421683277,202.2533951741
3,3,4.167e-08,3.8946473496,223.5940361765
3,3,3.453e-08,6.08609637145,191.9584544356
3,3,4.233e-08,5.05443804202,95.9792272178
3,3,3.981e-08,1.84663176062,860.3099287528
3,3,2.864e-08,4.29206444885,124.433415221
3,3,2.996e-08,3.08351604262,429.7795846137
3,3,2.719e-08,4.65594179175,209.3669421749
3,3,3.21e-08,2.76409200956,654.1243803156
3,3,2.781e-08,4.63436661235,330.6189636582
3,3,2.337e-08,4.61669572366,88.865680217
3,3,2.134e-08,1.37581224457,1066.49547719
3,3,2.287e-08,0.70623098744,203.0041546995
3,3,1.693e-08,4.70902661652,224.3447957019
3,3,1.46e-08,5.32768614058,302.164775655
3,3,1.46e-08,3.94562330747,447.9388318784
3,3,9.2e-09,1.65069146673,529.6909650946
3,4,5.74306e-06,0.96387396086,206.1855484372
3,4,2.52516e-06,2.90188946355,220.4126424388
3,4,2.44875e-06,2.96492296609,213.299095438
3,4,5.4532e-07,2.81565014397,227.5261894396
3,4,3.8219e-07,1.18981630114,199.0720014364
3,4,4.0987e-07,1.88329932395,433.7117378768
3,4,3.6668e-07,3.14159265359,0.0
3,4,2.9532e-07,0.21869783244,419.4846438752
3,4,1.5829e-07,4.08518202922,7.1135470008
3,4,1.3086e-07,4.09506233764,14.2270940016
3,4,1.6648e-07,1.68086126796,426.598190876
3,4,6.459e-08,0.62293627131,639.897286314
3,4,6.486e-08,1.89121948225,440.8252848776
3,4,6.027e-08,0.93640230433,647.0108333148
3,4,3.053e-08,2.66311279154,234.6397364404
3,4,1.78e-08,4.77855998924,117.3198682202
3,4,2.105e-08,0.46469400267,853.196381752
3,4,1.586e-08,5.79955908864,110.2063212194
3,4,1.592e-08,0.49445731602,412.3710968744
3,5,5.34e-07,2.61403861391,206.1855484372
3,5,1.8015e-07,1.15819542312,220.4126424388
3,5,1.0802e-07,3.14159265359,0.0
3,5,7.783e-08,1.07953666846,227.5261894396
3,5,6.016e-08,2.882676662,199.0720014364
3,5,4.424e-08,0.11691197681,433.7117378768
