# VSOP87E (barycentric rectangular, ecliptic and equinox J2000.0), body=uranus
# Source: Bretagnon P., Francou G. 1988, Astron. Astrophys. 202, 309 (VSOP87 original theory, Bureau des Longitudes/IMCCE), via SunPosition_VSOP87 v2.0.0 (Meysam Mahooti, BSD-3-Clause), file vsop87e.ura.mat
# term contribution to coordinate `var` (1=X,2=Y,3=Z, AU): T^pow * A * cos(B + C*T), T = (JD-2451545.0)/365250 (Julian millennia from J2000.0)
var,pow,A,B,C
1,0,19.17286937362,5.48133416758,74.7815985673
1,0,1.32301898121,0.0,0.0
1,0,0.44400556159,1.65967535182,149.5631971346
1,0,0.14667584671,3.42395875589,73.297125859
1,0,0.14129215712,4.39576776954,76.2660712756
1,0,0.06200970387,5.14043568284,1.4844727083
1,0,0.01542890129,4.12122840701,224.3447957019
1,0,0.0144415347,2.65117108186,148.0787244263
1,0,0.00944969862,1.65871112189,11.0457002639
1,0,0.00657496073,0.57595186181,151.0476698429
1,0,0.00621603101,3.05881560775,77.7505439839
1,0,0.005851598,4.79934731599,71.8126531507
1,0,0.00633971831,4.0955458474,63.7358983034
1,0,0.00547675794,3.63127816021,85.8272988312
1,0,0.0045824226,3.90788427382,2.9689454166
1,0,0.00383608186,6.18762167352,138.5174968707
1,0,0.00145499145,2.31759819136,70.8494453042
1,0,0.00135334157,5.51062460646,78.7137518304
1,0,0.00120354886,4.1021867007,39.6175083461
1,0,0.00125099578,2.51455157066,111.4301614968
1,0,0.00111255099,5.12253353573,222.8603229936
1,0,0.00104615229,3.90538915195,146.594251718
1,0,0.00110162872,4.45478121996,35.1640902212
1,0,0.00063581767,0.29966264689,299.1263942692
1,0,0.00053904041,3.92590422507,3.9321532631
1,0,0.00065063923,3.73008432701,109.9456887885
1,0,0.0005993544,5.30012287089,38.1330356378
1,0,0.00039183521,2.68841323459,4.4534181249
1,0,0.00034340286,3.03782445102,225.8292684102
1,0,0.00033133106,2.54202102521,65.2203710117
1,0,0.00034554296,1.84698778371,79.2350166922
1,0,0.0003386596,5.984183616,70.3281804424
1,0,0.00028371102,2.58026061716,127.4717966068
1,0,0.00035938423,4.08805817528,202.2533951741
1,0,0.00025208291,5.30270440656,9.5612275556
1,0,0.0002346678,4.09729826283,145.6310438715
1,0,0.0002296296,5.5147524227,84.3428261229
1,0,0.0003182253,5.53948530245,152.5321425512
1,0,0.0002576722,2.64279937947,213.299095438
1,0,0.00028383708,6.01785438397,184.7272873558
1,0,0.0002665625,6.11027934265,160.6088973985
1,0,0.00019675903,5.53431398332,74.6697239827
1,0,0.00019653015,2.28660913421,74.8934731519
1,0,0.00019953738,0.57452653801,12.5301729722
1,0,0.00018565067,0.62225019017,52.6901980395
1,0,0.00020084107,4.47297514058,22.0914005278
1,0,0.00019925827,1.39875506889,112.9146342051
1,0,0.00018577959,5.70218580551,33.6796175129
1,0,0.0001658787,4.86920309163,108.4612160802
1,0,0.00015199755,2.88408510221,41.1019810544
1,0,0.0001124531,6.11597014635,71.6002048296
1,0,0.00013947849,6.2754594407,221.3758502853
1,0,0.00010797879,1.70031895074,77.962992305
1,0,0.00013593381,2.55407931798,87.3117715395
1,0,0.00012884351,5.0873799947,145.1097790097
1,0,0.00012394786,6.2189287885,72.3339180125
1,0,0.00011538642,1.77241794539,77.2292791221
1,0,0.0001144251,0.20030247485,36.6485629295
1,0,8.738409e-05,4.96956808452,186.2117600641
1,0,7.095608e-05,1.30384750044,297.6419215609
1,0,6.262602e-05,1.71385983783,153.4953503977
1,0,7.798974e-05,5.82410372587,340.7708920448
1,0,6.669249e-05,5.08626589612,62.2514255951
1,0,5.505358e-05,3.31282108025,140.001969579
1,0,5.372927e-05,4.12498282863,75.3028634291
1,0,5.354242e-05,3.69263973447,74.2603337055
1,0,4.478123e-05,1.11838191479,66.70484372
1,0,4.233075e-05,3.94913608184,265.9892934775
1,0,5.038353e-05,4.68664376918,18.1592472647
1,0,4.57047e-05,0.97536665751,183.2428146475
1,0,4.751325e-05,4.95762395337,73.8183907208
1,0,4.447622e-05,0.29332757659,114.3991069134
1,0,3.31234e-05,0.52418923788,82.8583534146
1,0,4.515952e-05,2.8857630312,75.7448064138
1,0,3.383674e-05,5.12516331582,7.1135470008
1,0,3.559276e-05,1.47627607503,5.9378908332
1,0,3.577938e-05,1.11558436434,137.0330241624
1,0,2.882392e-05,2.76136583899,373.9079928365
1,0,2.576509e-05,3.8466342321,277.0349937414
1,0,2.597765e-05,0.22409539936,96.8729990951
1,0,2.560744e-05,4.4423622345,80.1982245387
1,0,2.722745e-05,6.09456175016,106.9767433719
1,0,2.528025e-05,0.89508396542,68.8437077341
1,0,2.631138e-05,0.04831552531,305.3461693927
1,0,2.541716e-05,0.64495056482,32.1951448046
1,0,2.241129e-05,5.22377697501,3.1813937377
1,0,1.965145e-05,0.09207526632,20.6069278195
1,0,2.232022e-05,0.63571664756,80.7194894005
1,0,1.933814e-05,5.75490033864,74.7334144575
1,0,1.933817e-05,2.06557585395,74.8297826771
1,0,2.138391e-05,4.20897429922,74.5209661364
1,0,2.126427e-05,3.61171465436,75.0422309982
1,0,2.215516e-05,2.18613112875,259.5088859231
1,0,1.891213e-05,5.49941424248,300.6108669775
1,0,1.927679e-05,1.29228021932,159.1244246902
1,0,1.796558e-05,5.73271543335,74.6215398729
1,0,1.792522e-05,2.08789166984,74.9416572617
1,0,2.182901e-05,1.23755478345,479.2883889155
1,0,1.862003e-05,1.67534522569,42.5864537627
1,0,2.075591e-05,3.15586933464,131.4039498699
1,0,1.912582e-05,5.83091918696,14.977853527
1,0,1.52918e-05,2.0520410482,191.2076949102
1,0,1.495017e-05,0.22268077239,220.4126424388
1,0,2.064173e-05,3.6020860641,835.0371344873
1,0,1.768763e-05,1.1925448162,219.891377577
1,0,1.892359e-05,4.32128621847,154.0166152595
1,0,1.797047e-05,1.73417465594,227.3137411185
1,0,1.558489e-05,6.16891070489,59.8037450403
1,0,1.672893e-05,0.01232646186,143.6253063014
1,0,1.467268e-05,2.10975578758,2.4476805548
1,0,1.677659e-05,0.42525121334,8.0767548473
1,0,1.346494e-05,5.46766563529,288.0806940053
1,0,1.744555e-05,0.82022450313,56.6223513026
1,0,1.42718e-05,0.38786175669,92.940845832
1,0,1.263032e-05,5.63689596853,404.5067903482
1,0,1.221506e-05,5.20012455894,54.1746707478
1,0,1.574905e-05,5.72297800263,39.3568759152
1,0,1.269686e-05,2.66330104031,142.4496501338
1,0,1.4183e-05,2.29718712012,235.3904959658
1,0,1.040948e-05,2.74644165501,5.4166259714
1,0,1.256867e-05,5.61684736425,67.6680515665
1,0,1.164218e-05,2.08302637541,81.8951455681
1,0,1.009252e-05,2.02320517037,74.0308390419
1,0,1.07781e-05,1.0568590092,128.9562693151
1,0,9.95392e-06,5.79703441041,75.5323580927
1,0,1.212025e-05,3.4157783266,211.8146227297
1,0,1.223648e-05,3.8437351464,187.6962327724
1,0,1.335202e-05,2.17623376867,380.12776796
1,0,1.144565e-05,2.42148845239,296.1574488526
1,0,1.241589e-05,1.81282962357,134.5853436076
1,0,1.192274e-05,5.58661990233,50.4025761791
1,0,1.093678e-05,3.94451812233,230.5645708254
1,0,8.66728e-06,3.65638980673,125.9873238985
1,0,8.58603e-06,6.06095240605,68.1893164283
1,0,9.13477e-06,1.69392733805,149.45132255
1,0,1.077916e-05,5.01417740021,181.7583419392
1,0,8.58335e-06,1.50454807667,89.7594520943
1,0,1.056848e-05,5.53440854164,14.0146456805
1,0,9.64091e-06,2.66151436132,35.4247226521
1,0,9.0979e-06,4.72919543782,149.6750717192
1,0,9.87528e-06,6.20191485915,203.7378678824
1,0,7.04557e-06,1.78667248384,81.3738807063
1,0,7.27979e-06,1.68450966248,51.2057253312
1,0,8.95034e-06,3.38678219821,23.5758732361
1,0,8.9827e-06,2.10244301916,110.2063212194
1,0,8.6205e-06,5.03077008764,162.0933701068
1,0,8.70204e-06,5.37263296164,81.0013736908
1,0,8.11437e-06,5.17638099206,200.7689224658
1,0,5.98538e-06,5.04735819055,24.3790223882
1,0,7.66812e-06,2.4643137049,68.5618234438
1,0,6.20509e-06,3.32340073105,69.3649725959
1,0,7.43561e-06,1.22664998599,760.25553592
1,0,6.43798e-06,1.27173146057,88.7962442478
1,0,6.96351e-06,0.45928521046,116.4260963429
1,0,5.28197e-06,2.28043920518,146.3818033969
1,0,6.99542e-06,2.93566905569,617.8058857862
1,0,6.74539e-06,3.0600550891,6.2197751235
1,0,5.87451e-06,3.90803174254,152.0108776894
1,0,5.78643e-06,2.55597699269,28.5718080822
1,0,5.04865e-06,2.53585718344,157.6399519819
1,0,5.51887e-06,1.14420383033,260.9933586314
1,0,4.76019e-06,4.0668599978,415.5524906121
1,0,5.80796e-06,6.18692743051,258.0244132148
1,0,5.97694e-06,5.21701637296,218.4069048687
1,0,5.27668e-06,2.29752010941,351.8165923087
1,0,4.4514e-06,5.84184650462,120.358249606
1,0,4.42835e-06,3.75400855881,329.7251917809
1,0,4.4904e-06,1.0350814665,543.0242872189
1,0,4.84827e-06,0.33092998607,73.4090004436
1,0,4.44042e-06,4.74854436122,41.6444977756
1,0,5.42001e-06,1.04883718038,195.1398481733
1,0,4.35208e-06,3.76518154062,372.4235201282
1,0,4.19163e-06,1.97405677459,95.3885263868
1,0,5.14155e-06,5.4082001799,115.8835796217
1,0,3.87375e-06,5.96869839758,152.7445908723
1,0,4.08499e-06,3.42756156092,0.9632078465
1,0,4.53506e-06,4.10881151991,209.3669421749
1,0,3.7473e-06,5.67831880744,144.1465711632
1,0,3.84413e-06,5.21546597177,114.1384744825
1,0,4.27408e-06,2.47035624732,141.4864422873
1,0,3.71413e-06,3.47157274946,73.1852512744
1,0,3.71243e-06,1.03748816404,105.4922706636
1,0,3.18357e-06,0.22505788913,33.1371007917
1,0,3.26002e-06,4.18918332052,228.276948965
1,0,3.27618e-06,0.75068049756,46.2097904851
1,0,4.125e-06,4.17567324159,490.3340891794
1,0,3.51601e-06,6.23854037301,214.7835681463
1,0,4.14924e-06,0.5912242762,529.6909650946
1,0,4.04322e-06,2.13001764328,99.1606209555
1,0,3.26652e-06,0.26933343606,7.4223635415
1,0,3.14386e-06,3.82461196975,45.5766510387
1,0,3.23118e-06,1.86185830328,30.7106720963
1,0,3.0022e-06,2.12651918134,6.592282139
1,0,3.11772e-06,2.3823512842,147.1155165798
1,0,3.68105e-06,5.45799824106,255.0554677982
1,0,3.46148e-06,4.51747810137,454.9093665273
1,0,3.21808e-06,0.08789094066,180.2738692309
1,0,3.37319e-06,5.17833136955,150.5264049811
1,0,2.51931e-06,1.50053452494,19.1224551112
1,0,2.52403e-06,0.29915395892,150.0844619964
1,0,2.78704e-06,1.17271973925,29.2049475286
1,0,2.66863e-06,5.73005045142,28.3111756513
1,0,2.38805e-06,5.52577063741,554.0699874828
1,0,2.99852e-06,1.99796836133,984.6003316219
1,0,2.26271e-06,5.35719329331,120.9913890524
1,0,2.1505e-06,2.10000017027,67.3592350258
1,0,1.98057e-06,4.763611275,69.6737891366
1,0,2.20399e-06,0.46944876871,44.070926471
1,0,2.19523e-06,5.01086928137,47.6942631934
1,0,2.1314e-06,4.90437681706,0.5212648618
1,0,2.58423e-06,5.01692232937,1289.9465010146
1,0,1.8561e-06,4.14658641505,55.6591434561
1,0,2.41311e-06,4.64092150995,756.3233826569
1,0,2.22625e-06,1.63499247598,155.7829722581
1,0,2.04428e-06,1.23043556439,142.1408335931
1,0,2.31243e-06,4.34962187207,46.470422916
1,0,2.31117e-06,0.59598761086,339.2864193365
1,0,2.14402e-06,2.7510685864,189.1807054807
1,0,2.4016e-06,1.57472247802,342.2553647531
1,0,1.73507e-06,3.07143937754,79.889407998
1,0,1.75735e-06,3.10617729573,57.255490749
1,0,1.66885e-06,0.92704904427,30.0562807905
1,0,1.73052e-06,2.71901382868,681.5417840896
1,0,1.67166e-06,6.18216223717,206.1855484372
1,0,2.1221e-06,2.48249922098,135.5485514541
1,0,1.64032e-06,5.42438913166,468.2426886516
1,0,2.03487e-06,1.11695843604,148.5999892881
1,0,1.5693e-06,4.49200656712,92.3077063856
1,0,1.65255e-06,0.65702015844,154.979823106
1,0,1.85802e-06,5.56639953504,73.88782669
1,0,1.85802e-06,2.25459555455,75.6753704446
1,0,1.74776e-06,0.64896858671,103.3534066495
1,0,1.87624e-06,6.1949133725,149.0419322728
1,0,1.93532e-06,6.21234933839,60.7669528868
1,0,1.60061e-06,5.01823584858,264.5048207692
1,0,1.8582e-06,1.04769695695,76.154196691
1,0,1.97311e-06,1.21765365835,256.5399405065
1,0,1.75478e-06,2.83270040396,333.657345044
1,0,1.57905e-06,5.7073446692,82.2039621088
1,0,1.82625e-06,0.27259358854,216.9224321604
1,0,1.47918e-06,1.82282570469,17.5261078183
1,0,1.7745e-06,5.1037250369,685.4739373527
1,0,1.39515e-06,2.37850065779,426.598190876
1,0,1.37789e-06,5.22295277421,448.6895914038
1,0,1.8943e-06,5.63043055528,291.7040307277
1,0,1.52602e-06,3.60417761486,233.9060232575
1,0,1.41512e-06,6.2831413797,130.4407420234
1,0,1.3401e-06,3.97075396565,156.1554792736
1,0,1.36823e-06,2.06403429379,16.6747745564
1,0,1.29045e-06,6.13432221167,76.4785195967
1,0,1.46031e-06,6.21320130613,294.6729761443
1,0,1.46362e-06,4.63496106478,334.2904844904
1,0,1.53385e-06,5.73024384991,347.8844390456
1,0,1.27869e-06,1.20450690573,61.448276443
1,0,1.50311e-06,6.16854891408,173.9422195228
1,0,1.389e-06,6.09258539376,286.596221297
1,0,1.41169e-06,3.15247546979,24.1183899573
1,0,1.15436e-06,3.64215841031,13.3333221243
1,0,1.43741e-06,3.47182034598,103.0927742186
1,0,1.11293e-06,0.10667309735,88.1149206916
1,0,1.21087e-06,0.17422963984,79.4474650133
1,0,1.08657e-06,0.23419995878,66.9172920411
1,0,1.09513e-06,1.37565056754,44.7253177768
1,0,1.28511e-06,1.87873176315,254.9435932136
1,0,1.15349e-06,0.88899033684,692.5874843535
1,0,1.35117e-06,2.72548252468,171.6545976624
1,0,1.25714e-06,5.43040501453,98.3574718034
1,0,1.04433e-06,1.66540127359,54.3347294422
1,0,1.28791e-06,3.10899630296,155.5010879678
1,0,1.05829e-06,1.67999980378,375.3924655448
1,0,1.09272e-06,3.18774824824,273.1028404783
1,0,1.0041e-06,1.92606761482,362.8622925726
1,0,1.02158e-06,1.42491352478,0.1118745846
1,0,9.5969e-07,0.95437290534,258.8757464767
1,0,1.26502e-06,5.84097730521,628.8515860501
1,0,1.06157e-06,4.21108144267,302.0953396858
1,0,1.15494e-06,2.79386838622,604.4725636619
1,0,9.7686e-07,3.08538131581,76.7873361374
1,0,9.2952e-07,3.37459370406,93.9040536785
1,0,9.3122e-07,3.05386776621,43.2890291783
1,0,9.912e-07,0.3871998596,149.3025647037
1,0,8.9934e-07,4.5272214776,149.6113812444
1,0,9.4924e-07,1.22382250585,267.4737661858
1,0,1.09946e-06,1.23547347355,100.3844612329
1,0,1.11791e-06,3.59906622192,19.643719973
1,0,8.8765e-07,4.68268569184,27.0873353739
1,0,8.9563e-07,2.61565675484,295.1942410061
1,0,8.9934e-07,1.93336144673,149.5150130248
1,0,1.08044e-06,0.47218816752,253.5709950899
1,0,8.7921e-07,5.89750281232,74.1484591209
1,0,8.7921e-07,1.92349227727,75.4147380137
1,0,8.6241e-07,6.1014293879,76.42612997
1,0,1.15664e-06,2.63306868216,1215.1649024473
1,0,1.12324e-06,0.51418380423,228.7982138268
1,0,1.06858e-06,3.13973175313,81.682697247
1,0,8.3195e-07,3.64480716244,5.1078094307
1,0,8.202e-07,1.12030294482,82.6459050935
1,0,8.348e-07,4.54952756372,149.723255829
1,0,9.6333e-07,2.43138031905,98.8999885246
1,0,8.0076e-07,2.03790828937,73.1370671646
1,0,9.912e-07,6.07338306473,149.8238295655
1,0,8.8716e-07,4.77601772186,275.5505210331
1,0,7.6677e-07,1.12697999111,73.5577582899
1,0,7.6021e-07,1.38978865049,218.9281697305
1,0,8.348e-07,1.91105536061,149.4031384402
1,0,8.3936e-07,4.85628717843,370.9390474199
1,0,7.8478e-07,1.13478868865,6.9010986797
1,0,1.00821e-06,4.69066192585,210.3301500214
1,0,7.5413e-07,4.866018338,217.2312487011
1,0,7.7269e-07,1.59133790131,26.0235537909
1,0,7.2762e-07,6.17791614729,95.2284676924
1,0,9.9273e-07,5.79876917993,328.3525936572
1,0,8.3725e-07,3.1947345157,175.1660598002
1,0,9.0852e-07,6.17909689432,17.2654753874
1,0,6.9179e-07,3.1195198082,189.7232222019
1,0,8.7997e-07,0.07064517287,894.8408795276
1,0,9.1016e-07,4.20728010672,82.4858463991
1,0,7.0434e-07,5.00824373874,117.9105690512
1,0,7.8847e-07,0.01322041001,262.4778313397
1,0,7.0212e-07,4.41304710948,820.0592809603
1,0,6.7841e-07,0.82180485113,606.7601855223
1,0,7.738e-07,4.76492032598,310.1720945331
1,0,6.7827e-07,3.41010408816,16.04163511
1,0,6.5829e-07,1.93018071058,73.9784494152
1,0,6.5829e-07,5.89081437901,75.5847477194
1,0,7.2397e-07,4.31806917473,61.2882177486
1,0,7.8311e-07,5.41215578557,50.66320861
1,0,8.0708e-07,4.69137061335,16.4623262353
1,0,6.6793e-07,4.81099593544,106.2741679563
1,0,7.7424e-07,1.46638584169,70.0462961521
1,0,6.389e-07,0.78467782617,119.5069163441
1,0,8.8791e-07,1.36813139013,293.188503436
1,0,8.6043e-07,4.58346857263,173.6815870919
1,0,7.9594e-07,6.19357054917,192.6921676185
1,0,7.8342e-07,5.90294859657,58.1068240109
1,0,6.0317e-07,5.85931117087,123.5396433437
1,0,7.0498e-07,4.37183238608,76.3779458602
1,0,7.8119e-07,2.28098562045,477.8039162072
1,0,8.0964e-07,0.34694152649,331.3215390738
1,0,8.1902e-07,3.2347430582,480.7728616238
1,0,7.9911e-07,2.41727074003,332.8060117821
1,0,7.5512e-07,3.6382470254,67.0773507355
1,0,6.8354e-07,0.08038703786,79.5169009825
1,0,7.6488e-07,0.73635514691,237.6781178262
1,0,7.006e-07,2.85493198706,167.7224443993
1,0,7.7986e-07,3.2736851265,70.1157321213
1,0,7.764e-07,3.06328765206,71.1582618449
1,0,6.65e-07,1.53365564126,125.1841747464
1,0,7.5093e-07,4.73904922026,78.4049352897
1,0,6.4912e-07,4.53988533411,472.1748419147
1,0,5.8628e-07,0.40805425491,403.0223176399
1,0,5.4636e-07,1.4733349923,71.8608372605
1,0,5.3838e-07,0.93176659976,269.9214467406
1,0,7.2381e-07,4.25223277801,15.4991183888
1,0,5.2189e-07,3.65429708039,48.7580447764
1,0,5.3865e-07,5.83782773067,90.8232336773
1,0,7.2807e-07,5.95313969312,7.8643065262
1,0,5.3991e-07,4.58226336725,148.8124376092
1,0,5.1866e-07,0.06447470425,77.7023598741
1,0,5.6128e-07,4.11138805649,65.3804297061
1,0,4.9942e-07,4.89879835209,124.5028511902
1,0,5.4088e-07,2.02562065658,13.4933808187
1,0,5.383e-07,2.54062357724,831.1049812242
1,0,5.7136e-07,2.07135660474,31.6526280834
1,0,4.8357e-07,5.4495272777,162.8965192589
1,0,5.5249e-07,0.27729925019,74.4090915518
1,0,5.5249e-07,1.26051053222,75.1541055828
1,0,4.9301e-07,0.68505345474,76.0054388447
1,0,5.7521e-07,1.59317631675,142.9709149956
1,0,5.5685e-07,2.94302170889,43.1289704839
1,0,5.9455e-07,0.63514957816,290.2195580194
1,0,6.39e-07,2.18112319933,92.0470739547
1,0,5.5444e-07,1.36286779313,178.7893965226
1,0,5.1624e-07,4.72218953206,184.9879197867
1,0,4.8683e-07,2.61213928649,48.9181034708
1,0,5.2985e-07,2.22171821346,104.0077979553
1,0,5.9399e-07,1.13646884872,486.4019359163
1,0,5.0137e-07,1.48506070888,25.6028626656
1,0,4.759e-07,4.15725769893,224.2329211173
1,0,5.2475e-07,4.48165606967,14.2270940016
1,0,4.7899e-07,2.26914506777,91.4563731237
1,0,5.7214e-07,1.13849444877,303.8616966844
1,0,4.8855e-07,2.68360202842,101.8689339412
1,0,5.4468e-07,1.20360366787,236.8749686741
1,0,5.4466e-07,3.74899735584,74.1272072615
1,0,5.4466e-07,4.07199773375,75.4359898731
1,0,5.091e-07,0.91148399106,58.319272332
1,0,4.4633e-07,5.10559995376,57.5161231799
1,0,4.7699e-07,0.83638374581,177.8743727859
1,0,4.8819e-07,0.49665135549,122.4758617607
1,0,4.5108e-07,1.90469222942,31.492569389
1,0,4.7736e-07,3.70992038267,84.1827674285
1,0,5.2405e-07,1.63380029621,58.7399634573
1,0,5.9366e-07,4.2145520867,117.36805233
1,0,4.2464e-07,1.91841049036,150.31395666
1,0,5.6885e-07,2.10911106828,25.0603459444
1,0,4.6007e-07,2.96485484521,49.7212526229
1,0,5.6472e-07,1.9658516996,7.7042478318
1,0,4.4203e-07,6.07483181407,70.5888128733
1,0,4.7746e-07,1.96668828064,55.7710180407
1,0,3.9643e-07,5.20792456163,69.1525242748
1,0,4.4855e-07,1.9275049757,278.5194664497
1,0,3.9626e-07,3.19265632224,72.4939767069
1,0,3.9721e-07,3.77197555779,88.274979386
1,0,4.2243e-07,4.84138065267,232.4215505492
1,0,4.1872e-07,2.23021803037,306.830642101
1,0,4.3297e-07,3.08650429793,284.1485407422
1,0,4.7398e-07,0.90624036754,75.6329318292
1,0,4.7398e-07,0.63156941487,73.9302653054
1,0,5.2967e-07,5.96991904375,365.0011565867
1,0,4.102e-07,1.74616309945,78.9743842613
1,0,3.7774e-07,2.65860578213,397.3932433474
1,0,4.5419e-07,3.54780469477,393.4610900843
1,0,4.2747e-07,4.43768599991,22.633917249
1,0,5.0051e-07,1.566421967,329.8370663655
1,0,3.778e-07,4.5490819268,77.0692204277
1,0,4.7477e-07,0.90974768312,224.4566702865
1,0,4.0362e-07,3.07087573985,29.226199388
1,0,4.7665e-07,5.63221017988,73.0846775379
1,0,4.0108e-07,4.02631792351,164.5410506616
1,0,3.7773e-07,0.38995132314,91.2439248026
1,0,4.9928e-07,4.53119467931,51.8870488874
1,0,4.3014e-07,0.99655679002,198.321241911
1,0,4.191e-07,1.65589142441,141.6988906084
1,0,4.1401e-07,1.59219235396,25.8634950965
1,0,4.658e-07,5.66779233323,836.5216071956
1,0,3.7167e-07,6.06382385676,226.7924762567
1,0,4.1073e-07,5.01411798286,411.620337349
1,0,4.1143e-07,4.02823090738,1364.7280995819
1,0,3.4855e-07,5.31109602436,184.0941479094
1,0,3.9925e-07,4.80143653382,205.2223405907
1,0,3.7356e-07,3.0732057378,0.8031491521
1,0,4.3663e-07,4.70679058518,833.552661779
1,0,4.3619e-07,0.18982086815,199.2844497575
1,0,3.3e-07,1.08181996374,248.7238180901
1,0,3.413e-07,0.02490696585,35.685355083
1,0,3.7505e-07,5.59177300768,94.4253185403
1,0,4.156e-07,3.77042855528,163.5778428151
1,0,3.4189e-07,3.60118447896,335.7749571987
1,0,3.3848e-07,0.13377240364,132.8884225782
1,0,3.1365e-07,0.09634401362,32.2433289144
1,0,3.3282e-07,3.17341780978,0.7507595254
1,0,3.0713e-07,2.52388675397,745.277682393
1,0,3.0162e-07,5.92221199518,31.5407534988
1,0,3.4238e-07,4.41376588408,20.4468691251
1,0,3.0462e-07,5.36718556691,154.6710065653
1,0,2.9782e-07,2.66340469665,43.2408450685
1,0,3.1103e-07,1.65433821047,5.6290742925
1,0,3.5171e-07,3.5683548121,97.4155158163
1,0,2.9774e-07,3.47143447278,167.0893049529
1,0,3.4498e-07,6.2282674024,180.1619946463
1,0,3.6881e-07,4.37161776762,75.3722993983
1,0,3.6881e-07,3.44937732197,74.1908977363
1,0,3.0008e-07,0.5853510445,530.6541729411
1,0,3.9561e-07,1.15355175157,58.6280888727
1,0,3.2428e-07,2.26557707921,80.4106728598
1,0,4.0057e-07,0.14187991318,1744.8558675419
1,0,3.4894e-07,4.92668814244,143.3434220111
1,0,2.9628e-07,6.11127530723,958.576777831
1,0,2.9382e-07,0.16680358431,136.0698163159
1,0,3.8451e-07,2.94085167994,133.1008708993
1,0,3.2922e-07,1.54640324936,215.4379594521
1,0,3.0833e-07,5.34525997176,8.9068362498
1,0,2.8947e-07,3.75166596544,528.7277572481
1,0,3.2377e-07,2.27298665245,8.5980197091
1,0,3.1149e-07,2.40599502782,140.6563608848
1,0,3.8175e-07,1.51759937027,114.9416236346
1,0,2.9983e-07,0.03280380782,90.2807169561
1,0,3.5108e-07,1.21482551913,767.3690829208
1,0,3.421e-07,0.77552752107,326.8681209489
1,0,3.2854e-07,1.80185340982,1033.3583763983
1,0,3.1995e-07,5.07221890976,216.2680408546
1,0,2.7036e-07,3.03122786083,27.7204748203
1,0,2.7412e-07,4.74407471114,221.1634019642
1,0,3.2772e-07,5.85879342901,42.5382696529
1,0,2.8766e-07,5.99039327077,93.7921790939
1,0,3.3552e-07,5.03954377007,229.0800981171
1,0,3.4037e-07,0.7793709228,142.6620984549
1,0,3.498e-07,4.19796683573,4.7353024152
1,0,2.6441e-07,4.88885611145,151.260118164
1,0,2.6014e-07,6.23229383455,447.2051186955
1,0,2.5836e-07,5.11135193547,68.3011910129
1,0,3.3053e-07,0.27134750984,1140.38330388
1,0,2.6778e-07,1.28950862567,2.2876218604
1,0,3.4236e-07,0.18746853265,54.2865453324
1,0,2.6054e-07,4.42308630147,11.1575748485
1,0,3.0776e-07,3.56610123946,66.1835788582
1,0,2.4027e-07,4.78275838142,328.2407190726
1,0,2.5791e-07,3.30165903006,65.8747623175
1,0,2.6209e-07,5.82811768517,40.1600250673
1,0,2.5701e-07,2.19731633217,75.8935642601
1,0,2.5701e-07,5.62367875742,73.6696328745
1,0,2.5237e-07,2.58308165954,81.2620061217
1,0,2.5534e-07,5.23319959774,3.6233367224
1,0,3.246e-07,3.40226553572,1439.5096981492
1,0,3.1017e-07,2.47019866675,227.5261894396
1,0,2.2917e-07,1.69064646797,118.0224436358
1,0,3.0625e-07,0.38543308891,90.9351082619
1,0,2.4336e-07,4.23223779782,969.6224780949
1,0,2.4514e-07,5.83282809414,414.0680179038
1,0,2.2571e-07,3.73767113299,70.6369969831
1,0,2.6189e-07,1.37714071031,10.9338256793
1,0,2.6863e-07,4.4651355736,25.2727942655
1,0,2.4777e-07,3.8255854555,134.0640787458
1,0,2.2242e-07,0.31041708817,85.9391734158
1,0,2.7006e-07,5.66339011829,104.8378793578
1,0,3.0312e-07,4.91657918154,619.2903584945
1,0,2.9499e-07,1.89955716827,565.1156877467
1,0,2.1818e-07,5.43668115613,34.6215735
1,0,2.9506e-07,0.51511362512,367.9701020033
1,0,2.3404e-07,2.08578309566,541.5398145106
1,0,2.3718e-07,5.53660822153,45.5553991793
1,0,2.155e-07,0.38029070385,140.9651774255
1,0,2.4081e-07,4.27910869955,170.1701249541
1,0,2.3248e-07,1.6995384962,166.828672522
1,0,2.8495e-07,3.9829905194,616.3214130779
1,0,2.9686e-07,6.13498719207,401.6497195162
1,0,2.2285e-07,2.36595950759,107.918699359
1,0,2.2853e-07,3.29726108048,103.9865460959
1,0,2.4493e-07,0.22829425196,49.1787359017
1,0,2.1208e-07,1.65163762659,188.9200730498
1,0,2.6911e-07,2.55176488247,405.9912630565
1,0,2.4843e-07,5.68013157679,57.1436161644
1,0,2.0957e-07,4.08352831368,78.9262001515
1,0,2.545e-07,5.85899081364,100.6450936638
1,0,2.5078e-07,2.20068349108,92.4195809702
1,0,2.7346e-07,1.72847573029,366.485629295
1,0,2.0414e-07,5.0063222765,221.8971151471
1,0,1.9766e-07,0.95451045485,9.4011688612
1,0,2.2784e-07,0.28900298014,64.4866578288
1,0,2.0289e-07,1.41637307438,143.9341228421
1,0,2.2092e-07,5.52239110854,107.4980082337
1,0,2.7052e-07,2.2398687474,67.9286839974
1,0,2.0822e-07,5.23087049171,77.489911553
1,0,2.0822e-07,2.59012459788,72.0732855816
1,0,2.166e-07,1.70573151068,55.1378785943
1,0,2.3236e-07,4.27186225116,52.1476813183
1,0,2.4236e-07,2.27410241019,758.7710632117
1,0,1.9238e-07,3.43567324357,144.8973306886
1,0,2.639e-07,2.53868436083,369.4545747116
1,0,1.9012e-07,6.2398737204,165.6048322446
1,0,1.8856e-07,2.80925108504,289.5651667136
1,0,1.8734e-07,2.2412458582,312.4597163935
1,0,2.6008e-07,4.64004097317,40.8413486235
1,0,1.8884e-07,6.27294547517,22.8945496799
1,0,2.161e-07,1.24753853837,31.2319369581
1,0,2.1305e-07,3.56429538359,37.8724032069
1,0,1.8454e-07,5.32515403804,381.0909758065
1,0,2.4738e-07,5.59448379294,81.6345131372
1,0,1.8468e-07,2.20982131564,379.1645601135
1,0,2.1107e-07,1.69240112719,252.0865223816
1,0,2.0493e-07,2.6716492977,147.9668498417
1,0,2.0131e-07,4.43054318113,156.6767441354
1,0,2.1567e-07,1.12409329716,225.3080035484
1,0,1.7391e-07,4.43132202586,72.7758609972
1,0,1.7559e-07,0.35908279202,303.0585475323
1,0,1.7692e-07,1.96141224662,47.061123747
1,0,2.2852e-07,2.89096727559,624.919432787
1,0,1.698e-07,5.0893929495,75.2391729543
1,0,1.698e-07,2.73160214009,74.3240241803
1,0,2.1062e-07,1.5793301169,331.2096644892
1,0,2.2471e-07,0.58316987607,248.4631856592
1,0,1.9612e-07,5.21011193916,531.978586955
1,0,1.8741e-07,1.24596689149,85.0765393058
1,0,1.8599e-07,5.83146457459,148.1905990109
1,0,1.6059e-07,2.12824166984,610.6923387854
1,0,1.9657e-07,0.4531085385,408.4389436113
1,0,2.0916e-07,0.97601965892,10.0824924174
1,0,1.5997e-07,0.65650708975,118.8737768977
1,0,1.6134e-07,1.42599191372,117.3198682202
1,0,1.8297e-07,3.57190587419,19.0105805266
1,0,2.1297e-07,1.30859463816,95.2766518022
1,0,1.8354e-07,4.92321966101,14.5571624017
1,0,2.1477e-07,4.05503641492,1670.0742689746
1,0,1.8715e-07,2.0007270114,107.0249274817
1,0,1.845e-07,3.24530527857,135.336103133
1,0,1.8685e-07,4.76756860051,64.6991061499
1,0,1.9467e-07,0.47075581635,550.1378342197
1,0,1.7882e-07,1.66188161698,190.665178189
1,0,1.6009e-07,2.30252486366,75.6116799698
1,0,1.6009e-07,5.51847022593,73.9515171648
1,0,1.9328e-07,0.95373832886,363.5166838784
1,0,1.6801e-07,3.30389996644,196.6243208816
1,0,1.7995e-07,3.15857292717,378.6432952517
1,0,1.4946e-07,0.01933631594,73.3453099688
1,0,1.4946e-07,4.66006612006,76.2178871658
1,0,1.4777e-07,4.06474308403,79.7775334134
1,0,1.9634e-07,2.43284555545,376.1956146969
1,0,1.5651e-07,1.14451886246,552.5855147745
1,0,1.4573e-07,0.98064774203,76.3142553854
1,0,1.4573e-07,3.69875469397,73.2489417492
1,0,1.5358e-07,0.75466203125,63.847772888
1,0,1.8123e-07,0.22904578695,118.0706277456
1,0,1.9109e-07,5.46363197829,60.5545045657
1,0,1.4137e-07,0.58479900612,17.6379824029
1,0,1.4481e-07,1.4509021338,1097.0942747017
1,0,1.4249e-07,3.86670568389,909.8187330546
1,0,1.4623e-07,3.6064939163,280.9671470045
1,0,1.6592e-07,0.96055193273,285.1117485887
1,0,1.3647e-07,6.1091705991,842.1506814881
1,0,1.3776e-07,1.24049151018,63.6240237188
1,0,1.4396e-07,4.20664636136,121.8427223143
1,0,1.3418e-07,3.63644963778,69.7856637212
1,0,1.6062e-07,2.15259310684,73.0364934281
1,0,1.6062e-07,2.52680932916,76.5267037065
1,0,1.8191e-07,4.17431360807,381.6122406683
1,0,1.3441e-07,4.64743942354,535.9107402181
1,0,1.3362e-07,4.22579107073,883.7951792637
1,0,1.3242e-07,4.64847854184,105.380396079
1,0,1.3053e-07,4.16130064427,12.0089081104
1,0,1.3153e-07,2.76878972668,224.8660605637
1,0,1.6919e-07,3.4561287318,703.6331846174
1,0,1.5264e-07,3.70218217589,109.3125493421
1,0,1.4158e-07,0.89623255371,147.5574595645
1,0,1.6005e-07,0.81396049172,176.6505325085
1,0,1.2475e-07,3.47993027626,195.7729876197
1,0,1.3527e-07,0.03173550378,73.4571845534
1,0,1.3527e-07,4.64766693222,76.1060125812
1,0,1.2777e-07,1.9575909783,749.2098356561
1,0,1.5707e-07,0.55008100514,106.0135355254
1,0,1.3959e-07,6.0567260379,60.112561581
1,0,1.2459e-07,0.64812677658,322.6116447801
1,0,1.6441e-07,4.32023721096,83.3796182764
1,0,1.2986e-07,2.70817696012,194.2885149114
1,0,1.6646e-07,2.86315414412,336.8387387817
1,0,1.4831e-07,2.47765698308,115.3623147599
1,0,1.5925e-07,4.38695774322,1059.3819301892
1,0,1.6221e-07,4.38221842826,129.9194771616
1,0,1.3549e-07,5.95860980996,172.1971143836
1,0,1.4395e-07,2.82450237931,232.0490435337
1,0,1.1794e-07,1.77599774058,34.5309507748
1,0,1.4677e-07,5.99138198153,208.8456773131
1,0,1.233e-07,4.4934835396,83.6884348171
1,0,1.1579e-07,2.24791104882,65.3322455963
1,0,1.2045e-07,4.83431406522,44.0921783304
1,0,1.2793e-07,2.24093998376,62.7726904569
1,0,1.3012e-07,2.69693854531,905.8865797915
1,0,1.4381e-07,5.21992705202,207.8824694666
1,0,1.11e-07,6.25287419269,417.0369633204
1,0,1.2912e-07,1.88014975039,288.7350853111
1,0,1.109e-07,3.7354312732,55.8715917772
1,0,1.1922e-07,4.45761281158,501.3797894433
1,0,1.5032e-07,1.87104290296,403.1341922245
1,0,1.2512e-07,3.54733200878,1171.875873269
1,0,1.0863e-07,3.14224264687,229.7614216733
1,0,1.0576e-07,5.06922756941,11.848849416
1,0,1.167e-07,5.99338710443,308.6876218248
1,0,1.4227e-07,3.18331697186,84.8640909847
1,0,1.4378e-07,2.15578224139,193.655375465
1,0,1.0353e-07,0.14713330527,466.7582159433
1,0,1.0969e-07,3.80039920878,680.0573113813
1,0,1.2242e-07,3.77918880252,827.9235874865
1,0,1.148e-07,1.70581546221,318.679491517
1,0,1.3223e-07,3.20469849858,97.6761482472
1,0,1.3031e-07,0.40010415472,757.8078553652
1,0,1.1539e-07,0.97518052335,75.3510475389
1,0,1.1539e-07,0.56262925906,74.2121495957
1,0,1.1683e-07,5.01402128604,679.2541622292
1,0,1.3475e-07,6.25032260448,438.2982824457
1,0,1.2599e-07,2.05716339618,113.8778420516
1,0,1.155e-07,5.90402341878,256.4280659219
1,0,1.0715e-07,5.95633473988,1108.1399749656
1,0,1.0811e-07,2.03451109527,89.0086925689
1,0,1.0894e-07,2.60919922031,177.3049238143
1,0,1.0858e-07,3.65797726694,63.9965307343
1,0,1.1727e-07,5.9853851626,210.8514148832
1,0,9.781e-08,5.57308312756,84.2309515383
1,0,1.1509e-07,4.35301138657,353.301065017
1,0,1.0655e-07,5.22089129487,263.962304048
1,0,1.0262e-07,2.37561039493,361.3778198643
1,0,1.2663e-07,2.78008051966,406.1031376411
1,0,1.1319e-07,1.06015629901,43.5496616092
1,0,1.0733e-07,1.76426685552,89.4506355536
1,0,1.0593e-07,4.05752516876,71.7007785661
1,0,1.1184e-07,4.54016329366,150.3663462867
1,0,9.592e-08,4.01468282292,422.6660376129
1,0,9.502e-08,1.55679754929,350.3321196004
1,0,9.202e-08,1.64799177482,555.5544601911
1,0,1.1426e-07,3.32782449621,124.2904028691
1,0,9.406e-08,1.01182317286,69.3125829692
1,0,9.406e-08,0.52598660955,80.2506141654
1,0,1.2276e-07,1.87738186166,337.8019466282
1,0,9.056e-08,0.11525943257,230.9370778409
1,0,1.0681e-07,5.41426794763,1819.6374661092
1,0,9.273e-08,6.23870082502,263.0203480609
1,0,1.0129e-07,1.27631196928,443.8636662634
1,0,9.954e-08,0.40697067708,79.6075237077
1,0,9.338e-08,2.76311888794,217.4436970222
1,0,8.643e-08,1.19803400302,86.6304479833
1,0,1.0377e-07,2.71674179936,30.5987975117
1,0,9.828e-08,1.0934249514,69.9556734269
1,0,1.1715e-07,4.15216104346,544.5087599272
1,0,1.0279e-07,2.14278644635,546.956440482
1,0,1.1622e-07,4.2576635037,39.0962434843
1,0,1.0704e-07,1.12167677007,400.1652468079
1,0,1.0253e-07,0.01695148,30.6894202369
1,0,1.1241e-07,5.75986380235,754.8389099486
1,0,9.226e-08,0.54709114702,73.8665748306
1,0,9.226e-08,0.99071863539,75.696622304
1,0,8.473e-08,3.94361694677,212.3358875915
1,0,8.052e-08,6.17336789892,674.4282370888
1,0,9.33e-08,1.56227394083,52.8020726241
1,0,9.982e-08,3.21457462706,175.4266922311
1,0,9.204e-08,3.60245144803,223.3815878554
1,0,9.571e-08,0.10725282156,292.0128472684
1,0,8.044e-08,2.40245968826,77.1174045375
1,0,8.044e-08,5.41853540133,72.4457925971
1,0,7.954e-08,5.69169782621,1022.3126761344
1,0,8.823e-08,4.42446680823,437.6438911399
1,0,8.193e-08,5.3774878945,59.2824801785
1,0,1.1131e-07,4.60858554715,763.4369296577
1,0,1.0522e-07,2.55229928724,154.2984995498
1,0,9.032e-08,0.95177465042,89.338760969
1,0,7.893e-08,4.08556010372,93.6916053574
1,0,9.501e-08,5.55196701361,156.4642958143
1,0,9.42e-08,3.18504090065,112.6540017742
1,0,9.347e-08,1.91675074687,156.9855606761
1,0,8.617e-08,4.16810264439,85.5666664003
1,0,9.41e-08,0.0160295502,298.2326223919
1,0,7.942e-08,3.63978160188,108.982480942
1,0,8.607e-08,6.26788808564,62.9327491513
1,0,9.481e-08,4.67209385843,36.9091953604
1,0,9.891e-08,0.62867977206,404.6186649328
1,0,7.952e-08,1.86804354686,34.2008823747
1,0,7.543e-08,4.71193192925,77.016830801
1,0,7.543e-08,6.25065581393,72.5463663336
1,0,8.486e-08,4.73310682076,77.8624185685
1,0,9.006e-08,0.5978456832,670.4960838257
1,0,7.488e-08,3.66691685281,89.9719004154
1,0,7.543e-08,3.74071360489,74.0478853844
1,0,7.543e-08,0.93868883111,75.5153117502
1,0,8.714e-08,6.11380091266,683.9894646444
1,0,7.753e-08,3.89251894809,192.8040422031
1,0,8.055e-08,4.5154180414,59.5912967192
1,0,8.473e-08,4.68984634698,71.0095039986
1,0,8.473e-08,3.13114874261,78.553693136
1,0,8.189e-08,2.89161988893,253.4591205053
1,0,8.07e-08,5.10239813363,37.1698277913
1,0,8.122e-08,5.93117685976,274.0660483248
1,0,9.184e-08,3.5669056703,100.8051523582
1,0,8.782e-08,5.21522198514,488.8496164711
1,0,8.447e-08,4.0062613964,216.4804891757
1,0,8.166e-08,2.05529799644,325.3836482406
1,0,8.125e-08,4.10724946912,115.6229471908
1,0,8.905e-08,3.41134329058,59.9638037347
1,0,7.594e-08,2.80403622692,213.9534867438
1,0,6.996e-08,0.89646725407,144.4553877039
1,0,9.581e-08,5.19830082333,241.8709035202
1,0,6.89e-08,1.28122854187,164.1203595363
1,0,7.953e-08,5.63301442789,86.7905066777
1,0,6.97e-08,3.53189631991,130.552616608
1,0,7.608e-08,0.76491107529,409.0720830577
1,0,8.498e-08,5.43986459432,20.4950532349
1,0,8.495e-08,5.6299607071,249.9476583675
1,0,7.031e-08,4.11339759505,41.7563723602
1,0,7.286e-08,5.61565476776,241.6102710893
1,0,8.429e-08,0.69056403771,153.186533857
1,0,6.801e-08,1.01412347718,301.4140161296
1,0,7.107e-08,4.4125004552,33.0252262071
1,0,6.539e-08,3.95099517204,129.1163280095
1,0,6.645e-08,2.66725386831,691.1030116452
1,0,7.084e-08,3.440594199,102.523325247
1,0,8.617e-08,4.71598219531,150.4569690119
1,0,7.721e-08,2.81365717816,180.7951340927
1,0,6.468e-08,1.3714397194,44.6134431922
1,0,7.676e-08,0.12205330938,60.2244361656
1,0,7.616e-08,0.19823929024,343.7398374614
1,0,8.883e-08,1.60499381544,749.5823426716
1,0,7.176e-08,0.91191120786,445.7206459872
1,0,7.576e-08,1.63976998398,148.6694252573
1,0,7.153e-08,0.97472079949,44.9859502077
1,0,7.107e-08,5.68687193631,6456.8800576977
1,0,6.257e-08,3.434721935,119.3950417595
1,0,7.314e-08,6.02029115164,188.6594406189
1,0,6.219e-08,5.05640701071,95.931043108
1,0,7.64e-08,1.15145978039,21.9795259432
1,0,6.226e-08,1.42012111738,14.8177948326
1,0,6.518e-08,1.02341157168,214.2623032845
1,0,6.334e-08,0.41446504672,491.8185618877
1,0,6.172e-08,1.64082544093,358.4088744477
1,0,7.113e-08,1.81225163838,731.9443602687
1,0,6.404e-08,5.37183717126,1310.3933701397
1,0,6.542e-08,5.62829080881,21.1494445407
1,0,7.49e-08,0.83410715646,1291.4309737229
1,0,7.443e-08,1.82999961281,396.5419100855
1,0,5.799e-08,3.38417427072,694.0719570618
1,0,6.501e-08,0.47551640281,386.0656587932
1,0,8.032e-08,2.40925890235,223.8235308401
1,0,5.745e-08,3.19567125444,20202.22629672009
1,0,6.979e-08,1.46529506093,197.7999770492
1,0,7.333e-08,4.15029279297,497.4476361802
1,0,5.643e-08,2.97445175627,116.5379709275
1,0,7.207e-08,3.86366874667,267.2131337549
1,0,6.659e-08,0.62431567185,49.5088043018
1,0,7.612e-08,0.68976665906,139.4807047172
1,0,7.515e-08,3.99352933456,514.7131115676
1,0,5.915e-08,5.38925556106,87.0511391086
1,0,5.915e-08,2.43173952854,62.512058026
1,0,5.591e-08,3.33946751463,1235.6117715724
1,0,6.326e-08,4.56486319559,178.1350052168
1,0,5.697e-08,1.92398898451,809.0135806964
1,0,6.663e-08,1.30321671145,893.3564068193
1,0,6.712e-08,2.34121862543,304.1223291153
1,0,6.67e-08,1.35551468688,436.8138097374
1,0,5.623e-08,2.57084176932,42.0651889009
1,0,5.492e-08,3.62415542738,293.7097682978
1,0,5.496e-08,2.40094729126,158.9643659958
1,0,5.598e-08,4.4202077243,188.2387494936
1,0,6.865e-08,4.85354232653,407.5876103494
1,0,5.577e-08,5.67561254291,168.6856522458
1,0,7.667e-08,2.26561874174,688.6553310904
1,0,6.288e-08,3.75451099606,314.9073969483
1,0,6.275e-08,6.25871609198,96.7611245105
1,0,5.396e-08,1.55557394648,817.7716590999
1,0,6.354e-08,5.36308075526,369.9758395734
1,0,6.932e-08,1.14877684957,483.2205421786
1,0,5.489e-08,3.66616236592,136.2298750103
1,0,5.98e-08,2.26259334707,362.0322111701
1,0,6.735e-08,1.57580167444,5994.9951559861
1,0,7.154e-08,0.38367300877,259.769518354
1,0,6.012e-08,3.76327673441,476.3194434989
1,0,6.717e-08,0.10184664713,474.9468453752
1,0,6.569e-08,1.45283712289,349.3689117539
1,0,5.212e-08,5.81704085223,561.1835344836
1,0,5.251e-08,0.77102401214,305.6068018236
1,0,6.333e-08,3.04339045762,151.850818995
1,0,5.922e-08,2.22626179675,896.3253522359
1,0,6.369e-08,3.216782347,457.1969883877
1,0,7.006e-08,5.48369013299,237.4174853953
1,0,6.494e-08,3.0008831722,9925.2048522057
1,0,5.421e-08,0.58125835319,229.340730548
1,0,5.44e-08,1.54861465044,401.5378449316
1,0,6.012e-08,6.01637588426,695.0351649083
1,0,6.713e-08,2.53300554864,358.9301393095
1,0,4.937e-08,3.50473085964,778.4147831847
1,0,6.282e-08,2.70326102686,711.4493070338
1,0,4.956e-08,4.1447911401,450.1740641121
1,0,5.873e-08,1.54540557953,347.9326231554
1,0,6.652e-08,1.87662994202,236.1936451179
1,0,6.111e-08,0.57632522173,346.3999663373
1,0,5.219e-08,4.29113850675,27.7417266797
1,0,5.752e-08,4.25326612876,838.0060799039
1,0,5.911e-08,4.3601071219,561.8861098992
1,0,5.407e-08,3.68956638902,147.9186657319
1,0,6.307e-08,3.36363443595,300.8927512678
1,0,4.83e-08,5.68923513122,818.574808252
1,0,5.465e-08,5.75477672933,49.6518166537
1,0,4.962e-08,3.25178378949,40.2506477925
1,0,4.862e-08,3.98443206848,156.043604689
1,0,4.763e-08,2.45119683765,101.6083015103
1,0,4.831e-08,3.31832104988,621.7380390493
1,0,4.773e-08,5.87209787138,123.0183784819
1,0,6.08e-08,5.38005534998,369.0820676961
1,0,4.712e-08,0.72241704208,240.3864308119
1,0,4.866e-08,4.15001957737,271.61836777
1,0,5.165e-08,5.208203372,419.4846438752
1,0,5.247e-08,3.99273309023,89.5993933999
1,0,4.798e-08,1.99760114613,257.3912737684
1,0,5.871e-08,4.92536650443,524.2743391232
1,0,6.355e-08,2.91875544444,425.1137181677
1,0,6.233e-08,1.68063570142,1595.2926704073
1,0,5.518e-08,1.72808265472,85.7154242466
1,0,6.174e-08,6.20195291439,1288.4620283063
1,0,5.266e-08,3.16745397591,323.5054166574
1,0,5.474e-08,2.88264855465,118.8525250383
1,0,5.268e-08,3.23575329194,164.3809919672
1,0,4.598e-08,3.62412165981,155.1922714271
1,0,4.562e-08,4.84497063338,355.7487455718
1,0,6.03e-08,4.6008387741,3191.0492295652
1,0,4.619e-08,4.56283368598,194.1766403268
1,0,4.787e-08,2.45717311995,461.1291416508
1,0,5.963e-08,3.78210055675,37.611770776
1,0,5.537e-08,4.69446621919,475.3562356524
1,0,4.705e-08,3.18358647312,239.1625905345
1,0,5.254e-08,4.8980449971,335.1418177523
1,0,4.508e-08,3.96143616095,106.4342266507
1,0,4.992e-08,1.91379124627,53.653405886
1,0,5.229e-08,2.37453148939,1514.2912967165
1,0,4.545e-08,3.99007594196,138.4056222861
1,0,5.801e-08,5.60942548145,453.424893819
1,0,4.598e-08,2.84824896257,224.084163271
1,0,4.442e-08,2.55719441632,1578.0271950199
1,0,4.529e-08,0.42105215119,529.851023789
1,0,5.086e-08,3.0278132789,1031.87390369
1,0,4.518e-08,3.91961032516,529.5309064002
1,0,4.527e-08,0.18440066668,100.0543928328
1,0,5.251e-08,3.1712854846,469.7271613599
1,0,5.605e-08,2.76934913754,25938.3399444396
1,0,4.316e-08,5.46795424616,132.5796060375
1,0,5.868e-08,4.23210669739,1065.6017053127
1,0,5.247e-08,1.70237501787,2199.7652340692
1,0,5.793e-08,4.7539516052,1894.4190646765
1,0,4.35e-08,0.58138936558,21.1976286505
1,0,4.501e-08,1.13668862821,523.4711899711
1,0,5.387e-08,0.36739665703,193.9160078959
1,0,4.637e-08,1.23008862142,178.677521938
1,0,5.789e-08,6.28230577403,131.9252147317
1,0,4.725e-08,5.50921508396,1222.2784494481
1,0,5.643e-08,2.4450934792,315.1680293792
1,0,4.301e-08,3.66662949536,137.5542890242
1,0,5.743e-08,5.13195739925,246.4361962297
1,0,4.316e-08,3.62023586731,310.9752436852
1,0,4.346e-08,2.53786810357,319.5732633943
1,0,4.279e-08,1.3989762993,383.3091616977
1,0,5.449e-08,2.52988969603,29.7474642498
1,0,5.197e-08,3.92618185605,223.4510238246
1,0,4.77e-08,5.04550182969,823.9914342234
1,0,4.166e-08,0.08492730501,627.3671133418
1,0,4.371e-08,1.61761667675,1072.7152523135
1,0,4.183e-08,5.74021676862,997.9336537462
1,0,4.817e-08,2.88466542669,3041.4860324306
1,0,4.598e-08,5.14313919761,158.7519176747
1,0,5.388e-08,3.4721528683,636.6677084665
1,0,4.119e-08,3.70589946554,2120.2483330867
1,0,4.676e-08,4.61937154628,527.2432845398
1,0,4.756e-08,1.48001282657,1360.7959463188
1,0,5.241e-08,4.99807675817,444.2361732789
1,0,4.624e-08,3.36725532914,887.7273325268
1,0,4.742e-08,1.08531509632,25788.776747305
1,0,4.15e-08,4.29707458546,181.6464673546
1,0,5.7e-08,4.4202137313,772.5887669361
1,0,4.604e-08,3.23730533014,52177.29075585669
1,0,4.518e-08,0.12021315429,227.5956254088
1,0,4.801e-08,1.9165717365,763.2244813366
1,0,4.302e-08,4.07488146098,99.8419445117
1,0,4.832e-08,1.83839787801,439.782755154
1,0,4.731e-08,4.58220741156,598.5346728287
1,0,5.139e-08,0.05224584019,170.0100662597
1,0,5.34e-08,3.74844424776,332.1728723357
1,0,3.942e-08,0.90741814441,1020.025054274
1,0,4.265e-08,3.62938010955,139.1718881765
1,0,5.538e-08,0.97968779982,296.7481496836
1,0,4.471e-08,3.67508159105,33.9402499438
1,0,3.959e-08,5.50934383834,150.9357952583
1,0,4.888e-08,0.42127851602,522.5774180938
1,0,4.752e-08,5.13310717346,230.8252032563
1,0,4.546e-08,2.33235152672,44.1828010556
1,0,4.199e-08,6.00132942631,305.4580439773
1,0,4.748e-08,4.72352640183,551.2129166508
1,0,4.41e-08,3.94433837247,1034.8428491066
1,0,3.907e-08,3.1869771864,36.1754821775
1,0,3.892e-08,1.69273861503,1246.6574718363
1,0,4.621e-08,1.60315185681,104.5290628171
1,0,4.01e-08,0.968320893,957.0923051227
1,0,3.999e-08,0.67919742508,55.8192021505
1,0,3.999e-08,0.85861235733,93.7439949841
1,0,5.22e-08,2.73849324439,66.3960271793
1,0,4.058e-08,4.17182793283,1044.4040766622
1,0,4.292e-08,4.26391012839,908.3342603463
1,0,5.151e-08,0.05080208802,901.9544265284
1,0,4.067e-08,1.30593331214,528.2064923863
1,0,4.398e-08,3.05010000369,1019.7644218431
1,0,4.054e-08,3.93008682239,1147.4968508808
1,0,4.089e-08,4.88671627275,770.3380283374
1,0,4.979e-08,5.7255688235,683.0262567979
1,0,4.41e-08,5.46838417109,460.5384408198
1,0,4.536e-08,5.18012223444,387.2413149608
1,0,4.307e-08,3.93578836401,302.637856407
1,0,4.828e-08,0.61933574564,262.0571402144
1,0,3.807e-08,5.2678882452,170.7608257851
1,0,4.776e-08,5.0123072553,379.0158022672
1,0,3.768e-08,5.36076741746,1755.9015678058
1,0,4.703e-08,0.1839153584,473.659314623
1,0,3.914e-08,5.05534607924,525.4981794006
1,0,4.727e-08,4.19123757571,686.958410061
1,0,4.71e-08,2.2646578665,484.917463208
1,0,4.34e-08,0.0335809956,215.7467759928
1,0,4.815e-08,3.65417851763,673.316271396
1,0,4.601e-08,0.56848721506,204.7010757289
1,0,3.833e-08,4.50882706137,464.4705940829
1,0,3.921e-08,2.3123872711,367.8582274187
1,0,4.584e-08,3.59482425537,30.1681553751
1,0,4.458e-08,0.31703385792,127.5836711914
1,0,4.432e-08,4.29795903962,781.5961769224
1,0,4.364e-08,2.10393899022,196.8367692027
1,0,3.79e-08,0.8971482648,138.6293714553
1,0,3.668e-08,4.04509712972,829.6205085159
1,0,3.739e-08,2.49930590383,909.9306076392
1,0,3.762e-08,2.60655174903,294.3004691288
1,0,5.077e-08,1.77462786076,786.2309056011
1,0,3.969e-08,2.9734781168,250.6020496733
1,0,3.631e-08,0.71340218954,1336.4169239306
1,0,4.628e-08,0.3485467115,324.7292569348
1,0,3.876e-08,5.90510178691,990.2294059144
1,0,3.603e-08,1.59469951538,386.720050099
1,0,3.764e-08,5.50610875494,68.631259413
1,0,3.764e-08,5.45647898824,80.9319377216
1,0,3.603e-08,3.55211452968,586.377006872
1,0,3.741e-08,0.33398234764,813.8395058368
1,0,4.245e-08,0.02485941311,291.1190753911
1,0,4.7e-08,2.63332393497,292.8159964205
1,0,3.576e-08,4.10345975514,168.5737776612
1,0,4.645e-08,0.80030005818,441.2672278623
1,0,4.649e-08,6.16884000839,700.7761137854
1,0,4.954e-08,4.52779163462,16.6110840816
1,0,4.002e-08,1.60087230027,395.0574373772
1,0,4.185e-08,2.96597437308,305.2342948081
1,0,4.462e-08,0.9315725149,161.4120465506
1,0,4.102e-08,4.59093836137,1169.3276189777
1,0,3.588e-08,0.27873050602,1340.3490771937
1,0,4.185e-08,6.23485375931,1574.8458012822
1,0,3.578e-08,5.08118538256,154.5591319807
1,0,3.76e-08,2.772302988,532.8723588323
1,0,3.758e-08,0.14294735321,1041.2226829245
1,0,3.568e-08,0.85509496232,1016.0929010109
1,0,4.172e-08,2.93211623273,581.1573228567
1,0,3.78e-08,3.6561443302,90.5626012464
1,0,4.564e-08,2.97361651836,112.3933693433
1,0,3.717e-08,5.61326911538,1471.7530270636
1,0,3.535e-08,0.10988485689,872.9095376942
1,0,4.336e-08,1.59644351231,548.6533615114
1,0,3.439e-08,1.46598704716,812.9457339595
1,0,4.841e-08,1.95552773911,822.8794685306
1,0,4.454e-08,3.42579762098,374.7111419886
1,0,4.434e-08,0.71080738069,1685.0521225016
1,0,3.664e-08,6.1291864846,320.1639642253
1,0,3.86e-08,4.17371507398,48.2367799146
1,0,4.508e-08,3.0738654895,983.1158589136
1,0,4.102e-08,2.99945701352,808.2104315443
1,0,3.995e-08,2.74810269783,632.0329797878
1,0,3.917e-08,3.69870848484,608.2446582306
1,0,3.412e-08,4.77079031354,832.5894539325
1,0,3.961e-08,3.33250778247,185.5786206177
1,0,3.623e-08,4.64985456293,454.7974919427
1,0,4.124e-08,3.37976754896,252.6559713532
1,0,3.919e-08,0.26952670688,6137.4448061199
1,0,3.372e-08,0.4501490027,406.954470903
1,0,3.314e-08,2.84122766862,280.2163874791
1,0,4.206e-08,2.08946908078,435.1962105851
1,0,4.058e-08,1.50736855443,432.2272651685
1,0,4.63e-08,3.53027863494,6170.1612157863
1,0,3.904e-08,0.24163677359,458.090760265
1,0,3.335e-08,3.30445833614,771.3012361839
1,0,3.318e-08,5.45360392276,1450.5553984131
1,0,3.471e-08,1.25113554742,199.0720014364
1,0,3.544e-08,1.33379125488,188.0263011725
1,0,3.557e-08,4.95484715865,1254.5217783625
1,0,3.312e-08,0.89488112289,517.1607921224
1,0,4.587e-08,4.60594057122,25483.43057791229
1,0,4.069e-08,1.27659765222,274.6354972964
1,0,3.826e-08,3.29750710982,6129.5804995937
1,0,3.422e-08,1.53733627594,886.2428598185
1,0,3.652e-08,2.44969882307,398.6807740996
1,0,4.578e-08,0.12293169591,2736.1398630379
1,0,3.702e-08,5.13339128979,1321.4390704036
1,0,3.351e-08,3.76280400362,743.7932096847
1,0,4.132e-08,0.01289789881,761.7400086283
1,0,4.478e-08,2.53095817704,446.3113468182
1,0,3.398e-08,0.23047450502,182.6096752011
1,0,3.973e-08,2.04945985964,433.190473015
1,0,3.778e-08,1.07863762669,86.939264524
1,0,4.082e-08,0.2511842796,511.5954083047
1,0,3.857e-08,3.16268032037,254.0922599517
1,0,3.896e-08,0.46366115563,798.3885715578
1,0,3.268e-08,4.00080141209,59.0005958882
1,0,3.725e-08,1.88982085589,498.4108440267
1,0,3.641e-08,1.92575340799,29.7956483596
1,0,4.018e-08,3.66861564496,757.2865905034
1,0,4.35e-08,2.92081750057,442.7517005706
1,0,3.957e-08,5.8873037934,407.4757357648
1,0,3.536e-08,3.36275654524,78039.36462902068
1,0,3.769e-08,0.60875044771,650.0492147006
1,0,3.231e-08,4.95941213173,274.5873131866
1,0,3.616e-08,1.40200347339,455.0212411119
1,0,3.845e-08,5.35098476288,614.8369403696
1,0,4.406e-08,5.47551901323,847.5673074595
1,0,3.479e-08,0.2147195591,271.6665518798
1,0,3.179e-08,5.76357883511,1886.5547581503
1,0,4.221e-08,4.85565822083,102.5020733876
1,0,4.257e-08,4.65953203398,269.0701134787
1,0,3.699e-08,1.6922358501,10067.6545023395
1,0,3.211e-08,5.53866872898,151.5689347047
1,0,4.374e-08,5.39609986794,356.9244017394
1,0,3.516e-08,0.78503214935,470.4934272503
1,0,3.38e-08,0.70280224085,2.0057375701
1,0,3.221e-08,3.21423971704,1442.4786435658
1,0,4.337e-08,0.71530474065,325.9530972122
1,0,4.363e-08,4.95297283334,10100.3709120059
1,0,3.105e-08,0.42212828385,551.1010420662
1,0,3.392e-08,2.25899685018,5909.1678571549
1,0,3.932e-08,3.92524338589,243.3553762285
1,0,4.325e-08,4.50980035788,502.8642621516
1,0,3.079e-08,4.48934263963,828.8173593638
1,0,4e-08,4.2313755904,238.9019581036
1,0,3.547e-08,1.18954889005,38.6061163898
1,0,3.069e-08,3.57500923483,53.3233374859
1,0,3.619e-08,0.53814238131,121.2520214833
1,0,3.646e-08,1.55483894873,473.4623726669
1,0,3.219e-08,2.64143743565,1274.9686474876
1,0,3.339e-08,2.95148684971,839.4905526122
1,0,3.604e-08,4.72016797397,10059.7901958133
1,0,3.316e-08,2.53257077581,302.3772239761
1,0,3.235e-08,1.79025814071,377.1588225434
1,0,3.558e-08,0.14957844924,366.1131222795
1,0,3.077e-08,4.1114564724,367.5975949878
1,0,3.047e-08,3.71010425526,74.5691502462
1,0,3.047e-08,0.96929818074,74.9940468884
1,0,3.633e-08,1.90925113302,2175.386211681
1,0,3.399e-08,3.06470005459,418.5214360287
1,0,3.398e-08,4.85438710621,991.7138786227
1,0,3.226e-08,1.45240599904,394.9455627926
1,0,3.217e-08,4.87069954758,1061.6695520496
1,0,3.096e-08,6.05361002082,846.0828347512
1,0,3.23e-08,5.92927393828,219.5188705615
1,0,3.756e-08,1.80033274284,669.0116111174
1,0,3.453e-08,1.61122511232,1205.9761819072
1,0,3.146e-08,3.9197879868,6533.1461289733
1,0,3.774e-08,1.39886028887,251.1714986449
1,0,3.935e-08,3.17535121697,487.8864086246
1,0,3.189e-08,2.85027634129,439.9315130003
1,0,2.987e-08,1.05473954283,182.279606801
1,0,3.273e-08,5.76363220748,2424.1100297711
1,0,3.667e-08,3.071432891,1.6969210294
1,0,4.138e-08,2.73202390759,436.1594184316
1,0,3.328e-08,4.55158693252,391.976617376
1,0,2.978e-08,5.94580624646,373.535485821
1,0,4.154e-08,5.62690393825,195.4004806042
1,0,3.637e-08,4.87903340292,587.8614795803
1,0,3.553e-08,0.07777162237,261.9565664779
1,0,3.149e-08,1.45984421265,395.105621487
1,0,2.962e-08,2.60920797777,1158.5425511447
1,0,3.589e-08,2.0335381577,487.1045113319
1,0,3.349e-08,5.45643647292,523.7530742614
1,0,3.063e-08,1.0663223728,699.7010313543
1,0,3.247e-08,4.7960306316,313.42292424
1,0,3.841e-08,2.50542705831,674.8007441043
1,0,2.973e-08,1.67622654649,605.275712814
1,0,3.76e-08,3.72986643389,751.0668153799
1,0,3.193e-08,3.98720961022,302.8984888379
1,0,3.64e-08,6.18169873722,410.1358646407
1,0,3.533e-08,5.518513396,271.4059194489
1,0,3.112e-08,1.63679903914,482.2573343321
1,0,3.029e-08,4.03332340352,245.5424243524
1,0,2.95e-08,4.59717760832,47.2735720681
1,0,2.936e-08,5.68363571769,380.8785274854
1,0,4.122e-08,4.80389472595,2885.7030601725
1,0,2.922e-08,0.61496402948,94.7553869404
1,0,2.922e-08,0.92284575293,54.8078101942
1,0,3.691e-08,2.87961032764,748.0978699633
1,0,3.25e-08,3.50840756791,949.4362414007
1,0,3.191e-08,3.68151144937,9839.3775533745
1,0,3.95e-08,5.25973340926,697.8071683688
1,0,2.909e-08,1.8656194775,379.3770084346
1,0,3.75e-08,3.72694170125,5985.4339284305
1,0,3.84e-08,4.95586519535,6061.6999997061
1,0,3.498e-08,0.14578444966,3114.7831582896
1,0,3.912e-08,4.31481409741,669.6929346736
1,0,3.233e-08,3.42786641063,423.4167971383
1,0,2.948e-08,3.5341335849,78338.49102328988
1,0,3.225e-08,1.40637905526,576.1613880106
1,0,2.937e-08,0.29646296117,590.2454696603
1,0,4.025e-08,2.99661933871,25632.99377504689
1,0,3.822e-08,3.9984349363,827.1728279611
1,0,3.87e-08,5.51356586663,2124.9836355019
1,0,3.324e-08,4.8033736754,6209.7787241324
1,0,3.638e-08,3.50918818351,1008.9793540101
1,0,2.874e-08,5.12119295555,187.2755416471
1,0,3.359e-08,4.46803343205,359.893347156
1,0,3.854e-08,2.68175502948,224.9354965329
1,0,3.809e-08,4.38400618597,3117.7521037062
1,0,3.942e-08,4.2827525177,927.9779803193
1,0,2.978e-08,1.97136538075,400.7346957795
1,0,2.912e-08,1.78010174024,753.1419889192
1,0,3.186e-08,3.01587158229,53.6321540266
1,0,3.735e-08,5.74696647535,909.70685847
1,0,3.185e-08,5.79943875516,5982.4649830139
1,0,3.341e-08,5.20072763739,511.5317178299
1,0,2.997e-08,0.04223641582,354.9979860464
1,0,2.902e-08,1.79129681788,47.2211824414
1,0,2.902e-08,6.02969827171,102.3420146932
1,0,3.255e-08,1.03591834871,482.3692089167
1,0,3.946e-08,0.04138275847,6096.8640899273
1,0,3.872e-08,5.45119868236,470.6903692064
1,0,3.005e-08,3.53992132641,162.635886828
1,0,3.924e-08,4.40439164938,526.9826521089
1,0,2.825e-08,3.80497099809,1606.3383706712
1,0,3.232e-08,3.91334446659,444.8268741099
1,0,3.561e-08,5.09342203154,1668.5897962663
1,0,2.803e-08,2.09081885651,451.7279727896
1,0,2.835e-08,5.26040401145,294.5611015597
1,0,2.802e-08,1.97945485167,1592.0418407004
1,0,3.388e-08,4.62841923047,25862.073873164
1,0,3.05e-08,2.94686489799,6530.1771835567
1,0,3.115e-08,2.76472416518,436.7501192626
1,0,3.266e-08,4.88735094654,265.7286610466
1,0,3.668e-08,5.22572399717,415.6643651967
1,0,3.868e-08,2.64909249866,113.4571509263
1,0,2.85e-08,0.93628396613,1448.9108670104
1,0,3.327e-08,0.82829766822,412.5835451955
1,0,2.863e-08,4.00036548571,323.2447842265
1,0,2.774e-08,4.33267175059,551.7823656224
1,0,3.704e-08,2.58308448101,25865.04281858059
1,0,2.806e-08,5.17543386153,2088.8081533244
1,0,2.766e-08,2.53845010068,1600.1185955477
1,0,3.634e-08,3.00439582111,77.6386693993
1,0,3.634e-08,1.6750066149,71.9245277353
1,0,2.909e-08,3.25311064209,112.4939430798
1,0,2.957e-08,3.89190030394,53.5839699168
1,0,2.793e-08,1.50011760025,465.273743235
1,0,3.101e-08,1.82377616022,529.9515975255
1,0,3.179e-08,2.47362164483,529.4303326637
1,0,3.091e-08,3.36846576185,912.7876784712
1,0,2.841e-08,4.99710506357,1349.7502460549
1,0,2.975e-08,4.20884044975,224.1847370075
1,0,3.614e-08,0.09529926684,9991.9096959257
1,0,2.886e-08,5.75239983007,428.0826635843
1,0,3.022e-08,3.67976254648,829.4080601948
1,0,2.937e-08,0.99310447017,282.6640680339
1,0,2.92e-08,4.81655636505,1190.7858800591
1,0,2.859e-08,3.59162912719,395.9087706391
1,0,3.672e-08,0.39454281112,376.9463742223
1,0,3.502e-08,5.14876183773,9915.6436246501
1,0,3.139e-08,6.22398139851,10139.988420352
1,0,3.266e-08,0.65217674021,201.2901873276
1,0,2.771e-08,5.00950677412,1821.1219388175
1,0,2.891e-08,0.16321611264,245.4942402426
1,0,2.716e-08,5.94390688693,1533.2536931333
1,0,3.34e-08,4.48479148149,1366.2125722902
1,0,2.941e-08,1.40585778661,147.8662761052
1,0,3.427e-08,1.74554946194,914.4845995006
1,0,3.494e-08,1.5064263286,191.3195694948
1,0,3.318e-08,3.73912779069,260.360219185
1,0,3.079e-08,1.13242149517,1062.5633239269
1,0,2.969e-08,4.51605546992,1541.8517128424
1,0,3.726e-08,2.67277746243,26542.81250810149
1,0,3.051e-08,2.78368746438,421.1815649046
1,0,3.639e-08,2.40271831395,513.079881013
1,0,2.651e-08,2.04478708937,960.0612505393
1,0,3.509e-08,3.30273492208,6354.8885031421
1,0,2.66e-08,4.35820637617,96.2398596487
1,0,2.984e-08,0.93929798505,9912.6746792335
1,0,2.642e-08,4.81017870174,487.1526954417
1,0,3.349e-08,1.77006672178,67.8804998876
1,0,3.715e-08,1.46398359301,10027.0737861469
1,0,2.698e-08,2.2512948728,569.0478410098
1,0,2.779e-08,2.95332852844,392.6579409322
1,0,3.062e-08,3.91142815674,789.4604834486
1,0,2.631e-08,2.37052193061,1474.9344208013
1,0,3.011e-08,2.22470704566,1605.5876111458
1,0,2.879e-08,4.54178981532,857.1285350151
1,0,3.258e-08,0.70846024546,104.5772469269
1,0,3.049e-08,2.0652490496,1303.2798231389
1,0,2.961e-08,2.78419866266,12564.6672272745
1,0,2.727e-08,0.43906543709,1063.8353483141
1,0,3.091e-08,5.6153076096,554.1818620674
1,0,2.903e-08,3.0718162704,1541.1179996595
1,0,2.689e-08,3.91719627755,517.4214245533
1,0,2.846e-08,3.20097069993,540.0553418023
1,0,3.44e-08,2.45078516584,236.5024616586
1,0,2.719e-08,0.4506870083,52325.36948028299
1,0,3.093e-08,0.78760201101,93.531546663
1,0,3.043e-08,5.8455328825,752.5512880882
1,0,2.585e-08,2.67373555383,2117.2793876701
1,0,3.559e-08,4.29992888175,900.4699538201
1,0,3.598e-08,0.2418625979,132.0370893163
1,0,2.947e-08,1.10177902088,446.83261168
1,0,3.551e-08,1.27437867131,316.3918696566
1,0,2.584e-08,3.54943039679,268.4369740323
1,0,3.167e-08,3.77971849522,12567.6361726911
1,0,3.345e-08,1.93508620092,583.4080614554
1,0,2.651e-08,2.97228932638,643.8294395771
1,0,2.573e-08,0.04096075848,584.8925341637
1,0,2.562e-08,5.04631980333,1374.1292684431
1,0,3.377e-08,4.72559531257,10285.0981993617
1,0,2.831e-08,4.29539738341,539.773457512
1,0,3.19e-08,3.69756383156,769.6198215195
1,0,3.242e-08,1.83260797987,805.2414861277
1,0,3.373e-08,0.2513665292,764.921402366
1,0,3.299e-08,2.15481336956,440.8947208468
1,0,2.81e-08,1.23890197328,311.2840602259
1,0,2.856e-08,0.44622736949,2281.6603796373
1,0,2.578e-08,1.28353508968,1160.8301730051
1,0,2.783e-08,1.02755087868,1268.7488723641
1,0,3.006e-08,4.04391286855,1544.0869450761
1,0,3.13e-08,6.25757675247,2727.9717264555
1,0,2.551e-08,2.40340258218,1159.3457002968
1,0,3.287e-08,0.26000896186,463.2467538055
1,0,2.596e-08,5.25166061607,826.4391147782
1,0,2.734e-08,1.91308659798,799.8730442661
1,0,3.317e-08,2.51269837372,807.7528571573
1,0,3.375e-08,1.74643993256,605.9570363702
1,0,3.011e-08,2.37110515848,373.0142209592
1,0,2.984e-08,0.24635683106,936.6454359976
1,0,2.866e-08,4.91213635727,2192.6516870684
1,0,3.269e-08,0.04981734572,737.4246767149
1,0,3.098e-08,4.07812927937,657.4233941323
1,0,2.711e-08,3.98895103447,678.3603903519
1,0,2.507e-08,1.43443806433,20278.49236799569
1,0,2.824e-08,2.94497633242,508.6264628881
1,0,3.132e-08,5.12767484173,1553.6481726317
1,0,2.806e-08,5.71814807428,351.7047177241
1,0,2.705e-08,2.12994126939,172.4577468145
1,0,3.334e-08,0.15340910675,1361.7591541653
1,0,2.782e-08,3.15719024944,519.6084726772
1,0,3.073e-08,2.66711354956,106.8648687873
1,0,3.061e-08,2.24403344534,52174.32181044009
1,0,2.505e-08,0.80744053241,672.9437643805
1,0,3.073e-08,0.35436617007,10065.2068217847
1,0,3.459e-08,4.5807915014,809.2373298656
1,0,3.386e-08,0.97499612837,1056.2005364515
1,0,2.648e-08,3.45216167121,659.674132731
1,0,2.685e-08,4.85368581683,257.9125386302
1,0,2.572e-08,2.13972748651,584.8288436889
1,0,3.106e-08,2.61817632505,1375.7737998458
1,0,2.506e-08,6.23212920846,382.1335055301
1,0,2.717e-08,2.4838154531,351.9284668933
1,0,3.347e-08,5.14134665087,247.8300462128
1,0,2.483e-08,0.84499721587,213.2509113282
1,0,2.48e-08,4.0414000596,213.3472795478
1,0,2.428e-08,0.46154118993,20275.52342257909
1,0,2.799e-08,4.86813388259,1005.047200747
1,0,2.657e-08,3.11477828769,587.7977891055
1,0,3.021e-08,1.21277274474,280.003939158
1,0,2.618e-08,5.27831691087,877.5754041402
1,0,2.592e-08,3.82396293779,175.820451106
1,0,3.345e-08,5.3341822777,810.6581120991
1,0,2.427e-08,6.00834528881,243.8978929497
1,0,2.413e-08,3.69693635912,623.0255698015
1,0,2.744e-08,3.90942586821,442.639825986
1,0,2.509e-08,3.57281224902,1789.6817590552
1,0,3.097e-08,0.89535439878,911.515654084
1,0,3.208e-08,3.79865497427,386.9806825299
1,0,3.146e-08,2.76661285663,1242.7253185732
1,0,2.431e-08,0.85207197895,836.7340555167
1,0,2.622e-08,1.08347941593,369.342700127
1,0,2.655e-08,2.90453219642,625.6701923124
1,0,2.769e-08,4.12625133544,207.3612046048
1,0,2.906e-08,0.80826038658,481.7360694703
1,0,2.598e-08,3.45095863503,2267.4332856357
1,0,3.109e-08,6.09716177778,45.0341343175
1,0,2.804e-08,4.20913964758,978.9712573294
1,0,2.802e-08,3.34017271353,764.4001375042
1,0,2.592e-08,3.49895787987,360.5477384618
1,0,2.999e-08,5.22361260271,6134.9971255651
1,0,2.428e-08,2.99468117542,229.4526051326
1,0,2.533e-08,5.95316695932,432.8179659995
1,0,2.382e-08,0.68810083757,325.7930385178
1,0,2.93e-08,1.53042890055,173.1390703707
1,0,2.42e-08,0.89948530881,1720.4768451537
1,0,2.377e-08,2.36761685006,1928.1992559259
1,0,2.782e-08,2.1759341219,889.2118052351
1,0,2.573e-08,0.2664982479,1536.2226385499
1,0,2.508e-08,2.11454020497,341.7340998913
1,0,2.448e-08,1.98619678461,1327.8189042215
1,0,3.336e-08,3.10162597185,725.0914456988
1,0,2.392e-08,0.21242741759,614.6244920485
1,0,2.507e-08,1.80828402176,394.3548619616
1,0,2.823e-08,0.19015234079,122.0551706354
1,0,2.53e-08,2.95773515771,1330.7878496381
1,0,2.532e-08,4.4622658898,1511.3223512999
1,0,3.04e-08,5.16745492791,480.8847362084
1,0,2.606e-08,2.59310129142,661.0949149645
1,0,2.474e-08,2.81621738023,1407.2663692348
1,0,2.595e-08,3.72982344914,1586.1039498672
1,0,2.451e-08,1.74083806788,838.218528225
1,0,2.448e-08,5.35097946752,320.3240229197
1,0,2.409e-08,4.99514413314,2118.7638603784
1,0,2.622e-08,5.73550541407,1048.3362299253
1,0,2.851e-08,2.37230529824,747.7253629478
1,0,3.251e-08,1.9051098454,83.1671699553
1,0,2.387e-08,2.83037383593,714.6788848813
1,0,2.78e-08,1.7798796186,141.1776257466
1,0,3.048e-08,1.66294992528,430.5303441391
1,0,2.46e-08,2.27287175347,1292.9154464312
1,0,2.783e-08,1.02550599707,1080.5795588397
1,0,3.097e-08,4.72047182702,10063.7223490764
1,0,2.91e-08,0.78044221568,650.9429865779
1,0,2.359e-08,1.30445584096,378.1220303899
1,0,2.497e-08,4.18707812445,599.6466385215
1,0,3.102e-08,2.15094298964,476.4313180835
1,0,2.875e-08,5.63713008045,6812.766815086
1,0,2.522e-08,2.55619336731,441.1553532777
1,0,2.57e-08,3.4976475632,1699.2792165032
1,0,2.325e-08,0.80296980818,290.3683158657
1,0,2.635e-08,1.08428876142,6132.0281801485
1,0,2.743e-08,4.20664830562,1969.2006632438
1,0,2.417e-08,3.0335527264,283.6272758804
1,0,2.315e-08,4.85594677157,424.1505103212
1,0,2.411e-08,4.77687475493,343.2185725996
1,0,2.923e-08,4.03560484889,1599.9585368533
1,0,3.12e-08,5.44366360558,769.8167634756
1,0,2.459e-08,0.5164478161,494.2662424425
1,0,2.279e-08,5.84210879958,594.9113361063
1,0,2.38e-08,0.93599236213,1258.4539316256
1,0,2.675e-08,1.18409531003,519.0177718462
1,0,2.764e-08,3.89164591027,291.0496394219
1,0,2.585e-08,1.04410652057,754.0357607965
1,0,2.276e-08,2.99670185563,1404.0849754971
1,0,2.768e-08,0.90030726299,2274.5468326365
1,0,2.803e-08,3.69303331087,95.9792272178
1,0,2.274e-08,1.85168217548,104276.83096772949
1,0,2.268e-08,0.20518949756,537.3952129264
1,0,2.286e-08,5.33958308193,557.0389328994
1,0,2.319e-08,3.39859717806,173.0484476455
1,0,2.773e-08,4.21974240408,431.3334932912
1,0,2.914e-08,3.02958692463,784.7464328928
1,0,2.993e-08,0.49951880041,459.0539681115
1,0,3.129e-08,4.47843032507,939.6143814142
1,0,3.165e-08,4.75058891561,26161.20026743319
1,0,2.283e-08,5.65964892836,811.4612612512
1,0,2.261e-08,4.33110508196,1736.9915610157
1,0,2.566e-08,4.39554125385,63.4752658725
1,0,2.681e-08,6.00923286619,412.3229127646
1,0,2.437e-08,0.3870221864,376.8769382531
1,0,2.452e-08,3.15408990558,287.2506126028
1,0,2.384e-08,1.7385031621,1970.6851359521
1,0,2.249e-08,3.06698924618,1372.6447957348
1,0,2.259e-08,4.68065566116,113.3877149571
1,0,2.278e-08,5.35632851845,1026.2448293975
1,0,2.834e-08,1.49045047339,485.8806710545
1,0,3.153e-08,4.46150066246,3795.5217932271
1,0,2.368e-08,5.98954180707,226.6324175623
1,0,2.795e-08,0.77259066809,10742.9765113056
1,0,2.231e-08,6.02735193252,386.3475430835
1,0,2.256e-08,1.85300200201,1811.773159583
1,0,2.945e-08,3.51719262167,714.4182524504
1,0,3.088e-08,5.58047807216,230.2826865351
1,0,2.228e-08,3.92663836521,844.5983620429
1,0,2.685e-08,2.97936141724,303.5798123941
1,0,2.26e-08,4.95342040684,123.960334469
1,0,2.403e-08,2.9470392689,1151.4290041439
1,0,2.879e-08,5.9144031481,924.0458270562
1,0,2.854e-08,0.88172955033,646.1170614375
1,0,3.091e-08,0.26846308854,3413.9095525588
1,0,2.202e-08,4.93836731176,1436.5407527326
1,0,2.308e-08,4.93454100712,1170.3914005607
1,0,2.331e-08,5.55597569672,820.8100404857
1,0,2.447e-08,5.30192531544,299.7170951002
1,0,2.713e-08,1.33801079136,770.5504766585
1,0,2.261e-08,0.44102163363,817.0903355437
1,0,2.95e-08,5.76859185743,653.2306084383
1,0,2.185e-08,2.44586598369,246.9787129509
1,1,0.00739697937,6.01067921255,149.5631971346
1,1,0.00528174379,3.14159265359,0.0
1,1,0.00239830578,5.33657752107,73.297125859
1,1,0.00229661096,2.48203377424,76.2660712756
1,1,0.00111041831,5.57157483973,11.0457002639
1,1,0.00096348588,0.35070396367,63.7358983034
1,1,0.00081508425,1.21058628422,85.8272988312
1,1,0.00045685509,2.29216605538,138.5174968707
1,1,0.00051382144,2.18938250169,224.3447957019
1,1,0.00038842663,0.30724636172,70.8494453042
1,1,0.00036156923,1.23634800002,78.7137518304
1,1,0.00032331648,5.06666434496,74.7815985673
1,1,0.00021684713,4.93711029212,151.0476698429
1,1,0.00019441253,1.30617221059,77.7505439839
1,1,0.0001737553,0.24607209329,71.8126531507
1,1,0.00015211071,5.5314163314,3.9321532631
1,1,7.735984e-05,1.61349552789,71.6002048296
1,1,7.425078e-05,6.20357977116,77.962992305
1,1,6.995857e-05,2.40633283814,145.6310438715
1,1,7.291691e-05,2.23597571444,2.9689454166
1,1,7.585264e-05,2.7607421833,148.0787244263
1,1,4.378335e-05,3.7429632224,160.6088973985
1,1,4.127713e-05,1.48475181305,22.0914005278
1,1,3.933541e-05,4.73864204208,65.2203710117
1,1,2.910312e-05,5.9194133305,127.4717966068
1,1,2.834328e-05,4.88889623484,213.299095438
1,1,2.802392e-05,3.76505436434,52.6901980395
1,1,2.545264e-05,3.36768337628,9.5612275556
1,1,2.647073e-05,4.53813176345,12.5301729722
1,1,3.177614e-05,4.65226634926,299.1263942692
1,1,2.228396e-05,0.18087986338,87.3117715395
1,1,2.824668e-05,3.40143685673,84.3428261229
1,1,2.525203e-05,2.83821144961,18.1592472647
1,1,2.216987e-05,4.78338909951,72.3339180125
1,1,1.624493e-05,3.75817281127,153.4953503977
1,1,1.941329e-05,2.39889176495,39.6175083461
1,1,1.555444e-05,4.13741667297,73.8183907208
1,1,1.600865e-05,0.08376247543,79.2350166922
1,1,1.476317e-05,3.67283851029,75.7448064138
1,1,1.427088e-05,1.45690759014,70.3281804424
1,1,1.533469e-05,3.71776498048,152.5321425512
1,1,1.747266e-05,3.24870046809,77.2292791221
1,1,1.716831e-05,3.39415662657,222.8603229936
1,1,1.707504e-05,1.11296012106,225.8292684102
1,1,1.734228e-05,5.39619902298,146.594251718
1,1,1.476617e-05,3.53047075439,3.1813937377
1,1,1.239315e-05,0.98221206501,4.4534181249
1,1,1.099691e-05,1.35138854505,62.2514255951
1,1,9.77123e-06,1.01847642495,74.6697239827
1,1,9.75571e-06,0.5190324215,74.8934731519
1,1,1.061312e-05,5.0012510538,131.4039498699
1,1,1.029261e-05,5.42434597865,109.9456887885
1,1,8.68857e-06,2.79792544805,56.6223513026
1,1,9.28372e-06,3.34272600968,7.1135470008
1,1,7.4742e-06,4.78455200239,92.940845832
1,1,6.47136e-06,0.20307260484,80.1982245387
1,1,7.20965e-06,0.28353896718,1.4844727083
1,1,6.66117e-06,3.49754791028,96.8729990951
1,1,4.97791e-06,3.50054849965,137.0330241624
1,1,4.63277e-06,4.82158205361,220.4126424388
1,1,4.78135e-06,1.15784370177,41.1019810544
1,1,4.52889e-06,1.09710482126,67.6680515665
1,1,4.12572e-06,3.78953003468,66.70484372
1,1,4.08503e-06,0.33951833274,81.8951455681
1,1,3.66735e-06,4.72836346262,202.2533951741
1,1,3.95742e-06,1.58893964955,14.977853527
1,1,3.77813e-06,3.73353761428,2.4476805548
1,1,3.47012e-06,6.15993155091,134.5853436076
1,1,3.47209e-06,4.09740378576,146.3818033969
1,1,3.46276e-06,3.88647750381,59.8037450403
1,1,3.43714e-06,4.42446342755,142.4496501338
1,1,2.9416e-06,4.42096282169,5.4166259714
1,1,3.29148e-06,5.84103283969,112.9146342051
1,1,3.27786e-06,1.84209237036,36.6485629295
1,1,3.06476e-06,1.06590600726,33.6796175129
1,1,2.75437e-06,4.10479793303,82.8583534146
1,1,2.93125e-06,0.49846117327,145.1097790097
1,1,2.54628e-06,6.25473678549,235.3904959658
1,1,2.46505e-06,5.32024438086,159.1244246902
1,1,2.49949e-06,0.67221714016,265.9892934775
1,1,2.35773e-06,3.62653751252,20.6069278195
1,1,2.17183e-06,4.25583219062,152.7445908723
1,1,2.10343e-06,4.63336622628,140.001969579
1,1,2.31137e-06,0.38954829748,108.4612160802
1,1,1.8392e-06,5.0522848655,191.2076949102
1,1,2.21484e-06,2.71939746995,195.1398481733
1,1,1.92825e-06,0.45904824372,23.5758732361
1,1,2.28031e-06,5.73832504591,297.6419215609
1,1,1.8176e-06,1.50820819426,120.358249606
1,1,1.82509e-06,2.37138086919,209.3669421749
1,1,1.60927e-06,4.77614458093,8.0767548473
1,1,1.54383e-06,0.90699803576,288.0806940053
1,1,1.64982e-06,6.03209867187,5.9378908332
1,1,1.53438e-06,2.70088223137,162.0933701068
1,1,1.91778e-06,0.83177362607,373.9079928365
1,1,1.5409e-06,3.25708486897,14.0146456805
1,1,1.50916e-06,1.30817182471,69.3649725959
1,1,1.43519e-06,5.80839382745,211.8146227297
1,1,1.40612e-06,5.35931699754,29.2049475286
1,1,1.41703e-06,2.64874298288,68.8437077341
1,1,1.34614e-06,0.41866243813,39.3568759152
1,1,1.40275e-06,5.15925110927,80.7194894005
1,1,1.48005e-06,3.01901836595,186.2117600641
1,1,1.38435e-06,0.38546052988,81.0013736908
1,1,1.56471e-06,3.62049946715,116.4260963429
1,1,1.42032e-06,4.72599483352,114.3991069134
1,1,1.32979e-06,1.16919556561,68.5618234438
1,1,1.32271e-06,3.93102400599,89.7594520943
1,1,1.17156e-06,1.04699930678,277.0349937414
1,1,1.15855e-06,3.50608314585,33.1371007917
1,1,1.16656e-06,4.77768622576,99.1606209555
1,1,1.18667e-06,0.97921601472,305.3461693927
1,1,1.41195e-06,5.83532011809,45.5766510387
1,1,1.24069e-06,1.48589888078,41.6444977756
1,1,1.10901e-06,4.69277387714,51.2057253312
1,1,1.19992e-06,2.88407866671,50.4025761791
1,1,1.21041e-06,2.51714592201,154.0166152595
1,1,1.0954e-06,5.23116357278,88.7962442478
1,1,1.03214e-06,3.7162926907,144.1465711632
1,1,1.03776e-06,2.10287854036,54.1746707478
1,1,1.16279e-06,6.16263578313,227.3137411185
1,1,1.22915e-06,3.57188972236,300.6108669775
1,1,1.02736e-06,5.34763165471,152.0108776894
1,1,9.0202e-07,0.56709477474,125.9873238985
1,1,8.1723e-07,6.27079297819,228.276948965
1,1,7.9097e-07,1.6221557641,206.1855484372
1,1,8.484e-07,6.21066793803,42.5864537627
1,1,7.7211e-07,1.11725893023,110.2063212194
1,1,7.4095e-07,0.25759427545,148.5999892881
1,1,7.4141e-07,6.12651413564,150.5264049811
1,1,7.4651e-07,4.40519875592,128.9562693151
1,1,8.1515e-07,2.3337944896,32.1951448046
1,1,7.3276e-07,5.35840675742,95.3885263868
1,1,7.2236e-07,1.94385727161,24.3790223882
1,1,8.0037e-07,4.41743269825,6.2197751235
1,1,6.7741e-07,0.23367851706,16.6747745564
1,1,6.8101e-07,4.86711498571,28.5718080822
1,1,7.1855e-07,2.40256356403,404.5067903482
1,1,7.1445e-07,1.5241442474,106.9767433719
1,1,6.992e-07,5.06695266595,230.5645708254
1,1,6.9373e-07,4.50365511857,333.657345044
1,1,6.8989e-07,2.68367160082,183.2428146475
1,1,6.0705e-07,5.84738219849,70.1157321213
1,1,6.0413e-07,2.93879448663,149.6750717192
1,1,5.5718e-07,5.1010875325,79.4474650133
1,1,5.6673e-07,0.54290172829,73.0846775379
1,1,5.3588e-07,0.54527702807,329.7251917809
1,1,5.5709e-07,0.10599541457,157.6399519819
1,1,6.0943e-07,4.04427039342,347.8844390456
1,1,5.2263e-07,1.22770416736,147.1155165798
1,1,5.48e-07,4.12258527812,76.4785195967
1,1,4.8631e-07,3.08750329574,68.1893164283
1,1,5.2758e-07,1.7137946551,143.6253063014
1,1,4.6174e-07,1.83537384705,7.8643065262
1,1,5.677e-07,1.76001621326,19.643719973
1,1,4.3941e-07,4.22289924597,75.5323580927
1,1,4.2882e-07,3.60953274952,74.0308390419
1,1,4.3779e-07,1.34862437117,415.5524906121
1,1,4.0257e-07,2.70866946307,154.979823106
1,1,3.9553e-07,2.78953556992,258.8757464767
1,1,4.1251e-07,1.57144664659,273.1028404783
1,1,5.2956e-07,4.24304077012,66.9172920411
1,1,3.8326e-07,2.6347675082,14.2270940016
1,1,3.748e-07,4.69690532605,81.3738807063
1,1,3.6051e-07,4.81417494173,135.5485514541
1,1,3.7066e-07,2.17708105206,46.470422916
1,1,3.5447e-07,0.98545964791,167.7224443993
1,1,3.3444e-07,3.72411302136,149.45132255
1,1,4.0029e-07,1.96239968243,187.6962327724
1,1,4.0824e-07,5.97303225818,340.7708920448
1,1,3.7372e-07,0.21122306999,259.5088859231
1,1,4.1612e-07,1.41361112597,58.1068240109
1,1,2.9956e-07,2.57082015227,60.7669528868
1,1,3.7429e-07,0.79282523594,73.88782669
1,1,3.7429e-07,0.74498454647,75.6753704446
1,1,3.1065e-07,1.71827695871,38.1330356378
1,1,2.9298e-07,5.94882239894,141.6988906084
1,1,3.0708e-07,0.24881030437,72.4939767069
1,1,3.0708e-07,1.28899947804,77.0692204277
1,1,2.8875e-07,0.54752160834,28.3111756513
1,1,3.5363e-07,3.42227627978,82.6459050935
1,1,2.8113e-07,0.90670133,295.1942410061
1,1,2.9459e-07,3.07426083488,120.9913890524
1,1,2.6709e-07,4.75598916376,43.2890291783
1,1,3.0738e-07,5.90774706345,111.4301614968
1,1,2.7631e-07,5.95830254498,6.592282139
1,1,2.6884e-07,3.04057230046,219.891377577
1,1,3.3927e-07,6.02713258404,171.6545976624
1,1,3.1094e-07,2.39334686272,98.3574718034
1,1,2.3975e-07,5.91677137117,218.9281697305
1,1,3.1513e-07,3.08220495699,221.3758502853
1,1,2.6064e-07,6.25963849838,472.1748419147
1,1,2.3869e-07,0.00423630284,57.255490749
1,1,2.3509e-07,2.61626799404,47.6942631934
1,1,2.6035e-07,0.51844176177,91.4563731237
1,1,2.4834e-07,2.68780869865,25.2727942655
1,1,2.9098e-07,2.9409756727,184.7272873558
1,1,2.3343e-07,4.42888199279,61.448276443
1,1,2.2926e-07,1.3016085292,233.9060232575
1,1,2.3216e-07,4.09428674912,543.0242872189
1,1,2.2142e-07,5.64414938832,103.0927742186
1,1,2.1446e-07,3.17224618831,106.2741679563
1,1,2.1268e-07,2.97922212711,554.0699874828
1,1,2.4907e-07,5.76718730053,486.4019359163
1,1,2.1433e-07,4.64123618296,19.1224551112
1,1,2.0924e-07,2.76614931958,269.9214467406
1,1,2.0909e-07,3.8597420387,67.3592350258
1,1,2.298e-07,4.90937541667,254.9435932136
1,1,2.0201e-07,2.12417844647,468.2426886516
1,1,2.0847e-07,4.81409904565,7.4223635415
1,1,1.9458e-07,4.76792603924,98.8999885246
1,1,2.2487e-07,0.48938180181,217.2312487011
1,1,1.9604e-07,2.45797310689,17.2654753874
1,1,1.8374e-07,3.12972828948,88.1149206916
1,1,1.871e-07,2.07002102692,69.6737891366
1,1,2.497e-07,6.04865694767,35.1640902212
1,1,1.8185e-07,1.53549222688,92.3077063856
1,1,2.0526e-07,3.55883475114,115.8835796217
1,1,1.7318e-07,3.58183814043,100.3844612329
1,1,1.968e-07,0.37692395289,296.1574488526
1,1,1.6772e-07,0.69703195542,210.3301500214
1,1,1.7082e-07,5.7509738014,79.889407998
1,1,1.692e-07,5.76277101216,67.8804998876
1,1,1.6712e-07,1.2264770472,55.6591434561
1,1,1.7764e-07,2.75549341652,105.4922706636
1,1,1.7983e-07,3.23076091926,151.260118164
1,1,1.846e-07,3.11251197292,35.4247226521
1,1,1.7967e-07,3.88222144853,181.7583419392
1,1,1.6331e-07,3.65716262733,94.4253185403
1,1,1.6285e-07,5.57732210648,24.1183899573
1,1,1.6506e-07,3.12748016927,76.42612997
1,1,1.6506e-07,4.69351492032,73.1370671646
1,1,1.5826e-07,3.12499527551,13.4933808187
1,1,1.7227e-07,0.29402089847,13.3333221243
1,1,1.7819e-07,0.27595854333,221.1634019642
1,1,2.1162e-07,1.87088890253,372.4235201282
1,1,1.6749e-07,1.45888449067,284.1485407422
1,1,1.9283e-07,1.10096678754,479.2883889155
1,1,1.8795e-07,0.86065812508,60.5545045657
1,1,1.5261e-07,4.52180709793,397.3932433474
1,1,1.902e-07,0.80787178507,227.5261894396
1,1,1.6556e-07,5.58514879053,198.321241911
1,1,1.497e-07,3.72163026622,30.0562807905
1,1,1.5636e-07,3.32592798239,173.9422195228
1,1,1.4561e-07,3.11384969661,50.66320861
1,1,1.5544e-07,4.96423459329,58.319272332
1,1,1.4998e-07,0.09396760027,200.7689224658
1,1,1.4725e-07,5.12312966582,135.336103133
1,1,1.7061e-07,0.93145915427,184.0941479094
1,1,1.4873e-07,3.56846085608,30.7106720963
1,1,1.538e-07,0.45042165283,16.4623262353
1,1,1.4306e-07,2.43060361636,310.1720945331
1,1,1.7345e-07,5.49233484735,260.9933586314
1,1,1.3683e-07,3.92221116342,82.2039621088
1,1,1.5207e-07,3.34962343405,411.620337349
1,1,1.3968e-07,2.61772955404,61.2882177486
1,1,1.3099e-07,2.01417422899,286.596221297
1,1,1.3681e-07,4.97929425746,44.070926471
1,1,1.3283e-07,2.82191824384,6.9010986797
1,1,1.2983e-07,0.75249502704,173.6815870919
1,1,1.6262e-07,1.99912523467,64.4866578288
1,1,1.2734e-07,1.70208913039,74.2603337055
1,1,1.2734e-07,2.97731330561,75.3028634291
1,1,1.2701e-07,1.71027963895,57.5161231799
1,1,1.7442e-07,2.80800083816,760.25553592
1,1,1.5036e-07,1.86765123574,132.8884225782
1,1,1.2678e-07,5.21255769594,81.682697247
1,1,1.2959e-07,0.93518082353,133.1008708993
1,1,1.2526e-07,3.61958368638,351.8165923087
1,1,1.2872e-07,3.95804014267,46.2097904851
1,1,1.1855e-07,2.97019730282,267.4737661858
1,1,1.4155e-07,2.8654310692,155.7829722581
1,1,1.1443e-07,1.78051620224,32.2433289144
1,1,1.208e-07,5.16415823774,74.1272072615
1,1,1.208e-07,2.65683685185,75.4359898731
1,1,1.1303e-07,0.93310421002,31.492569389
1,1,1.3533e-07,5.82192605708,85.0765393058
1,1,1.0738e-07,0.24602380813,93.9040536785
1,1,1.0787e-07,6.01142464319,189.7232222019
1,1,1.3828e-07,5.36493508915,31.6526280834
1,1,1.3824e-07,4.23707962346,26.0235537909
1,1,1.0459e-07,5.12191321154,144.8973306886
1,1,1.091e-07,2.91004182482,142.1408335931
1,1,1.0123e-07,5.18571320702,236.8749686741
1,1,1.1542e-07,4.18988776185,42.5382696529
1,1,1.046e-07,4.81590103862,692.5874843535
1,1,1.3204e-07,3.50824637161,123.5396433437
1,1,9.836e-08,5.95244492576,681.5417840896
1,1,9.778e-08,5.72836796284,43.1289704839
1,1,1.0652e-07,5.07486942549,124.2904028691
1,1,1.0953e-07,0.56341673987,89.0086925689
1,1,9.978e-08,3.977846577,214.7835681463
1,1,9.832e-08,2.83131988231,54.3347294422
1,1,9.739e-08,5.28158188664,73.1852512744
1,1,9.739e-08,5.68100585654,76.3779458602
1,1,9.297e-08,3.79217857949,203.7378678824
1,1,1.1679e-07,1.3306012832,48.7580447764
1,1,9.552e-08,1.19132306969,156.1554792736
1,1,8.972e-08,0.10072096939,27.0873353739
1,1,1.1401e-07,1.59445531296,264.5048207692
1,1,9.556e-08,4.94813324338,196.6243208816
1,1,8.931e-08,1.75464198962,117.9105690512
1,1,9.144e-08,4.96253120483,44.7253177768
1,1,1.0751e-07,1.19819066544,624.919432787
1,1,1.0035e-07,3.29686320022,448.6895914038
1,1,8.947e-08,0.49097448474,141.4864422873
1,1,8.492e-08,1.04669089016,103.9865460959
1,1,8.396e-08,1.85274078285,610.6923387854
1,1,8.844e-08,5.1369162239,88.274979386
1,1,8.524e-08,4.93963929817,17.5261078183
1,1,8.157e-08,1.41280346613,163.5778428151
1,1,9.17e-08,0.18882338324,685.4739373527
1,1,9e-08,4.32410050104,210.8514148832
1,1,8.372e-08,4.15532894311,218.4069048687
1,1,8.521e-08,1.30623024759,155.5010879678
1,1,9.137e-08,2.66521611116,617.8058857862
1,1,7.785e-08,1.91600387357,177.8743727859
1,1,9.949e-08,6.00066057789,129.9194771616
1,1,7.808e-08,3.50087426378,47.061123747
1,1,7.42e-08,3.41076837074,130.4407420234
1,1,7.378e-08,5.84270209088,109.3125493421
1,1,7.443e-08,5.6378602662,175.1660598002
1,1,8.741e-08,4.78640084032,58.7399634573
1,1,8.402e-08,1.6081220686,79.5169009825
1,1,8.402e-08,6.21287302099,70.0462961521
1,1,8.695e-08,3.86773796124,193.655375465
1,1,7.159e-08,3.9750871569,606.7601855223
1,1,6.973e-08,2.38105652541,162.8965192589
1,1,8.045e-08,2.56499806459,40.1600250673
1,1,6.997e-08,4.1136701922,119.5069163441
1,1,6.78e-08,0.88290624842,71.1582618449
1,1,6.78e-08,0.65490353399,78.4049352897
1,1,6.651e-08,3.5693343195,107.4980082337
1,1,8.439e-08,2.97298949766,180.1619946463
1,1,7.04e-08,0.16766290094,393.4610900843
1,1,8.809e-08,4.60479111456,114.9416236346
1,1,7.093e-08,2.52722254009,118.8737768977
1,1,6.803e-08,4.98967084497,95.2284676924
1,1,8.202e-08,1.70137039976,192.6921676185
1,1,6.537e-08,2.99785157074,362.8622925726
1,1,6.391e-08,5.70439630334,49.7212526229
1,1,6.895e-08,1.17290291521,532.8723588323
1,1,6.512e-08,5.96135741097,97.4155158163
1,1,6.577e-08,0.62857724014,426.598190876
1,1,6.196e-08,3.54421587297,381.0909758065
1,1,6.196e-08,5.54176074629,528.7277572481
1,1,7.62e-08,3.73538335649,55.1378785943
1,1,6.877e-08,3.44957142724,207.8824694666
1,1,6.08e-08,5.07669365981,530.6541729411
1,1,6.08e-08,4.00928242865,379.1645601135
1,1,6.022e-08,1.31297053546,105.380396079
1,1,6.631e-08,3.99124846968,34.5309507748
1,1,6.319e-08,3.57711620849,143.3434220111
1,1,6.65e-08,4.2806337965,454.9093665273
1,1,6.837e-08,6.06157563262,375.3924655448
1,1,5.881e-08,4.60273440786,405.9912630565
1,1,5.969e-08,0.03112902827,535.9107402181
1,1,5.863e-08,5.60462702771,107.918699359
1,1,6.744e-08,1.0807370671,27.7204748203
1,1,6.308e-08,0.34505692022,831.1049812242
1,1,5.516e-08,2.08339680294,232.4215505492
1,1,5.84e-08,4.7427599475,29.226199388
1,1,5.532e-08,0.31891843882,164.5410506616
1,1,6.345e-08,2.71755172801,91.2439248026
1,1,5.822e-08,4.31260736618,301.4140161296
1,1,5.587e-08,5.40846346381,125.1841747464
1,1,6.604e-08,3.03527526051,90.8232336773
1,1,5.425e-08,0.16380669642,76.154196691
1,1,5.425e-08,4.51559573958,73.4090004436
1,1,5.757e-08,2.28671638418,408.4389436113
1,1,5.414e-08,0.23481115779,16.04163511
1,1,5.498e-08,5.01400832025,142.6620984549
1,1,6.3e-08,5.07868286422,550.1378342197
1,1,5.252e-08,4.37461363945,49.1787359017
1,1,5.259e-08,5.53089870357,31.2319369581
1,1,5.177e-08,2.42408915707,34.6215735
1,1,5.117e-08,4.27503491473,114.1384744825
1,1,4.984e-08,0.86380095341,312.4597163935
1,1,6.222e-08,1.16391286215,336.8387387817
1,1,5.039e-08,0.49473492002,22.633917249
1,1,5.371e-08,2.46932051435,293.7097682978
1,1,5.874e-08,0.96815943251,406.1031376411
1,1,5.033e-08,2.55869165354,234.4967240885
1,1,5.168e-08,2.97658265378,147.8662761052
1,1,6.514e-08,2.35520859919,302.0953396858
1,1,4.81e-08,0.69226746482,59.2824801785
1,1,4.541e-08,4.53731690208,92.0470739547
1,1,4.506e-08,4.68118426392,100.0543928328
1,1,4.623e-08,6.1866849693,344.7030453079
1,1,5.577e-08,5.54543388365,237.6781178262
1,1,5.453e-08,4.06894870256,232.0490435337
1,1,4.872e-08,4.69587056338,35.685355083
1,1,4.545e-08,1.88214672059,52.1476813183
1,1,5.548e-08,3.25810309156,403.0223176399
1,1,4.29e-08,3.91220944048,257.3912737684
1,1,4.254e-08,1.62798817507,328.2407190726
1,1,4.307e-08,4.56309542115,122.4758617607
1,1,4.254e-08,3.62114251757,749.2098356561
1,1,4.87e-08,2.38371018423,216.4804891757
1,1,4.193e-08,3.82664074676,756.3233826569
1,1,4.196e-08,3.7528152976,221.8971151471
1,1,4.188e-08,5.43602058182,450.9772132642
1,1,4.59e-08,2.50743217001,767.3690829208
1,1,4.383e-08,3.97195747597,103.3534066495
1,1,5.092e-08,1.83697233633,376.9463742223
1,1,4.132e-08,1.46552725443,518.6452648307
1,1,4.221e-08,5.71365076183,40.5807161926
1,1,4.161e-08,3.0817329017,43.5496616092
1,1,4.217e-08,1.51515332931,124.5028511902
1,1,4.57e-08,0.27475223192,335.1418177523
1,1,4.424e-08,5.04632900852,101.8689339412
1,1,4.462e-08,4.10707023296,166.828672522
1,1,5.595e-08,2.82323309803,322.6116447801
1,1,4.318e-08,2.35206886311,422.6660376129
1,1,4.209e-08,2.59829196504,271.61836777
1,1,4.223e-08,5.84608335181,332.1728723357
1,1,4.13e-08,5.90033316568,380.12776796
1,1,5.655e-08,0.58180438062,44.0921783304
1,1,4.345e-08,4.06258042881,49.6518166537
1,1,4.767e-08,4.96873316993,280.9671470045
1,1,5.029e-08,0.8599601545,189.1807054807
1,1,5.167e-08,3.49590720572,107.0249274817
1,1,4.072e-08,0.90732377696,319.5732633943
1,1,4.979e-08,1.20868922303,913.7508863177
1,1,4.154e-08,1.32035665964,170.1701249541
1,1,4.195e-08,5.10670456809,383.3091616977
1,1,4.651e-08,5.36764353188,827.9235874865
1,1,4.391e-08,5.26620078093,449.2802922348
1,1,4.251e-08,0.17351063134,248.7238180901
1,1,4.303e-08,2.5982708928,339.2864193365
1,1,5.421e-08,2.42482990878,49.5088043018
1,1,4.372e-08,5.90210524291,595.8745439528
1,1,4.319e-08,5.38446577684,610.1016379544
1,1,3.871e-08,1.71107021316,195.7729876197
1,1,4.57e-08,5.48308136143,25.0603459444
1,1,4.417e-08,3.95107732707,302.3772239761
1,1,4.053e-08,5.74857415364,121.8427223143
1,1,4.48e-08,5.83144216082,30.5987975117
1,1,4.503e-08,5.54195257014,223.4510238246
1,1,3.991e-08,1.28311117198,226.7924762567
1,1,3.925e-08,4.97969700029,136.0698163159
1,1,4.783e-08,2.94910756347,763.4369296577
1,1,4.002e-08,3.56106680884,1887.3055176757
1,1,3.686e-08,5.81711299556,117.3198682202
1,1,3.692e-08,1.41758603082,219.5188705615
1,1,3.641e-08,1.43628154308,820.0592809603
1,1,3.829e-08,2.80943361629,331.2096644892
1,1,4.228e-08,6.06023136808,349.3689117539
1,1,4.291e-08,4.8006024986,463.5073862364
1,1,4.508e-08,1.23637888737,275.5505210331
1,1,3.813e-08,0.29413995146,457.8783119439
1,1,4.52e-08,2.66865635036,21.1976286505
1,1,4.808e-08,5.17813277461,842.1506814881
1,1,3.594e-08,2.39944522659,757.8078553652
1,1,4.076e-08,1.4462216907,487.8864086246
1,1,3.617e-08,2.10676407474,310.9752436852
1,1,3.497e-08,0.21989673558,39.0962434843
1,1,4.073e-08,2.34392479937,303.8616966844
1,1,3.713e-08,4.67119374021,906.849787638
1,1,4.431e-08,1.66761109039,180.2738692309
1,1,3.556e-08,3.06018698393,501.3797894433
1,1,3.866e-08,0.39317068403,511.5317178299
1,1,3.594e-08,0.32134026487,705.1176573257
1,1,3.846e-08,6.01710266339,253.4591205053
1,1,3.788e-08,0.87966092565,909.8187330546
1,1,3.919e-08,2.25929240862,204.7010757289
1,1,4.009e-08,2.40455671219,1512.8068240082
1,1,3.398e-08,2.96372505035,547.8502123593
1,1,3.348e-08,1.29908274068,672.1406152284
1,1,3.556e-08,3.61703502565,1368.660252845
1,1,3.799e-08,4.51126065072,328.3525936572
1,1,4.017e-08,1.13962547504,442.7517005706
1,1,3.347e-08,5.43291318939,10021.8372800994
1,1,3.338e-08,2.31470330186,89.9719004154
1,1,3.39e-08,2.85111866429,1050.7839104801
1,1,3.929e-08,0.50815651093,1317.5069171405
1,1,3.279e-08,6.13069875648,260.360219185
1,1,3.275e-08,3.69539670729,184.9879197867
1,1,3.635e-08,5.938389553,342.2553647531
1,1,3.47e-08,4.38416040172,1067.9799498983
1,1,3.246e-08,4.22018785464,30.6894202369
1,1,4.053e-08,0.36617667414,229.0800981171
1,1,4.276e-08,3.60421025224,526.5095713569
1,1,3.189e-08,1.16801935319,374.7111419886
1,1,3.414e-08,3.86440731923,25.6028626656
1,1,3.217e-08,0.12820891378,34.2008823747
1,1,3.56e-08,2.60404464111,781.5961769224
1,1,3.415e-08,2.81637195671,630.3360587584
1,1,3.36e-08,0.15525313851,370.0452755426
1,1,3.19e-08,4.54846044482,555.5544601911
1,1,3.942e-08,1.29262318233,728.762966531
1,1,3.249e-08,2.10483095182,683.9894646444
1,1,3.292e-08,1.11690233393,2424.1100297711
1,1,4.018e-08,4.06464228328,758.7710632117
1,1,3.393e-08,1.7216464372,291.1190753911
1,1,3.177e-08,0.19535441493,194.2885149114
1,1,3.163e-08,0.6415546264,348.8476468921
1,1,3.506e-08,1.64839531939,51.8870488874
1,1,3.4e-08,4.67887517916,995.6460318858
1,1,3.647e-08,5.40830199356,290.2195580194
1,1,3.048e-08,1.14769098014,1303.2798231389
1,1,4.227e-08,1.64069494312,480.7728616238
1,1,3.533e-08,0.57957961089,332.8060117821
1,1,3.015e-08,3.89417585654,1053.7528558967
1,1,4.08e-08,0.80320966998,470.6903692064
1,1,3.255e-08,3.12460739752,113.8778420516
1,1,3.737e-08,0.36607689746,5983.9494557222
1,1,4.072e-08,3.5139168703,402.2191684878
1,1,3.302e-08,1.28184038619,532.1386456494
1,1,4.089e-08,5.55409021925,1264.816719101
1,1,2.96e-08,1.72708071261,15.4991183888
1,1,2.903e-08,4.79566936964,525.7588118315
1,1,3.638e-08,0.63261201547,601.5036182453
1,1,2.872e-08,4.41744820869,384.0599212231
1,1,2.873e-08,4.16082568297,192.8040422031
1,1,3.359e-08,4.95035468643,228.7982138268
1,1,3.034e-08,3.89748087769,696.5196376166
1,1,2.831e-08,4.73243294784,106.0135355254
1,1,2.904e-08,4.01411287559,90.2807169561
1,1,2.802e-08,1.37429211436,674.4282370888
1,1,3.004e-08,2.54822841274,522.5774180938
1,1,2.786e-08,2.73392004399,594.9113361063
1,1,2.784e-08,1.57292650857,531.978586955
1,1,3.407e-08,5.9063162565,293.188503436
1,1,3.627e-08,3.21932712073,156.6767441354
1,1,3.773e-08,4.08447014502,358.0363674322
1,1,3.186e-08,4.09159297487,1440.9941708575
1,1,2.758e-08,1.23813964293,280.2163874791
1,1,3.504e-08,1.78948704996,9914.1591519418
1,1,3.472e-08,2.6714686267,296.7481496836
1,1,3.442e-08,3.60665744056,689.4060906158
1,1,2.947e-08,5.46192054865,818.574808252
1,1,3.345e-08,2.1006120049,1598.474064145
1,1,2.83e-08,1.34921944342,121.2520214833
1,1,2.757e-08,3.23219311957,417.0369633204
1,1,3.39e-08,4.67266294758,1471.0022675382
1,1,2.855e-08,5.717723741,48.9181034708
1,1,2.74e-08,5.58500315091,395.9087706391
1,1,2.998e-08,5.17106934197,432.8179659995
1,1,2.9e-08,1.82862476718,298.2326223919
1,1,3.474e-08,5.73771635165,1065.6017053127
1,1,3.348e-08,2.15893228485,969.6224780949
1,1,2.777e-08,3.99928366015,32.7164096664
1,1,2.898e-08,6.21680044789,100.8051523582
1,1,3.716e-08,2.25787808273,668.2084619653
1,1,3.001e-08,3.17957379483,215.4379594521
1,1,2.786e-08,5.73888329772,350.3321196004
1,1,2.748e-08,3.4252932627,1065.0110044817
1,1,2.951e-08,4.98034050783,255.8373650909
1,1,2.808e-08,3.92417119747,104.0077979553
1,1,3.108e-08,6.28115439587,626.4039054953
1,1,2.648e-08,5.64217999071,745.277682393
1,1,2.693e-08,0.64719337286,12491.3701014155
1,1,3.649e-08,4.93104386608,469.7271613599
1,1,2.881e-08,3.68590589176,369.9758395734
1,1,2.719e-08,2.97795482524,188.0263011725
1,1,2.837e-08,0.47528515487,484.917463208
1,1,3.591e-08,0.47810594324,1062.3508756058
1,1,2.768e-08,6.23503099225,384.5811860849
1,1,3.124e-08,5.911121169,384.2723695442
1,1,2.896e-08,1.09307446307,632.0329797878
1,1,2.876e-08,2.89367499074,6058.7310542895
1,1,2.58e-08,3.84884795844,461.1291416508
1,1,2.805e-08,2.02060190838,2111.6503133776
1,1,2.562e-08,6.21096468054,657.1627617014
1,1,2.741e-08,5.92551190768,548.4409131903
1,1,2.864e-08,2.93732003045,637.4496057592
1,1,2.511e-08,2.72212219874,1258.4539316256
1,1,2.606e-08,4.16927672027,390.2102603774
1,1,2.522e-08,4.54786028172,115.3623147599
1,1,2.644e-08,6.03426038864,525.2375469697
1,1,3.075e-08,2.01414173991,980.6681783588
1,1,2.907e-08,2.53866072765,620.253566341
1,1,2.493e-08,1.94336313048,916.9322800554
1,1,2.474e-08,4.49620359206,699.7010313543
1,1,2.89e-08,3.31566105811,361.3778198643
1,1,2.663e-08,1.46195985219,591.9423906897
1,1,2.497e-08,1.78580918376,628.8515860501
1,1,3.001e-08,3.83591213005,1812.5239191084
1,1,3.222e-08,0.65043581113,420.9691165835
1,1,2.497e-08,2.08712349497,108.982480942
1,1,2.811e-08,1.62447795577,604.4725636619
1,1,3.182e-08,2.56721794097,256.4280659219
1,1,2.714e-08,0.34980714047,833.552661779
1,1,2.442e-08,0.23526085974,765.8846102125
1,1,3.142e-08,4.57297454509,436.7501192626
1,1,2.68e-08,4.31504164134,9988.9407505091
1,1,2.529e-08,2.60083470938,2498.8916283384
1,1,2.61e-08,0.08192500265,159.7151255212
1,1,2.59e-08,3.99630297144,391.1734682239
1,1,2.409e-08,5.18535928834,1228.4982245716
1,1,2.438e-08,5.72336756326,894.8408795276
1,1,2.85e-08,0.83031157343,947.5310775671
1,1,2.657e-08,3.45458545922,623.2225117576
1,1,2.353e-08,5.45605657739,74.5691502462
1,1,2.353e-08,5.50653116579,74.9940468884
1,1,2.792e-08,4.78307547656,1288.4620283063
1,1,3.121e-08,2.37991695182,609.2078660771
1,1,2.677e-08,2.3690735058,241.6102710893
1,1,2.39e-08,1.94030205457,843.6351541964
1,1,2.596e-08,1.91979793854,595.7144852584
1,1,2.308e-08,0.01956189175,369.0820676961
1,1,2.976e-08,4.98106512922,80.4106728598
1,1,2.378e-08,2.81529995511,223.3815878554
1,1,2.292e-08,4.26962421467,546.956440482
1,1,3.185e-08,1.6294193443,582.3811631341
1,1,2.664e-08,5.08255284594,761.7400086283
1,1,2.676e-08,2.05300313239,409.9234163196
1,1,2.562e-08,0.42035638498,450.4559484024
1,1,2.32e-08,1.17670422596,246.9787129509
1,1,2.416e-08,3.72195483988,612.1768114937
1,1,2.997e-08,1.2652667086,370.5665404044
1,1,2.33e-08,6.08434326856,846.0828347512
1,1,2.42e-08,3.12157994295,252.6559713532
1,1,2.679e-08,1.61397900182,1336.4169239306
1,1,2.893e-08,0.5601006409,439.782755154
1,1,2.718e-08,1.3114531687,479.4002635001
1,1,2.612e-08,0.99380221309,3116.2676309979
1,1,2.223e-08,1.90165447185,53.5839699168
1,1,2.352e-08,1.3662647961,1239.5439248355
1,1,2.224e-08,3.45165547622,531.1754378029
1,1,2.318e-08,1.71497343084,536.8045120954
1,1,2.418e-08,5.06040722485,346.3999663373
1,1,2.255e-08,5.81999066695,451.9404211107
1,1,2.241e-08,2.22997211668,6144.5583531207
1,1,2.33e-08,3.20850507386,821.5437536686
1,1,2.648e-08,3.95978520157,460.5384408198
1,1,2.459e-08,2.05612285306,634.4806603426
1,2,0.00016015031,3.83700030134,74.7815985673
1,2,0.00010915299,3.0298777627,149.5631971346
1,2,7.497619e-05,3.83429136661,11.0457002639
1,2,8.053623e-05,2.54646146122,63.7358983034
1,2,5.408033e-05,4.78033642303,70.8494453042
1,2,5.021971e-05,3.04632772928,78.7137518304
1,2,6.717313e-05,5.31264214501,85.8272988312
1,2,5.284684e-05,2.11901942097,73.297125859
1,2,4.874936e-05,5.68616132176,76.2660712756
1,2,3.002124e-05,4.07944398452,138.5174968707
1,2,2.521797e-05,3.36028253173,71.6002048296
1,2,2.413832e-05,4.4586522569,77.962992305
1,2,2.221373e-05,0.87427485235,3.9321532631
1,2,2.336552e-05,0.0,0.0
1,2,1.04025e-05,0.73133408837,145.6310438715
1,2,1.0461e-05,5.85311910228,224.3447957019
1,2,6.61586e-06,1.01544505345,18.1592472647
1,2,4.97229e-06,5.27733214183,22.0914005278
1,2,5.02471e-06,2.2251421471,151.0476698429
1,2,4.78348e-06,3.19107941219,72.3339180125
1,2,3.82454e-06,5.20159531773,77.7505439839
1,2,4.69767e-06,1.82481202242,3.1813937377
1,2,4.03174e-06,1.56215178272,160.6088973985
1,2,3.29455e-06,2.55333634094,71.8126531507
1,2,3.84741e-06,4.7323932475,77.2292791221
1,2,3.35931e-06,0.0537786896,65.2203710117
1,2,2.8138e-06,0.54117101233,131.4039498699
1,2,2.6686e-06,0.01657445784,52.6901980395
1,2,2.34876e-06,4.75379495234,56.6223513026
1,2,2.47761e-06,2.17938049654,127.4717966068
1,2,3.01025e-06,1.77677607945,84.3428261229
1,2,2.84485e-06,5.80269050272,148.0787244263
1,2,2.05875e-06,2.90044450656,92.940845832
1,2,2.11227e-06,5.5820166474,153.4953503977
1,2,1.98069e-06,2.71231997005,12.5301729722
1,2,2.04743e-06,4.25027722017,87.3117715395
1,2,1.53445e-06,0.37502726199,213.299095438
1,2,1.39847e-06,1.67730385016,9.5612275556
1,2,1.35067e-06,1.54885838397,7.1135470008
1,2,9.8993e-07,2.02428809026,80.1982245387
1,2,9.7004e-07,0.86929640949,96.8729990951
1,2,1.06322e-06,5.89383486521,146.3818033969
1,2,8.6287e-07,2.23015105953,299.1263942692
1,2,9.0522e-07,2.74395447453,67.6680515665
1,2,1.03834e-06,3.59301778375,62.2514255951
1,2,7.7436e-07,4.98636443135,81.8951455681
1,2,7.0849e-07,5.07088456819,2.4476805548
1,2,6.9701e-07,3.12415134304,220.4126424388
1,2,6.5862e-07,3.55424953,14.977853527
1,2,8.5668e-07,5.65370424236,2.9689454166
1,2,6.1522e-07,2.56662485733,152.7445908723
1,2,5.8821e-07,4.32245164895,134.5853436076
1,2,5.1315e-07,0.00373759576,202.2533951741
1,2,4.9992e-07,1.98018927812,59.8037450403
1,2,5.0856e-07,4.15026804629,79.2350166922
1,2,4.9175e-07,4.90786846273,225.8292684102
1,2,5.145e-07,4.40765627804,195.1398481733
1,2,4.4332e-07,3.66737843207,70.3281804424
1,2,4.1618e-07,1.43117441969,152.5321425512
1,2,3.77e-07,1.70254629773,45.5766510387
1,2,3.6505e-07,5.84418341803,69.3649725959
1,2,3.9803e-07,3.21738514579,29.2049475286
1,2,4.8281e-07,6.18868466775,142.4496501338
1,2,3.647e-07,5.45483351078,137.0330241624
1,2,3.8301e-07,0.69629677985,209.3669421749
1,2,3.9412e-07,3.54558409287,120.358249606
1,2,3.2468e-07,6.09766987253,5.4166259714
1,2,2.5083e-07,4.16747912718,23.5758732361
1,2,2.5905e-07,0.80510379907,222.8603229936
1,2,2.4866e-07,1.45023442479,20.6069278195
1,2,2.76e-07,0.65039122587,152.0108776894
1,2,2.5328e-07,4.07713496029,235.3904959658
1,2,2.1826e-07,1.1463012893,14.2270940016
1,2,2.1959e-07,0.78915450301,33.1371007917
1,2,2.6156e-07,0.49779058359,1.4844727083
1,2,1.9149e-07,3.290785989,206.1855484372
1,2,2.0189e-07,1.31242215188,70.1157321213
1,2,1.9159e-07,1.72257291786,146.594251718
1,2,1.8559e-07,5.83653047667,89.7594520943
1,2,1.8566e-07,3.51201554536,159.1244246902
1,2,1.8948e-07,4.93737832347,4.4534181249
1,2,1.9964e-07,0.05022016188,116.4260963429
1,2,1.8655e-07,3.35843280718,79.4474650133
1,2,2.2886e-07,5.80349455674,39.6175083461
1,2,1.6179e-07,4.9103806616,16.6747745564
1,2,1.7966e-07,2.30154520649,73.0846775379
1,2,1.5341e-07,2.59132541436,265.9892934775
1,2,1.7437e-07,2.36850714129,76.4785195967
1,2,1.9179e-07,4.2322518574,41.6444977756
1,2,1.4327e-07,6.0770853993,19.643719973
1,2,1.4407e-07,6.22205029028,333.657345044
1,2,1.6134e-07,0.95473971871,191.2076949102
1,2,1.4945e-07,0.55877569736,162.0933701068
1,2,1.5321e-07,5.50789142281,147.1155165798
1,2,1.3527e-07,2.36755086379,347.8844390456
1,2,1.1934e-07,1.13597368221,51.2057253312
1,2,1.0994e-07,3.10745184212,60.5545045657
1,2,1.1585e-07,1.72485861981,144.1465711632
1,2,1.1019e-07,0.89138177474,25.2727942655
1,2,1.0122e-07,1.26610747406,211.8146227297
1,2,1.033e-07,0.06803425383,140.001969579
1,2,1.2693e-07,2.0053782925,109.9456887885
1,2,9.26e-08,5.39381298602,167.7224443993
1,2,1.1487e-07,2.92874910876,88.7962442478
1,2,8.958e-08,5.52983885924,66.70484372
1,2,9.049e-08,4.52900392951,258.8757464767
1,2,8.611e-08,2.37390114378,277.0349937414
1,2,9.262e-08,1.82460574891,228.276948965
1,2,8.671e-08,4.30176725357,54.1746707478
1,2,9.388e-08,1.27494742725,340.7708920448
1,2,7.532e-08,4.8417145896,89.0086925689
1,2,7.79e-08,5.06093412042,41.1019810544
1,2,7.705e-08,3.36980508173,58.1068240109
1,2,7.448e-08,0.18702725085,128.9562693151
1,2,8.96e-08,3.0366696818,125.9873238985
1,2,6.887e-08,6.14238760125,273.1028404783
1,2,7.217e-08,2.86382215417,95.3885263868
1,2,6.283e-08,2.2663529531,305.3461693927
1,2,6.265e-08,2.79881908106,145.1097790097
1,2,8.596e-08,3.22141799373,288.0806940053
1,2,6.356e-08,4.5211191701,154.979823106
1,2,6.107e-08,0.90480185525,24.3790223882
1,2,6.766e-08,1.53737992411,151.260118164
1,2,5.981e-08,0.41637475396,135.336103133
1,2,5.829e-08,2.11807735162,39.3568759152
1,2,5.824e-08,0.69450297478,46.470422916
1,2,5.423e-08,4.52805116374,91.4563731237
1,2,5.485e-08,3.82938065661,141.6988906084
1,2,5.191e-08,1.66188854192,472.1748419147
1,2,5.364e-08,2.53241953776,75.7448064138
1,2,5.364e-08,2.14698289824,73.8183907208
1,2,5.409e-08,4.09924811021,486.4019359163
1,2,5.249e-08,5.1124310427,60.7669528868
1,2,4.778e-08,5.8618173972,55.1378785943
1,2,6.015e-08,4.77184571162,36.6485629295
1,2,6.19e-08,4.96470959339,269.9214467406
1,2,4.736e-08,0.99217847094,103.0927742186
1,2,4.604e-08,5.88010176802,415.5524906121
1,2,4.821e-08,4.95662631406,373.9079928365
1,2,4.572e-08,0.75390834385,124.2904028691
1,2,4.403e-08,3.47909854702,171.6545976624
1,2,5.162e-08,4.1816465143,383.3091616977
1,2,5.249e-08,6.10907433407,901.9544265284
1,2,4.614e-08,1.0553135311,230.5645708254
1,2,4.747e-08,5.94193042028,98.3574718034
1,2,4.287e-08,2.76994883489,108.4612160802
1,2,5.441e-08,5.68787484247,227.5261894396
1,2,4.233e-08,2.44612471178,329.7251917809
1,2,3.941e-08,3.69499703473,504.561183181
1,2,4.079e-08,1.27681238416,1969.2006632438
1,2,3.855e-08,4.05367916366,155.7829722581
1,2,4.566e-08,0.81568008468,223.4510238246
1,2,3.744e-08,0.15880085295,43.2890291783
1,2,3.719e-08,4.3682351149,404.5067903482
1,2,3.929e-08,5.65850658735,905.8865797915
1,2,3.709e-08,1.73135859909,94.4253185403
1,2,3.673e-08,5.13529281141,69.1525242748
1,2,3.673e-08,2.68570227818,80.4106728598
1,2,3.6e-08,1.76146735387,61.448276443
1,2,3.659e-08,4.79213652114,849.2642284889
1,2,3.681e-08,2.15475075702,460.5384408198
1,2,3.651e-08,6.08455104271,446.3113468182
1,2,3.881e-08,2.98444968516,184.0941479094
1,2,3.428e-08,5.14400730282,440.6822725257
1,2,3.543e-08,5.66454579944,110.2063212194
1,2,3.443e-08,2.21022759178,354.9979860464
1,2,3.421e-08,0.7410398453,309.2783226558
1,2,3.28e-08,5.46703748793,295.1942410061
1,2,3.244e-08,4.46870563032,428.0826635843
1,2,4.13e-08,1.43798019531,323.5054166574
1,2,3.53e-08,2.35217076937,204.7010757289
1,2,3.225e-08,0.6879328097,1044.4040766622
1,2,3.211e-08,6.27801219506,1057.8974574809
1,2,3.21e-08,2.99486184675,237.6781178262
1,2,3.295e-08,1.57881542596,32.2433289144
1,2,3.632e-08,5.42848370959,57.5161231799
1,2,3.617e-08,4.97055767543,103.9865460959
1,2,3.795e-08,6.10018451515,294.3004691288
1,2,3.164e-08,6.16088044931,1819.6374661092
1,2,4.062e-08,3.00655088214,112.9146342051
1,2,3.605e-08,0.72583106929,344.7030453079
1,2,3.019e-08,2.15678911314,924.0458270562
1,2,3.542e-08,3.69190213033,956.2891559706
1,2,3.851e-08,2.80656744089,82.8583534146
1,2,3.332e-08,5.67293465746,336.8387387817
1,2,3.805e-08,2.89413818631,479.2883889155
1,2,3.052e-08,0.51209008409,531.1754378029
1,2,3.128e-08,5.41255399827,1282.8329540138
1,2,2.957e-08,3.38660409843,207.6700211455
1,2,3.148e-08,6.0050387937,1169.5882514086
1,2,3.007e-08,3.41327104523,291.1190753911
1,2,3.096e-08,1.57250329749,109.3125493421
1,2,3.336e-08,5.87472092438,50.4025761791
1,2,2.836e-08,6.05952590725,88.1149206916
1,2,3.603e-08,0.32186436243,397.3932433474
1,2,2.839e-08,1.72546221305,942.062061969
1,2,3.033e-08,2.6866055342,976.7360250957
1,2,3.534e-08,3.92461589097,33.6796175129
1,2,2.928e-08,2.44090835126,465.9550667912
1,2,2.936e-08,2.23930177092,306.830642101
1,2,2.797e-08,5.27776461068,381.6122406683
1,2,3.685e-08,3.67062213532,132.8884225782
1,2,2.705e-08,0.91231544669,469.1364605289
1,2,2.859e-08,0.21700779836,241.6102710893
1,2,2.585e-08,2.76360547907,99.1606209555
1,2,2.931e-08,5.74557876585,180.1619946463
1,2,2.538e-08,4.29751680883,218.9281697305
1,2,2.655e-08,4.61991142764,476.1069951778
1,2,2.655e-08,3.08090677601,297.6419215609
1,2,2.495e-08,3.85258617208,450.9772132642
1,2,2.574e-08,1.56646107957,411.620337349
1,2,2.619e-08,0.30873583037,221.3758502853
1,2,2.614e-08,3.56422655479,1155.361157407
1,2,2.869e-08,5.95990878227,606.7601855223
1,2,2.427e-08,0.92530262269,714.6788848813
1,2,2.527e-08,0.69443718848,778.4147831847
1,2,2.542e-08,0.17187583717,461.1291416508
1,2,2.602e-08,0.56141580457,144.8973306886
1,2,2.602e-08,0.97639397784,4.665866446
1,2,2.377e-08,3.23840164112,358.9301393095
1,2,2.338e-08,1.95316065171,916.9322800554
1,2,2.554e-08,2.51124659785,200.7689224658
1,2,3.266e-08,2.87192522292,610.6923387854
1,2,2.576e-08,0.29704294543,987.7817253596
1,2,2.332e-08,1.28782128032,429.7795846137
1,2,2.386e-08,5.04212582936,346.1875180162
1,2,2.352e-08,3.74305038474,198.321241911
1,2,3.01e-08,4.42947128023,275.5505210331
1,2,2.825e-08,2.88092253402,735.8765135318
1,2,2.279e-08,3.39714919937,129.9194771616
1,2,2.589e-08,3.32716471243,376.9463742223
1,2,2.33e-08,3.64055170939,227.3137411185
1,2,2.749e-08,2.2815038815,92.0470739547
1,2,2.576e-08,3.89651804361,343.2185725996
1,3,1.309056e-05,0.0,0.0
1,3,6.79651e-06,2.93375081556,70.8494453042
1,3,6.31782e-06,4.88998230611,78.7137518304
1,3,5.7854e-06,0.78827411585,149.5631971346
1,3,5.55324e-06,4.67554978713,63.7358983034
1,3,4.55887e-06,3.17331985662,85.8272988312
1,3,4.28312e-06,4.09419341772,73.297125859
1,3,4.08432e-06,3.72971926457,76.2660712756
1,3,4.46893e-06,5.008101795,71.6002048296
1,3,4.24302e-06,2.81325875072,77.962992305
1,3,3.44605e-06,2.22416564687,11.0457002639
1,3,2.53001e-06,2.51182572008,3.9321532631
1,3,1.88565e-06,0.81232221065,74.7815985673
1,3,1.32014e-06,5.73012783198,138.5174968707
1,3,1.20517e-06,5.48054814455,18.1592472647
1,3,1.2134e-06,5.32278814741,145.6310438715
1,3,8.1059e-07,0.31859981536,3.1813937377
1,3,5.2581e-07,3.32426714386,224.3447957019
1,3,5.0989e-07,2.38152145113,131.4039498699
1,3,4.1352e-07,0.40988109551,56.6223513026
1,3,4.5947e-07,2.93842177968,22.0914005278
1,3,3.4956e-07,6.15180077697,151.0476698429
1,3,3.455e-07,1.01095270214,92.940845832
1,3,2.8439e-07,5.71063354637,160.6088973985
1,3,2.6418e-07,1.14627019293,153.4953503977
1,3,1.9493e-07,4.40804069151,67.6680515665
1,3,1.8709e-07,3.44807838704,81.8951455681
1,3,1.9345e-07,2.38872118054,52.6901980395
1,3,1.9435e-07,1.54656365767,65.2203710117
1,3,1.5539e-07,2.03476393843,87.3117715395
1,3,1.7211e-07,4.69608865329,127.4717966068
1,3,2.0752e-07,0.21287415066,84.3428261229
1,3,1.5215e-07,6.23002900092,148.0787244263
1,3,1.7277e-07,1.24548498498,146.3818033969
1,3,8.759e-08,5.8165272383,62.2514255951
1,3,8.663e-08,4.72691646144,96.8729990951
1,3,8.078e-08,1.45894890773,220.4126424388
1,3,7.709e-08,1.22903169891,152.7445908723
1,3,7.875e-08,6.06848254483,195.1398481733
1,3,6.892e-08,0.42290386096,69.1525242748
1,3,6.892e-08,1.11490592145,80.4106728598
1,3,6.519e-08,3.51359374451,45.5766510387
1,3,6.131e-08,2.69408003257,134.5853436076
1,3,5.79e-08,1.86113898169,72.3339180125
1,3,5.692e-08,5.22115952238,209.3669421749
1,3,5.554e-08,2.84174026294,77.2292791221
1,3,5.258e-08,5.36467321323,120.358249606
1,3,4.995e-08,5.03278494168,298.2326223919
1,3,4.06e-08,3.84816850322,312.4597163935
1,3,4.42e-08,3.88854721697,80.1982245387
1,3,4.556e-08,1.09932074044,29.2049475286
1,3,3.855e-08,0.19744489675,59.8037450403
1,3,3.803e-08,3.44223491498,202.2533951741
1,3,3.701e-08,1.66917958581,213.299095438
1,3,3.772e-08,2.02816040987,71.8126531507
1,3,3.772e-08,2.65124202613,77.7505439839
1,3,3.524e-08,3.84299077479,635.9651330509
1,3,3.428e-08,4.80423314667,621.7380390493
1,3,3.564e-08,2.9740398101,70.1157321213
1,3,3.564e-08,1.70536262591,79.4474650133
1,3,3.288e-08,4.6653469439,384.0599212231
1,3,3.244e-08,4.054208229,611.5861106627
1,3,3.804e-08,0.20143822235,258.8757464767
1,3,3.341e-08,3.0624961178,472.1748419147
1,3,2.934e-08,4.39080953923,273.1028404783
1,3,3.244e-08,2.13702777798,408.4389436113
1,3,2.805e-08,4.46431718602,984.6003316219
1,3,3.534e-08,0.59650948026,69.3649725959
1,3,2.809e-08,6.27616204819,647.0108333148
1,3,2.709e-08,2.28251220521,486.4019359163
1,3,2.603e-08,5.72903828346,415.5524906121
1,3,2.593e-08,3.12410002979,199.0720014364
1,3,2.64e-08,2.22058817761,288.0806940053
1,3,2.668e-08,2.78786175094,376.1956146969
1,3,2.998e-08,3.96389098534,73.0846775379
1,3,2.998e-08,0.71551145066,76.4785195967
1,3,2.563e-08,1.54843699395,216.4804891757
1,3,2.358e-08,0.87971471502,624.919432787
1,3,2.219e-08,3.00732305327,391.1734682239
1,4,6.2987e-07,3.14159265359,0.0
1,4,3.4199e-07,0.4270288582,63.7358983034
1,4,2.6702e-07,5.34493737706,149.5631971346
1,4,2.7042e-07,1.11625109948,85.8272988312
1,4,1.6293e-07,3.62714711041,18.1592472647
1,4,6.899e-08,4.21539961908,131.4039498699
1,4,5.852e-08,2.32484296944,56.6223513026
1,4,5.227e-08,5.41079816474,92.940845832
1,4,2.362e-08,0.90248563878,284.1485407422
1,4,2.295e-08,3.03607980943,365.9006739584
2,0,19.16434475791,3.91045677275,74.7815985673
2,0,0.44388525091,0.08884126943,149.5631971346
2,0,0.16222255941,3.14159265359,0.0
2,0,0.14755311401,1.85423292905,73.297125859
2,0,0.14122904825,2.82489928705,76.2660712756
2,0,0.06249939655,3.56960238469,1.4844727083
2,0,0.01542607086,2.5504154317,224.3447957019
2,0,0.01442293466,1.08004535633,148.0787244263
2,0,0.00938950136,0.09277492739,11.0457002639
2,0,0.0065030702,2.76144565363,63.7358983034
2,0,0.00657314387,5.28830720039,151.0476698429
2,0,0.00621305207,1.48795124826,77.7505439839
2,0,0.00541938502,3.24476518729,71.8126531507
2,0,0.00547449443,2.06038015757,85.8272988312
2,0,0.00459611215,2.33745675699,2.9689454166
2,0,0.00387905368,4.62027047251,138.5174968707
2,0,0.00144026146,0.75015758735,70.8494453042
2,0,0.00135284941,3.93970261854,78.7137518304
2,0,0.00120431731,2.53138588744,39.6175083461
2,0,0.00124862444,0.94315799565,111.4301614968
2,0,0.00111199717,3.55163790142,222.8603229936
2,0,0.00104503352,2.33345670641,146.594251718
2,0,0.00108550063,6.02230047678,35.1640902212
2,0,0.00063570927,5.01204999475,299.1263942692
2,0,0.00053287586,2.38436439892,3.9321532631
2,0,0.00063771339,2.15607569061,109.9456887885
2,0,0.0006079757,3.7307078734,38.1330356378
2,0,0.00039220442,1.11841144768,4.4534181249
2,0,0.00034204008,0.92405447828,65.2203710117
2,0,0.00034332981,1.466969538,225.8292684102
2,0,0.00034536961,0.27613229331,79.2350166922
2,0,0.00039259031,5.75909949077,202.2533951741
2,0,0.00026157159,3.74095916304,9.5612275556
2,0,0.00023426309,2.52740094518,145.6310438715
2,0,0.00022932162,3.94455708202,84.3428261229
2,0,0.00031814882,3.9686011734,152.5321425512
2,0,0.00025235989,4.45141520694,70.3281804424
2,0,0.0002590259,1.06899231907,213.299095438
2,0,0.00028371248,4.44714636367,184.7272873558
2,0,0.00026651934,4.53944389687,160.6088973985
2,0,0.00019665349,3.96350065335,74.6697239827
2,0,0.00019642987,0.71577796385,74.8934731519
2,0,0.00019838446,5.29115100742,12.5301729722
2,0,0.00015537967,1.8786327546,52.6901980395
2,0,0.00020715948,4.93996485297,36.6485629295
2,0,0.000201151,3.45473780762,127.4717966068
2,0,0.00020050993,2.90386377392,22.0914005278
2,0,0.00019900975,6.11072709584,112.9146342051
2,0,0.0001812497,0.98477642246,33.6796175129
2,0,0.00015203524,1.31307053626,41.1019810544
2,0,0.0001123853,4.54508332436,71.6002048296
2,0,0.00013948178,4.70475195371,221.3758502853
2,0,0.00010819255,0.12807059988,77.962992305
2,0,0.00013589092,0.98313830596,87.3117715395
2,0,0.00012407787,4.6494578334,72.3339180125
2,0,0.0001153114,0.20190074645,77.2292791221
2,0,8.73615e-05,3.39874828293,186.2117600641
2,0,7.093587e-05,6.01613487245,297.6419215609
2,0,6.408245e-05,3.93246367895,62.2514255951
2,0,6.261153e-05,0.14258542752,153.4953503977
2,0,7.856014e-05,1.12354254831,340.7708920448
2,0,5.516018e-05,1.73758326119,140.001969579
2,0,5.556643e-05,3.68095215063,145.1097790097
2,0,5.368405e-05,2.55422957958,75.3028634291
2,0,5.350948e-05,2.12171493922,74.2603337055
2,0,4.508794e-05,5.82224064821,66.70484372
2,0,4.290374e-05,5.54490766551,265.9892934775
2,0,5.013871e-05,3.11907749268,18.1592472647
2,0,4.326138e-05,5.70135056853,183.2428146475
2,0,4.750018e-05,3.38678300054,73.8183907208
2,0,4.444318e-05,5.00535023482,114.3991069134
2,0,3.314154e-05,5.23054574329,82.8583534146
2,0,4.509054e-05,1.31254342829,75.7448064138
2,0,3.553107e-05,6.18906516846,5.9378908332
2,0,3.267474e-05,3.5109179323,7.1135470008
2,0,3.575402e-05,5.83965751946,137.0330241624
2,0,2.880734e-05,1.1903842433,373.9079928365
2,0,2.594155e-05,4.93691413537,96.8729990951
2,0,2.559357e-05,2.87184237678,80.1982245387
2,0,2.676616e-05,1.61805362044,305.3461693927
2,0,2.24653e-05,5.80081898763,108.4612160802
2,0,2.474483e-05,2.21173751117,32.1951448046
2,0,2.060991e-05,6.24178596384,56.6223513026
2,0,1.958711e-05,4.80807045815,20.6069278195
2,0,2.227451e-05,5.34765264557,80.7194894005
2,0,1.937874e-05,0.49529839431,74.8297826771
2,0,1.937871e-05,4.18462288684,74.7334144575
2,0,2.164382e-05,0.47581392325,3.1813937377
2,0,2.138407e-05,2.63817804331,74.5209661364
2,0,2.130909e-05,2.04143912495,75.0422309982
2,0,1.787737e-05,0.32096699926,2.4476805548
2,0,2.212861e-05,0.61491281306,259.5088859231
2,0,1.889369e-05,3.92852240171,300.6108669775
2,0,2.275258e-05,1.55666401505,131.4039498699
2,0,1.925946e-05,6.00527473515,159.1244246902
2,0,1.802494e-05,4.16218259902,74.6215398729
2,0,1.796292e-05,0.51761494342,74.9416572617
2,0,2.240648e-05,0.47739127862,181.7583419392
2,0,1.626134e-05,3.70023731184,191.2076949102
2,0,1.862236e-05,0.10443785448,42.5864537627
2,0,2.177437e-05,2.80437422101,479.2883889155
2,0,1.896184e-05,4.26975898003,14.977853527
2,0,1.489632e-05,4.93446380217,220.4126424388
2,0,2.045249e-05,5.17400788104,835.0371344873
2,0,1.887812e-05,2.75000237791,154.0166152595
2,0,1.794754e-05,0.16290844853,227.3137411185
2,0,1.346599e-05,3.89240128209,288.0806940053
2,0,1.572826e-05,5.93367812903,219.891377577
2,0,1.424804e-05,5.10004758033,92.940845832
2,0,1.267766e-05,0.92771324396,404.5067903482
2,0,1.588897e-05,4.15115668974,39.3568759152
2,0,1.269786e-05,1.09685727529,142.4496501338
2,0,1.291065e-05,5.67425699047,68.8437077341
2,0,1.416917e-05,0.72597245494,235.3904959658
2,0,1.165315e-05,0.51071041452,81.8951455681
2,0,1.035262e-05,1.20639876458,5.4166259714
2,0,1.009454e-05,0.45375065997,74.0308390419
2,0,1.220696e-05,1.84988185963,211.8146227297
2,0,9.97784e-06,4.2264078889,75.5323580927
2,0,1.222886e-05,2.27306099902,187.6962327724
2,0,1.337666e-05,3.74890794163,380.12776796
2,0,1.151803e-05,0.46579056125,128.9562693151
2,0,1.149114e-05,0.85101218281,296.1574488526
2,0,1.163762e-05,5.51157783762,230.5645708254
2,0,1.192292e-05,0.68084398426,99.1606209555
2,0,1.151286e-05,4.01147735438,67.6680515665
2,0,1.189801e-05,4.01778306134,50.4025761791
2,0,1.015998e-05,1.00290501307,35.4247226521
2,0,9.23365e-06,5.76874685766,54.1746707478
2,0,8.55559e-06,4.4900456103,68.1893164283
2,0,9.11338e-06,0.12254293382,149.45132255
2,0,8.56856e-06,6.21758865027,89.7594520943
2,0,1.051606e-05,3.96907647535,14.0146456805
2,0,8.35264e-06,5.3443710596,59.8037450403
2,0,9.09788e-06,3.15839878322,149.6750717192
2,0,7.39228e-06,2.48875340751,277.0349937414
2,0,9.73381e-06,0.64028748776,218.4069048687
2,0,9.5279e-06,1.24773830053,106.9767433719
2,0,8.91414e-06,1.82007872482,23.5758732361
2,0,8.98007e-06,0.53150446248,110.2063212194
2,0,8.96763e-06,0.51927845768,200.7689224658
2,0,6.62758e-06,0.25796780548,81.3738807063
2,0,8.63768e-06,3.46041862039,162.0933701068
2,0,6.23013e-06,2.99649402595,51.2057253312
2,0,5.97805e-06,1.07147770615,134.5853436076
2,0,7.6604e-06,0.89351020566,68.5618234438
2,0,6.26173e-06,0.14763136288,24.3790223882
2,0,6.61316e-06,3.91236554284,8.0767548473
2,0,7.46242e-06,2.79717552793,760.25553592
2,0,6.43424e-06,5.98383236425,88.7962442478
2,0,7.03568e-06,1.49945377005,203.7378678824
2,0,5.81277e-06,0.83588836575,28.5718080822
2,0,5.28413e-06,0.71044436153,146.3818033969
2,0,6.95636e-06,4.49767435966,617.8058857862
2,0,6.04018e-06,2.75780757245,195.1398481733
2,0,5.36175e-06,1.5208460521,116.4260963429
2,0,5.6035e-06,1.797296424,69.3649725959
2,0,4.86886e-06,5.78724669907,415.5524906121
2,0,5.87456e-06,2.33741613601,152.0108776894
2,0,6.66586e-06,4.63314190172,6.2197751235
2,0,5.05972e-06,0.95984060933,157.6399519819
2,0,5.50782e-06,5.85625308842,260.9933586314
2,0,5.88886e-06,4.62064969642,258.0244132148
2,0,4.45581e-06,5.33271706288,329.7251917809
2,0,5.1686e-06,0.74712751258,351.8165923087
2,0,6.18901e-06,4.52549231118,125.9873238985
2,0,5.17809e-06,5.5401247239,209.3669421749
2,0,4.49585e-06,2.60457386268,543.0242872189
2,0,4.88079e-06,5.04403350813,73.4090004436
2,0,5.63065e-06,3.08986059602,155.7829722581
2,0,5.37029e-06,3.75711795413,81.0013736908
2,0,4.3563e-06,2.19413803718,372.4235201282
2,0,4.72431e-06,1.72063683793,180.2738692309
2,0,4.18634e-06,0.40340567628,95.3885263868
2,0,5.14049e-06,3.83742451002,115.8835796217
2,0,4.19613e-06,6.21605224514,41.6444977756
2,0,3.90364e-06,4.39316702257,152.7445908723
2,0,3.541e-06,5.26264151031,46.2097904851
2,0,3.6901e-06,4.11078638826,144.1465711632
2,0,3.74623e-06,1.90215093451,73.1852512744
2,0,4.26261e-06,0.89836299897,141.4864422873
2,0,3.81449e-06,3.63961245738,114.1384744825
2,0,3.17869e-06,4.93937891025,33.1371007917
2,0,3.25976e-06,2.61924421042,228.276948965
2,0,3.54526e-06,4.66410291093,214.7835681463
2,0,4.05067e-06,0.76651664121,255.0554677982
2,0,4.018e-06,2.67393126462,490.3340891794
2,0,3.24278e-06,4.97703425119,7.4223635415
2,0,3.99889e-06,5.30927861895,529.6909650946
2,0,3.16354e-06,3.43209926093,30.7106720963
2,0,2.87093e-06,5.24491427364,45.5766510387
2,0,2.77004e-06,4.21620590877,6.592282139
2,0,3.18464e-06,0.45911675628,120.358249606
2,0,3.11815e-06,0.79978809612,147.1155165798
2,0,3.37472e-06,3.60594773618,150.5264049811
2,0,2.55714e-06,6.18037150203,19.1224551112
2,0,2.46583e-06,1.17774433989,554.0699874828
2,0,2.52403e-06,5.01154358916,150.0844619964
2,0,2.3007e-06,5.35619295971,60.7669528868
2,0,2.78047e-06,5.88865683969,29.2049475286
2,0,3.02295e-06,0.43076728879,984.6003316219
2,0,2.65211e-06,1.11226453547,28.3111756513
2,0,2.27327e-06,3.78561264808,120.9913890524
2,0,1.98785e-06,3.18797196563,69.6737891366
2,0,2.22192e-06,3.44393515493,47.6942631934
2,0,2.19949e-06,5.18094249145,44.070926471
2,0,2.10545e-06,3.35124491126,0.5212648618
2,0,2.27699e-06,1.88879274658,216.9224321604
2,0,2.57536e-06,0.3039982227,1289.9465010146
2,0,2.31681e-06,2.78093325899,46.470422916
2,0,2.3972e-06,6.1979329771,756.3233826569
2,0,2.14437e-06,1.18016591525,189.1807054807
2,0,2.33297e-06,2.18609372572,339.2864193365
2,0,2.3413e-06,3.14530755107,342.2553647531
2,0,1.75836e-06,1.53408491826,57.255490749
2,0,1.67756e-06,5.59398995995,30.0562807905
2,0,2.16757e-06,0.90936155593,135.5485514541
2,0,1.73749e-06,4.28628512648,681.5417840896
2,0,1.64586e-06,0.70747217893,468.2426886516
2,0,2.0349e-06,5.82940017414,148.5999892881
2,0,1.6345e-06,1.53200906891,79.889407998
2,0,1.79581e-06,5.36487860827,103.3534066495
2,0,1.59175e-06,3.51044775078,17.5261078183
2,0,1.65292e-06,5.36941198819,154.979823106
2,0,1.92957e-06,5.12177898736,0.9632078465
2,0,1.85802e-06,3.99560320824,73.88782669
2,0,1.85802e-06,0.68379922776,75.6753704446
2,0,1.63127e-06,0.33878389027,264.5048207692
2,0,1.8713e-06,4.63207698177,149.0419322728
2,0,1.85821e-06,5.76008843913,76.154196691
2,0,1.54158e-06,4.43250509665,206.1855484372
2,0,1.7556e-06,4.41849512958,333.657345044
2,0,2.02867e-06,0.92934842891,291.7040307277
2,0,1.57912e-06,4.13655140282,82.2039621088
2,0,1.40539e-06,0.81828536865,426.598190876
2,0,1.78492e-06,0.39921147736,685.4739373527
2,0,1.37687e-06,3.65255922607,448.6895914038
2,0,1.52639e-06,2.03301679425,233.9060232575
2,0,1.54719e-06,4.6654892516,294.6729761443
2,0,1.37993e-06,0.49895867902,16.6747745564
2,0,1.61861e-06,2.54166020189,105.4922706636
2,0,1.30404e-06,4.56696904208,76.4785195967
2,0,1.28155e-06,2.45134447197,156.1554792736
2,0,1.46437e-06,3.06416525256,334.2904844904
2,0,1.5753e-06,1.02260224406,347.8844390456
2,0,1.50896e-06,1.84344856748,103.0927742186
2,0,1.20105e-06,5.04807417968,130.4407420234
2,0,1.27914e-06,5.91612723274,61.448276443
2,0,1.41971e-06,4.67692245942,173.9422195228
2,0,1.16798e-06,2.79975011606,692.5874843535
2,0,1.45866e-06,4.72508344563,24.1183899573
2,0,1.40467e-06,4.49862691968,286.596221297
2,0,1.21897e-06,4.89621303002,79.4474650133
2,0,1.13904e-06,5.19950219884,13.3333221243
2,0,1.43237e-06,4.38802400895,628.8515860501
2,0,1.28986e-06,3.45591214307,254.9435932136
2,0,1.35174e-06,1.15418631167,171.6545976624
2,0,1.25769e-06,3.85907526779,98.3574718034
2,0,1.05739e-06,5.13563496088,66.9172920411
2,0,1.07892e-06,0.10090598897,375.3924655448
2,0,1.28792e-06,1.53820246543,155.5010879678
2,0,1.03751e-06,0.09858727182,54.3347294422
2,0,1.36546e-06,4.4439631892,909.8187330546
2,0,1.14357e-06,4.80183924958,273.1028404783
2,0,9.894e-07,1.32720716375,27.0873353739
2,0,1.01658e-06,0.35890468314,362.8622925726
2,0,9.6174e-07,2.53649545857,258.8757464767
2,0,1.09802e-06,5.86019231369,143.6253063014
2,0,1.06158e-06,2.64028524201,302.0953396858
2,0,1.12226e-06,3.46253936917,92.3077063856
2,0,1.13987e-06,2.05059638924,253.5709950899
2,0,1.09155e-06,3.69281386772,55.6591434561
2,0,9.7687e-07,1.51458618418,76.7873361374
2,0,9.301e-07,1.80257495113,93.9040536785
2,0,1.13624e-06,1.22774403773,604.4725636619
2,0,9.912e-07,5.09958883998,149.3025647037
2,0,9.2794e-07,1.47028932852,43.2890291783
2,0,8.9934e-07,2.95642515081,149.6113812444
2,0,9.0777e-07,2.91730470316,267.4737661858
2,0,8.9603e-07,1.04619916818,295.1942410061
2,0,1.1054e-06,2.03204732442,19.643719973
2,0,8.9934e-07,0.36256511993,149.5150130248
2,0,8.7921e-07,4.32670648553,74.1484591209
2,0,8.7921e-07,0.35269595047,75.4147380137
2,0,8.6241e-07,4.5306330611,76.42612997
2,0,1.16258e-06,4.19923354698,1215.1649024473
2,0,1.12324e-06,5.22657359082,228.7982138268
2,0,1.06862e-06,1.56894230537,81.682697247
2,0,1.05689e-06,5.90750871349,100.3844612329
2,0,8.2024e-07,5.83270282365,82.6459050935
2,0,8.348e-07,2.97873123693,149.723255829
2,0,8.7612e-07,4.0920088954,58.1068240109
2,0,9.8663e-07,5.2868116054,88.1149206916
2,0,8.6521e-07,5.77990029279,6.9010986797
2,0,8.0076e-07,0.46711196257,73.1370671646
2,0,9.912e-07,4.50258673794,149.8238295655
2,0,7.6677e-07,5.8393689715,73.5577582899
2,0,1.04152e-06,3.12500840636,210.3301500214
2,0,7.576e-07,6.09966718025,218.9281697305
2,0,9.0975e-07,0.83013329096,98.8999885246
2,0,7.4732e-07,5.25299025162,5.1078094307
2,0,8.348e-07,0.34025903382,149.4031384402
2,0,8.4005e-07,3.28553283014,370.9390474199
2,0,1.0511e-06,1.09488557735,328.3525936572
2,0,7.487e-07,5.30985523542,119.5069163441
2,0,7.4569e-07,4.55789803256,95.2284676924
2,0,7.401e-07,4.76626906432,189.7232222019
2,0,7.5625e-07,3.30145293663,217.2312487011
2,0,7.7135e-07,0.0289632143,26.0235537909
2,0,9.0374e-07,1.46851586145,17.2654753874
2,0,8.6483e-07,1.7065412572,192.6921676185
2,0,6.9347e-07,5.01480404732,16.04163511
2,0,7.8846e-07,4.72561130487,262.4778313397
2,0,8.2091e-07,1.66303062044,175.1660598002
2,0,7.0186e-07,5.97826233723,820.0592809603
2,0,6.7869e-07,2.38336846275,606.7601855223
2,0,7.7397e-07,3.19409744954,310.1720945331
2,0,8.7004e-07,1.62284282986,894.8408795276
2,0,6.5829e-07,0.35938438379,73.9784494152
2,0,6.5829e-07,4.32001805221,75.5847477194
2,0,7.8542e-07,3.84154583566,50.66320861
2,0,7.7422e-07,6.1787693879,70.0462961521
2,0,7.5104e-07,3.21476153585,25.6028626656
2,0,7.3253e-07,2.97393986372,178.7893965226
2,0,8.5207e-07,3.0461863813,173.6815870919
2,0,8.7752e-07,5.06850205613,331.3215390738
2,0,8.0077e-07,3.1311799291,16.4623262353
2,0,8.345e-07,4.82134683307,480.7728616238
2,0,7.0498e-07,2.8010408426,76.3779458602
2,0,7.992e-07,3.87030192885,477.8039162072
2,0,7.8743e-07,2.65459072812,15.4991183888
2,0,8.0994e-07,0.8485985229,332.8060117821
2,0,7.5507e-07,2.06743974265,67.0773507355
2,0,5.8964e-07,1.82902730542,44.7253177768
2,0,7.0112e-07,1.28299080418,167.7224443993
2,0,7.7992e-07,1.70300103619,70.1157321213
2,0,7.7639e-07,1.49248726131,71.1582618449
2,0,6.6387e-07,6.24095505973,125.1841747464
2,0,5.9375e-07,1.96681230683,403.0223176399
2,0,5.4636e-07,6.18572063318,71.8608372605
2,0,6.4315e-07,6.0909061222,472.1748419147
2,0,5.2973e-07,4.46113364221,831.1049812242
2,0,6.5857e-07,4.49486698909,7.8643065262
2,0,5.3827e-07,0.67127500874,67.3592350258
2,0,6.0264e-07,4.31075800997,454.9093665273
2,0,5.3991e-07,3.01146704045,148.8124376092
2,0,5.1867e-07,4.77686720248,77.7023598741
2,0,7.0395e-07,3.20554541979,78.4049352897
2,0,5.6126e-07,2.54058148898,65.3804297061
2,0,5.9491e-07,6.08727466304,256.5399405065
2,0,6.1624e-07,2.19426288431,290.2195580194
2,0,6.1333e-07,5.64664423158,1364.7280995819
2,0,5.7149e-07,0.50053166486,31.6526280834
2,0,5.5249e-07,4.98968823058,74.4090915518
2,0,5.5249e-07,5.9728995126,75.1541055828
2,0,5.3798e-07,0.50648861767,13.4933808187
2,0,4.9301e-07,5.39744243512,76.0054388447
2,0,6.764e-07,0.64240183724,278.5194664497
2,0,6.2225e-07,2.60564950826,82.4858463991
2,0,4.9881e-07,0.72603310338,91.4563731237
2,0,5.3743e-07,2.89411156731,14.2270940016
2,0,5.1406e-07,1.108432473,101.8689339412
2,0,5.2229e-07,3.14515157585,184.9879197867
2,0,5.6294e-07,0.03303123026,142.9709149956
2,0,4.857e-07,1.04696116864,48.9181034708
2,0,6.5078e-07,2.28307091556,237.6781178262
2,0,6.1846e-07,3.0135801945,61.2882177486
2,0,4.759e-07,2.58646137213,224.2329211173
2,0,4.8035e-07,4.24298529357,43.1289704839
2,0,4.6688e-07,3.14104089569,106.2741679563
2,0,5.7708e-07,2.71180344965,303.8616966844
2,0,5.319e-07,4.73802617636,79.5169009825
2,0,4.5467e-07,3.56475248959,69.1525242748
2,0,5.4456e-07,5.91606185436,236.8749686741
2,0,5.4466e-07,2.17820102905,74.1272072615
2,0,5.4466e-07,2.50120140695,75.4359898731
2,0,5.737e-07,2.72607672194,486.4019359163
2,0,4.9209e-07,5.59180020112,177.8743727859
2,0,4.8903e-07,5.20790489853,122.4758617607
2,0,4.3958e-07,3.51862818809,57.5161231799
2,0,4.9065e-07,0.32033940212,55.7710180407
2,0,5.2405e-07,0.06300352006,58.7399634573
2,0,4.7603e-07,2.13905443526,84.1827674285
2,0,5.9452e-07,2.6445910098,117.36805233
2,0,4.2464e-07,0.34761416357,150.31395666
2,0,4.2224e-07,5.36565135834,31.492569389
2,0,5.6913e-07,0.53808385027,25.0603459444
2,0,5.3599e-07,6.09401185678,767.3690829208
2,0,4.5165e-07,1.6213711039,167.0893049529
2,0,4.4202e-07,4.50403074571,70.5888128733
2,0,5.5389e-07,1.25826751876,365.0011565867
2,0,5.5355e-07,2.74861110912,198.321241911
2,0,3.9625e-07,1.62185662608,72.4939767069
2,0,4.2295e-07,3.26980829888,232.4215505492
2,0,3.9728e-07,2.20105143608,88.274979386
2,0,5.2918e-07,5.55529236777,117.9105690512
2,0,3.7996e-07,3.6457395257,154.6710065653
2,0,4.7398e-07,5.61862934792,75.6329318292
2,0,4.7398e-07,5.34395839526,73.9302653054
2,0,4.5095e-07,5.09840444946,393.4610900843
2,0,4.1021e-07,0.17537188201,78.9743842613
2,0,4.997e-07,3.55869944978,7.7042478318
2,0,4.23e-07,6.01494050164,22.633917249
2,0,3.7354e-07,4.23058347236,49.7212526229
2,0,3.7062e-07,4.20186306066,397.3932433474
2,0,4.7477e-07,5.6221366635,224.4566702865
2,0,4.3525e-07,3.17935260457,25.8634950965
2,0,4.0051e-07,3.79235506158,306.830642101
2,0,4.7665e-07,4.06141529894,73.0846775379
2,0,4.017e-07,2.45770060358,164.5410506616
2,0,3.7768e-07,5.10288059528,91.2439248026
2,0,4.7287e-07,1.81083449786,199.2844497575
2,0,3.5861e-07,4.71491046915,136.0698163159
2,0,3.9296e-07,4.64777796591,29.226199388
2,0,5.0065e-07,2.94906045687,51.8870488874
2,0,4.7358e-07,0.94380667353,836.5216071956
2,0,4.494e-07,2.63982634792,142.1408335931
2,0,4.6274e-07,6.2443837503,833.552661779
2,0,4.3875e-07,4.01578111231,57.1436161644
2,0,3.6388e-07,2.84792168696,165.6048322446
2,0,4.0903e-07,0.28712839168,411.620337349
2,0,3.738e-07,1.64167768184,180.1619946463
2,0,3.7167e-07,4.4930246092,226.7924762567
2,0,3.5944e-07,0.68720378876,184.0941479094
2,0,3.3709e-07,3.1181803079,77.0692204277
2,0,3.5019e-07,4.74760141554,35.685355083
2,0,3.2558e-07,5.73366744278,1.3725981237
2,0,3.4531e-07,4.78443809928,132.8884225782
2,0,3.7298e-07,4.64646918432,0.8031491521
2,0,3.6838e-07,3.14836254781,215.4379594521
2,0,3.352e-07,5.76793055388,248.7238180901
2,0,3.7511e-07,4.02111882433,94.4253185403
2,0,4.1562e-07,2.19963752791,163.5778428151
2,0,3.4188e-07,2.03037659091,335.7749571987
2,0,3.0713e-07,4.33324653529,31.5407534988
2,0,3.7212e-07,4.24423846684,93.7921790939
2,0,3.8967e-07,5.47430356472,142.6620984549
2,0,3.0838e-07,5.30049970793,90.8232336773
2,0,3.7309e-07,5.79272926143,124.5028511902
2,0,3.6881e-07,2.80082144083,75.3722993983
2,0,3.6881e-07,1.87858099517,74.1908977363
2,0,2.9994e-07,5.29887577504,530.6541729411
2,0,2.932e-07,4.04523159344,745.277682393
2,0,3.9558e-07,5.86592561925,58.6280888727
2,0,3.1552e-07,3.77229684904,8.9068362498
2,0,3.2231e-07,0.69404916107,80.4106728598
2,0,2.9341e-07,4.80197600433,32.2433289144
2,0,3.9957e-07,1.7149553142,1744.8558675419
2,0,3.4894e-07,3.35588948339,143.3434220111
2,0,3.4738e-07,4.24812442276,42.5382696529
2,0,3.3579e-07,2.35670120676,92.0470739547
2,0,2.9397e-07,1.3888915274,958.576777831
2,0,2.9047e-07,2.54832074149,114.9416236346
2,0,2.8957e-07,2.18112842604,528.7277572481
2,0,2.9867e-07,3.73972221138,100.6450936638
2,0,2.7969e-07,0.61782090444,0.7507595254
2,0,3.4543e-07,2.36055310688,326.8681209489
2,0,3.4957e-07,0.34059593072,229.0800981171
2,0,2.6858e-07,1.15133785291,55.1378785943
2,0,2.9985e-07,4.74522232026,90.2807169561
2,0,3.2127e-07,4.54419877632,48.7580447764
2,0,3.2003e-07,3.49913714494,216.2680408546
2,0,2.8073e-07,5.56516198967,123.5396433437
2,0,2.7051e-07,1.46048880013,27.7204748203
2,0,2.7412e-07,3.17327799326,221.1634019642
2,0,3.3594e-07,2.01380545416,157.2674449664
2,0,3.7009e-07,5.77608967408,4.7353024152
2,0,3.1328e-07,2.0704362678,66.1835788582
2,0,2.7737e-07,0.71377469191,141.6988906084
2,0,2.6861e-07,3.33466740983,151.260118164
2,0,2.5516e-07,0.94690360002,284.1485407422
2,0,2.9332e-07,0.72314041835,8.5980197091
2,0,3.2143e-07,3.34008688936,1033.3583763983
2,0,2.6982e-07,2.84411833096,11.1575748485
2,0,3.4665e-07,5.24249308046,367.9701020033
2,0,2.6014e-07,4.66149750775,447.2051186955
2,0,3.309e-07,4.94655582915,54.2865453324
2,0,2.5835e-07,3.54054842127,68.3011910129
2,0,2.4959e-07,5.49903630568,275.5505210331
2,0,2.4051e-07,0.027169674,328.2407190726
2,0,2.6341e-07,1.11426693133,40.1600250673
2,0,2.3755e-07,6.1035048799,969.6224780949
2,0,2.5931e-07,0.50543349829,3.6233367224
2,0,3.2528e-07,0.2078472693,619.2903584945
2,0,2.5701e-07,0.62652000537,75.8935642601
2,0,2.5701e-07,4.05288243063,73.6696328745
2,0,2.8109e-07,6.07343558644,10.9338256793
2,0,3.0666e-07,1.81550555962,1140.38330388
2,0,2.5568e-07,0.30969823578,58.319272332
2,0,2.9542e-07,0.38908166418,565.1156877467
2,0,2.2965e-07,0.17434191029,188.9200730498
2,0,2.4997e-07,2.87330598675,2.2876218604
2,0,3.1e-07,0.899067242,227.5261894396
2,0,3.0628e-07,5.09784088338,90.9351082619
2,0,3.1484e-07,1.73913654546,97.6761482472
2,0,2.748e-07,2.89233602186,25.2727942655
2,0,2.9792e-07,5.551719851,616.3214130779
2,0,2.2571e-07,2.16687004586,70.6369969831
2,0,3.1058e-07,1.43279206593,401.6497195162
2,0,2.8415e-07,4.12348230751,405.9912630565
2,0,2.7161e-07,4.0902583561,104.8378793578
2,0,2.2243e-07,5.02281912723,85.9391734158
2,0,2.1822e-07,3.86589404722,34.6215735
2,0,2.3957e-07,3.62192659965,541.5398145106
2,0,2.3717e-07,3.96570662024,45.5553991793
2,0,2.3243e-07,1.06350780602,414.0680179038
2,0,2.4086e-07,2.70821760397,170.1701249541
2,0,2.8861e-07,0.64319686646,67.9286839974
2,0,2.2545e-07,2.64769317985,162.8965192589
2,0,2.2291e-07,0.79512014451,107.918699359
2,0,2.9192e-07,1.84655840013,1439.5096981492
2,0,2.2861e-07,1.72642949501,103.9865460959
2,0,2.1013e-07,1.29008318671,81.2620061217
2,0,2.4367e-07,4.94112415487,49.1787359017
2,0,2.3467e-07,3.95998507699,107.4980082337
2,0,2.0957e-07,2.51273700262,78.9262001515
2,0,2.508e-07,0.62990903054,92.4195809702
2,0,2.0122e-07,5.07116177077,140.9651774255
2,0,2.7799e-07,0.96209912473,369.4545747116
2,0,2.0414e-07,3.43556230714,221.8971151471
2,0,2.0276e-07,3.99181745831,43.2408450685
2,0,2.0094e-07,6.08072379833,143.9341228421
2,0,2.3389e-07,2.70050292963,52.1476813183
2,0,2.0822e-07,3.66007416491,77.489911553
2,0,2.0822e-07,1.01932827109,72.0732855816
2,0,1.9167e-07,2.51195058548,9.4011688612
2,0,2.213e-07,3.28604969599,252.0865223816
2,0,1.9238e-07,1.86487710128,144.8973306886
2,0,1.9379e-07,1.50967733121,22.8945496799
2,0,2.1476e-07,3.77193446657,104.0077979553
2,0,1.864e-07,1.24369440348,289.5651667136
2,0,2.2426e-07,2.04135195791,37.8724032069
2,0,2.3788e-07,5.93558688968,166.828672522
2,0,2.1707e-07,2.83253969325,31.2319369581
2,0,2.2639e-07,5.17912426997,248.4631856592
2,0,2.1539e-07,5.04355745874,64.4866578288
2,0,1.8477e-07,0.61233843943,381.0909758065
2,0,2.4739e-07,4.02369602783,81.6345131372
2,0,1.843e-07,3.77934306901,379.1645601135
2,0,1.8049e-07,2.3427018148,133.1008708993
2,0,2.0494e-07,1.10086101935,147.9668498417
2,0,2.4959e-07,3.08477269046,40.8413486235
2,0,2.0027e-07,2.84908153496,156.6767441354
2,0,2.1566e-07,5.83658853708,225.3080035484
2,0,1.7391e-07,2.86052058946,72.7758609972
2,0,1.762e-07,5.07184757883,303.0585475323
2,0,2.1389e-07,4.38799405242,232.0490435337
2,0,1.9107e-07,5.96319659112,17.6379824029
2,0,1.9829e-07,0.44940833294,531.978586955
2,0,2.3483e-07,3.29343789705,19.0105805266
2,0,1.698e-07,3.51859662271,75.2391729543
2,0,1.698e-07,1.16080581329,74.3240241803
2,0,2.232e-07,5.66281470091,10.0824924174
2,0,2.003e-07,0.25164752666,14.5571624017
2,0,1.6607e-07,1.4754608496,241.6102710893
2,0,1.6233e-07,3.9039945015,312.4597163935
2,0,1.8599e-07,4.26067496372,148.1905990109
2,0,2.1037e-07,4.42353418044,624.919432787
2,0,2.13e-07,6.02101806289,95.2766518022
2,0,1.6064e-07,6.13846823459,117.3198682202
2,0,2.1612e-07,4.01322800375,758.7710632117
2,0,2.0855e-07,3.17986464297,331.2096644892
2,0,1.8484e-07,1.63013404137,905.8865797915
2,0,1.7265e-07,0.34376874392,20.4468691251
2,0,2.1485e-07,5.60817683212,1670.0742689746
2,0,1.9349e-07,2.53812164115,363.5166838784
2,0,2.1183e-07,2.76279313413,129.9194771616
2,0,1.9142e-07,1.99614767689,408.4389436113
2,0,1.7881e-07,0.09108273346,190.665178189
2,0,1.6009e-07,0.73172853687,75.6116799698
2,0,1.6009e-07,3.94767389914,73.9515171648
2,0,1.8321e-07,5.20071762389,106.0135355254
2,0,1.9988e-07,4.01527692746,376.1956146969
2,0,1.846e-07,1.62901612902,135.336103133
2,0,1.4946e-07,4.73172529633,73.3453099688
2,0,1.4946e-07,3.08926979326,76.2178871658
2,0,1.4826e-07,5.27106391752,63.847772888
2,0,1.4632e-07,3.70605916082,610.6923387854
2,0,1.4573e-07,5.69303672241,76.3142553854
2,0,1.4573e-07,2.12795836718,73.2489417492
2,0,1.4515e-07,6.13046180828,63.6240237188
2,0,1.8651e-07,0.33014377517,107.0249274817
2,0,1.5824e-07,1.02280522095,194.2885149114
2,0,1.4109e-07,6.15042431458,535.9107402181
2,0,1.9143e-07,4.20856207695,154.2984995498
2,0,1.735e-07,4.77489944031,378.6432952517
2,0,1.709e-07,5.84373455865,85.0765393058
2,0,1.7407e-07,2.05882445866,550.1378342197
2,0,1.3418e-07,2.06565331098,69.7856637212
2,0,1.3545e-07,2.20526550754,280.9671470045
2,0,1.6062e-07,0.58179678004,73.0364934281
2,0,1.6062e-07,0.95601300237,76.5267037065
2,0,1.5772e-07,3.90429897443,193.655375465
2,0,1.5368e-07,3.62887419403,60.5545045657
2,0,1.3244e-07,3.08157777565,501.3797894433
2,0,1.3094e-07,2.58882404011,12.0089081104
2,0,1.5317e-07,2.17090544987,134.0640787458
2,0,1.5934e-07,2.11466320925,703.6331846174
2,0,1.3153e-07,1.19799339989,224.8660605637
2,0,1.2895e-07,5.7031771597,883.7951792637
2,0,1.6329e-07,5.5272412772,176.6505325085
2,0,1.4158e-07,5.60862153409,147.5574595645
2,0,1.4094e-07,6.17561270564,39.0962434843
2,0,1.2513e-07,1.91122287401,195.7729876197
2,0,1.3295e-07,2.360963955,322.6116447801
2,0,1.3527e-07,3.07687060542,76.1060125812
2,0,1.3527e-07,4.74412448417,73.4571845534
2,0,1.3958e-07,4.4859144908,60.112561581
2,0,1.6443e-07,2.74987558168,83.3796182764
2,0,1.2655e-07,3.4798851095,749.2098356561
2,0,1.651e-07,3.74296742734,121.8427223143
2,0,1.6814e-07,4.41075674576,336.8387387817
2,0,1.2292e-07,2.75806341567,79.7775334134
2,0,1.651e-07,5.52233148572,285.1117485887
2,0,1.5553e-07,2.92654153303,64.6991061499
2,0,1.2189e-07,2.65532986668,842.1506814881
2,0,1.6677e-07,5.76088073458,381.6122406683
2,0,1.1943e-07,0.42213661289,59.2824801785
2,0,1.3363e-07,4.43976529562,172.1971143836
2,0,1.6588e-07,1.6105462141,438.2982824457
2,0,1.1847e-07,1.60289765228,417.0369633204
2,0,1.4834e-07,0.90690489444,115.3623147599
2,0,1.3008e-07,2.89351174908,1097.0942747017
2,0,1.5159e-07,4.9313009729,118.0706277456
2,0,1.4519e-07,0.73690474458,1819.6374661092
2,0,1.1811e-07,3.34660929802,34.5309507748
2,0,1.3353e-07,3.47302692091,288.7350853111
2,0,1.2331e-07,2.92269904453,83.6884348171
2,0,1.1578e-07,0.67710449732,65.3322455963
2,0,1.2173e-07,0.17117716363,44.0921783304
2,0,1.1367e-07,2.45902849811,59.5912967192
2,0,1.1935e-07,1.3810469113,256.4280659219
2,0,1.1301e-07,4.33131047313,164.1203595363
2,0,1.5572e-07,2.77819126893,1059.3819301892
2,0,1.109e-07,2.16461595995,55.8715917772
2,0,1.4191e-07,1.71094245264,124.2904028691
2,0,1.4583e-07,1.199845116,406.1031376411
2,0,1.0768e-07,1.6822527379,466.7582159433
2,0,1.4342e-07,5.38282831087,404.6186649328
2,0,1.4813e-07,2.99911907613,47.061123747
2,0,1.2785e-07,0.10611241376,205.2223405907
2,0,1.0863e-07,1.57144632008,229.7614216733
2,0,1.0621e-07,0.35908343988,11.848849416
2,0,1.0749e-07,1.01461165684,151.850818995
2,0,1.167e-07,4.42259077763,308.6876218248
2,0,1.0623e-07,1.71988698919,263.0203480609
2,0,1.4228e-07,1.61253324116,84.8640909847
2,0,1.2571e-07,0.54413812047,113.8778420516
2,0,1.0562e-07,1.47699734752,1108.1399749656
2,0,1.2234e-07,1.57689217779,118.8737768977
2,0,1.0485e-07,5.82765239186,105.380396079
2,0,1.0472e-07,0.27867447645,49.5088043018
2,0,1.2612e-07,3.14058189465,353.301065017
2,0,1.2785e-07,2.00022068392,757.8078553652
2,0,1.1539e-07,5.68756950373,75.3510475389
2,0,1.1539e-07,5.27501823945,74.2121495957
2,0,1.2272e-07,5.0635530323,1171.875873269
2,0,1.0737e-07,2.71181422069,552.5855147745
2,0,1.2562e-07,4.92895921367,109.3125493421
2,0,1.1375e-07,3.81808860702,546.956440482
2,0,1.1684e-07,1.21377406309,180.7951340927
2,0,1.0812e-07,0.46430555571,89.0086925689
2,0,1.0443e-07,0.81812110978,361.3778198643
2,0,9.949e-08,5.61451137404,422.6660376129
2,0,1.1051e-07,5.41716692141,544.5087599272
2,0,9.781e-08,4.00229890423,84.2309515383
2,0,1.0654e-07,3.65009209614,263.962304048
2,0,1.1318e-07,5.77251608576,43.5496616092
2,0,1.0734e-07,0.19349032271,89.4506355536
2,0,1.0593e-07,2.48672884196,71.7007785661
2,0,1.1184e-07,2.96936696687,150.3663462867
2,0,1.0242e-07,4.1747224069,177.3049238143
2,0,9.899e-08,0.2232005695,207.8824694666
2,0,9.406e-08,5.72421215324,69.3125829692
2,0,9.406e-08,5.23837558994,80.2506141654
2,0,1.0031e-07,2.07665198858,63.9965307343
2,0,1.0094e-07,5.8796175351,69.9556734269
2,0,1.0841e-07,5.97074169778,483.2205421786
2,0,1.1965e-07,0.93110019198,754.8389099486
2,0,9.71e-08,1.2026940152,217.4436970222
2,0,1.2674e-07,3.40700922514,337.8019466282
2,0,9.823e-08,5.1683230025,153.186533857
2,0,1.0267e-07,5.20465459401,680.0573113813
2,0,1.1562e-07,5.23123134702,827.9235874865
2,0,1.0929e-07,3.11765296554,318.679491517
2,0,1.0742e-07,2.74602550756,400.1652468079
2,0,9.954e-08,5.11935965746,79.6075237077
2,0,1.0258e-07,2.86914578171,443.8636662634
2,0,1.1193e-07,1.53824976312,112.6540017742
2,0,1.0112e-07,4.8146577055,196.6243208816
2,0,1.1236e-07,3.603228812,679.2541622292
2,0,1.0391e-07,4.2874097908,30.5987975117
2,0,1.1035e-07,5.0530650135,204.7010757289
2,0,1.0257e-07,4.72952295598,30.6894202369
2,0,9.597e-08,4.87795279417,292.0128472684
2,0,8.297e-08,1.387431353,674.4282370888
2,0,9.433e-08,2.11672031795,670.4960838257
2,0,9.226e-08,5.2594801274,73.8665748306
2,0,9.226e-08,5.70310761578,75.696622304
2,0,8.939e-08,3.07673404041,89.5993933999
2,0,9.33e-08,6.27464135739,52.8020726241
2,0,9.204e-08,2.03165690946,223.3815878554
2,0,8.087e-08,0.84671801172,1022.3126761344
2,0,8.842e-08,2.84360080314,437.6438911399
2,0,8.044e-08,0.83166336147,77.1174045375
2,0,8.044e-08,3.84773907453,72.4457925971
2,0,9.956e-08,3.13550139505,366.485629295
2,0,7.894e-08,2.51479045228,93.6916053574
2,0,9.501e-08,3.98117068682,156.4642958143
2,0,9.347e-08,0.34595654844,156.9855606761
2,0,8.617e-08,2.59732031386,85.5666664003
2,0,8.225e-08,5.33680321913,216.4804891757
2,0,8.401e-08,2.7146471403,329.8370663655
2,0,7.936e-08,2.06795339406,108.982480942
2,0,8.607e-08,4.69707918551,62.9327491513
2,0,1.0505e-07,1.49273427538,210.8514148832
2,0,8.92e-08,0.85529826739,118.0224436358
2,0,7.747e-08,4.85251993051,208.8456773131
2,0,7.543e-08,3.14113560246,77.016830801
2,0,7.543e-08,4.67985948713,72.5463663336
2,0,8.486e-08,3.16231049397,77.8624185685
2,0,7.93e-08,5.13848606814,230.9370778409
2,0,7.488e-08,2.09615005282,89.9719004154
2,0,8.34e-08,3.52186355299,37.1698277913
2,0,7.543e-08,5.6510778115,75.5153117502
2,0,7.543e-08,2.16991727809,74.0478853844
2,0,9.123e-08,1.47378498626,683.9894646444
2,0,8.473e-08,3.11905002019,71.0095039986
2,0,8.473e-08,1.56035241581,78.553693136
2,0,8.637e-08,4.56259611109,253.4591205053
2,0,7.84e-08,3.4339120611,1044.4040766622
2,0,7.312e-08,0.20999433254,369.0820676961
2,0,9.186e-08,1.99613458826,100.8051523582
2,0,7.227e-08,5.27786714168,131.9252147317
2,0,7.647e-08,0.27276712122,148.6694252573
2,0,7.673e-08,3.99246895228,241.8709035202
2,0,8.239e-08,2.52689364089,115.6229471908
2,0,8.505e-08,3.9267440053,20.4950532349
2,0,8.732e-08,3.10661058228,36.9091953604
2,0,8.904e-08,1.84053282944,59.9638037347
2,0,7.003e-08,5.60751778626,144.4553877039
2,0,8.055e-08,1.54563741873,175.4266922311
2,0,7.93e-08,3.93554290215,140.6563608848
2,0,7.954e-08,4.06223295515,86.7905066777
2,0,6.971e-08,1.96112655679,130.552616608
2,0,7.835e-08,3.64665015583,325.3836482406
2,0,7.607e-08,5.47726914934,409.0720830577
2,0,7.074e-08,5.74851895878,350.3321196004
2,0,8.543e-08,4.21577343156,304.1223291153
2,0,7.388e-08,2.81311142997,33.0252262071
2,0,6.809e-08,1.02610659483,561.1835344836
2,0,9.209e-08,1.79255399765,474.9468453752
2,0,7.31e-08,0.91958252559,21.1494445407
2,0,7.536e-08,1.59048100371,425.1137181677
2,0,6.559e-08,2.37613579061,129.1163280095
2,0,6.623e-08,2.99305112717,44.6134431922
2,0,6.791e-08,5.6645377665,41.7563723602
2,0,6.957e-08,3.22863530078,753.1419889192
2,0,6.851e-08,2.70895202823,301.4140161296
2,0,8.444e-08,4.00381650923,344.7030453079
2,0,8.617e-08,3.14518586851,150.4569690119
2,0,8.448e-08,4.10192395818,249.9476583675
2,0,7.676e-08,4.83442648042,60.2244361656
2,0,8.927e-08,0.03475451069,749.5823426716
2,0,7.702e-08,0.93795377619,237.4174853953
2,0,7.174e-08,5.62425988881,445.7206459872
2,0,8.136e-08,2.59047898473,927.9779803193
2,0,7.105e-08,0.9744799519,6456.8800576977
2,0,7.753e-08,4.97931501017,259.769518354
2,0,7.998e-08,3.3331730374,403.1341922245
2,0,8.396e-08,5.65756277879,514.7131115676
2,0,7.507e-08,1.58185957582,298.2326223919
2,0,6.716e-08,3.41190297117,810.6581120991
2,0,6.636e-08,2.29732416607,497.4476361802
2,0,8.204e-08,6.11947201971,763.4369296577
2,0,7.31e-08,4.44939190727,188.6594406189
2,0,6.185e-08,3.32365881402,401.5378449316
2,0,6.266e-08,3.00305385805,14.8177948326
2,0,6.391e-08,2.36254726924,212.3358875915
2,0,6.736e-08,5.90647943809,271.61836777
2,0,7.863e-08,3.74840739322,688.6553310904
2,0,6.511e-08,5.73708048389,214.2623032845
2,0,7.626e-08,5.84248316757,21.9795259432
2,0,6.593e-08,0.92513779202,230.8252032563
2,0,7.097e-08,0.55476052949,62.7726904569
2,0,6.285e-08,2.50242046736,262.0571402144
2,0,7.294e-08,5.22341373335,139.4807047172
2,0,7.446e-08,0.25886416117,396.5419100855
2,0,6.091e-08,1.01124713854,112.3933693433
2,0,8.032e-08,0.83846257555,223.8235308401
2,0,5.742e-08,4.76669456538,20202.22629672009
2,0,7.25e-08,5.71919114487,1065.6017053127
2,0,6.665e-08,2.98305275448,436.8138097374
2,0,7.231e-08,5.43466319964,267.2131337549
2,0,6.949e-08,3.01532739453,197.7999770492
2,0,6.362e-08,2.10485537221,33.9402499438
2,0,6.445e-08,5.63279998806,332.1728723357
2,0,5.915e-08,3.81845923426,87.0511391086
2,0,5.915e-08,0.86094320174,62.512058026
2,0,5.541e-08,2.05931234771,21.1976286505
2,0,6.293e-08,2.98872336268,178.1350052168
2,0,6.922e-08,3.28593901075,407.5876103494
2,0,5.625e-08,0.99982812641,42.0651889009
2,0,5.495e-08,0.83010161211,158.9643659958
2,0,5.484e-08,2.05186117586,293.7097682978
2,0,5.543e-08,5.96744481273,188.2387494936
2,0,6.364e-08,3.80553369638,809.0135806964
2,0,5.577e-08,4.10482519606,168.6856522458
2,0,6.551e-08,0.83934641149,1514.2912967165
2,0,7.077e-08,5.51744981315,441.2672278623
2,0,6.689e-08,5.42351008501,170.7126416753
2,0,6.276e-08,4.68795182405,96.7611245105
2,0,7.57e-08,1.01180557606,358.9301393095
2,0,5.509e-08,4.78231890598,1235.6117715724
2,0,6.352e-08,3.79204185042,369.9758395734
2,0,5.383e-08,6.27032111126,817.7716590999
2,0,5.492e-08,0.69694956792,89.338760969
2,0,5.488e-08,2.09536181568,136.2298750103
2,0,6.116e-08,2.19989108028,252.6559713532
2,0,5.209e-08,0.50325710014,354.9979860464
2,0,6.649e-08,3.14952088065,5994.9951559861
2,0,6.243e-08,0.48442739628,86.6304479833
2,0,5.46e-08,5.8654453114,27.7417266797
2,0,6.432e-08,3.35626050583,524.2743391232
2,0,6.045e-08,2.75503960638,181.0557665236
2,0,7.138e-08,3.09631574158,2199.7652340692
2,0,5.574e-08,6.17476595947,358.4088744477
2,0,5.121e-08,1.19398299131,823.9914342234
2,0,5.631e-08,2.90023214886,67.8804998876
2,0,5.479e-08,2.12392901319,229.340730548
2,0,5.296e-08,1.73996111678,65.8747623175
2,0,4.956e-08,2.5739948133,450.1740641121
2,0,5.382e-08,5.25698246848,269.9214467406
2,0,4.899e-08,1.1897547801,123.0183784819
2,0,5.115e-08,4.35560444308,691.1030116452
2,0,6.347e-08,4.93421901844,300.8927512678
2,0,5.407e-08,2.11877006223,147.9186657319
2,0,5.61e-08,4.82031208158,164.3809919672
2,0,5.903e-08,3.13251711248,1595.2926704073
2,0,6.409e-08,4.61295823604,9925.2048522057
2,0,5.054e-08,1.52779715235,343.7398374614
2,0,5.898e-08,1.1716891417,711.4493070338
2,0,5.465e-08,4.18395388726,49.6518166537
2,0,4.962e-08,1.68095727826,40.2506477925
2,0,6.619e-08,5.58001607792,104.5772469269
2,0,6.198e-08,4.10613906306,29.7474642498
2,0,5.637e-08,4.27082303931,461.1291416508
2,0,5.966e-08,6.21670107028,475.3562356524
2,0,4.734e-08,3.12449796048,1246.6574718363
2,0,5.562e-08,1.99066275349,97.4155158163
2,0,5.517e-08,0.15734159045,85.7154242466
2,0,5.675e-08,3.90753165469,373.0142209592
2,0,5.678e-08,2.45575163692,1291.4309737229
2,0,5.473e-08,1.31181892044,118.8525250383
2,0,5.562e-08,4.75165226491,469.7271613599
2,0,4.792e-08,3.51144392647,257.3912737684
2,0,5.402e-08,4.88902304378,170.0100662597
2,0,4.598e-08,2.05332533302,155.1922714271
2,0,6.214e-08,1.3505241176,442.7517005706
2,0,4.98e-08,3.11819833041,527.2432845398
2,0,5.988e-08,0.50320541583,194.1766403268
2,0,6.196e-08,3.32366686883,612.1768114937
2,0,4.509e-08,2.39066728384,106.4342266507
2,0,4.989e-08,3.48472287325,53.653405886
2,0,6.128e-08,1.41218645179,1288.4620283063
2,0,4.508e-08,5.33731589869,240.3864308119
2,0,6.167e-08,2.29263489637,206.706813299
2,0,4.598e-08,1.27745263577,224.084163271
2,0,4.907e-08,1.07886754186,470.6903692064
2,0,5.173e-08,4.1411476579,635.9651330509
2,0,4.359e-08,3.91866659735,294.3004691288
2,0,4.518e-08,5.13302342435,529.851023789
2,0,4.648e-08,3.41738055483,191.3195694948
2,0,4.527e-08,4.89681935281,100.0543928328
2,0,4.675e-08,0.74793286059,818.574808252
2,0,4.894e-08,4.91824021653,127.5836711914
2,0,4.503e-08,2.34824315382,529.5309064002
2,0,5.755e-08,3.47614160575,896.3253522359
2,0,5.038e-08,2.04655318056,346.3999663373
2,0,5.109e-08,5.61003161097,44.9859502077
2,0,5.415e-08,1.93853282815,193.9160078959
2,0,4.87e-08,3.01914083748,1072.7152523135
2,0,4.502e-08,5.84898608016,523.4711899711
2,0,5.508e-08,4.72051414998,487.8864086246
2,0,5.946e-08,4.65667500042,457.1969883877
2,0,4.672e-08,2.79859052481,178.677521938
2,0,4.318e-08,0.99378487572,1578.0271950199
2,0,4.654e-08,3.23017033482,316.3918696566
2,0,5.743e-08,3.56115198872,246.4361962297
2,0,5.256e-08,0.82645339083,453.424893819
2,0,5.38e-08,3.43490881372,444.2361732789
2,0,5.597e-08,0.78287898333,771.1042942278
2,0,4.689e-08,4.33230942667,213.9534867438
2,0,5.661e-08,0.85799990392,315.1680293792
2,0,4.91e-08,4.65280709692,1019.7644218431
2,0,4.836e-08,2.67069000347,555.5544601911
2,0,5.667e-08,5.1083123791,476.3194434989
2,0,4.814e-08,4.45560046617,3041.4860324306
2,0,4.196e-08,5.8326573273,181.6464673546
2,0,5.081e-08,5.50274003196,223.4510238246
2,0,4.121e-08,2.65208008966,95.9792272178
2,0,4.119e-08,2.13510129984,2120.2483330867
2,0,4.381e-08,3.00238354556,192.8040422031
2,0,4.915e-08,5.97704604569,280.003939158
2,0,4.692e-08,0.21351515154,335.1418177523
2,0,4.739e-08,2.6562410421,25788.776747305
2,0,4.505e-08,0.42320594676,158.7519176747
2,0,5.697e-08,2.84928936803,772.5887669361
2,0,5.524e-08,4.68675383722,491.8185618877
2,0,4.207e-08,0.70498638267,1158.5425511447
2,0,4.302e-08,2.50410696302,99.8419445117
2,0,4.499e-08,1.69054737728,227.5956254088
2,0,4.986e-08,0.94681765821,683.0262567979
2,0,5.388e-08,0.76342177995,236.5024616586
2,0,5.239e-08,3.48835357503,236.1936451179
2,0,5.42e-08,3.85541340494,196.8367692027
2,0,3.985e-08,1.74985561339,765.8846102125
2,0,5.017e-08,2.82902794302,305.6068018236
2,0,5.549e-08,2.55013138496,296.7481496836
2,0,3.959e-08,3.93854751155,150.9357952583
2,0,3.964e-08,5.16439207994,898.7730327907
2,0,4.546e-08,0.76152857132,44.1828010556
2,0,4.191e-08,1.28952699952,305.4580439773
2,0,3.906e-08,1.61614597487,36.1754821775
2,0,4.353e-08,6.26093399379,1360.7959463188
2,0,3.887e-08,5.52990086078,1020.025054274
2,0,3.999e-08,5.39158640547,55.8192021505
2,0,3.999e-08,5.57100133771,93.7439949841
2,0,4.086e-08,2.8247626011,168.5737776612
2,0,4.059e-08,3.71867492753,605.275712814
2,0,4.152e-08,2.40430598219,957.0923051227
2,0,4.621e-08,4.84012764065,887.7273325268
2,0,3.988e-08,4.8891715938,838.218528225
2,0,4.087e-08,3.31579342541,770.3380283374
2,0,3.954e-08,2.90730336124,383.3091616977
2,0,4.413e-08,4.73853343073,215.7467759928
2,0,3.919e-08,5.97203131124,325.9530972122
2,0,3.864e-08,4.39331560943,661.0949149645
2,0,3.999e-08,1.24873798049,532.8723588323
2,0,3.829e-08,0.14712587806,627.3671133418
2,0,4.658e-08,1.00953022027,621.7380390493
2,0,4.055e-08,5.20456503366,139.1718881765
2,0,4.774e-08,3.44138717156,379.0158022672
2,0,3.836e-08,5.86821877824,980.6681783588
2,0,4.3e-08,5.49265158827,302.637856407
2,0,3.731e-08,2.11144668658,138.4056222861
2,0,4.472e-08,3.91234474083,302.3772239761
2,0,4.415e-08,3.74731379047,484.917463208
2,0,3.879e-08,3.47723723889,525.4981794006
2,0,4.584e-08,2.02399047239,30.1681553751
2,0,4.326e-08,6.02567448655,1325.3712236667
2,0,4.43e-08,2.72703097214,781.5961769224
2,0,3.918e-08,3.85941866753,367.8582274187
2,0,3.721e-08,0.8918996047,1474.9344208013
2,0,4.77e-08,2.09028108448,589.3459522886
2,0,5.123e-08,0.20460862447,786.2309056011
2,0,3.737e-08,4.07017660543,909.9306076392
2,0,4.851e-08,2.61214772786,893.3564068193
2,0,3.662e-08,1.79348143509,137.5542890242
2,0,4.682e-08,4.98128078945,374.7111419886
2,0,4.268e-08,4.11953895138,847.5673074595
2,0,3.781e-08,1.78800192594,1041.2226829245
2,0,4.629e-08,5.06095468669,324.7292569348
2,0,3.764e-08,3.93531242815,68.631259413
2,0,3.764e-08,3.88568266144,80.9319377216
2,0,4.074e-08,5.32356906771,121.2520214833
2,0,3.647e-08,0.3727108398,154.5591319807
2,0,4.248e-08,1.59557710453,291.1190753911
2,0,3.625e-08,5.03930311956,243.0947437976
2,0,4.702e-08,4.20458650202,292.8159964205
2,0,3.671e-08,2.67932521049,699.7010313543
2,0,4.647e-08,4.59791942784,700.7761137854
2,0,4.582e-08,4.27719752642,119.3950417595
2,0,3.607e-08,2.92960383588,812.9457339595
2,0,4.176e-08,4.53729438891,305.2342948081
2,0,4.107e-08,3.02040976577,1169.3276189777
2,0,4.274e-08,5.55202962588,310.9752436852
2,0,4.644e-08,4.88019478247,636.6677084665
2,0,4.216e-08,1.8317440968,473.659314623
2,0,3.589e-08,4.99117677975,1340.3490771937
2,0,4.183e-08,4.66392569183,1574.8458012822
2,0,4.02e-08,4.11186979424,356.9244017394
2,0,4.67e-08,1.56528512709,695.0351649083
2,0,3.845e-08,4.50189530325,419.4846438752
2,0,3.973e-08,3.86247061466,523.7530742614
2,0,4.284e-08,5.48575256159,686.958410061
2,0,4.097e-08,1.83593259138,6137.4448061199
2,0,4.758e-08,1.54259600301,901.9544265284
2,0,4.866e-08,0.38498763434,822.8794685306
2,0,3.661e-08,1.38674719917,320.1639642253
2,0,4.418e-08,6.09138093441,658.6472344097
2,0,3.744e-08,0.23704621175,1254.5217783625
2,0,4.11e-08,0.50850463101,511.5317178299
2,0,3.432e-08,4.78365888244,694.0719570618
2,0,3.863e-08,5.74425607755,48.2367799146
2,0,3.837e-08,1.38885578297,761.7400086283
2,0,4.432e-08,5.42306462039,1685.0521225016
2,0,3.835e-08,0.13280488709,313.42292424
2,0,4.779e-08,2.94544355989,16.6110840816
2,0,3.364e-08,5.63413232593,1049.8207026336
2,0,4.033e-08,3.10416870974,548.6533615114
2,0,3.551e-08,5.33275323151,1385.174968707
2,0,4.361e-08,4.27096901239,1031.87390369
2,0,3.751e-08,0.56092257594,1282.8329540138
2,0,4.206e-08,0.51867441574,435.1962105851
2,0,4.643e-08,5.10102532835,6170.1612157863
2,0,3.76e-08,5.29873313532,314.9073969483
2,0,3.474e-08,1.81599961423,182.6096752011
2,0,3.898e-08,4.83910213339,1056.4129847726
2,0,3.948e-08,3.45809672503,270.1820791715
2,0,4.025e-08,6.22179651521,432.2272651685
2,0,3.592e-08,4.53264605132,250.6020496733
2,0,3.866e-08,3.25864749062,10067.6545023395
2,0,3.972e-08,4.86850120198,185.5786206177
2,0,3.287e-08,5.02792890637,321.7603115182
2,0,4.589e-08,6.17659620498,25483.43057791229
2,0,4.308e-08,1.72886095548,516.0488264296
2,0,3.824e-08,4.86838182782,6129.5804995937
2,0,3.914e-08,1.59286207365,254.0922599517
2,0,4.276e-08,5.28912748249,1034.8428491066
2,0,4.58e-08,1.6935875859,2736.1398630379
2,0,3.932e-08,5.67503368913,16.1535096946
2,0,4.157e-08,4.37604672561,771.3012361839
2,0,3.357e-08,5.2659905955,1182.9215735329
2,0,3.802e-08,0.31702655607,498.4108440267
2,0,4.524e-08,2.81439668092,526.9826521089
2,0,4.197e-08,0.13935063439,630.3360587584
2,0,3.98e-08,0.47806410404,433.190473015
2,0,3.885e-08,5.95792292094,442.639825986
2,0,3.519e-08,1.85756489257,613.8737325231
2,0,3.513e-08,2.88278756465,188.0263011725
2,0,3.436e-08,2.22930515523,517.4214245533
2,0,4.478e-08,3.59865678356,439.782755154
2,0,3.18e-08,4.31533563775,280.2163874791
2,0,3.268e-08,2.43000508529,59.0005958882
2,0,3.917e-08,3.58109182364,487.1045113319
2,0,3.161e-08,0.04314663008,2002.9808544932
2,0,4.307e-08,3.08432026736,269.0701134787
2,0,3.534e-08,4.93365648849,78039.36462902068
2,0,3.334e-08,5.87424656754,409.9234163196
2,0,3.534e-08,1.66332277497,293.188503436
2,0,3.178e-08,4.19263695155,1886.5547581503
2,0,4.221e-08,3.28486189404,102.5020733876
2,0,3.88e-08,6.15502337563,395.0574373772
2,0,3.252e-08,5.49171969627,1016.0929010109
2,0,3.211e-08,3.96787240218,151.5689347047
2,0,3.204e-08,5.65877015739,1134.1635287565
2,0,3.516e-08,2.35584399507,470.4934272503
2,0,3.36e-08,6.04785619263,391.976617376
2,0,4.375e-08,0.24053416584,10100.3709120059
2,0,3.602e-08,1.87398401659,450.7165808333
2,0,3.39e-08,3.8299290033,5909.1678571549
2,0,3.129e-08,5.68080322,367.5975949878
2,0,3.895e-08,5.38443342197,908.3342603463
2,0,3.088e-08,2.91502414964,828.8173593638
2,0,4.286e-08,2.93382005841,502.8642621516
2,0,3.547e-08,5.90190558732,38.6061163898
2,0,3.069e-08,2.00421290803,53.3233374859
2,0,3.066e-08,3.18232490188,978.9712573294
2,0,3.876e-08,5.24050330423,757.2865905034
2,0,3.602e-08,0.00785737841,10059.7901958133
2,0,3.701e-08,3.32793381044,669.0116111174
2,0,3.492e-08,3.18924557683,473.4623726669
2,0,3.277e-08,5.58265745425,302.8984888379
2,0,3.972e-08,0.62147303592,980.146913497
2,0,3.045e-08,0.45901625314,1190.7858800591
2,0,3.556e-08,1.72055863101,366.1131222795
2,0,3.047e-08,2.13930792847,74.5691502462
2,0,3.047e-08,5.68168716112,74.9940468884
2,0,3.604e-08,3.76279864957,362.0322111701
2,0,3.631e-08,3.4801792005,2175.386211681
2,0,4.281e-08,6.17088765144,469.1364605289
2,0,4.032e-08,2.53505702317,243.3553762285
2,0,3.319e-08,5.00194008223,102.523325247
2,0,3.678e-08,2.04259335984,798.3885715578
2,0,3.02e-08,1.70332824071,643.8294395771
2,0,3.542e-08,1.77314432935,376.9463742223
2,0,4.108e-08,3.83404968637,488.8496164711
2,0,3.154e-08,5.49016454601,6533.1461289733
2,0,3.365e-08,4.21348165403,1372.6447957348
2,0,3.45e-08,0.04029729019,1205.9761819072
2,0,2.993e-08,5.76942655237,182.279606801
2,0,3.359e-08,6.11527569072,576.1613880106
2,0,3.108e-08,3.36297518119,759.2923280735
2,0,4.142e-08,0.48490269718,614.8369403696
2,0,4.137e-08,1.16115371523,436.1594184316
2,0,3.894e-08,3.31652794041,1894.4190646765
2,0,4.107e-08,4.1350856042,549.7284439425
2,0,2.976e-08,4.40870494577,1095.6098019934
2,0,3.429e-08,2.03603945431,244.791664827
2,0,3.551e-08,4.79004764777,261.9565664779
2,0,3.571e-08,1.73924705151,245.5424243524
2,0,4.116e-08,0.91321363317,195.4004806042
2,0,3.764e-08,2.15920959028,751.0668153799
2,0,4.087e-08,5.51343159668,6663.2036179514
2,0,2.94e-08,0.97064608288,380.8785274854
2,0,2.922e-08,5.32735300987,94.7553869404
2,0,2.922e-08,5.63523473331,54.8078101942
2,0,2.944e-08,3.31043387588,1257.7031721002
2,0,3.189e-08,5.25244551844,9839.3775533745
2,0,3.792e-08,1.8388059869,1147.4968508808
2,0,2.928e-08,6.15649738369,47.2735720681
2,0,2.914e-08,3.4363776718,379.3770084346
2,0,4.097e-08,3.23026292909,2885.7030601725
2,0,3.882e-08,0.33608583935,583.4080614554
2,0,4.053e-08,1.43700749488,25632.99377504689
2,0,3.746e-08,5.29804876077,5985.4339284305
2,0,3.715e-08,1.78912631656,764.921402366
2,0,2.876e-08,2.46513366154,90.5626012464
2,0,3.84e-08,5.4503177863,827.1728279611
2,0,3.496e-08,1.71669892763,3114.7831582896
2,0,3.871e-08,1.99142366153,511.5954083047
2,0,2.948e-08,1.96340890716,78338.49102328988
2,0,2.901e-08,2.21466410541,493.5154829171
2,0,2.872e-08,4.3522736499,429.7795846137
2,0,2.938e-08,5.00889886419,590.2454696603
2,0,3.898e-08,2.74281508905,669.6929346736
2,0,3.354e-08,4.29548223894,632.0329797878
2,0,3.036e-08,2.72434442822,328.9220426288
2,0,3.002e-08,0.18956003485,1061.6695520496
2,0,3.276e-08,3.00636571119,520.129737539
2,0,3.016e-08,2.64916865285,132.5796060375
2,0,3.851e-08,4.25270851705,224.9354965329
2,0,3.686e-08,5.67893032773,477.9157907918
2,0,3.319e-08,1.5680829654,323.5054166574
2,0,3.801e-08,5.95545646315,3117.7521037062
2,0,2.836e-08,1.20341125847,373.535485821
2,0,3.186e-08,1.4450752555,53.6321540266
2,0,3.504e-08,0.1680484404,6272.0301497275
2,0,3.733e-08,1.03466079195,909.70685847
2,0,3.219e-08,1.56423135935,519.6084726772
2,0,3.184e-08,1.08716105218,5982.4649830139
2,0,3.789e-08,2.99891680203,1054.9285120643
2,0,2.984e-08,5.13821226511,162.635886828
2,0,3.563e-08,5.99821639641,1336.4169239306
2,0,2.902e-08,0.22050049109,47.2211824414
2,0,2.902e-08,4.45890194491,102.3420146932
2,0,3.516e-08,5.73369868016,1094.8066528413
2,0,3.254e-08,5.74820689948,482.3692089167
2,0,3.939e-08,1.61262063639,6096.8640899273
2,0,2.921e-08,1.87863990334,340.8827666294
2,0,2.802e-08,0.40865505421,1592.0418407004
2,0,3.387e-08,6.1993335152,25862.073873164
2,0,3.884e-08,0.65443948228,10593.413314171
2,0,2.852e-08,3.40843040314,2118.7638603784
2,0,2.854e-08,3.71549072767,227.9681324243
2,0,3.87e-08,0.74129906666,2124.9836355019
2,0,3.048e-08,4.51779447707,6530.1771835567
2,0,2.791e-08,1.68241228451,698.0041103249
2,0,3.265e-08,0.17507793485,265.7286610466
2,0,3.666e-08,3.65480173708,415.6643651967
2,0,3.43e-08,1.34035853413,748.0978699633
2,0,2.806e-08,4.02233962356,281.4884118663
2,0,2.775e-08,2.76210601485,551.7823656224
2,0,3.696e-08,4.1545320729,25865.04281858059
2,0,2.816e-08,0.52106074112,294.5611015597
2,0,2.804e-08,3.60450579406,2088.8081533244
2,0,2.766e-08,0.96756499866,1600.1185955477
2,0,2.753e-08,2.67377558669,1160.8301730051
2,0,3.634e-08,1.43359949431,77.6386693993
2,0,3.634e-08,0.1042102881,71.9245277353
2,0,3.082e-08,4.33431584897,436.7501192626
2,0,3.846e-08,4.2408756217,113.4571509263
2,0,2.933e-08,6.06497119365,829.6205085159
2,0,2.835e-08,4.82037050662,778.4147831847
2,0,3.31e-08,2.22728155735,201.2901873276
2,0,3.647e-08,1.66673052655,9991.9096959257
2,0,2.957e-08,2.32106806068,53.5839699168
2,0,2.835e-08,2.43989307879,323.2447842265
2,0,2.912e-08,4.17865979485,428.0826635843
2,0,3.176e-08,0.9026465778,529.4303326637
2,0,3.23e-08,4.0510192611,554.1818620674
2,0,3.594e-08,0.23253704183,6061.6999997061
2,0,3.56e-08,5.55379390271,623.4349600787
2,0,3.09e-08,0.25190671199,529.9515975255
2,0,2.843e-08,3.58407040366,1447.4263943021
2,0,2.762e-08,3.04100014906,465.273743235
2,0,2.975e-08,2.63804412296,224.1847370075
2,0,2.965e-08,2.13824743631,1586.1039498672
2,0,2.997e-08,3.56715815371,29.7956483596
2,0,3.017e-08,5.24948877556,829.4080601948
2,0,2.748e-08,3.72166746073,1755.9015678058
2,0,2.985e-08,2.48649457568,753.3544372403
2,0,2.708e-08,1.50130862618,457.3570470821
2,0,3.71e-08,1.48433193644,905.3653149297
2,0,2.723e-08,5.37610390085,1606.3383706712
2,0,3.498e-08,0.43668593773,9915.6436246501
2,0,2.713e-08,4.37303090454,1533.2536931333
2,0,2.941e-08,6.118246767,147.8662761052
2,0,3.151e-08,0.24418588736,430.5303441391
2,0,3.425e-08,0.17462176427,914.4845995006
2,0,3.382e-08,1.70671662802,881.5075574033
2,0,2.973e-08,3.93511754722,384.0599212231
2,0,2.967e-08,2.94512740245,1541.8517128424
2,0,3.519e-08,1.7331085432,6354.8885031421
2,0,2.666e-08,2.78512581244,96.2398596487
2,0,3.354e-08,0.53706358244,919.3799606102
2,0,3.062e-08,5.8470357226,1062.5633239269
2,0,2.798e-08,4.80243373625,112.4939430798
2,0,2.683e-08,3.33087133648,199.0720014364
2,0,3.46e-08,4.46783856107,156.043604689
2,0,2.982e-08,2.51020549025,9912.6746792335
2,0,2.64e-08,3.23926189708,487.1526954417
2,0,2.709e-08,0.30663917652,187.2755416471
2,0,3.518e-08,2.12743549234,1136.4511506169
2,0,3.486e-08,3.53728933221,313.9441891018
2,0,3.709e-08,3.03522154561,10027.0737861469
2,0,3.061e-08,2.34062051277,789.4604834486
2,0,3.01e-08,0.65377897818,1605.5876111458
2,0,2.904e-08,2.32569156001,1456.0244140112
2,0,3.053e-08,1.71668201402,997.9336537462
2,0,2.743e-08,6.27362704729,678.3603903519
2,0,2.969e-08,5.75647236111,1830.6831663731
2,0,3.651e-08,1.08114724446,26542.81250810149
2,0,2.889e-08,1.97248432294,1585.9438911728
2,0,2.727e-08,5.15143966251,1063.8353483141
2,0,2.848e-08,5.07132119764,395.9087706391
2,0,2.634e-08,5.98468816235,608.2446582306
2,0,2.901e-08,4.64274585102,1541.1179996595
2,0,2.941e-08,1.21210665628,12564.6672272745
2,0,3.304e-08,0.86856001646,273.1510245881
2,0,3.386e-08,0.57596770758,387.2413149608
2,0,2.627e-08,2.39653571473,1452.8430202735
2,0,3.041e-08,4.27587243964,752.5512880882
2,0,2.718e-08,5.16293058088,52325.36948028299
2,0,3.133e-08,1.68560262061,838.9692877504
2,0,3.085e-08,2.35859653048,93.531546663
2,0,2.906e-08,2.44478802558,1322.9235431119
2,0,3.597e-08,4.95428287884,132.0370893163
2,0,2.678e-08,5.06105300688,951.4632308302
2,0,3.123e-08,3.33951755709,623.2225117576
2,0,3.367e-08,0.37689386562,247.8300462128
2,0,3.472e-08,1.87505610471,552.6973893591
2,0,3.166e-08,2.20892033116,12567.6361726911
2,0,3.387e-08,3.15594347013,10285.0981993617
2,0,3.3e-08,3.72087032435,440.8947208468
2,0,3.236e-08,2.72076744752,412.5835451955
2,0,2.557e-08,1.79723576941,537.3952129264
2,0,2.56e-08,1.10053759744,2117.2793876701
2,0,2.831e-08,2.72459987741,539.773457512
2,0,3.376e-08,1.6735661244,10202.2398459471
2,0,3.188e-08,2.12663576409,769.6198215195
2,0,3.464e-08,4.16794893326,161.4120465506
2,0,2.781e-08,5.73975225276,1268.7488723641
2,0,3.014e-08,5.61429333063,1544.0869450761
2,0,3.298e-08,4.97310496761,463.2467538055
2,0,2.524e-08,3.68420351785,960.0612505393
2,0,3.187e-08,3.05030888971,196.8849533125
2,0,2.787e-08,5.4983461527,229.4526051326
2,0,3.097e-08,3.52576662964,1553.6481726317
2,0,2.679e-08,0.04691756129,1374.1292684431
2,0,3.315e-08,0.94177030624,807.7528571573
2,0,2.63e-08,4.76272198714,743.7932096847
2,0,2.929e-08,1.45546976184,304.2342036999
2,0,2.983e-08,1.81727185185,936.6454359976
2,0,3.184e-08,3.60984848538,480.8847362084
2,0,2.864e-08,0.19987911757,2192.6516870684
2,0,2.513e-08,3.00481326052,20278.49236799569
2,0,3.268e-08,3.7488240827,2424.1100297711
2,0,3.101e-08,2.50688447718,657.4233941323
2,0,3.267e-08,4.76208168321,737.4246767149
2,0,2.692e-08,2.92740740512,339.3982939211
2,0,3.124e-08,4.14366392888,586.377006872
2,0,2.517e-08,4.27302625046,583.8656358424
2,0,3.352e-08,0.45988110388,697.8071683688
2,0,2.806e-08,4.14739692323,351.7047177241
2,0,3.457e-08,3.00986343392,809.2373298656
2,0,2.544e-08,2.76607764684,262.8078997398
2,0,3.384e-08,5.68724975258,1056.2005364515
2,0,2.549e-08,1.11525653405,410.1358646407
2,0,2.57e-08,3.71065706169,584.8288436889
2,0,3.04e-08,0.67193319059,52174.32181044009
2,0,2.505e-08,1.51987196875,382.1335055301
2,0,2.718e-08,0.9130861968,351.9284668933
2,0,2.512e-08,0.55220125147,826.4391147782
2,0,3.139e-08,3.92383754684,938.1299087059
2,0,2.672e-08,4.27622188274,319.5732633943
2,0,2.663e-08,4.68514908243,587.7977891055
2,0,3.119e-08,5.1268843037,849.2642284889
2,0,2.482e-08,5.55805123332,213.2509113282
2,0,2.48e-08,2.47061439934,213.3472795478
2,0,2.427e-08,2.03247076769,20275.52342257909
2,0,2.941e-08,4.1170590296,581.1573228567
2,0,2.796e-08,3.05213138528,598.5346728287
2,0,2.732e-08,1.88140426939,1332.4847706675
2,0,2.438e-08,5.93929793621,395.105621487
2,0,2.43e-08,5.98723272672,1404.0849754971
2,0,2.421e-08,3.87174798038,1159.3457002968
2,0,3.017e-08,0.07530862396,626.4039054953
2,0,2.419e-08,0.67634283278,101.6083015103
2,0,3.294e-08,5.11603242406,415.2918581812
2,0,3.091e-08,5.6073608261,911.515654084
2,0,2.923e-08,4.44263378398,239.1625905345
2,0,2.424e-08,1.25508260924,243.8978929497
2,0,2.693e-08,0.57305838132,299.7170951002
2,0,3.109e-08,4.52636545098,45.0341343175
2,0,2.834e-08,4.62881913391,540.0553418023
2,0,2.704e-08,5.26938493529,988.532484885
2,0,2.931e-08,6.24282698359,173.1390703707
2,0,2.783e-08,3.74686867266,889.2118052351
2,0,2.376e-08,3.93854491753,1928.1992559259
2,0,2.928e-08,3.84949885104,609.2078660771
2,0,2.536e-08,4.52810767132,1330.7878496381
2,0,2.571e-08,4.97875573478,1536.2226385499
2,0,2.402e-08,3.02566960132,482.2573343321
2,0,2.667e-08,0.08605014098,257.9125386302
2,0,2.446e-08,3.55712633832,1327.8189042215
2,0,2.936e-08,5.43084141603,1424.5318446222
2,0,2.99e-08,4.21802632552,106.8648687873
2,0,2.473e-08,1.24525371169,1407.2663692348
2,0,3.304e-08,1.01660703804,653.2306084383
2,0,3.237e-08,2.56557965333,394.9455627926
2,0,3.085e-08,3.83028822685,1057.8974574809
2,0,2.346e-08,5.14974725027,1211.2327491842
2,0,2.71e-08,0.34192435133,1012.9115072732
2,0,2.716e-08,5.47695438076,444.8268741099
2,0,2.887e-08,5.24452328663,138.6293714553
2,0,2.421e-08,2.29541366768,672.9437643805
2,0,2.354e-08,3.20939683542,1522.2079928694
2,0,2.796e-08,2.30140691707,291.0496394219
2,0,2.759e-08,0.6987305668,274.0660483248
2,0,2.341e-08,3.48938979666,1811.773159583
2,0,3.229e-08,3.79365838838,476.4313180835
2,0,3.251e-08,0.33431351861,83.1671699553
2,0,2.562e-08,1.57334927608,696.5196376166
2,0,2.339e-08,0.49543749317,334.5511169213
2,0,3.028e-08,1.40154871551,479.4002635001
2,0,2.358e-08,2.81370331769,1117.7012025212
2,0,2.323e-08,1.27765520019,386.3475430835
2,0,2.536e-08,5.06956843952,207.3612046048
2,0,2.332e-08,6.18372771815,274.5873131866
2,0,2.908e-08,5.49277538439,650.9429865779
2,0,2.357e-08,2.87538390843,378.1220303899
2,0,2.524e-08,4.12720854166,441.1553532777
2,0,2.876e-08,4.06628438217,6812.766815086
2,0,3.196e-08,4.27507120094,3267.3153008408
2,0,3.198e-08,2.47530039454,26014.60601571519
2,0,2.55e-08,3.69428121427,0.3725070155
2,0,2.566e-08,1.92901626939,1699.2792165032
2,0,2.83e-08,0.44131453952,1310.3933701397
2,0,2.662e-08,5.07234973989,271.4059194489
2,0,2.36e-08,2.93302472978,1297.0600480154
2,0,2.609e-08,1.38212057067,1402.8611352197
2,0,2.444e-08,5.39930706114,175.820451106
2,0,2.345e-08,1.75996538528,268.9582388941
2,0,2.922e-08,2.4646768322,1599.9585368533
2,0,2.333e-08,4.96787363671,173.0484476455
2,0,3.176e-08,3.13360533407,349.3689117539
2,0,2.674e-08,5.89637390339,519.0177718462
2,0,2.585e-08,5.75668127095,754.0357607965
2,0,2.274e-08,2.20397387999,325.7930385178
2,0,2.991e-08,2.2469538044,625.9945152181
2,0,2.297e-08,3.64732215382,1186.853726796
2,0,2.289e-08,0.18602310852,764.1876891831
2,0,2.426e-08,1.18176367445,57.7980074702
2,0,2.781e-08,1.71828175775,122.0551706354
2,0,2.771e-08,5.78898116165,431.3334932912
2,0,2.315e-08,2.30897495417,290.3683158657
2,0,3.167e-08,3.17998251025,26161.20026743319
2,0,2.812e-08,0.3037886741,317.8763423649
2,0,2.567e-08,5.96612214384,63.4752658725
2,0,2.988e-08,2.07029207874,459.0539681115
2,0,2.633e-08,4.26374072305,1055.4497769261
2,0,2.282e-08,0.94739204341,811.4612612512
2,0,3.122e-08,6.04989173004,939.6143814142
2,0,2.437e-08,5.09941116678,376.8769382531
2,0,2.474e-08,1.06279254184,668.2084619653
2,0,2.258e-08,1.11320177291,714.6788848813
2,0,2.764e-08,4.48820557495,730.4598875604
2,0,2.259e-08,3.10988614223,113.3877149571
2,0,2.598e-08,3.4390992414,763.2244813366
2,0,2.663e-08,1.29799990848,412.3229127646
2,0,3.16e-08,2.89419390415,3795.5217932271
2,0,3.073e-08,4.51064673286,533.8355666788
2,0,2.358e-08,4.32524569167,582.3811631341
2,0,2.903e-08,2.47602120581,650.0492147006
2,0,2.235e-08,2.54876348474,1321.4390704036
2,0,3.142e-08,4.6715428103,725.0914456988
2,0,2.795e-08,5.48464550951,10742.9765113056
2,0,2.476e-08,2.98955635425,347.9326231554
2,0,2.24e-08,5.07382933289,503.6674113037
2,0,2.227e-08,5.09224345859,3259.1471642584
2,0,2.477e-08,2.43769900185,821.5437536686
2,0,2.287e-08,4.33583576059,1023.7971488427
2,0,2.275e-08,1.69598721089,872.9095376942
2,0,2.222e-08,3.5350883946,567.8240007324
2,0,3.088e-08,4.00968174537,230.2826865351
2,0,2.224e-08,5.85972920055,1258.4539316256
2,0,2.685e-08,1.40856509045,303.5798123941
2,0,2.261e-08,3.38321360452,123.960334469
2,0,2.935e-08,1.94498224386,714.4182524504
2,0,2.414e-08,5.05858383723,360.5477384618
2,0,2.435e-08,2.03044146979,355.7487455718
2,0,2.219e-08,2.99148584824,620.253566341
2,0,3.094e-08,4.98104987238,3413.9095525588
2,0,2.71e-08,4.45593115194,659.674132731
2,0,2.209e-08,1.41204774183,1119.1856752295
2,0,2.655e-08,0.05464835282,104.5290628171
2,0,2.358e-08,6.22232256487,1367.6970449985
2,0,2.23e-08,3.64177230224,442.3791935551
2,0,2.421e-08,1.45420989199,449.2802922348
2,0,2.33e-08,0.84390251807,820.8100404857
2,0,2.493e-08,1.52678527478,316.6525020875
2,0,2.973e-08,0.44453553813,526.5095713569
2,0,2.712e-08,2.90893885884,770.5504766585
2,0,2.758e-08,2.91988907092,1381.2428154439
2,0,2.673e-08,1.39898893375,983.1158589136
2,0,2.34e-08,2.12360206268,972.0701586497
2,0,2.847e-08,0.89078483426,219.5188705615
2,0,2.458e-08,2.25842855808,1448.9108670104
2,0,2.627e-08,1.91388837247,768.8535556291
2,1,0.02157902502,0.0,0.0
2,1,0.00739195286,4.43963987365,149.5631971346
2,1,0.00238535521,3.76882481679,73.297125859
2,1,0.00229380743,0.91089104293,76.2660712756
2,1,0.00110133819,4.00844673444,11.0457002639
2,1,0.00094974903,5.07141531968,63.7358983034
2,1,0.00081470719,5.92275377361,85.8272988312
2,1,0.0004545513,0.73292269945,138.5174968707
2,1,0.00051366624,0.61847245463,224.3447957019
2,1,0.00038294306,5.01873585224,70.8494453042
2,1,0.00036144546,5.94859451726,78.7137518304
2,1,0.00032419094,4.32617246805,74.7815985673
2,1,0.00021672326,3.3660732442,151.0476698429
2,1,0.0001942437,6.0184191837,77.7505439839
2,1,0.00017392494,4.96098883366,71.8126531507
2,1,0.00014991169,3.97176856758,3.9321532631
2,1,7.732367e-05,0.04256630122,71.6002048296
2,1,7.438492e-05,4.63165436478,77.962992305
2,1,6.979238e-05,0.83723520791,145.6310438715
2,1,7.321559e-05,0.66348425538,2.9689454166
2,1,7.595636e-05,1.19807643487,148.0787244263
2,1,4.376824e-05,2.17182724016,160.6088973985
2,1,3.962568e-05,3.18042711824,65.2203710117
2,1,4.117202e-05,6.1993161279,22.0914005278
2,1,2.8482e-05,3.32823493525,213.299095438
2,1,2.690065e-05,1.78946471198,9.5612275556
2,1,2.628159e-05,2.97459067399,12.5301729722
2,1,3.174617e-05,3.08131638838,299.1263942692
2,1,2.22751e-05,4.89407437055,87.3117715395
2,1,2.821206e-05,1.83130010947,84.3428261229
2,1,2.510693e-05,1.27166561854,18.1592472647
2,1,2.224655e-05,3.21541108798,72.3339180125
2,1,1.929662e-05,4.68383962079,52.6901980395
2,1,1.707606e-05,5.60415260609,127.4717966068
2,1,1.620819e-05,2.18676505386,153.4953503977
2,1,1.939375e-05,0.82770216932,39.6175083461
2,1,1.555611e-05,2.56681954823,73.8183907208
2,1,1.595703e-05,4.7955805786,79.2350166922
2,1,1.47655e-05,2.10111459539,75.7448064138
2,1,1.531355e-05,2.14701519407,152.5321425512
2,1,1.744564e-05,1.67897185084,77.2292791221
2,1,1.713945e-05,1.82334975258,222.8603229936
2,1,1.705184e-05,5.82532917611,225.8292684102
2,1,1.739019e-05,3.82452086292,146.594251718
2,1,1.291753e-05,6.19666243545,70.3281804424
2,1,1.458526e-05,5.10147126404,3.1813937377
2,1,1.234914e-05,5.69239889831,4.4534181249
2,1,1.075108e-05,1.76286452034,56.6223513026
2,1,1.035661e-05,6.12642568708,62.2514255951
2,1,9.78675e-06,5.23202231955,74.8934731519
2,1,9.77123e-06,5.73086540533,74.6697239827
2,1,1.114523e-05,3.41304662369,131.4039498699
2,1,1.050191e-05,3.84176879347,109.9456887885
2,1,7.64556e-06,1.17341120063,1.4844727083
2,1,7.46231e-06,3.21375560117,92.940845832
2,1,8.63486e-06,1.70213605381,7.1135470008
2,1,6.49263e-06,4.91621635684,80.1982245387
2,1,6.65473e-06,1.92732409009,96.8729990951
2,1,5.14504e-06,2.01976952661,2.4476805548
2,1,4.90123e-06,1.93462283883,137.0330241624
2,1,4.62421e-06,3.24923248258,220.4126424388
2,1,4.78372e-06,5.86972981999,41.1019810544
2,1,4.13484e-06,2.21776453713,66.70484372
2,1,4.08932e-06,5.05029212723,81.8951455681
2,1,4.30008e-06,5.76371058355,67.6680515665
2,1,3.90965e-06,0.01692722229,14.977853527
2,1,3.47208e-06,2.52660480727,146.3818033969
2,1,3.43163e-06,2.84832361417,142.4496501338
2,1,2.88668e-06,2.84411301863,5.4166259714
2,1,3.26058e-06,4.27079067798,112.9146342051
2,1,2.83888e-06,2.51516272259,82.8583534146
2,1,2.95927e-06,5.21796998105,145.1097790097
2,1,2.54703e-06,4.6829968859,235.3904959658
2,1,2.62038e-06,2.33202621667,265.9892934775
2,1,2.42648e-06,3.08926209887,202.2533951741
2,1,2.81688e-06,2.62609779716,33.6796175129
2,1,2.46615e-06,3.74974069088,159.1244246902
2,1,2.38731e-06,4.48116112932,195.1398481733
2,1,2.3546e-06,2.06524150362,20.6069278195
2,1,2.17418e-06,2.68089080319,152.7445908723
2,1,2.12386e-06,0.50246377589,191.2076949102
2,1,2.33899e-06,5.10353028418,108.4612160802
2,1,2.07801e-06,3.08224092011,140.001969579
2,1,2.07635e-06,3.8606884603,209.3669421749
2,1,1.96429e-06,0.57807688307,36.6485629295
2,1,1.92273e-06,5.17224479052,23.5758732361
2,1,2.28062e-06,4.1674137708,297.6419215609
2,1,1.70887e-06,2.87499673493,128.9562693151
2,1,1.66214e-06,4.46057308613,5.9378908332
2,1,1.5369e-06,5.62788233695,288.0806940053
2,1,1.53433e-06,1.12899903219,162.0933701068
2,1,1.92082e-06,5.54389138204,373.9079928365
2,1,1.54183e-06,1.6818424579,14.0146456805
2,1,1.51315e-06,2.23944413846,120.358249606
2,1,1.43602e-06,4.22422388284,211.8146227297
2,1,1.40781e-06,3.78365682991,29.2049475286
2,1,1.4028e-06,3.58846256331,80.7194894005
2,1,1.32953e-06,6.02568481572,69.3649725959
2,1,1.34104e-06,5.15983441194,39.3568759152
2,1,1.48048e-06,1.44770358695,186.2117600641
2,1,1.32976e-06,5.88157760376,68.5618234438
2,1,1.41943e-06,3.15577853409,114.3991069134
2,1,1.32366e-06,2.36046311842,89.7594520943
2,1,1.16164e-06,1.93633920538,33.1371007917
2,1,1.21388e-06,2.55708768907,305.3461693927
2,1,1.2018e-06,1.31156651928,50.4025761791
2,1,1.09658e-06,3.65858083856,88.7962442478
2,1,1.21042e-06,0.94635099828,154.0166152595
2,1,1.29213e-06,5.11047627816,277.0349937414
2,1,1.03287e-06,2.14115463817,144.1465711632
2,1,1.32665e-06,0.92310657218,45.5766510387
2,1,9.9826e-07,4.30501972687,116.4260963429
2,1,1.33005e-06,1.50572985923,54.1746707478
2,1,9.7949e-07,1.13745216002,68.8437077341
2,1,1.16279e-06,4.59183976429,227.3137411185
2,1,1.22911e-06,2.001082709,300.6108669775
2,1,1.13171e-06,2.92188560176,41.6444977756
2,1,1.0274e-06,3.77682647354,152.0108776894
2,1,9.9169e-07,5.05768073348,81.0013736908
2,1,8.8574e-07,5.72775893336,51.2057253312
2,1,8.1762e-07,4.69931003053,228.276948965
2,1,7.8887e-07,6.26808021618,206.1855484372
2,1,7.9364e-07,5.80781207422,110.2063212194
2,1,8.4751e-07,4.63943321098,42.5864537627
2,1,7.4096e-07,4.96998974307,148.5999892881
2,1,7.4141e-07,4.55571817657,150.5264049811
2,1,8.2217e-07,3.90199656887,32.1951448046
2,1,7.3369e-07,3.78616054456,95.3885263868
2,1,6.7806e-07,4.96424501696,16.6747745564
2,1,7.2487e-07,3.98596197296,404.5067903482
2,1,7.4821e-07,0.35383184429,230.5645708254
2,1,7.8217e-07,5.99310047424,6.2197751235
2,1,7.037e-07,3.33409179388,24.3790223882
2,1,6.5371e-07,0.36077041,125.9873238985
2,1,6.6071e-07,3.24550620947,28.5718080822
2,1,7.2887e-07,1.09355029854,183.2428146475
2,1,6.9241e-07,6.09410442093,333.657345044
2,1,6.0712e-07,4.2765991837,70.1157321213
2,1,6.0413e-07,1.36799815983,149.6750717192
2,1,5.762e-07,3.55372227271,79.4474650133
2,1,5.6648e-07,2.57503504059,76.4785195967
2,1,5.6672e-07,5.25529010016,73.0846775379
2,1,5.3184e-07,2.10404044877,329.7251917809
2,1,5.5714e-07,4.81847283322,157.6399519819
2,1,5.9955e-07,5.61090007511,347.8844390456
2,1,5.1504e-07,5.93084548399,147.1155165798
2,1,5.0001e-07,5.84434201212,134.5853436076
2,1,4.9866e-07,1.52305095949,68.1893164283
2,1,5.81e-07,0.159858888,19.643719973
2,1,4.7515e-07,2.95955648439,415.5524906121
2,1,4.5006e-07,2.0164112124,74.0308390419
2,1,4.5536e-07,0.26368990951,7.8643065262
2,1,4.5048e-07,3.6471173468,59.8037450403
2,1,4.3941e-07,2.65210291918,75.5323580927
2,1,5.1134e-07,4.38322784772,155.7829722581
2,1,4.0257e-07,1.13787486261,154.979823106
2,1,4.003e-07,4.36727211406,258.8757464767
2,1,4.2111e-07,3.13201506743,273.1028404783
2,1,4.9915e-07,3.76926694425,99.1606209555
2,1,3.7149e-07,1.11299048659,14.2270940016
2,1,3.7159e-07,1.10577356919,60.7669528868
2,1,3.7694e-07,5.68568815838,167.7224443993
2,1,4.2002e-07,2.89346792476,66.9172920411
2,1,3.668e-07,0.59609772196,46.470422916
2,1,3.5593e-07,3.09945824468,81.3738807063
2,1,4.4433e-07,5.91344147099,58.1068240109
2,1,3.4621e-07,3.25403447019,135.5485514541
2,1,3.3444e-07,2.15331669456,149.45132255
2,1,4.0026e-07,0.39159834861,187.6962327724
2,1,3.9696e-07,0.77265302422,38.1330356378
2,1,3.7432e-07,4.92493835393,259.5088859231
2,1,3.7429e-07,5.50521421633,73.88782669
2,1,3.7429e-07,5.45737352685,75.6753704446
2,1,2.992e-07,1.20617782649,6.592282139
2,1,3.0708e-07,4.96119928476,72.4939767069
2,1,3.0708e-07,6.00138845842,77.0692204277
2,1,3.5365e-07,1.85149018503,82.6459050935
2,1,2.8238e-07,5.62077678053,295.1942410061
2,1,3.196e-07,1.56251268347,184.7272873558
2,1,2.9753e-07,1.50045731441,120.9913890524
2,1,3.1826e-07,4.70261915851,35.1640902212
2,1,3.2435e-07,0.91593232743,340.7708920448
2,1,2.6737e-07,3.17698509921,43.2890291783
2,1,2.8004e-07,1.44881585209,219.891377577
2,1,2.701e-07,0.29668533504,143.6253063014
2,1,2.5966e-07,1.03271015497,47.6942631934
2,1,3.242e-07,1.55161823742,221.3758502853
2,1,3.389e-07,4.45443158913,171.6545976624
2,1,3.11e-07,0.82257402617,98.3574718034
2,1,2.417e-07,2.05667535306,46.2097904851
2,1,2.3863e-07,4.34223897738,218.9281697305
2,1,2.5235e-07,4.69042871492,554.0699874828
2,1,2.4285e-07,4.08848841154,103.0927742186
2,1,2.3868e-07,4.71660921655,57.255490749
2,1,2.6245e-07,5.22073119767,91.4563731237
2,1,2.484e-07,1.12612503677,25.2727942655
2,1,2.4286e-07,5.67475253703,543.0242872189
2,1,2.3341e-07,2.85807251066,61.448276443
2,1,2.2153e-07,3.02360784305,19.1224551112
2,1,2.2896e-07,6.01045974333,233.9060232575
2,1,2.4477e-07,1.45234648419,472.1748419147
2,1,2.3787e-07,0.19814851299,254.9435932136
2,1,2.1858e-07,3.23868642667,7.4223635415
2,1,2.7534e-07,4.02405042416,111.4301614968
2,1,2.0434e-07,3.61254005832,468.2426886516
2,1,1.9975e-07,4.73421367097,92.0470739547
2,1,2.2678e-07,5.19431425994,217.2312487011
2,1,1.871e-07,0.49921896876,69.6737891366
2,1,1.9101e-07,4.03712689896,17.2654753874
2,1,2.1183e-07,1.01722300195,486.4019359163
2,1,2.2058e-07,0.03546832338,203.7378678824
2,1,1.8128e-07,2.18749630503,28.3111756513
2,1,1.9106e-07,2.56999815497,200.7689224658
2,1,1.8186e-07,6.24790113108,92.3077063856
2,1,2.0451e-07,1.98908005437,115.8835796217
2,1,1.9781e-07,0.91026787025,198.321241911
2,1,1.7183e-07,5.92660737259,397.3932433474
2,1,1.9764e-07,5.08996944436,296.1574488526
2,1,1.7326e-07,2.01038402983,100.3844612329
2,1,1.8336e-07,1.67870822944,151.260118164
2,1,1.6745e-07,5.41086655697,210.3301500214
2,1,1.7082e-07,4.18018375218,79.889407998
2,1,1.7484e-07,1.9607349984,13.3333221243
2,1,1.9041e-07,2.05956053972,88.1149206916
2,1,1.6296e-07,1.84927529083,351.8165923087
2,1,1.6068e-07,0.47944220093,106.9767433719
2,1,1.6333e-07,2.08640683311,94.4253185403
2,1,1.6315e-07,0.87407041749,24.1183899573
2,1,1.6506e-07,1.55668384247,76.42612997
2,1,1.6506e-07,3.12271859353,73.1370671646
2,1,1.5851e-07,1.55481798786,13.4933808187
2,1,1.7915e-07,2.25770537418,181.7583419392
2,1,1.7819e-07,4.98834752372,221.1634019642
2,1,2.1162e-07,0.30009257573,372.4235201282
2,1,1.9752e-07,2.68974866734,479.2883889155
2,1,1.5502e-07,2.15644994698,30.0562807905
2,1,1.8927e-07,5.52070855632,227.5261894396
2,1,1.4861e-07,3.07987854112,98.8999885246
2,1,1.5298e-07,6.11050150655,55.6591434561
2,1,1.5606e-07,3.45933082845,135.336103133
2,1,1.4562e-07,1.5430924428,50.66320861
2,1,1.4149e-07,0.55502939857,286.596221297
2,1,1.6971e-07,0.32345770562,132.8884225782
2,1,1.5562e-07,4.88358674295,411.620337349
2,1,1.4297e-07,0.85832234275,310.1720945331
2,1,1.5313e-07,5.16260319735,16.4623262353
2,1,1.7344e-07,3.92150607353,260.9933586314
2,1,1.6315e-07,1.55780267718,173.9422195228
2,1,1.3683e-07,2.35142443147,82.2039621088
2,1,1.4352e-07,5.14132706191,30.7106720963
2,1,1.3286e-07,1.43776614438,106.2741679563
2,1,1.3851e-07,3.40761420285,44.070926471
2,1,1.3632e-07,4.25958638386,67.8804998876
2,1,1.7416e-07,2.622060541,184.0941479094
2,1,1.3285e-07,1.2511525559,6.9010986797
2,1,1.2992e-07,5.46634955062,173.6815870919
2,1,1.2917e-07,2.89950515923,55.1378785943
2,1,1.6261e-07,0.42831784501,64.4866578288
2,1,1.2734e-07,0.13129280359,74.2603337055
2,1,1.2734e-07,1.40651697882,75.3028634291
2,1,1.27e-07,0.13947590032,57.5161231799
2,1,1.2678e-07,3.64176703665,81.682697247
2,1,1.2499e-07,0.19514494663,32.2433289144
2,1,1.6313e-07,5.34510275068,60.5545045657
2,1,1.197e-07,1.46148448616,189.7232222019
2,1,1.5664e-07,4.33058952641,760.25553592
2,1,1.2007e-07,1.57217788805,130.4407420234
2,1,1.3954e-07,4.853233185,141.6988906084
2,1,1.2513e-07,3.50106291075,124.2904028691
2,1,1.2404e-07,2.56706437369,42.5382696529
2,1,1.208e-07,3.59336191094,74.1272072615
2,1,1.208e-07,1.08604052506,75.4359898731
2,1,1.3527e-07,4.25099304738,85.0765393058
2,1,1.0739e-07,4.95844118289,93.9040536785
2,1,1.0638e-07,2.39958748468,67.3592350258
2,1,1.3832e-07,3.79411080267,31.6526280834
2,1,1.0694e-07,5.86503834062,156.1554792736
2,1,1.0335e-07,4.57671004843,267.4737661858
2,1,1.0526e-07,6.26537454607,692.5874843535
2,1,1.3983e-07,0.5442690572,8.0767548473
2,1,1.0459e-07,3.55111688475,144.8973306886
2,1,1.3782e-07,2.66794915751,26.0235537909
2,1,1.0022e-07,5.63565557673,426.598190876
2,1,1.299e-07,4.63039669972,454.9093665273
2,1,1.0123e-07,3.61491688022,236.8749686741
2,1,1.0209e-07,2.37413106984,214.7835681463
2,1,1e-07,1.03668335124,43.1289704839
2,1,1.0052e-07,1.93897993582,49.5088043018
2,1,9.564e-08,4.7531848339,27.0873353739
2,1,1.0954e-07,5.27624507129,89.0086925689
2,1,9.831e-08,1.26050326376,54.3347294422
2,1,9.739e-08,3.71078555984,73.1852512744
2,1,9.739e-08,4.11020952975,76.3779458602
2,1,9.399e-08,0.36630405976,17.5261078183
2,1,1.2329e-07,3.11428019688,264.5048207692
2,1,9.91e-08,4.74765433533,129.9194771616
2,1,1.1022e-07,1.88722997944,685.4739373527
2,1,9.049e-08,1.62029156232,117.9105690512
2,1,9.89e-08,1.84425226351,393.4610900843
2,1,8.983e-08,5.50495945537,284.1485407422
2,1,8.743e-08,2.43586486318,119.5069163441
2,1,1.0035e-07,1.72606687342,448.6895914038
2,1,1.0245e-07,2.71391527366,624.919432787
2,1,8.574e-08,2.98478219061,136.0698163159
2,1,8.92e-08,4.93954149872,207.8824694666
2,1,8.494e-08,5.75906792889,103.9865460959
2,1,8.571e-08,0.25289077209,44.7253177768
2,1,8.845e-08,3.56613672436,88.274979386
2,1,9.06e-08,5.60200499628,193.655375465
2,1,8.157e-08,6.12519482603,163.5778428151
2,1,8.186e-08,3.6486330496,216.4804891757
2,1,8.988e-08,4.1608584208,617.8058857862
2,1,1.0514e-07,2.93390720828,31.492569389
2,1,8.521e-08,6.01861922798,155.5010879678
2,1,9.091e-08,4.6663625811,180.1619946463
2,1,7.714e-08,5.39841554155,606.7601855223
2,1,7.891e-08,5.15570877007,47.061123747
2,1,8.187e-08,1.13060383176,237.6781178262
2,1,8.534e-08,1.21999207391,61.2882177486
2,1,8.583e-08,3.38972104965,180.2738692309
2,1,7.464e-08,4.06832263488,175.1660598002
2,1,8.238e-08,4.17466862163,40.1600250673
2,1,8.741e-08,3.21558804714,58.7399634573
2,1,8.402e-08,0.0373257418,79.5169009825
2,1,8.402e-08,4.6420766942,70.0462961521
2,1,7.165e-08,2.0283141508,107.4980082337
2,1,7.086e-08,0.34907168874,177.8743727859
2,1,6.947e-08,1.44539167114,362.8622925726
2,1,7.068e-08,5.15374688286,141.4864422873
2,1,6.78e-08,5.5952952288,71.1582618449
2,1,6.78e-08,5.36729251438,78.4049352897
2,1,6.837e-08,1.56928861004,535.9107402181
2,1,7.083e-08,5.90354267352,532.8723588323
2,1,6.821e-08,3.51404454681,142.6620984549
2,1,6.803e-08,3.41890384391,95.2284676924
2,1,6.501e-08,1.06502124468,49.7212526229
2,1,6.389e-08,5.39586011924,114.9416236346
2,1,7.109e-08,0.95985317204,681.5417840896
2,1,6.748e-08,4.09628686708,248.7238180901
2,1,6.343e-08,3.53135540985,118.8737768977
2,1,6.189e-08,5.11528797791,381.0909758065
2,1,6.189e-08,3.97068861187,528.7277572481
2,1,6.083e-08,3.50534080121,530.6541729411
2,1,6.083e-08,5.58063530545,379.1645601135
2,1,6.16e-08,2.27471289907,166.828672522
2,1,6.646e-08,3.13029644154,35.685355083
2,1,6.505e-08,5.73653567743,121.8427223143
2,1,7.411e-08,6.01029958755,756.3233826569
2,1,6.639e-08,5.56185756319,34.5309507748
2,1,6.729e-08,0.30990216922,550.1378342197
2,1,6.319e-08,2.0063198817,143.3434220111
2,1,5.834e-08,6.26504969506,405.9912630565
2,1,6.837e-08,4.49077930583,375.3924655448
2,1,6.073e-08,0.03659246933,29.226199388
2,1,6.314e-08,0.69574142678,109.3125493421
2,1,5.864e-08,4.03381742076,107.918699359
2,1,5.744e-08,3.44099171464,610.6923387854
2,1,5.786e-08,2.06253816229,22.633917249
2,1,6.744e-08,5.79309200153,27.7204748203
2,1,5.731e-08,4.18602677905,234.4967240885
2,1,6.425e-08,5.93683435781,210.8514148832
2,1,5.514e-08,0.51259120768,232.4215505492
2,1,5.532e-08,5.03127867351,164.5410506616
2,1,6.346e-08,1.1467769306,91.2439248026
2,1,5.72e-08,2.58484163709,319.5732633943
2,1,5.425e-08,4.8761956768,76.154196691
2,1,5.425e-08,2.94479941279,73.4090004436
2,1,5.441e-08,0.83308003167,31.2319369581
2,1,5.384e-08,2.24171100613,312.4597163935
2,1,5.538e-08,3.83190408539,125.1841747464
2,1,5.417e-08,1.80506715096,16.04163511
2,1,5.401e-08,3.76183223257,192.6921676185
2,1,5.258e-08,2.80362988465,49.1787359017
2,1,5.433e-08,3.95755513981,408.4389436113
2,1,6.35e-08,1.46370963209,90.8232336773
2,1,5.176e-08,0.85326249506,34.6215735
2,1,5.125e-08,5.13388413274,440.6822725257
2,1,6.135e-08,6.27767935005,196.6243208816
2,1,5.237e-08,5.43868405923,25.6028626656
2,1,5.368e-08,0.89833267568,293.7097682978
2,1,5.379e-08,5.87185859946,162.8965192589
2,1,5.87e-08,5.68040852955,406.1031376411
2,1,5.381e-08,4.07892086409,322.6116447801
2,1,5.168e-08,1.40578632698,147.8662761052
2,1,6.514e-08,0.7844122724,302.0953396858
2,1,4.664e-08,2.7183201574,114.1384744825
2,1,6.3e-08,3.22684324135,280.9671470045
2,1,6.034e-08,3.28682609944,2043.9822618111
2,1,5.359e-08,3.34986978299,376.9463742223
2,1,4.507e-08,3.11041870553,100.0543928328
2,1,6.229e-08,4.71461433744,403.0223176399
2,1,4.918e-08,0.79029088221,827.9235874865
2,1,5.151e-08,6.04977140057,301.4140161296
2,1,4.642e-08,5.05387110647,749.2098356561
2,1,4.545e-08,0.31133604476,52.1476813183
2,1,4.548e-08,2.91482549606,995.6460318858
2,1,5.335e-08,5.63899771188,232.0490435337
2,1,5.746e-08,2.20971330343,44.0921783304
2,1,4.31e-08,2.99240118406,122.4758617607
2,1,4.237e-08,5.45877268962,257.3912737684
2,1,4.658e-08,2.67813680523,470.6903692064
2,1,4.196e-08,2.18196768045,221.8971151471
2,1,4.399e-08,2.40325632971,103.3534066495
2,1,4.273e-08,1.66297557695,831.1049812242
2,1,4.224e-08,1.53482654947,501.3797894433
2,1,4.447e-08,3.47911962557,101.8689339412
2,1,4.161e-08,1.51092477357,43.5496616092
2,1,4.649e-08,3.5873648654,216.9224321604
2,1,4.666e-08,1.47668507245,269.9214467406
2,1,5.34e-08,0.41373323217,842.1506814881
2,1,4.482e-08,3.99832001857,21.1976286505
2,1,4.344e-08,2.49175585697,49.6518166537
2,1,5.029e-08,5.57233893622,189.1807054807
2,1,4.064e-08,2.17885604638,48.7580447764
2,1,4.154e-08,6.03272866442,170.1701249541
2,1,4.207e-08,2.38933455026,35.4247226521
2,1,4.193e-08,0.39448465073,383.3091616977
2,1,4.088e-08,4.14959391506,271.61836777
2,1,5.095e-08,1.92013837373,107.0249274817
2,1,4.056e-08,4.26574461521,582.3811631341
2,1,3.901e-08,1.77664133977,124.5028511902
2,1,4.367e-08,4.33100086297,595.8745439528
2,1,4.314e-08,3.81335461247,610.1016379544
2,1,4.251e-08,2.07154175904,484.917463208
2,1,4.461e-08,5.51731052862,302.3772239761
2,1,3.869e-08,0.14016188548,195.7729876197
2,1,4.279e-08,4.56457588625,178.7893965226
2,1,4.57e-08,3.91225052432,25.0603459444
2,1,4.401e-08,3.00977149914,487.8864086246
2,1,4.548e-08,0.82682823758,223.4510238246
2,1,4.485e-08,1.11888066555,30.5987975117
2,1,3.991e-08,5.99550015236,226.7924762567
2,1,4.241e-08,2.5741897284,336.8387387817
2,1,4.288e-08,3.23553398773,298.2326223919
2,1,3.708e-08,5.12023202898,354.9979860464
2,1,4.619e-08,3.62651049564,422.6660376129
2,1,3.734e-08,1.76361036965,39.0962434843
2,1,4.251e-08,2.89742576428,490.3340891794
2,1,4e-08,1.99013874137,1887.3055176757
2,1,3.69e-08,2.98863596646,219.5188705615
2,1,3.663e-08,4.24690858577,117.3198682202
2,1,3.848e-08,0.32895770154,346.3999663373
2,1,3.933e-08,1.07124636244,181.0557665236
2,1,3.645e-08,3.67139942158,310.9752436852
2,1,4.29e-08,4.8537532099,66.1835788582
2,1,4.007e-08,1.22645898466,142.1408335931
2,1,4.243e-08,4.42705400813,763.4369296577
2,1,3.472e-08,3.01599882925,674.4282370888
2,1,3.901e-08,0.72185997426,204.7010757289
2,1,4.222e-08,3.6534087973,339.2864193365
2,1,3.712e-08,6.24186047009,906.849787638
2,1,3.55e-08,1.66599820846,380.12776796
2,1,3.806e-08,1.29154626034,253.4591205053
2,1,3.407e-08,0.80345297226,745.277682393
2,1,3.563e-08,2.8125551581,820.0592809603
2,1,3.674e-08,1.37910752336,544.5087599272
2,1,3.398e-08,1.392936437,547.8502123593
2,1,3.451e-08,4.71165482381,1507.1777497157
2,1,3.432e-08,1.80612685115,184.9879197867
2,1,4.646e-08,6.10399526873,604.4725636619
2,1,3.459e-08,4.46134223293,565.1156877467
2,1,3.346e-08,6.01104528303,672.1406152284
2,1,3.818e-08,2.94151510607,328.3525936572
2,1,3.429e-08,6.20622829232,344.7030453079
2,1,3.965e-08,0.97771499558,256.5399405065
2,1,3.554e-08,2.04610695817,1368.660252845
2,1,3.526e-08,5.33310923745,1521.4048437173
2,1,3.359e-08,1.51386637492,699.7010313543
2,1,4.015e-08,5.85187604603,442.7517005706
2,1,3.338e-08,0.74390697506,89.9719004154
2,1,3.345e-08,3.86198512192,10021.8372800994
2,1,4.153e-08,5.4166011588,758.7710632117
2,1,3.695e-08,2.70272958026,328.2407190726
2,1,3.368e-08,1.27928746391,1050.7839104801
2,1,3.395e-08,1.76965627708,511.5317178299
2,1,4.273e-08,2.0521204852,526.5095713569
2,1,3.47e-08,2.81336232616,1067.9799498983
2,1,3.921e-08,4.16917220037,657.1627617014
2,1,3.265e-08,4.84637270255,34.2008823747
2,1,3.245e-08,2.64935843871,30.6894202369
2,1,4.057e-08,1.92979006097,229.0800981171
2,1,3.193e-08,2.73862671891,374.7111419886
2,1,4.246e-08,1.67868119422,528.2064923863
2,1,3.558e-08,1.03311657364,781.5961769224
2,1,4.142e-08,2.17956762731,688.6553310904
2,1,3.759e-08,1.15225435707,293.188503436
2,1,3.788e-08,2.2803870817,105.380396079
2,1,3.359e-08,1.72618422024,370.0452755426
2,1,4.041e-08,1.45496139964,342.2553647531
2,1,3.94e-08,6.00488042203,728.762966531
2,1,3.642e-08,5.2959149861,332.8060117821
2,1,3.291e-08,5.82915957363,2424.1100297711
2,1,3.279e-08,2.78900727949,480.7728616238
2,1,3.392e-08,3.29246798409,291.1190753911
2,1,3.094e-08,3.22378474864,969.6224780949
2,1,3.177e-08,4.90869876026,194.2885149114
2,1,3.505e-08,0.07757668304,51.8870488874
2,1,3.015e-08,2.32336060326,1053.7528558967
2,1,4.172e-08,0.63805328567,332.1728723357
2,1,3.794e-08,0.72421690887,555.5544601911
2,1,3.462e-08,4.26980393992,609.2078660771
2,1,3.498e-08,1.38701853494,630.3360587584
2,1,3.255e-08,1.55384975988,113.8778420516
2,1,3.367e-08,5.22184240312,477.8039162072
2,1,3.305e-08,3.50958885438,473.659314623
2,1,2.95e-08,3.7286839664,406.954470903
2,1,2.947e-08,3.18933946169,376.1956146969
2,1,3.292e-08,1.83930538139,329.8370663655
2,1,3.735e-08,1.93699651985,5983.9494557222
2,1,3.305e-08,5.99365370214,532.1386456494
2,1,4.087e-08,3.98316215178,1264.816719101
2,1,2.959e-08,0.1562550049,15.4991183888
2,1,2.89e-08,1.17887202562,594.9113361063
2,1,3.669e-08,5.34076783991,601.5036182453
2,1,3.391e-08,3.61279122299,531.978586955
2,1,3.109e-08,4.0624781841,241.6102710893
2,1,3.078e-08,0.5243183105,432.8179659995
2,1,3.087e-08,4.42147892231,525.2375469697
2,1,3.368e-08,0.00612274205,275.5505210331
2,1,3.021e-08,2.73984998375,833.552661779
2,1,3.359e-08,3.37955835963,228.7982138268
2,1,2.904e-08,2.44331654879,90.2807169561
2,1,2.845e-08,1.71560345363,260.360219185
2,1,3.025e-08,0.6619753414,483.2205421786
2,1,3.014e-08,2.6571629344,421.1815649046
2,1,3.527e-08,4.24276675904,296.7481496836
2,1,3.615e-08,1.65868367165,156.6767441354
2,1,2.779e-08,5.87649617216,546.956440482
2,1,2.921e-08,1.45515033376,6208.2942514241
2,1,2.796e-08,3.15510185813,106.0135355254
2,1,3.215e-08,2.40845979136,218.4069048687
2,1,3.773e-08,5.65506488806,358.0363674322
2,1,3.502e-08,3.36040662009,9914.1591519418
2,1,3.441e-08,5.17758550803,689.4060906158
2,1,3.061e-08,3.55867760683,1737.7423205411
2,1,2.855e-08,4.14690275315,48.9181034708
2,1,3.388e-08,3.10173488011,1471.0022675382
2,1,2.724e-08,2.78375512607,280.2163874791
2,1,3.175e-08,3.9731644169,1512.8068240082
2,1,2.688e-08,0.83078536879,395.9087706391
2,1,2.721e-08,0.84302891092,469.1364605289
2,1,2.898e-08,4.64603719753,100.8051523582
2,1,3.02e-08,0.51676581657,469.7271613599
2,1,2.743e-08,6.05000396425,121.2520214833
2,1,3.366e-08,0.59876268346,3265.8308281325
2,1,3.085e-08,3.00944428171,628.8515860501
2,1,2.963e-08,0.4460529353,541.5398145106
2,1,2.949e-08,3.40941244036,255.8373650909
2,1,2.727e-08,1.85307891248,1065.0110044817
2,1,2.981e-08,5.45523598966,561.1835344836
2,1,3.11e-08,1.5688105357,626.4039054953
2,1,3.626e-08,5.69775666543,358.9301393095
2,1,3.329e-08,5.08259605272,26013.1215430069
2,1,3.374e-08,1.02797098727,1065.6017053127
2,1,2.647e-08,1.71808595583,369.0820676961
2,1,2.608e-08,1.92579932746,531.1754378029
2,1,2.593e-08,4.72726217361,765.8846102125
2,1,2.767e-08,0.34487203406,525.7588118315
2,1,3.057e-08,6.21505323467,1751.9694145427
2,1,2.88e-08,2.11509152885,369.9758395734
2,1,3.592e-08,5.19034496676,1062.3508756058
2,1,3.404e-08,1.07437209675,1104.2078217025
2,1,3.123e-08,1.19886702583,384.2723695442
2,1,2.555e-08,1.50474150838,668.2084619653
2,1,2.936e-08,1.30698566586,349.3689117539
2,1,2.878e-08,4.46393670354,6058.7310542895
2,1,3.159e-08,2.83033258065,1336.4169239306
2,1,2.804e-08,0.4496738409,2111.6503133776
2,1,2.703e-08,5.49524346251,104.0077979553
2,1,2.727e-08,6.17906602741,591.9423906897
2,1,2.675e-08,1.17744867197,731.9443602687
2,1,2.863e-08,1.36639259323,637.4496057592
2,1,2.673e-08,4.52643518421,188.0263011725
2,1,2.51e-08,1.15119413127,1258.4539316256
2,1,2.508e-08,4.64584835668,58.319272332
2,1,2.522e-08,2.97708735282,115.3623147599
2,1,2.587e-08,3.00667195954,274.0660483248
2,1,2.614e-08,1.51553905536,710.7467316182
2,1,2.528e-08,2.67128255093,698.216558646
2,1,2.66e-08,1.71574009269,159.7151255212
2,1,2.623e-08,2.85599045349,10138.5039476437
2,1,2.899e-08,0.96731641272,620.253566341
2,1,2.89e-08,1.74392727178,361.3778198643
2,1,3.276e-08,6.16884433819,436.7501192626
2,1,3.222e-08,5.362852877,420.9691165835
2,1,2.812e-08,1.64142224314,282.6640680339
2,1,2.497e-08,4.16307526782,40.5807161926
2,1,2.497e-08,0.51632716818,108.982480942
2,1,2.509e-08,1.35310476503,43.2408450685
2,1,2.516e-08,3.39431422644,1197.8994270599
2,1,2.682e-08,1.47035618217,771.3012361839
2,1,2.89e-08,2.24537565953,678.3603903519
2,1,3.365e-08,2.19461743302,278.5194664497
2,1,2.629e-08,2.58288671181,632.0329797878
2,1,3.21e-08,2.69201905729,913.7508863177
2,1,2.722e-08,2.29818896796,947.5310775671
2,1,2.682e-08,5.88532422026,9988.9407505091
2,1,3.247e-08,4.08732574063,256.4280659219
2,1,2.408e-08,0.47310204864,1228.4982245716
2,1,2.354e-08,5.43938033767,545.4719677737
2,1,2.353e-08,3.8852602506,74.5691502462
2,1,2.353e-08,3.93573483899,74.9940468884
2,1,2.656e-08,1.88365819066,623.2225117576
2,1,2.429e-08,5.72370124169,390.2102603774
2,1,2.444e-08,1.06366859477,894.8408795276
2,1,2.491e-08,0.63438778395,707.5653378805
2,1,2.415e-08,0.41649797223,843.6351541964
2,1,3.252e-08,4.42154696407,418.0001711669
2,1,2.334e-08,0.24779158408,616.3214130779
2,1,2.976e-08,3.41026880242,80.4106728598
2,1,3.153e-08,4.34461658951,69.1525242748
2,1,3.024e-08,5.65318667869,1812.5239191084
2,1,2.378e-08,1.24448739687,223.3815878554
2,1,2.55e-08,1.85100883332,335.1418177523
2,1,2.304e-08,0.92872058513,724.8308132679
2,1,2.315e-08,5.89124641812,246.9787129509
2,1,2.586e-08,3.79185736317,623.4349600787
2,1,2.625e-08,4.80912360331,563.6312150384
2,1,2.528e-08,1.99323803493,450.4559484024
2,1,2.962e-08,2.84656694258,370.5665404044
2,1,2.53e-08,3.77285579953,253.5709950899
2,1,2.717e-08,6.02370493813,479.4002635001
2,1,2.61e-08,2.56475445472,3116.2676309979
2,1,2.267e-08,3.00681622152,464.4705940829
2,1,2.331e-08,4.22833309205,980.6681783588
2,1,2.485e-08,5.71826869254,461.1291416508
2,1,2.223e-08,0.33085814506,53.5839699168
2,1,2.25e-08,5.5340095121,180.7951340927
2,1,2.252e-08,0.57877591071,1374.1292684431
2,1,2.868e-08,1.11810457004,100.6450936638
2,1,2.548e-08,3.44201255815,595.7144852584
2,1,2.729e-08,1.32506308123,520.129737539
2,1,2.23e-08,4.4902891335,417.0369633204
2,1,2.227e-08,3.79362555076,6144.5583531207
2,2,0.00034868461,3.14159265359,0.0
2,2,0.00016588468,2.29556740317,74.7815985673
2,2,0.00010905147,1.45737963668,149.5631971346
2,2,7.484633e-05,2.27968076918,11.0457002639
2,2,7.964298e-05,0.97230247087,63.7358983034
2,2,5.3071e-05,3.20519221878,70.8494453042
2,2,5.018595e-05,1.47518527303,78.7137518304
2,2,6.713255e-05,3.74148881189,85.8272988312
2,2,5.26517e-05,0.54901216905,73.297125859
2,2,4.864822e-05,4.11367426823,76.2660712756
2,2,2.995853e-05,2.49432193549,138.5174968707
2,2,2.519021e-05,1.78896824345,71.6002048296
2,2,2.418371e-05,2.88675006488,77.962992305
2,2,2.185856e-05,5.58862614977,3.9321532631
2,2,1.035578e-05,5.44752448275,145.6310438715
2,2,1.044459e-05,4.2797223936,224.3447957019
2,2,6.5918e-06,5.73048296712,18.1592472647
2,2,4.96445e-06,3.7129453742,22.0914005278
2,2,5.03264e-06,0.65556547194,151.0476698429
2,2,4.77875e-06,1.62059307105,72.3339180125
2,2,4.84216e-06,3.4519080478,3.1813937377
2,2,3.81403e-06,3.62830479384,77.7505439839
2,2,4.03003e-06,6.27429134777,160.6088973985
2,2,3.33059e-06,0.97920205195,71.8126531507
2,2,3.84754e-06,3.16159208089,77.2292791221
2,2,3.36233e-06,4.76282903544,65.2203710117
2,2,2.92404e-06,3.58367735696,56.6223513026
2,2,2.8962e-06,5.24475224875,131.4039498699
2,2,2.4999e-06,1.3771562975,127.4717966068
2,2,3.01291e-06,0.20539719662,84.3428261229
2,2,2.13294e-06,0.42767033738,52.6901980395
2,2,2.06036e-06,1.32796659605,92.940845832
2,2,2.84114e-06,4.23135833063,148.0787244263
2,2,2.11339e-06,4.01130147721,153.4953503977
2,2,1.98865e-06,1.1497855311,12.5301729722
2,2,2.04876e-06,2.67799239908,87.3117715395
2,2,1.51427e-06,5.07559906633,213.299095438
2,2,1.42723e-06,0.10949652735,9.5612275556
2,2,1.19838e-06,6.14846862601,7.1135470008
2,2,9.8996e-07,0.45350083876,80.1982245387
2,2,9.7068e-07,5.58114008285,96.8729990951
2,2,8.6384e-07,0.65961400871,299.1263942692
2,2,1.06322e-06,4.32303636127,146.3818033969
2,2,8.8292e-07,1.19515450864,67.6680515665
2,2,7.7418e-07,3.42602178272,81.8951455681
2,2,1.00445e-06,2.04935236166,62.2514255951
2,2,7.0729e-07,1.55860445086,220.4126424388
2,2,6.7304e-07,1.98742659596,14.977853527
2,2,9.0127e-07,4.05284117214,2.9689454166
2,2,6.1645e-07,0.99125497203,152.7445908723
2,2,6.2451e-07,3.50449733826,2.4476805548
2,2,5.0857e-07,2.57947671273,79.2350166922
2,2,4.9175e-07,3.33707572701,225.8292684102
2,2,4.7122e-07,6.24480457103,195.1398481733
2,2,4.3658e-07,2.08963855451,70.3281804424
2,2,4.4194e-07,2.16514447619,209.3669421749
2,2,4.1219e-07,4.04232816275,120.358249606
2,2,4.1618e-07,6.14356383699,152.5321425512
2,2,4.4787e-07,5.30573896543,1.4844727083
2,2,4.8896e-07,4.61108579721,142.4496501338
2,2,3.9806e-07,1.64663028331,29.2049475286
2,2,3.6426e-07,4.53511032225,5.4166259714
2,2,3.5147e-07,4.19203202972,69.3649725959
2,2,3.5324e-07,3.94582037445,137.0330241624
2,2,3.4455e-07,2.94012534655,45.5766510387
2,2,3.1548e-07,0.08014882734,202.2533951741
2,2,2.5084e-07,2.59672105549,23.5758732361
2,2,2.5727e-07,3.38530289472,4.4534181249
2,2,2.5905e-07,5.51750075147,222.8603229936
2,2,2.5105e-07,6.13712522856,20.6069278195
2,2,2.76e-07,5.36277971664,152.0108776894
2,2,2.5241e-07,2.50523497126,235.3904959658
2,2,2.0655e-07,1.78642126857,206.1855484372
2,2,2.196e-07,5.50155148287,33.1371007917
2,2,2.0191e-07,6.02482335285,70.1157321213
2,2,1.9159e-07,0.15180124055,146.594251718
2,2,1.8561e-07,4.26574885795,89.7594520943
2,2,1.8567e-07,1.94117799593,159.1244246902
2,2,1.9255e-07,5.90993836545,14.2270940016
2,2,1.902e-07,1.80248271648,79.4474650133
2,2,2.3161e-07,4.2317469136,39.6175083461
2,2,1.6887e-07,3.72825385287,54.1746707478
2,2,1.6486e-07,4.3563630494,265.9892934775
2,2,1.7966e-07,0.7307531412,73.0846775379
2,2,1.7801e-07,0.81410786052,76.4785195967
2,2,1.6355e-07,5.49262798093,41.6444977756
2,2,1.5318e-07,0.34171416887,144.1465711632
2,2,1.7894e-07,2.9347205258,191.2076949102
2,2,1.5137e-07,1.53552554645,333.657345044
2,2,1.4035e-07,3.28512675029,16.6747745564
2,2,1.4322e-07,4.50674337635,19.643719973
2,2,1.4946e-07,5.27114717415,162.0933701068
2,2,1.2956e-07,4.83849215643,128.9562693151
2,2,1.3463e-07,3.87039405264,347.8844390456
2,2,1.4921e-07,3.89865314878,147.1155165798
2,2,1.4742e-07,0.24012355053,116.4260963429
2,2,1.1066e-07,5.60988445239,25.2727942655
2,2,1.0143e-07,5.97679605331,211.8146227297
2,2,1.0722e-07,1.34423420021,277.0349937414
2,2,9.902e-08,1.31072841849,51.2057253312
2,2,1.0052e-07,4.85098798718,140.001969579
2,2,9.261e-08,3.82300076507,167.7224443993
2,2,1.1487e-07,1.35796386677,88.7962442478
2,2,1.1729e-07,0.42839638233,109.9456887885
2,2,8.957e-08,3.95902561062,66.70484372
2,2,9.943e-08,2.73449416367,125.9873238985
2,2,1.053e-07,2.81641731347,340.7708920448
2,2,8.585e-08,1.43915440031,273.1028404783
2,2,9.262e-08,0.25380942211,228.276948965
2,2,8.98e-08,0.07240673383,258.8757464767
2,2,8.113e-08,3.49659867366,41.1019810544
2,2,7.532e-08,3.27091826281,89.0086925689
2,2,7.218e-08,1.29306244244,95.3885263868
2,2,6.506e-08,3.76490510734,305.3461693927
2,2,7.895e-08,1.44148781358,58.1068240109
2,2,8.4e-08,1.69644708576,288.0806940053
2,2,6.266e-08,1.22803728787,145.1097790097
2,2,6.202e-08,2.38239788885,24.3790223882
2,2,6.356e-08,2.9503228433,154.979823106
2,2,6.155e-08,5.11379042923,135.336103133
2,2,6.766e-08,6.24976890449,151.260118164
2,2,5.842e-08,0.55024185445,39.3568759152
2,2,5.958e-08,5.37871484808,46.470422916
2,2,5.975e-08,5.18569044972,124.2904028691
2,2,5.696e-08,3.21705372191,472.1748419147
2,2,5.752e-08,1.03860750406,60.5545045657
2,2,5.425e-08,2.95721172846,91.4563731237
2,2,5.099e-08,4.07581634888,110.2063212194
2,2,5.364e-08,0.96162321097,75.7448064138
2,2,5.364e-08,0.57618657144,73.8183907208
2,2,5.063e-08,5.63683871438,103.0927742186
2,2,5.205e-08,2.23672411079,216.4804891757
2,2,4.815e-08,5.91669724929,404.5067903482
2,2,5.249e-08,3.54162440174,60.7669528868
2,2,4.995e-08,5.58752388097,486.4019359163
2,2,4.821e-08,3.3857544522,373.9079928365
2,2,4.599e-08,2.03799101392,450.9772132642
2,2,4.404e-08,1.90821960483,171.6545976624
2,2,5.157e-08,5.75283583629,383.3091616977
2,2,4.748e-08,4.37116225746,98.3574718034
2,2,4.669e-08,3.6738841578,49.5088043018
2,2,4.762e-08,4.6319801916,329.7251917809
2,2,4.287e-08,1.19918156505,108.4612160802
2,2,5.386e-08,4.11798763222,227.5261894396
2,2,4e-08,4.79734715617,184.0941479094
2,2,3.921e-08,1.00781809287,894.8408795276
2,2,3.787e-08,1.34077162848,397.3932433474
2,2,4.564e-08,2.38658597554,223.4510238246
2,2,3.744e-08,4.87117009195,43.2890291783
2,2,3.802e-08,5.61691850652,155.7829722581
2,2,3.71e-08,0.16060396513,94.4253185403
2,2,3.673e-08,3.56449648462,69.1525242748
2,2,3.673e-08,1.11490595138,80.4106728598
2,2,3.6e-08,0.19065704569,61.448276443
2,2,3.535e-08,1.86154901498,1514.2912967165
2,2,3.657e-08,3.22119466829,849.2642284889
2,2,3.961e-08,3.0426839768,36.6485629295
2,2,3.434e-08,2.88580512636,230.5645708254
2,2,3.405e-08,3.87857248169,295.1942410061
2,2,4.522e-08,2.96435934024,203.7378678824
2,2,3.531e-08,3.17610762377,411.620337349
2,2,3.485e-08,1.35195294182,446.3113468182
2,2,3.245e-08,2.89796599726,428.0826635843
2,2,3.276e-08,0.08848769483,32.2433289144
2,2,3.208e-08,4.5657803389,237.6781178262
2,2,3.504e-08,0.77982010393,204.7010757289
2,2,3.179e-08,4.70754664264,1057.8974574809
2,2,3.445e-08,0.04871363996,753.1419889192
2,2,3.632e-08,3.85766982755,57.5161231799
2,2,3.159e-08,1.29789979439,380.12776796
2,2,3.617e-08,3.39978483308,103.9865460959
2,2,3.793e-08,1.38792912334,294.3004691288
2,2,3.321e-08,3.70449950362,460.5384408198
2,2,3.121e-08,4.43249349458,55.1378785943
2,2,3.208e-08,3.77713666696,354.9979860464
2,2,3.164e-08,1.44848652521,1819.6374661092
2,2,4.062e-08,1.43575455534,112.9146342051
2,2,3.055e-08,6.14900289425,106.2741679563
2,2,3.327e-08,0.69765513922,381.6122406683
2,2,3.54e-08,2.12097406285,956.2891559706
2,2,3.851e-08,1.2357652581,82.8583534146
2,2,3.454e-08,1.09473115664,624.919432787
2,2,3.041e-08,5.2174888273,531.1754378029
2,2,3.545e-08,4.52042282129,901.9544265284
2,2,2.983e-08,2.48436459152,422.6660376129
2,2,3.664e-08,4.55449595595,610.6923387854
2,2,2.957e-08,1.81585565871,207.6700211455
2,2,3.146e-08,4.43411072622,1169.5882514086
2,2,3.006e-08,4.98418529506,291.1190753911
2,2,3.196e-08,0.96757140567,336.8387387817
2,2,2.923e-08,5.33580924726,198.321241911
2,2,2.94e-08,3.90791054506,284.1485407422
2,2,3.17e-08,1.66951998253,710.7467316182
2,2,2.815e-08,2.7774327079,254.9435932136
2,2,3.336e-08,4.3039010995,50.4025761791
2,2,2.836e-08,4.48874732911,88.1149206916
2,2,3.176e-08,4.64659372687,479.2883889155
2,2,2.838e-08,0.15453414558,942.062061969
2,2,2.782e-08,6.02038453941,429.7795846137
2,2,3.059e-08,3.17419847154,109.3125493421
2,2,2.929e-08,3.80821042876,306.830642101
2,2,3.352e-08,1.6045038495,606.7601855223
2,2,2.656e-08,1.22918007705,415.5524906121
2,2,2.948e-08,1.02017644336,180.1619946463
2,2,2.586e-08,6.25175921411,200.7689224658
2,2,2.982e-08,5.27568045991,827.1728279611
2,2,2.543e-08,5.0076813843,358.9301393095
2,2,3.044e-08,3.85742807611,398.2870152247
2,2,3.45e-08,5.56161109812,33.6796175129
2,2,2.649e-08,0.19906595464,387.2413149608
2,2,2.653e-08,6.19083949511,476.1069951778
2,2,2.656e-08,2.2661131447,504.561183181
2,2,2.658e-08,2.53449256208,343.2185725996
2,2,2.512e-08,2.72011642094,218.9281697305
2,2,2.655e-08,1.51011044922,297.6419215609
2,2,2.764e-08,1.02815159981,275.5505210331
2,2,2.619e-08,5.02123369052,221.3758502853
2,2,2.589e-08,3.3528699132,681.5417840896
2,2,2.439e-08,1.19257109184,25.6028626656
2,2,2.613e-08,1.99329848731,1155.361157407
2,2,2.428e-08,5.63777334261,714.6788848813
2,2,2.654e-08,0.17490588647,905.8865797915
2,2,3.17e-08,2.01449003883,132.8884225782
2,2,2.575e-08,1.70882633694,461.1291416508
2,2,2.698e-08,4.86732070299,376.9463742223
2,2,2.602e-08,5.27380478496,144.8973306886
2,2,2.602e-08,5.68878295822,4.665866446
2,2,2.34e-08,5.2712400626,909.8187330546
2,2,2.41e-08,4.39403216091,969.6224780949
2,2,2.575e-08,5.00930018514,987.7817253596
2,2,2.387e-08,3.4717506009,346.1875180162
2,2,2.297e-08,2.37697209648,983.1158589136
2,2,2.4e-08,0.73715855446,1282.8329540138
2,2,2.428e-08,3.19595816714,991.7138786227
2,2,2.377e-08,0.83202602714,280.2163874791
2,2,2.33e-08,2.06975538259,227.3137411185
2,2,2.192e-08,3.13720960527,267.4737661858
2,2,2.721e-08,1.30292847611,735.8765135318
2,3,1.214019e-05,0.0,0.0
2,3,6.68539e-06,1.35719575778,70.8494453042
2,3,6.34232e-06,3.31949833714,78.7137518304
2,3,5.80282e-06,5.5024989316,149.5631971346
2,3,5.54688e-06,3.11230721382,63.7358983034
2,3,4.55522e-06,1.60057962784,85.8272988312
2,3,4.28309e-06,2.52339539695,73.297125859
2,3,4.10924e-06,2.15904083831,76.2660712756
2,3,4.46887e-06,3.43730189985,71.6002048296
2,3,4.22459e-06,1.24206088889,77.962992305
2,3,3.5424e-06,0.67890104591,11.0457002639
2,3,2.46686e-06,0.94534563236,3.9321532631
2,3,2.13878e-06,5.65915292036,74.7815985673
2,3,1.32364e-06,4.15026512788,138.5174968707
2,3,1.1945e-06,3.90585537641,18.1592472647
2,3,1.20394e-06,3.7466563771,145.6310438715
2,3,8.8187e-07,1.90411105424,3.1813937377
2,3,5.2632e-07,1.75498192807,224.3447957019
2,3,5.0576e-07,0.78027105095,131.4039498699
2,3,5.3379e-07,5.39427276412,56.6223513026
2,3,4.6166e-07,1.35350701377,22.0914005278
2,3,3.4956e-07,4.58100445018,151.0476698429
2,3,3.4551e-07,5.72333746106,92.940845832
2,3,2.8364e-07,4.13984176064,160.6088973985
2,3,2.6418e-07,5.85866043581,153.4953503977
2,3,2.429e-07,3.47380451115,127.4717966068
2,3,2.0448e-07,2.29388641968,52.6901980395
2,3,1.8708e-07,1.87727467097,81.8951455681
2,3,1.787e-07,2.76211883479,67.6680515665
2,3,2.0164e-07,6.22457490776,65.2203710117
2,3,1.554e-07,0.46398262034,87.3117715395
2,3,2.0752e-07,4.92517122004,84.3428261229
2,3,1.5215e-07,4.65923267413,148.0787244263
2,3,1.7277e-07,5.95787288564,146.3818033969
2,3,8.774e-08,4.29662781061,62.2514255951
2,3,8.664e-08,3.15614012306,96.8729990951
2,3,8.336e-08,6.17866331895,220.4126424388
2,3,7.548e-08,5.79027481592,152.7445908723
2,3,7.274e-08,0.42348579344,209.3669421749
2,3,6.892e-08,5.13529284135,69.1525242748
2,3,6.892e-08,5.82729490183,80.4106728598
2,3,6.636e-08,1.73465134196,195.1398481733
2,3,6.513e-08,5.16226282857,45.5766510387
2,3,6.716e-08,6.05135269504,120.358249606
2,3,6.103e-08,1.45096139819,202.2533951741
2,3,5.554e-08,1.27094393615,77.2292791221
2,3,5.414e-08,5.62961039887,69.3649725959
2,3,5.319e-08,0.24108290967,72.3339180125
2,3,5.023e-08,0.31886761727,298.2326223919
2,3,4.096e-08,1.74642791377,59.8037450403
2,3,4.056e-08,5.41805385885,312.4597163935
2,3,4.42e-08,2.31775089018,80.1982245387
2,3,4.556e-08,5.81167808783,29.2049475286
2,3,3.772e-08,0.45736408308,71.8126531507
2,3,3.772e-08,1.08044569933,77.7505439839
2,3,3.522e-08,2.27206270731,635.9651330509
2,3,3.471e-08,3.83894807943,486.4019359163
2,3,3.427e-08,3.23330507919,621.7380390493
2,3,3.564e-08,1.4032434833,70.1157321213
2,3,3.564e-08,0.13456629911,79.4474650133
2,3,3.245e-08,2.48350812643,611.5861106627
2,3,3.106e-08,3.95294824397,462.0229135281
2,3,3.058e-08,4.98861382553,472.1748419147
2,3,2.838e-08,4.20089846346,422.6660376129
2,3,3.736e-08,1.94889984594,258.8757464767
2,3,2.795e-08,5.98115561353,273.1028404783
2,3,2.807e-08,4.70523398072,647.0108333148
2,3,2.64e-08,0.64993830115,288.0806940053
2,3,2.579e-08,1.56012171684,199.0720014364
2,3,2.672e-08,4.35858426427,376.1956146969
2,3,2.507e-08,4.31322403686,134.5853436076
2,3,3.134e-08,0.16461922297,408.4389436113
2,3,2.998e-08,2.39309465855,73.0846775379
2,3,2.998e-08,5.42790043104,76.4785195967
2,3,2.218e-08,4.57446080069,391.1734682239
2,4,4.943e-07,0.0,0.0
2,4,3.4198e-07,5.13940292251,63.7358983034
2,4,2.6702e-07,3.77414105026,149.5631971346
2,4,2.7044e-07,5.82865569544,85.8272988312
2,4,1.6281e-07,2.05669737682,18.1592472647
2,4,6.674e-08,2.47653692518,131.4039498699
2,4,7.99e-08,0.88303095823,56.6223513026
2,4,5.228e-08,3.84002419343,92.940845832
2,4,2.294e-08,4.6070078769,365.9006739584
2,4,2.483e-08,2.14187723981,284.1485407422
3,0,0.25876996652,2.61861278845,74.7815985673
3,0,0.01775471434,3.14159265359,0.0
3,0,0.00599290075,5.08119534568,149.5631971346
3,0,0.00190282274,1.61654207891,76.2660712756
3,0,0.00190873655,0.57869366179,73.297125859
3,0,0.00084625392,2.26025774942,1.4844727083
3,0,0.00030733539,0.23570745974,63.7358983034
3,0,0.00020842052,1.26054208091,224.3447957019
3,0,0.0001973341,6.04314596336,148.0787244263
3,0,0.0001253753,5.17169051466,11.0457002639
3,0,0.00014582183,6.14852624696,71.8126531507
3,0,8.855669e-05,4.03774505739,151.0476698429
3,0,8.239051e-05,0.34223137462,77.7505439839
3,0,7.950169e-05,0.72564903051,85.8272988312
3,0,6.868135e-05,0.81403748021,2.9689454166
3,0,5.64872e-05,3.45324719543,138.5174968707
3,0,2.578399e-05,5.1969644739,111.4301614968
3,0,2.965471e-05,6.1435411188,35.1640902212
3,0,1.884104e-05,2.61192472648,78.7137518304
3,0,2.330304e-05,5.7264022615,70.8494453042
3,0,2.006709e-05,0.7595940719,39.6175083461
3,0,1.743154e-05,1.20586281789,146.594251718
3,0,2.037011e-05,0.95353587037,70.3281804424
3,0,1.512017e-05,0.10355104309,213.299095438
3,0,1.508924e-05,2.26195448553,222.8603229936
3,0,1.215921e-05,3.32019275533,38.1330356378
3,0,1.082736e-05,2.62872874057,108.4612160802
3,0,1.051968e-05,0.7556075384,109.9456887885
3,0,8.60142e-06,3.72285572975,299.1263942692
3,0,8.16182e-06,3.9530377946,52.6901980395
3,0,6.55382e-06,3.87077980521,36.6485629295
3,0,7.12421e-06,1.08343941878,3.9321532631
3,0,5.61959e-06,1.87601204328,351.8165923087
3,0,6.18657e-06,5.77033241076,4.4534181249
3,0,5.26378e-06,3.88178280084,112.9146342051
3,0,6.22898e-06,5.56100734055,202.2533951741
3,0,4.6413e-06,0.20598822419,225.8292684102
3,0,4.4811e-06,2.70547740286,145.1097790097
3,0,4.21562e-06,3.66721349765,184.7272873558
3,0,4.58133e-06,5.49113221489,79.2350166922
3,0,4.37386e-06,1.24892718921,33.6796175129
3,0,3.93617e-06,1.25018492386,62.2514255951
3,0,4.24721e-06,2.73945218102,152.5321425512
3,0,4.65359e-06,3.24015058631,127.4717966068
3,0,3.5045e-06,2.57788261436,84.3428261229
3,0,3.75747e-06,3.20459646801,160.6088973985
3,0,3.13152e-06,1.32117543131,145.6310438715
3,0,2.84456e-06,1.70356835837,22.0914005278
3,0,2.65517e-06,2.67172684401,74.6697239827
3,0,2.58948e-06,4.12921582346,12.5301729722
3,0,3.25409e-06,2.48214857847,9.5612275556
3,0,2.61414e-06,5.78536193801,41.1019810544
3,0,2.37721e-06,0.80288483705,65.2203710117
3,0,2.23998e-06,3.91250165407,221.3758502853
3,0,2.20626e-06,3.93529110558,106.9767433719
3,0,2.6521e-06,5.70721287265,74.8934731519
3,0,2.60727e-06,0.26432051819,277.0349937414
3,0,2.01268e-06,5.94906398723,87.3117715395
3,0,1.65472e-06,3.54108848226,490.3340891794
3,0,2.16763e-06,2.14355016573,68.8437077341
3,0,1.6651e-06,3.37208863092,72.3339180125
3,0,1.44942e-06,3.24374054293,56.6223513026
3,0,1.51752e-06,3.25335981894,71.6002048296
3,0,1.45795e-06,5.12147352849,77.962992305
3,0,1.55998e-06,5.19284812595,77.2292791221
3,0,1.23397e-06,2.06100256833,186.2117600641
3,0,1.2362e-06,1.96019194023,288.0806940053
3,0,1.00136e-06,2.82301109906,114.3991069134
3,0,9.5939e-07,4.72085119752,297.6419215609
3,0,9.312e-07,2.91989514468,181.7583419392
3,0,1.09824e-06,3.74385247499,67.6680515665
3,0,8.5882e-07,5.10268841297,153.4953503977
3,0,8.7546e-07,5.06531594976,183.2428146475
3,0,1.0755e-06,1.08025777979,340.7708920448
3,0,8.1507e-07,4.03891440133,143.6253063014
3,0,7.2499e-07,1.26231939492,75.3028634291
3,0,6.6852e-07,5.37638250776,265.9892934775
3,0,6.1441e-07,1.93112217884,18.1592472647
3,0,6.2039e-07,4.48334461215,66.70484372
3,0,7.3016e-07,1.75514255931,415.5524906121
3,0,6.4039e-07,2.09527812031,73.8183907208
3,0,5.6535e-07,5.23288988461,628.8515860501
3,0,7.029e-07,4.25243387975,137.0330241624
3,0,6.2161e-07,0.0124345136,75.7448064138
3,0,7.2251e-07,0.83002325085,74.2603337055
3,0,5.4171e-07,2.5694617229,32.1951448046
3,0,5.1593e-07,2.16146254563,54.1746707478
3,0,5.7081e-07,4.52969105049,5.9378908332
3,0,5.0182e-07,3.95193155421,82.8583534146
3,0,5.9321e-07,0.59787435734,140.001969579
3,0,4.6178e-07,0.49809404707,131.4039498699
3,0,4.6517e-07,3.03683183762,59.8037450403
3,0,4.234e-07,3.04902220404,218.4069048687
3,0,3.909e-07,6.1792633292,373.9079928365
3,0,4.34e-07,4.99216593131,258.0244132148
3,0,3.9572e-07,5.35887385465,219.891377577
3,0,4.5294e-07,3.04833112737,7.1135470008
3,0,3.49e-07,1.59769199954,80.1982245387
3,0,3.492e-07,3.23679252932,380.12776796
3,0,3.6403e-07,1.98850437514,81.8951455681
3,0,3.2126e-07,3.27298565306,191.2076949102
3,0,3.4349e-07,5.21152504802,105.4922706636
3,0,3.2231e-07,3.61065476446,20.6069278195
3,0,3.0653e-07,3.85781563016,426.598190876
3,0,3.6837e-07,3.48760382716,96.8729990951
3,0,3.0915e-07,4.60433376269,42.5864537627
3,0,2.8644e-07,5.75510160651,259.5088859231
3,0,2.8856e-07,1.34653259405,74.5209661364
3,0,2.8208e-07,4.6664232314,159.1244246902
3,0,2.9731e-07,4.37509990489,80.7194894005
3,0,2.9315e-07,5.03629852507,51.2057253312
3,0,2.5879e-07,3.05776566988,8.0767548473
3,0,2.6096e-07,5.4869124027,74.8297826771
3,0,2.5646e-07,2.63747057104,300.6108669775
3,0,2.572e-07,2.42332626332,305.3461693927
3,0,2.5191e-07,6.16170714892,99.1606209555
3,0,2.6096e-07,2.89305157919,74.7334144575
3,0,2.5722e-07,4.26142211768,180.2738692309
3,0,2.419e-07,5.50922979275,74.9416572617
3,0,2.6128e-07,0.13440940381,835.0371344873
3,0,2.4161e-07,5.19499722816,227.3137411185
3,0,2.7066e-07,3.36936938207,554.0699874828
3,0,2.9888e-07,1.80973859163,3.1813937377
3,0,2.5184e-07,1.53219969036,154.0166152595
3,0,2.9189e-07,2.7378667209,479.2883889155
3,0,2.6685e-07,2.98667762458,14.977853527
3,0,2.1405e-07,5.98546374988,529.6909650946
3,0,2.2295e-07,3.75337744344,39.3568759152
3,0,2.8696e-07,0.74986873597,75.0422309982
3,0,2.0972e-07,3.17916896424,255.0554677982
3,0,2.1014e-07,0.66302313851,767.3690829208
3,0,2.0577e-07,0.98634295841,116.4260963429
3,0,2.4248e-07,2.87116663203,74.6215398729
3,0,2.1752e-07,5.26140008123,294.6729761443
3,0,2.3545e-07,3.16204155741,67.3592350258
3,0,1.943e-07,5.66067717228,235.3904959658
3,0,2.222e-07,3.72262913359,92.940845832
3,0,2.1468e-07,5.59192826712,2.4476805548
3,0,1.6392e-07,0.73044725202,142.4496501338
3,0,1.721e-07,0.87217558692,404.5067903482
3,0,1.578e-07,5.95091393024,296.1574488526
3,0,1.8777e-07,0.60348363638,211.8146227297
3,0,1.5523e-07,1.7613816243,41.6444977756
3,0,1.4937e-07,3.30334657462,206.1855484372
3,0,1.7311e-07,0.80301716069,187.6962327724
3,0,1.6318e-07,3.13602300249,28.3111756513
3,0,1.5443e-07,2.76173273635,14.0146456805
3,0,1.4941e-07,1.86976831313,203.7378678824
3,0,1.3508e-07,1.11474597705,984.6003316219
3,0,1.4962e-07,4.21276743909,454.9093665273
3,0,1.5178e-07,2.79287665181,50.4025761791
3,0,1.3092e-07,5.16479782395,74.0308390419
3,0,1.3024e-07,1.54167247979,115.8835796217
3,0,1.3756e-07,4.44130044058,216.9224321604
3,0,1.2912e-07,2.65544175682,75.5323580927
3,0,1.456e-07,0.31573630495,200.7689224658
3,0,1.6675e-07,4.45252615374,125.9873238985
3,0,1.375e-07,6.21844937284,5.4166259714
3,0,1.3992e-07,2.89612356381,60.7669528868
3,0,1.4717e-07,3.86957450354,220.4126424388
3,0,1.3034e-07,0.55043059925,23.5758732361
3,0,1.2728e-07,0.85266689337,110.2063212194
3,0,1.1409e-07,3.39650826181,291.7040307277
3,0,1.1138e-07,2.91935975246,68.1893164283
3,0,1.185e-07,4.83551999164,149.45132255
3,0,1.1862e-07,5.50185243281,331.3215390738
3,0,1.2269e-07,2.11880702802,162.0933701068
3,0,1.1814e-07,5.31010267521,142.1408335931
3,0,1.0875e-07,0.14632073584,128.9562693151
3,0,1.0636e-07,3.41354811558,286.596221297
3,0,1.0932e-07,0.17212866351,230.5645708254
3,0,1.3012e-07,6.00108633545,256.5399405065
3,0,1.0662e-07,5.52797089925,35.4247226521
3,0,1.1802e-07,1.58760278423,149.6750717192
3,0,1.1677e-07,2.40931590777,81.0013736908
3,0,9.947e-08,4.00367169516,760.25553592
3,0,1.1956e-07,5.08786325344,89.7594520943
3,0,9.14e-08,4.92826513743,81.3738807063
3,0,8.569e-08,5.36608418229,28.5718080822
3,0,9.334e-08,0.45928779675,120.358249606
3,0,9.162e-08,3.71396614183,362.8622925726
3,0,8.487e-08,1.7292401792,24.3790223882
3,0,9.947e-08,5.60590635849,68.5618234438
3,0,7.461e-08,2.32031732682,905.8865797915
3,0,8.997e-08,2.37965677543,195.1398481733
3,0,7.366e-08,6.15565920052,135.5485514541
3,0,7.592e-08,0.05052252659,69.3649725959
3,0,9.926e-08,4.65530352311,88.7962442478
3,0,7.471e-08,5.67091902966,367.9701020033
3,0,9.01e-08,5.15786385091,692.5874843535
3,0,6.852e-08,5.42203185877,146.3818033969
3,0,6.805e-08,3.79379417792,214.7835681463
3,0,7.423e-08,0.10794595769,293.188503436
3,0,7.905e-08,4.2587031675,260.9933586314
3,0,8.094e-08,4.30080188984,617.8058857862
3,0,7.684e-08,1.67030681336,114.1384744825
3,0,7.62e-08,0.76643908895,152.0108776894
3,0,6.24e-08,3.84416768971,30.7106720963
3,0,8.334e-08,0.23758565081,565.1156877467
3,0,6.097e-08,5.10863235559,329.7251917809
3,0,5.988e-08,1.11565079117,372.4235201282
3,0,7.252e-08,6.05773736503,6.2197751235
3,0,6.028e-08,5.24025259251,95.3885263868
3,0,6.452e-08,3.16931764705,316.3918696566
3,0,6.289e-08,3.47252263966,73.4090004436
3,0,6e-08,5.61195390119,157.6399519819
3,0,5.425e-08,1.81773059325,647.0108333148
3,0,5.756e-08,0.60729000613,45.5766510387
3,0,5.331e-08,0.57774785878,462.0229135281
3,0,5.807e-08,2.22669544081,358.9301393095
3,0,6.423e-08,3.59829285171,536.8045120954
3,0,5.826e-08,5.23125320066,284.1485407422
3,0,6.532e-08,3.68538415222,278.5194664497
3,0,5.337e-08,2.55697146693,543.0242872189
3,0,5.214e-08,3.23506131011,7.4223635415
3,0,5.726e-08,0.79025128961,483.2205421786
3,0,6.176e-08,4.09929403804,328.3525936572
3,0,6.858e-08,5.69002837482,141.4864422873
3,0,5.025e-08,2.82710574399,152.7445908723
3,0,4.96e-08,3.86366490265,46.2097904851
3,0,5.299e-08,0.28596890733,0.9632078465
3,0,4.711e-08,1.04008534095,1332.4847706675
3,0,4.61e-08,5.85854264972,433.7117378768
3,0,5.322e-08,5.53930777799,477.9157907918
3,0,4.56e-08,5.18525746864,1215.1649024473
3,0,4.528e-08,5.38100183232,983.1158589136
3,0,4.64e-08,1.37720813333,121.2520214833
3,0,4.414e-08,5.22232716227,909.8187330546
3,0,4.365e-08,2.15062971711,611.5861106627
3,0,4.22e-08,3.52810428208,10213.285546211
3,0,4.07e-08,0.58328613274,103.0927742186
3,0,2.61e-08,5.41057398526,632.7837393132
3,1,0.00655887992,0.01271946942,74.7815985673
3,1,0.00049782349,0.0,0.0
3,1,0.00023873149,2.73870549601,149.5631971346
3,1,7.551644e-05,5.49304247639,76.2660712756
3,1,5.941304e-05,3.61254073304,73.297125859
3,1,2.868429e-05,4.17954157878,63.7358983034
3,1,2.087455e-05,5.97858625817,1.4844727083
3,1,1.827697e-05,2.71810813335,11.0457002639
3,1,1.305063e-05,4.52337002195,85.8272988312
3,1,1.15825e-05,5.31913504112,224.3447957019
3,1,7.34112e-06,3.8133172822,70.8494453042
3,1,6.90304e-06,0.01086319936,138.5174968707
3,1,4.97091e-06,4.70518667311,78.7137518304
3,1,5.25934e-06,4.22790148916,71.8126531507
3,1,4.89133e-06,1.79190013789,151.0476698429
3,1,4.29528e-06,4.40758343368,77.7505439839
3,1,3.90025e-06,3.59458303816,148.0787244263
3,1,2.25115e-06,5.02814647582,2.9689454166
3,1,1.93252e-06,2.74882587378,3.9321532631
3,1,1.1962e-06,2.05252714897,213.299095438
3,1,1.02785e-06,3.31502760721,77.962992305
3,1,9.7903e-07,5.85664051124,145.6310438715
3,1,1.03227e-06,5.06943606258,71.6002048296
3,1,1.06981e-06,1.10631744127,52.6901980395
3,1,7.7286e-07,3.72807884402,35.1640902212
3,1,6.7594e-07,0.7760131074,160.6088973985
3,1,6.3561e-07,5.01016684392,22.0914005278
3,1,5.8625e-07,5.17576903593,39.6175083461
3,1,7.6599e-07,1.30683710252,65.2203710117
3,1,5.5754e-07,6.26203252006,222.8603229936
3,1,4.939e-07,0.96663399742,127.4717966068
3,1,4.982e-07,5.14835012477,56.6223513026
3,1,5.3114e-07,2.86405621955,202.2533951741
3,1,6.1715e-07,1.55497097388,299.1263942692
3,1,4.0267e-07,0.39282094222,9.5612275556
3,1,3.9707e-07,3.46589599839,351.8165923087
3,1,4.6592e-07,0.38562695814,84.3428261229
3,1,4.223e-07,1.67068092002,12.5301729722
3,1,3.498e-07,3.48214299481,87.3117715395
3,1,3.2124e-07,1.8403518432,72.3339180125
3,1,3.0982e-07,6.26917099095,38.1330356378
3,1,3.0161e-07,2.83531415256,277.0349937414
3,1,3.0675e-07,3.2220704388,79.2350166922
3,1,2.9271e-07,3.9080672361,4.4534181249
3,1,3.5031e-07,0.01605949416,18.1592472647
3,1,2.9257e-07,0.62309320704,152.5321425512
3,1,2.857e-07,5.63486898483,67.6680515665
3,1,3.3047e-07,4.306518258,225.8292684102
3,1,2.9182e-07,3.1881057654,36.6485629295
3,1,3.1136e-07,5.1664956468,62.2514255951
3,1,2.0989e-07,1.27501642305,73.8183907208
3,1,2.1586e-07,0.54298324173,77.2292791221
3,1,1.9927e-07,0.81036596459,75.7448064138
3,1,1.8562e-07,0.85762153591,153.4953503977
3,1,1.8352e-07,3.66430920732,74.8934731519
3,1,1.9408e-07,5.44238978557,70.3281804424
3,1,1.7432e-07,3.55134001048,111.4301614968
3,1,1.6838e-07,2.40850940993,131.4039498699
3,1,1.6213e-07,4.59517640131,146.594251718
3,1,1.9909e-07,0.11299264852,3.1813937377
3,1,1.505e-07,0.50059176616,184.7272873558
3,1,1.1825e-07,5.13623111208,490.3340891794
3,1,1.2768e-07,4.41440359004,288.0806940053
3,1,1.1567e-07,6.19733666092,81.8951455681
3,1,1.2658e-07,4.96483571441,74.6697239827
3,1,1.1291e-07,1.09075883157,7.1135470008
3,1,1.102e-07,4.01199960071,41.1019810544
3,1,1.1009e-07,1.85422919049,92.940845832
3,1,9.701e-08,2.49773741126,265.9892934775
3,1,9.647e-08,0.66790581742,137.0330241624
3,1,9.256e-08,2.08101585823,112.9146342051
3,1,9.599e-08,6.16046184188,191.2076949102
3,1,8.018e-08,3.39964779966,80.1982245387
3,1,7.441e-08,4.22707529633,415.5524906121
3,1,7.613e-08,4.06305624916,109.9456887885
3,1,6.685e-08,0.85215242388,108.4612160802
3,1,8.996e-08,0.44928083852,96.8729990951
3,1,7.423e-08,4.54199037166,340.7708920448
3,1,6.668e-08,0.68169549965,66.70484372
3,1,5.579e-08,4.88979641865,195.1398481733
3,1,5.519e-08,2.03513310636,297.6419215609
3,1,5.256e-08,5.05648891239,14.977853527
3,1,5.023e-08,1.26471022025,703.6331846174
3,1,4.978e-08,0.45168703793,33.1371007917
3,1,4.978e-08,4.29826949554,419.4846438752
3,1,5.364e-08,4.36091994553,33.6796175129
3,1,5.204e-08,4.71563303529,41.6444977756
3,1,4.871e-08,5.02687879729,206.1855484372
3,1,5.839e-08,2.9395919428,142.4496501338
3,1,4.681e-08,3.79452774373,617.8058857862
3,1,4.676e-08,1.5055022297,835.0371344873
3,1,4.901e-08,0.59194496069,2.4476805548
3,1,4.468e-08,4.41715426535,116.4260963429
3,1,4e-08,2.2720195191,220.4126424388
3,1,3.27e-08,1.75799271188,536.8045120954
3,1,3.003e-08,5.68771752375,426.598190876
3,1,2.586e-08,3.01944725018,639.897286314
3,2,0.00014697217,1.75149164608,74.7815985673
3,2,1.601722e-05,3.14159265359,0.0
3,2,2.57139e-06,5.91766895295,73.297125859
3,2,2.47413e-06,5.67197956903,149.5631971346
3,2,1.2184e-06,0.7586502535,11.0457002639
3,2,9.445e-07,2.21235560116,76.2660712756
3,2,1.13629e-06,2.28365428558,85.8272988312
3,2,8.353e-07,1.80920128029,70.8494453042
3,2,6.5243e-07,0.36612733106,78.7137518304
3,2,4.7174e-07,1.41711995616,1.4844727083
3,2,4.3727e-07,1.83013988872,138.5174968707
3,2,3.43e-07,1.54028391235,77.962992305
3,2,3.3009e-07,5.75228726463,63.7358983034
3,2,3.3193e-07,0.57224102909,71.6002048296
3,2,2.7913e-07,4.45469138185,3.9321532631
3,2,2.289e-07,2.72301959951,224.3447957019
3,2,1.3762e-07,3.75389258483,145.6310438715
3,2,1.1942e-07,0.71017756424,71.8126531507
3,2,1.0375e-07,5.43438514766,151.0476698429
3,2,8.582e-08,4.15703770704,18.1592472647
3,2,7.11e-08,3.80523625157,454.9093665273
3,2,7.3e-08,2.04486459139,77.7505439839
3,2,8.616e-08,0.7720923931,206.1855484372
3,2,6.45e-08,2.13573948824,22.0914005278
3,2,6.088e-08,3.53327516895,213.299095438
3,2,5.761e-08,3.36869478839,52.6901980395
3,2,7.863e-08,4.25003313419,148.0787244263
3,2,6.205e-08,0.0494867586,72.3339180125
3,2,6.691e-08,4.45146912577,160.6088973985
3,2,5.214e-08,5.54906714219,127.4717966068
3,2,6.205e-08,2.26614295646,56.6223513026
3,2,6.094e-08,4.96640467601,3.1813937377
3,2,2.969e-08,6.27419756063,536.8045120954
3,3,4.06961e-06,3.1631403446,74.7815985673
3,3,3.4199e-07,3.14159265359,0.0
3,3,1.1311e-07,4.44380758422,149.5631971346
3,3,8.361e-08,1.72705039556,63.7358983034
3,3,8.312e-08,1.1037178034,73.297125859
3,3,9.244e-08,5.94272369985,70.8494453042
3,3,7.905e-08,0.43984657946,76.2660712756
3,3,8.589e-08,1.88103909904,78.7137518304
3,3,6.893e-08,6.12079288343,85.8272988312
3,3,5.797e-08,1.86650914141,71.6002048296
3,3,5.504e-08,5.95485140431,77.962992305
3,3,4.869e-08,4.99593945023,11.0457002639
