# VSOP87E (barycentric rectangular, ecliptic and equinox J2000.0), body=venus
# Source: Bretagnon P., Francou G. 1988, Astron. Astrophys. 202, 309 (VSOP87 original theory, Bureau des Longitudes/IMCCE), via SunPosition_VSOP87 v2.0.0 (Meysam Mahooti, BSD-3-Clause), file vsop87e.ven.mat
# term contribution to coordinate `var` (1=X,2=Y,3=Z, AU): T^pow * A * cos(B + C*T), T = (JD-2451545.0)/365250 (Julian millennia from J2000.0)
var,pow,A,B,C
1,0,0.72211104628,3.17575836361,10213.285546211
1,0,0.00515822267,0.0,0.0
1,0,0.00494908458,3.74108234732,529.6909650946
1,0,0.00244499876,4.05566613867,20426.571092422
1,0,0.00271754748,4.01601261142,213.299095438
1,0,0.00155435209,2.1705205205,38.1330356378
1,0,0.00083791771,2.33967946884,74.7815985673
1,0,0.00011914665,4.08456666781,1059.3819301892
1,0,7.580097e-05,3.24082423116,426.598190876
1,0,2.800281e-05,0.33147492492,2352.8661537718
1,0,1.941046e-05,1.01223495801,206.1855484372
1,0,1.94089e-05,4.79784874503,149.5631971346
1,0,1.888495e-05,3.89252933583,220.4126424388
1,0,1.949669e-05,4.23196016801,1577.3435424478
1,0,1.432104e-05,3.86896784957,522.5774180938
1,0,1.404162e-05,0.47599536907,536.8045120954
1,0,1.18575e-05,0.77749524757,76.2660712756
1,0,1.241717e-05,4.93573787058,30639.856638633
1,0,1.162258e-05,2.87958246189,18073.7049386502
1,0,8.13685e-06,3.25483611884,36.6485629295
1,0,7.67074e-06,4.22743731914,39.6175083461
1,0,7.42696e-06,1.75470261934,6283.0758499914
1,0,6.69461e-06,1.45721228842,14143.4952424306
1,0,6.57195e-06,0.50086450258,8635.9420037632
1,0,6.24814e-06,0.27936466811,73.297125859
1,0,4.76445e-06,5.8430978284,10186.9872264112
1,0,4.74466e-06,3.64991163504,10239.5838660108
1,0,4.27363e-06,4.41998188509,1589.0728952838
1,0,5.59074e-06,1.16554783301,22003.9146348698
1,0,5.46778e-06,2.71490884128,11790.6290886588
1,0,3.60342e-06,5.15561630805,7.1135470008
1,0,4.08988e-06,3.92725431993,775.522611324
1,0,3.15366e-06,6.15704318462,419.4846438752
1,0,3.09388e-06,2.49212046755,639.897286314
1,0,2.87059e-06,2.79578956958,9683.5945811164
1,0,2.78686e-06,4.93240664943,110.2063212194
1,0,2.68822e-06,0.42000307859,10742.9765113056
1,0,2.97742e-06,5.65655811166,5507.5532386674
1,0,2.13991e-06,0.74895353268,10021.8372800994
1,0,2.41103e-06,5.80627627098,10988.808157535
1,0,2.09303e-06,2.47129919435,10404.7338123226
1,0,2.71022e-06,2.6237778032,19896.8801273274
1,0,2.5448e-06,5.09961413241,9153.9036160218
1,0,2.16123e-06,5.80296794588,316.3918696566
1,0,2.25228e-06,5.27984972093,103.0927742186
1,0,1.74985e-06,6.12704911391,191.4482661116
1,0,1.7504e-06,3.5316397756,9437.762934887
1,0,1.54379e-06,5.3560770439,4705.7323075436
1,0,1.47455e-06,5.55780022641,19651.048481098
1,0,1.35844e-06,2.00150822188,1.4844727083
1,0,1.16732e-06,2.42480907692,632.7837393132
1,0,1.05436e-06,3.12292269117,433.7117378768
1,0,9.7809e-07,3.02261304158,1052.2683831884
1,0,1.0844e-06,3.15757463328,1162.4747044078
1,0,6.9504e-07,0.09284153982,9103.9069941176
1,0,6.9037e-07,0.81599319827,1066.49547719
1,0,8.2633e-07,4.14038372098,15720.8387848784
1,0,5.7905e-07,3.09112177798,11322.6640983044
1,0,5.6654e-07,1.32307194439,949.1756089698
1,0,5.8863e-07,3.05825416735,20618.0193585336
1,0,6.0672e-07,3.78380568336,4551.9534970588
1,0,6.5924e-07,0.2764594845,846.0828347512
1,0,6.3189e-07,5.79436684832,148.0787244263
1,0,4.6372e-07,0.52050501625,10192.5101507186
1,0,4.6247e-07,2.68940900983,10234.0609417034
1,0,6.3153e-07,0.73249733087,224.3447957019
1,0,6.2363e-07,2.59167610929,25934.1243310894
1,0,4.9846e-07,4.74559004636,8624.2126509272
1,0,5.7244e-07,0.64178511675,3154.6870848956
1,0,4.4352e-07,1.62905355389,19367.1891622328
1,0,4.0142e-07,3.21137282665,9411.4646150872
1,0,3.9831e-07,1.63910906528,801.8209311238
1,0,4.5105e-07,2.05062276794,29580.4747084438
1,0,3.6963e-07,4.39471796609,7058.5984613154
1,0,3.7824e-07,4.58891701161,35.1640902212
1,0,3.115e-07,1.37429681895,63.7358983034
1,0,3.0677e-07,4.22148127763,11.0457002639
1,0,2.9387e-07,6.2001200331,11015.1064773348
1,0,3.1396e-07,5.70560306421,15874.6175953632
1,0,3.5988e-07,3.91661388674,9999.986450773
1,0,3.7367e-07,3.06495275533,3340.6124266998
1,0,2.703e-07,1.82255608984,1109.3785520934
1,0,3.5335e-07,5.58257679416,10426.584641649
1,0,2.4532e-07,5.47009748867,7860.4193924392
1,0,2.8741e-07,3.71398829023,151.0476698429
1,0,2.858e-07,2.84721981555,41.1019810544
1,0,2.3782e-07,3.76207354349,227.5261894396
1,0,2.0348e-07,0.50298205801,10206.1719992102
1,0,2.0289e-07,2.70241661509,10220.3990932118
1,0,2.1702e-07,2.5122930721,13367.9726311066
1,0,2.3267e-07,0.46827104623,85.8272988312
1,0,2.2744e-07,1.67012539714,71.8126531507
1,0,2.3556e-07,4.96219726942,21228.3920235458
1,0,2.1314e-07,2.94962042107,3128.3887650958
1,0,1.8028e-07,4.74595269728,2118.7638603784
1,0,1.8918e-07,5.32707832336,26.2983197998
1,0,2.2286e-07,3.93734569173,2.9689454166
1,0,2.1992e-07,0.11232184552,77.7505439839
1,0,2.0026e-07,4.02923197304,209.3669421749
1,0,1.9681e-07,0.87544248531,217.2312487011
1,0,1.9075e-07,5.91973929854,202.2533951741
1,0,1.6571e-07,2.54911337935,735.8765135318
1,0,1.5738e-07,5.27754524439,742.9900605326
1,0,1.8319e-07,3.06472848621,323.5054166574
1,0,2.0165e-07,3.03418313848,3930.2096962196
1,0,1.736e-07,3.01137661271,138.5174968707
1,0,1.5488e-07,4.00542220967,515.463871093
1,0,1.7623e-07,1.34615692033,18837.49819713819
1,0,1.6427e-07,1.82670359355,853.196381752
1,0,1.5237e-07,4.38451593035,9830.3890139878
1,0,1.7193e-07,0.2121492689,3532.0606928114
1,0,1.4675e-07,5.12159442035,10596.1820784342
1,0,1.6092e-07,2.35712884119,20213.271996984
1,0,1.4921e-07,4.07229277194,29864.334027309
1,0,1.1103e-07,3.77017026259,28286.9904848612
1,0,1.4633e-07,2.10306620243,7084.8967811152
1,0,1.2815e-07,3.81478671364,17298.1823273262
1,0,1.404e-07,3.86381640402,23581.2581773176
1,0,1.1229e-07,1.18029367551,199.0720014364
1,0,1.0836e-07,0.34161370756,543.9180590962
1,0,9.882e-08,5.05468665271,21535.9496445154
1,0,1.1587e-07,0.61075744193,525.7588118315
1,0,9.391e-08,0.62349717207,11272.6674764002
1,0,1.1447e-07,3.7270425577,533.6231183577
1,0,1.265e-07,4.58629724985,9786.687355335
1,0,1.0763e-07,1.23302426124,9929.4262273458
1,0,8.934e-08,1.67849943453,29050.7837433492
1,0,8.747e-08,3.75682134819,12566.1516999828
1,0,7.866e-08,2.4342241326,1478.8665740644
1,0,1.0378e-07,1.97768668783,10497.1448650762
1,0,7.498e-08,5.81621256989,40853.142184844
1,0,7.361e-08,0.80024676602,16496.3613962024
1,0,8.792e-08,0.46879154923,10207.7626219036
1,0,8.786e-08,2.74189609908,10218.8084705184
1,0,7.185e-08,3.51955509534,216.4804891757
1,0,8.158e-08,3.5118824282,1692.1656695024
1,0,7.015e-08,1.38855213071,210.1177017003
1,0,7.12e-08,2.46055859947,415.5524906121
1,0,7.423e-08,4.16147582473,10175.2578735752
1,0,6.867e-08,4.39735582882,117.3198682202
1,0,7.386e-08,5.33241731471,10251.3132188468
1,0,7.187e-08,4.04201071614,1265.5674786264
1,0,6.879e-08,2.86415622306,956.2891559706
1,0,6.656e-08,4.38046352226,8094.5216858326
1,0,7.322e-08,5.01386468985,14.2270940016
1,0,6.531e-08,1.17040611406,20419.45754542119
1,0,5.871e-08,2.02826795819,32217.2001810808
1,0,6.597e-08,2.37676813421,647.0108333148
1,0,5.864e-08,0.20073358491,5661.3320491522
1,0,5.717e-08,2.30775630611,24356.7807886416
1,0,7.299e-08,3.26142746195,1581.959348283
1,0,6.401e-08,5.30226825802,95.9792272178
1,0,7.242e-08,0.18019941143,25158.6017197654
1,0,6.244e-08,5.44473078234,70.8494453042
1,0,5.074e-08,4.24610777191,526.5095713569
1,0,4.978e-08,0.09070559075,532.8723588323
1,0,4.94e-08,3.65883501045,3149.1641605882
1,0,5.875e-08,2.3690711315,78.7137518304
1,0,5.637e-08,2.38025391336,382.8965322232
1,0,4.57e-08,2.63257803672,14765.2390432698
1,0,6.109e-08,5.6799009541,111.4301614968
1,0,4.684e-08,0.26862385218,18849.2275499742
1,0,5.081e-08,2.77574657924,20452.8694122218
1,0,5.495e-08,3.29347843305,17085.9586657222
1,0,4.359e-08,0.60967414268,1375.7737998458
1,0,5.436e-08,5.418597144,33794.5437235286
1,0,4.712e-08,4.78612693635,114.3991069134
1,0,5.185e-08,1.85847454376,222.8603229936
1,0,3.866e-08,2.86208012723,13745.3462390224
1,0,4.288e-08,1.51938558324,277.0349937414
1,0,3.686e-08,1.14856079524,1596.1864422846
1,0,3.685e-08,0.38223917752,6681.2248533996
1,0,4.598e-08,0.7640556722,146.594251718
1,0,3.943e-08,3.08912453167,4732.0306273434
1,0,3.635e-08,0.35356507493,1551.045222648
1,0,3.772e-08,1.01689124687,18307.8072320436
1,0,4.327e-08,3.40429598827,23958.6317852334
1,0,3.885e-08,1.61513228322,29088.811415985
1,0,3.754e-08,1.04640420137,490.3340891794
1,0,2.949e-08,2.82363129759,10198.033075026
1,0,2.944e-08,0.38707317908,10228.538017396
1,0,3.221e-08,0.43638422742,20400.2727726222
1,0,2.821e-08,3.43414737256,299.1263942692
1,0,2.493e-08,5.95440151056,17277.4069318338
1,0,3.418e-08,2.52366884638,351.8165923087
1,0,2.747e-08,1.78150237025,5481.2549188676
1,0,2.655e-08,2.90453219642,625.6701923124
1,0,2.549e-08,2.85980700621,6872.6731195112
1,0,2.982e-08,0.59289983624,109.9456887885
1,0,2.431e-08,3.85585401608,30110.1656735384
1,0,2.294e-08,3.89566278246,3442.5749449654
1,0,2.424e-08,0.96902079851,20956.2620575166
1,0,2.742e-08,5.30280142666,27511.4678735372
1,0,2.336e-08,5.79016324229,33.6796175129
1,0,2.212e-08,5.16572775524,14945.3161735544
1,0,2.649e-08,3.6961004486,9580.5018068978
1,0,2.549e-08,0.03994924305,1169.5882514086
1,0,2.021e-08,1.06602786364,19999.97290154599
1,0,2.372e-08,5.35791881546,9573.388259897
1,0,2.011e-08,0.56822837266,21202.093703746
1,0,2.471e-08,5.7472442242,10846.0692855242
1,0,2.289e-08,2.7883660093,1045.1548361876
1,0,1.827e-08,3.06851083486,7064.1213856228
1,0,2.188e-08,5.98208928052,9967.4538999816
1,0,1.812e-08,4.00455436862,22779.4372461938
1,0,2.278e-08,5.10198662047,10316.3783204296
1,0,2.278e-08,4.3918994269,10110.1927719924
1,0,2.118e-08,3.51159941917,10459.1171924404
1,0,1.753e-08,0.3988245163,13553.8979729108
1,0,2.246e-08,3.03979815042,33019.0211122046
1,0,2.05e-08,4.2574851306,9690.7081281172
1,0,1.832e-08,5.56224262077,20809.4676246452
1,0,1.945e-08,3.2910248568,1155.361157407
1,0,1.859e-08,2.69741164079,4.4534181249
1,0,1.646e-08,3.01660183388,440.8252848776
1,0,1.962e-08,5.2348018663,10735.8629643048
1,0,1.484e-08,2.74088797191,3723.508958923
1,0,1.539e-08,5.57331447211,65.2203710117
1,0,2.057e-08,0.56837576346,37724.7534197482
1,0,1.433e-08,1.48123692595,942.062061969
1,0,1.659e-08,1.5730969234,20235.1228263104
1,0,1.553e-08,4.88459995586,9161.0171630226
1,0,1.873e-08,1.50261813839,30213.258447757
1,0,1.541e-08,4.02220022796,6489.776587288
1,0,1.36e-08,5.79998899684,10232.95530711079
1,0,1.36e-08,3.69389705053,10193.61578531121
1,0,1.592e-08,2.48951212353,10288.0671447783
1,0,1.592e-08,0.72118861666,10138.5039476437
1,0,1.271e-08,5.70934511266,13936.794505134
1,0,1.39e-08,6.12238564495,412.3710968744
1,0,1.238e-08,3.79102501998,20.7753954924
1,0,1.413e-08,1.64650599332,42.5864537627
1,0,1.56e-08,2.84665742236,10529.6774158676
1,0,1.56e-08,0.36404331783,9896.8936765544
1,0,1.179e-08,6.00538975341,14919.0178537546
1,0,1.466e-08,2.04239320632,9146.790069021
1,0,1.158e-08,3.85902457723,10632.7701900862
1,0,1.483e-08,1.40459440941,210.8514148832
1,0,1.423e-08,5.98922157377,225.8292684102
1,0,1.472e-08,3.48774945967,215.7467759928
1,0,1.259e-08,4.23560000055,2379.1644735716
1,0,1.493e-08,1.40653635325,22805.7355659936
1,0,1.09e-08,2.83082031323,422.6660376129
1,0,1.402e-08,5.00430127066,10639.883737087
1,0,1.047e-08,0.50899510052,309.2783226558
1,0,1.129e-08,5.77658236271,9793.8009023358
1,0,1.369e-08,5.12813131118,79.2350166922
1,0,1.022e-08,0.96352485877,145.6310438715
1,0,1.422e-08,2.40975714524,152.5321425512
1,0,1.034e-08,3.22353796512,1795.258443721
1,0,9.79e-09,2.33360006154,84.3428261229
1,0,1.342e-08,4.46625072671,36949.2308084242
1,0,9.66e-09,6.19909761751,1272.6810256272
1,0,1.09e-08,2.86573865299,70.3281804424
1,0,1.075e-08,0.57961253778,212.3358875915
1,0,1.07e-08,4.31120526838,214.2623032845
1,0,1.19e-08,4.52803152244,39264.0692895602
1,0,1.013e-08,2.10885792626,10419.4710946482
1,0,1.01e-08,1.09565332862,10007.0999977738
1,0,1.244e-08,2.87441597074,184.7272873558
1,0,1.098e-08,2.95983802473,137.0330241624
1,0,8.89e-09,3.98790631605,213.2509113282
1,0,8.89e-09,0.90251570889,213.3472795478
1,0,9.96e-09,4.5384942621,13341.6743113068
1,0,1.126e-08,1.83484274734,245.8316462294
1,0,8.46e-09,0.63826672604,18875.525869774
1,0,9.67e-09,4.5324638902,437.6438911399
1,0,9.37e-09,1.00137410835,26087.9031415742
1,0,8.19e-09,0.57163728715,529.6427809848
1,0,8.19e-09,3.76946397274,529.7391492044
1,0,8.11e-09,2.26915207928,288.0806940053
1,0,8.26e-09,5.05488603368,2648.454825473
1,0,8.45e-09,6.08176877562,9676.4810341156
1,0,1.037e-08,4.27554240329,527.2432845398
1,0,1.031e-08,0.06363683037,532.1386456494
1,0,7.97e-09,4.06306935733,203.7378678824
1,0,8.59e-09,2.39272132973,74.6697239827
1,0,8.58e-09,5.4282017878,74.8934731519
1,0,7.6e-09,4.01810781408,7564.830720738
1,0,7.86e-09,2.08323238184,11764.330768859
1,0,7.34e-09,5.35841388096,112.9146342051
1,0,7.95e-09,3.42432291896,10750.0900583064
1,0,7.7e-09,0.68487491199,7834.1210726394
1,0,7.09e-09,1.92302056629,628.8515860501
1,0,6.98e-09,3.40358510787,36147.4098773004
1,0,9.06e-09,0.29625818951,31441.6775697568
1,0,9.26e-09,2.97025862788,160.6088973985
1,0,8.26e-09,3.32684274495,838.9692877504
1,0,7.87e-09,5.89002463165,19889.76658032659
1,0,6.48e-09,2.95455543165,2008.557539159
1,0,7.88e-09,0.18032696972,7994.5284420242
1,0,6.24e-09,2.84767789659,39793.7602546548
1,0,8.65e-09,1.99609335238,41654.9631159678
1,0,6.92e-09,2.83117936839,9.5612275556
1,0,6.24e-09,0.50120316917,430.5303441391
1,0,5.99e-09,3.24438777522,2111.6503133776
1,0,8.32e-09,2.20242516999,380.12776796
1,0,7.44e-09,2.51526632902,19903.99367432819
1,0,6.62e-09,4.47978464665,1063.3140834523
1,0,6.16e-09,5.14603483362,1368.660252845
1,0,8.23e-09,5.88974834586,40879.4405046438
1,0,5.92e-09,0.65691971752,17778.11626694899
1,0,6.39e-09,3.15793381912,12.5301729722
1,0,5.99e-09,0.38463092695,423.4167971383
1,0,7.7e-09,2.88484885613,26735.9452622132
1,0,6.48e-09,3.43475812975,528.7277572481
1,0,7.15e-09,5.24194846626,16983.9961474566
1,0,6.46e-09,0.90574398043,530.6541729411
1,0,5.69e-09,1.11632920377,19786.67380610799
1,0,5.47e-09,3.88827567459,2221.856634597
1,0,5.38e-09,6.0410203897,127.4717966068
1,0,5.48e-09,1.60570553727,27197.2816936676
1,0,5.42e-09,0.91953382373,1055.4497769261
1,0,6.72e-09,3.08200615608,221.3758502853
1,0,5.66e-09,2.70414246898,728.762966531
1,0,4.9e-09,2.97472409276,71.6002048296
1,0,6.05e-09,4.63445753926,10059.5067357262
1,0,5.52e-09,2.14941738098,28521.0927782546
1,0,6.76e-09,5.20222552429,20529.66386664059
1,0,5.93e-09,4.85950564308,10367.0643566958
1,0,6.49e-09,1.32346646305,22.0914005278
1,0,5.14e-09,5.06894525071,8662.240323563
1,0,4.71e-09,4.83320292258,77.962992305
1,0,6.23e-09,2.85969660852,330.6189636582
1,0,6.52e-09,2.72637797985,388.4651552382
1,0,4.69e-09,5.48839305777,8631.326197928
1,0,4.68e-09,0.69788003422,1073.6090241908
1,0,4.54e-09,0.79241873074,10042.6126755918
1,0,5.74e-09,5.66932742997,87.3117715395
1,0,5.15e-09,2.92229144851,12432.0426503978
1,0,4.44e-09,2.41828206903,10383.9584168302
1,0,6.05e-09,1.98317483331,984.6003316219
1,0,5.41e-09,3.08246188636,72.3339180125
1,0,4.6e-09,0.69107495802,11802.3584414948
1,0,4.67e-09,5.34128135139,212.7778305762
1,0,4.66e-09,5.83324087524,213.8203602998
1,0,4.36e-09,1.85693485685,9638.9407478762
1,0,4.18e-09,2.75937640828,429.7795846137
1,0,4.22e-09,1.3999148798,10787.6303445458
1,0,4.16e-09,1.72605691131,10225.014899047
1,0,4.16e-09,1.48464382888,10201.556193375
1,0,4.62e-09,1.6617462209,860.3099287528
1,0,4.31e-09,1.72994989473,8617.0991039264
1,0,5.48e-09,5.68904924324,8521.1198767086
1,0,3.81e-09,0.22534351229,19317.1925403286
1,0,5.11e-09,4.91405448075,77.2292791221
1,0,4.66e-09,5.23261301624,6770.7106012456
1,0,3.84e-09,0.64251152112,340.7708920448
1,0,4.44e-09,1.73410494666,2218.7571041868
1,0,5.11e-09,1.02944887408,44809.6502008634
1,0,3.63e-09,4.26514474189,30831.3049047446
1,0,4.89e-09,4.26102629725,30666.1549584328
1,0,3.54e-09,0.36763636808,10103.0792249916
1,0,3.54e-09,2.84306437211,10323.4918674304
1,0,4.27e-09,2.66965454095,13655.8604911764
1,0,3.54e-09,2.5486831652,62.2514255951
1,0,3.95e-09,3.9399918655,52.6901980395
1,0,4.06e-09,2.27584736071,350.3321196004
1,0,3.59e-09,0.0917813896,27490.6924780448
1,0,3.66e-09,3.2103953506,283.8593188652
1,0,3.96e-09,1.99989177453,145.1097790097
1,0,3.85e-09,6.13244198192,909.8187330546
1,0,3.15e-09,0.01870495544,20639.87018786
1,0,3.64e-09,4.22573825928,38734.3783244656
1,0,3.99e-09,4.24912842655,10211.8010735027
1,0,3.99e-09,5.24475762082,10214.7700189193
1,0,3.13e-09,3.62090724113,234.6397364404
1,0,3.82e-09,1.81523910449,186.2117600641
1,0,3.88e-09,2.28168065953,29999.959352319
1,0,3.98e-09,3.64836729223,9835.9119382952
1,0,4.04e-09,3.98593080979,20351.7894938547
1,0,3.85e-09,1.36867886553,20180.7394461926
1,0,4e-09,1.3875243454,454.9093665273
1,0,3.72e-09,4.82853244691,3.1813937377
1,0,2.88e-09,0.91857388482,1905.4647649404
1,0,3.79e-09,5.84551887726,10590.6591541268
1,0,3e-09,5.68088059375,24150.080051345
1,0,2.83e-09,5.59475061655,26709.6469424134
1,0,3.9e-09,3.42415946376,45585.1728121874
1,0,3.65e-09,1.42467845102,10348.910871221
1,0,3.65e-09,1.78602228917,10077.660221201
1,0,3.08e-09,2.68902321898,362.8622925726
1,0,3.09e-09,5.67052430501,6309.3741697912
1,0,2.83e-09,5.534692455,3903.9113764198
1,0,3.35e-09,0.71030115582,200.7689224658
1,0,2.71e-09,3.85648668964,9745.3205558566
1,0,3.11e-09,4.44573637765,297.6419215609
1,0,3.27e-09,6.11774154244,9360.089164459
1,0,2.64e-09,3.8145619515,1485.9801210652
1,0,2.89e-09,1.92464337356,529.1697002328
1,0,3.66e-09,2.92406939426,604.4725636619
1,0,2.88e-09,2.41719522186,530.2122299564
1,0,3.14e-09,1.8435751869,108.4612160802
1,0,2.62e-09,4.15566435137,1258.4539316256
1,0,3.14e-09,1.40080599663,20405.7956969296
1,0,3.06e-09,1.12587272451,2957.7158944766
1,0,2.54e-09,5.63745223648,10681.2505365654
1,0,3.43e-09,4.64296056111,8106.2510386686
1,0,2.74e-09,1.54026728979,565.1156877467
1,0,2.68e-09,0.19545433539,140.001969579
1,0,3.2e-09,0.3222995842,703.6331846174
1,0,2.43e-09,0.44342371962,1062.5633239269
1,0,2.48e-09,0.09445957496,210.3783341312
1,0,2.48e-09,4.79327801971,216.2198567448
1,0,3.24e-09,3.98782911883,31749.2351907264
1,0,2.41e-09,3.24545153339,37.611770776
1,0,2.55e-09,4.90697050745,153.4953503977
1,0,2.37e-09,3.72326482255,212.5483359126
1,0,2.36e-09,1.16575065097,214.0498549634
1,0,2.34e-09,3.82015244739,19624.7501612982
1,0,2.36e-09,4.23871934676,38.6543004996
1,0,2.52e-09,4.61065643475,209.106309744
1,0,2.81e-09,0.78332222978,9399.7352622512
1,0,3.22e-09,2.45576489589,48739.859897083
1,0,3.08e-09,0.46119280399,37410.5672398786
1,0,2.47e-09,0.27272991614,217.491881132
1,0,2.3e-09,4.91404068561,574.3447983348
1,0,2.25e-09,3.38119852586,223.5940361765
1,0,2.24e-09,5.51904045547,38.084851528
1,0,2.23e-09,1.96313876697,38.1812197476
1,0,2.95e-09,5.75145374701,34596.3646546524
1,0,2.45e-09,4.21060733239,173.9422195228
1,0,2.17e-09,1.51605950497,2125.8774073792
1,0,2.14e-09,0.59816494895,12592.4500197826
1,0,2.33e-09,4.35078533465,9264.1099372412
1,0,2.55e-09,4.03464641753,9992.8729037722
1,0,2.55e-09,5.45923962984,10433.6981886498
1,0,2.34e-09,0.55106604784,74.2603337055
1,0,2.33e-09,0.98887023825,75.3028634291
1,0,2.11e-09,0.1827646435,10249.3134128884
1,0,2.11e-09,3.02793609669,10177.2576795336
1,0,2.55e-09,2.4274581767,11026.8358301708
1,0,2.88e-09,1.80083466219,35371.8872659764
1,0,2.21e-09,0.56282855969,38.0276726358
1,0,2.47e-09,0.56642494969,252.6559713532
1,0,2.24e-09,4.78244233129,19360.07561523199
1,0,2.47e-09,1.90808707769,29587.5882554446
1,0,2.04e-09,0.84533704687,18.1592472647
1,0,2.06e-09,3.37469119852,30426.557543195
1,0,2.82e-09,1.41766310537,563.6312150384
1,0,2.63e-09,3.16130275876,20433.6846394228
1,0,2.12e-09,3.16045353079,10206.65698731099
1,0,2.12e-09,0.0502472094,10219.91410511101
1,0,2e-09,0.5672321581,3.9321532631
1,0,2.02e-09,0.82731831247,16894.5103996106
1,0,2.07e-09,5.75479453376,142.4496501338
1,0,2.72e-09,4.85092274037,12320.3200537534
1,0,2.58e-09,5.22999934273,29573.361161443
1,0,2.04e-09,0.27721513871,417.0369633204
1,0,1.95e-09,4.23402090499,66.70484372
1,0,2.11e-09,5.11529334983,11162.4611551808
1,0,2.1e-09,5.15156975899,22645.32819660879
1,0,2.11e-09,5.13588313603,37.1698277913
1,0,2.15e-09,0.35886038032,1699.2792165032
1,0,2.67e-09,4.30118423273,377.3736079158
1,0,1.86e-09,4.53704574212,10251.4185818488
1,0,1.86e-09,4.95684030525,10175.1525105732
1,0,2.58e-09,2.52339488384,9864.361125763
1,0,1.86e-09,4.87586761272,17271.8840075264
1,0,2.27e-09,5.15751336106,207.8824694666
1,0,2.03e-09,2.35104519506,39.0962434843
1,0,2.02e-09,4.05217682796,207.6700211455
1,0,1.82e-09,3.89203001563,1898.3512179396
1,0,2.19e-09,6.03807342488,218.7157214094
1,0,2.06e-09,5.35930784504,88.865680217
1,0,2.54e-09,3.15931084747,19264.0963880142
1,0,1.88e-09,2.43290559306,1471.7530270636
1,0,2.4e-09,1.30869138812,16522.6597160022
1,0,1.85e-09,4.15018423748,508.3503240922
1,0,2.46e-09,0.68740438301,10562.209966659
1,0,1.95e-09,0.82662766477,218.9281697305
1,0,2.11e-09,6.16254771086,11375.7602506188
1,0,1.78e-09,0.50910605505,10949.1620597428
1,0,1.78e-09,2.70159468514,9477.4090326792
1,0,1.74e-09,4.7853563394,40077.61957352
1,0,2.24e-09,4.06529944699,1056.2005364515
1,0,1.77e-09,0.12290786955,20316.36477120259
1,0,1.72e-09,2.9615554216,526.7702037878
1,0,1.73e-09,1.33272334806,8734.4189721466
1,0,1.86e-09,0.73069210814,554.0699874828
1,0,1.94e-09,2.50663265946,28.5718080822
1,0,1.69e-09,1.38093325803,532.6117264014
1,0,1.92e-09,3.08542976535,1574.8458012822
1,0,2.17e-09,3.59114151623,124.433415221
1,0,1.76e-09,1.20681960915,525.4981794006
1,0,1.72e-09,5.60194767636,211.8146227297
1,0,1.96e-09,4.69372863801,9779.5738083342
1,0,1.88e-09,3.44598602635,569.0478410098
1,0,1.58e-09,0.33551046271,528.9402055692
1,0,1.57e-09,4.00545168863,530.44172462
1,0,1.98e-09,3.27402275626,27991.40181316
1,0,1.54e-09,0.72358681867,10199.0584522094
1,0,1.54e-09,2.48711392152,10227.5126402126
1,0,1.89e-09,0.66769513206,9256.9963902404
1,0,1.93e-09,2.39642315228,17468.8551979454
1,0,1.77e-09,0.70756419313,32.1951448046
1,0,1.91e-09,4.1231488639,183.2428146475
1,0,1.79e-09,1.49110102879,5.9378908332
1,0,1.7e-09,5.83704197169,305.3461693927
1,0,2.07e-09,1.8165611606,73.8183907208
1,0,2.05e-09,3.90575045563,52670.0695933026
1,0,1.75e-09,1.28027815287,217.964961884
1,0,1.48e-09,4.39633643688,519.3960243561
1,0,1.66e-09,3.75162140471,10263.0425716828
1,0,1.66e-09,5.74226464266,10163.5285207392
1,0,1.47e-09,3.63497942528,82.8583534146
1,0,1.68e-09,5.33584294691,7991.428911614
1,0,1.94e-09,0.90820651456,38526.574350872
1,0,1.96e-09,4.87499369677,49515.382508407
1,0,2.03e-09,2.5456920993,453.424893819
1,0,1.91e-09,5.96603240618,425.1137181677
1,0,1.48e-09,3.53096991388,414.0680179038
1,0,2e-09,0.25134097583,1439.5096981492
1,0,1.65e-09,5.22234420384,231.4583427027
1,0,1.69e-09,5.71918201676,11265.5539293994
1,0,1.41e-09,5.69421526925,408.4389436113
1,0,1.94e-09,2.26711785239,8837.5117463652
1,0,1.4e-09,0.3302913937,10191.4347168846
1,0,1.4e-09,2.88040934649,10235.1363755374
1,0,1.96e-09,2.2733342269,1293.4842235826
1,0,1.91e-09,6.04625942487,75.7448064138
1,0,1.62e-09,5.59199233193,7255.5696517344
1,0,1.78e-09,3.84899225076,1685.0521225016
1,0,1.49e-09,3.15621899577,533.8837507886
1,0,1.38e-09,0.3849513713,10217.2176994741
1,0,1.38e-09,2.82574936889,10209.3533929479
1,0,1.57e-09,3.61532012746,208.633228992
1,0,1.53e-09,4.99836680146,47.6942631934
1,0,1.84e-09,2.16301573772,1021.2488945514
1,0,1.39e-09,5.84452648935,373.9079928365
1,0,1.38e-09,5.61172177506,214.7835681463
1,0,1.49e-09,2.28858934145,19374.3027092336
1,0,1.29e-09,1.5439076208,203.0041546995
1,0,1.28e-09,5.24161490581,479.2883889155
1,0,1.43e-09,1.40332876782,20447.3464879144
1,0,1.26e-09,3.82073811345,20277.0078952874
1,0,1.3e-09,2.26702486739,654.1243803156
1,0,1.62e-09,1.69374604806,10063.7223490764
1,0,1.44e-09,1.54442458059,4.192785694
1,0,1.39e-09,1.2251040797,251.4321310758
1,0,1.6e-09,5.11540883899,265.9892934775
1,0,1.49e-09,2.18564631641,10135.611775783
1,0,1.49e-09,1.02505442378,10290.959316639
1,0,1.21e-09,5.05113331022,56.6223513026
1,0,1.51e-09,0.84241735172,10245.8180970024
1,0,1.51e-09,2.36828338847,10180.7529954196
1,0,1.52e-09,4.60730376543,18830.38465013739
1,0,1.15e-09,6.22459411775,539.9859058331
1,0,1.44e-09,3.98382443588,24383.0791084414
1,0,1.14e-09,4.16184056386,32858.61374281979
1,0,1.44e-09,3.82694942167,9985.809413422
1,0,1.44e-09,5.6669366257,10440.761679
1,0,1.43e-09,1.56048542507,18844.61174413899
1,0,1.3e-09,5.57171941495,10236.0607476618
1,0,1.3e-09,3.92216663242,10190.5103447602
1,0,1.56e-09,4.19081128787,20388.4380567842
1,0,1.55e-09,0.85940335797,8237.793000355
1,0,1.14e-09,0.09813992796,213.1872208534
1,0,1.14e-09,4.7911677336,213.4109700226
1,0,1.23e-09,5.10501021239,98.8999885246
1,0,1.16e-09,0.64506154486,524.0618908021
1,0,1.15e-09,3.69498632982,535.3200393871
1,0,1.27e-09,0.63003020942,540.7366653585
1,0,1.31e-09,5.39530111218,8101.6352328334
1,0,1.18e-09,0.24752969879,983.1158589136
1,0,1.18e-09,0.19804778544,525.0250986486
1,0,1.11e-09,2.93356769076,43071.8992890308
1,0,1e-09,3.71645704441,529.851023789
1,0,1e-09,0.62422783083,529.5309064002
1,0,9.9e-10,4.32745781002,24978.5245894808
1,0,1.02e-09,1.31527898088,963.4027029714
1,0,9.9e-10,1.87542989608,198.321241911
1,0,1.01e-09,5.26437713251,20043.6745601988
1,0,1.11e-09,1.30109743855,80.1982245387
1,0,1.32e-09,5.33260115213,56600.2792895222
1,0,1.36e-09,6.0774237037,5999.2165311262
1,0,9.6e-10,4.1715256913,213.5115437591
1,0,9.6e-10,0.71778197027,213.0866471169
1,0,1.27e-09,2.33491999261,42456.7840470916
1,0,9.9e-10,0.19873228449,551.031606097
1,0,1.12e-09,3.45345978303,2324.9494088156
1,0,1.11e-09,4.13924061941,534.3568315406
1,0,1.17e-09,1.76475239313,524.2743391232
1,0,1.31e-09,3.21869975863,4176.041342449
1,0,1.06e-09,1.57523662131,19573.37471066999
1,0,1.25e-09,4.8523676116,21.3406410024
1,0,9.5e-10,5.28465176922,327.4375699205
1,0,1.15e-09,2.57406093768,535.107591066
1,0,1e-09,2.94090698274,195.1398481733
1,0,1.12e-09,2.47056814408,20206.15844998319
1,0,9.3e-10,0.23284844018,8204.728007052
1,0,9.6e-10,0.06385619665,35.685355083
1,0,1.13e-09,1.72263005108,114.1384744825
1,0,9.8e-10,3.12531862236,11059.3683809622
1,0,9e-10,2.40621950932,29057.89729034999
1,0,9.1e-10,0.0859816168,1802.3719907218
1,0,1.03e-09,5.15240336003,10244.199671846
1,0,1.03e-09,4.34148268734,10182.371420576
1,0,8.9e-10,3.1690825834,1382.8873468466
1,0,1.25e-09,2.35130047125,12188.778092067
1,0,1.02e-09,4.42228976166,219.891377577
1,0,8.8e-10,4.33292988106,20350.3050211464
1,0,1.05e-09,3.96512076229,19793.7873531088
1,0,1.22e-09,5.43246799719,2636.725472637
1,0,8.6e-10,2.85915032438,228.276948965
1,0,9.5e-10,3.90711906214,2333.196392872
1,0,8.7e-10,1.36045970674,8087.4081388318
1,0,8.6e-10,3.64749231964,7035.1397556434
1,0,1e-09,3.39323367399,96.8729990951
1,0,8.4e-10,2.61330768505,74.7334144575
1,0,8.4e-10,5.20716850754,74.8297826771
1,0,9.5e-10,2.03086124785,10202.2398459471
1,0,9.5e-10,1.17983949234,10224.3312464749
1,0,1.14e-09,1.15232105885,177.8743727859
1,0,8.4e-10,1.22799614537,10401.2106939736
1,0,8.4e-10,1.98270459482,10025.3603984484
1,0,8.5e-10,5.03727591626,19477.39548345219
1,0,8.7e-10,1.13401038923,40.5807161926
1,0,8.7e-10,4.97431232996,29043.67019634839
1,0,8.2e-10,6.17390445678,44007.8292697396
1,0,8.1e-10,3.33902328234,191.2076949102
1,0,9.3e-10,1.06738164563,74.5209661364
1,0,9.3e-10,4.35602536763,5.5229243074
1,0,9.3e-10,0.46802035326,75.0422309982
1,0,7.9e-10,4.31891477024,38.0211610532
1,0,7.9e-10,3.16332905605,38.2449102224
1,0,8e-10,1.40233563562,191.9584544356
1,0,7.9e-10,4.46070108071,278.5194664497
1,0,8e-10,3.95392779576,175.1660598002
1,0,8.3e-10,2.35608099285,300.6108669775
1,0,9.8e-10,5.37191506696,20220.3855439848
1,0,7.8e-10,0.92843223712,30.0562807905
1,0,9.7e-10,5.32653372215,259.5088859231
1,0,9.5e-10,3.35136515938,29477.3819342252
1,0,9.6e-10,1.62154996582,30206.14490075619
1,0,9.5e-10,4.51772320117,30220.3719947578
1,0,7.7e-10,2.50991636518,205.2223405907
1,0,8.9e-10,3.13112055622,29786.660256881
1,0,1.07e-09,4.65459265447,2069.0068349066
1,0,1e-09,4.44047000599,38500.2760310722
1,0,7.7e-10,3.58586905737,10853.182832525
1,0,8.5e-10,0.43515691954,44.070926471
1,0,7.6e-10,4.87466102622,10243.1069843598
1,0,7.6e-10,4.61922502115,10183.4641080622
1,0,9.6e-10,6.24127646307,131.4039498699
1,0,1.01e-09,0.03242064905,53445.5922046266
1,0,9.1e-10,3.88112259566,80.7194894005
1,0,8.6e-10,2.29756841695,18734.4054229196
1,0,1e-09,2.64031933351,28947.6909691306
1,0,7.8e-10,2.59112277976,74.6215398729
1,0,7.8e-10,5.22948432343,74.9416572617
1,0,7.3e-10,1.68280932827,21000.9158907568
1,0,7.5e-10,2.21732650708,302.164775655
1,0,7.3e-10,0.32333160897,17248.4253018544
1,0,9.4e-10,5.44157645789,28313.288804661
1,0,7.2e-10,4.8169886315,213.5597278689
1,0,7.2e-10,0.07231943414,213.0384630071
1,0,9.6e-10,4.24511131293,483.2205421786
1,0,8.5e-10,5.27335453034,3914.9572250346
1,0,7.4e-10,1.92420739215,8827.3902698748
1,0,7e-10,1.49155244201,6298.3283211764
1,0,6.9e-10,2.29681555948,34570.0663348526
1,0,7.1e-10,3.95871098581,34171.9173314444
1,0,7.9e-10,2.65919074354,10018.3141617504
1,0,7.9e-10,0.55150999665,10408.2569306716
1,0,6.9e-10,3.45966511571,529.4785167735
1,0,6.9e-10,0.88102053266,529.9034134157
1,0,9.4e-10,3.68180477512,248.7238180901
1,0,8e-10,2.11794073365,14128.2427712456
1,0,7.7e-10,3.59376629306,518.6452648307
1,0,8.7e-10,3.78428652532,46386.9937433112
1,0,6.9e-10,0.90460126437,41044.5904509556
1,0,6.9e-10,2.25427054035,9644.4636721836
1,0,6.9e-10,0.95643019984,10782.1074202384
1,0,6.6e-10,2.02327672376,635.9651330509
1,0,8.3e-10,5.79338403589,9721.6222537522
1,0,8.3e-10,3.70050201148,10704.9488386698
1,0,9e-10,5.18770728347,20049.1974845062
1,0,7.6e-10,1.05201678798,21485.95302261119
1,0,6.4e-10,1.61066481633,18314.9207790444
1,0,6.4e-10,3.46792160676,2214.7430875962
1,0,6.3e-10,3.22324471895,20.6069278195
1,0,8.4e-10,0.70408445885,424.1505103212
1,0,7.1e-10,6.14408943769,1573.8204240988
1,0,7.1e-10,5.46198489134,1580.8666607968
1,0,8.2e-10,1.17323562782,154.0166152595
1,0,6.7e-10,0.4862009643,3956.5080160194
1,0,6.5e-10,5.99619164093,284.1485407422
1,0,8.5e-10,0.47649339021,60530.4889857418
1,0,7.6e-10,3.59374291647,831.8557407496
1,0,8.1e-10,3.70025004502,37.8724032069
1,0,8.7e-10,5.47908592763,29264.0828387872
1,0,6.9e-10,2.58402361347,275.5505210331
1,0,7.1e-10,3.88813675038,835.0371344873
1,0,8e-10,3.78188046031,38.3936680687
1,0,7.3e-10,0.88865626886,115.8835796217
1,0,6e-10,1.34871003737,20421.0481681146
1,0,6.4e-10,4.29919445052,18300.69368504279
1,0,7.6e-10,3.93987139141,29683.56748266239
1,0,6.9e-10,2.49762583501,511.5317178299
1,0,6.2e-10,1.28649389372,11599.1808225472
1,0,5.8e-10,3.08212047215,7576.560073574
1,0,5.7e-10,3.67915137516,11279.781023401
1,0,5.8e-10,0.25471831888,46.2097904851
1,0,6.8e-10,1.09479629612,643.8294395771
1,0,7.9e-10,5.72688311333,531.1754378029
1,0,6.6e-10,3.67579379885,18100.00325845
1,0,5.9e-10,1.26040809465,10254.8363371958
1,0,5.9e-10,1.95029264554,10171.7347552262
1,0,5.7e-10,4.06263183264,20464.5987650578
1,0,7.9e-10,0.46444983025,404.5067903482
1,0,7.7e-10,4.08353330283,618.5566453116
1,0,7.9e-10,1.97795760115,10137.0194749354
1,0,5.6e-10,1.44522132533,842.1506814881
1,0,6.2e-10,0.8877165736,99.1606209555
1,0,6.5e-10,1.8446048539,547.8502123593
1,0,6.2e-10,4.06674027154,68.8437077341
1,0,6.1e-10,0.01100073598,121.2520214833
1,0,7.6e-10,4.86986651697,528.2064923863
1,0,7.5e-10,4.7149875591,227.3137411185
1,0,6.4e-10,5.571557545,30007.0728993198
1,0,6.1e-10,3.81064825215,650.9429865779
1,0,6.4e-10,4.29409388919,159.1244246902
1,0,5.8e-10,3.05734136153,75449.50683949639
1,0,6.1e-10,2.96999279527,429.0458714308
1,0,7.3e-10,3.8506789341,51449.3242632782
1,0,7.4e-10,5.48466882213,21720.0553160046
1,0,7.2e-10,3.24619558125,39302.096962196
1,0,7.2e-10,4.47140920987,100608.10855926179
1,0,5.7e-10,3.4622712627,92.940845832
1,0,7e-10,5.15360777942,50317.2034395308
1,0,6.8e-10,0.4323378747,219.4494345923
1,0,5.2e-10,2.09263469212,40426.543993968
1,0,5.9e-10,5.80351575464,33.9402499438
1,0,6.2e-10,5.86330508473,2.4476805548
1,0,6.2e-10,6.09623774456,425.6349830295
1,0,5.8e-10,1.31187367842,20412.34399842039
1,0,5.1e-10,5.10012533555,1048.3362299253
1,0,5.4e-10,3.07019079387,59.8037450403
1,0,5e-10,1.48104982763,960.2213092337
1,0,5.9e-10,5.90527689512,72.0732855816
1,0,5e-10,0.12167728428,426.6463749858
1,0,6.4e-10,4.78297114148,269.9214467406
1,0,5e-10,4.78368432558,514.7131115676
1,0,5.1e-10,5.96112457648,387.2413149608
1,0,5.5e-10,1.61378048542,42.3258213318
1,0,5.7e-10,1.89761311531,8307.8207812706
1,0,5.1e-10,3.43355246408,2641.3412784722
1,0,6.3e-10,1.40789341724,750.1036075334
1,0,6.5e-10,1.67946533112,53285.1848352418
1,0,5e-10,4.69707035274,8418.02710249
1,0,5e-10,3.20702872042,426.5500067662
1,0,6.3e-10,3.98505374586,494.2662424425
1,0,5.3e-10,2.43583780027,2428.0421830342
1,0,6.6e-10,6.05166710265,19580.4882576708
1,0,4.7e-10,5.83569926578,544.6688186216
1,0,4.8e-10,2.00982466333,39.3568759152
1,0,4.7e-10,4.81853147221,38741.4918714664
1,0,5.5e-10,5.26856872787,81.8951455681
1,0,5.9e-10,2.11187321665,488.8496164711
1,0,5e-10,1.33990099082,59160.9494168876
1,0,6.3e-10,4.17349551052,1364.7280995819
1,0,5.4e-10,3.62421804697,427.5613987225
1,0,5.6e-10,3.5383357837,34363.365597556
1,0,5.4e-10,0.68665384144,48947.6638706766
1,0,5.2e-10,4.38844382678,210.5907824523
1,0,4.5e-10,4.21526527082,194.9713844606
1,0,5.6e-10,1.07866938616,9936.5397743466
1,0,5.6e-10,2.13203135403,10490.0313180754
1,0,5.1e-10,0.50117453824,216.0074084237
1,0,4.6e-10,4.79961635192,106.2741679563
1,0,5e-10,4.62538441124,1056.9342496344
1,0,4.8e-10,1.32358795195,501.3797894433
1,0,5.4e-10,4.49664827025,9922.312680345
1,0,5.4e-10,4.99723777712,10504.258412077
1,0,6e-10,2.00609002833,18204.71445782499
1,0,5e-10,1.09462754777,355.7487455718
1,0,4.4e-10,5.16479782395,74.0308390419
1,0,4.4e-10,3.40081468635,2538.2485042536
1,0,5.5e-10,2.70454523909,14.977853527
1,0,4.8e-10,1.22735240928,38727.2647774648
1,0,4.4e-10,5.84040951995,38204.687359371
1,0,6.1e-10,3.5072388108,10286.58267207
1,0,6.1e-10,5.98664723657,10139.988420352
1,0,6.1e-10,0.57175309158,6566.9351688566
1,0,5.7e-10,3.17248775727,491.8185618877
1,0,4.3e-10,0.99595677376,213.4591541324
1,0,4.3e-10,3.89366939283,213.1390367436
1,0,4.3e-10,2.65544175682,75.5323580927
1,0,4.3e-10,0.76354191371,220.4608265486
1,0,6e-10,2.76944336702,3684.3780499902
1,0,4.8e-10,3.3519657096,9246.3146687754
1,0,4.9e-10,2.38104573869,47623.8527860896
1,0,6e-10,3.41701626624,14427.3545612958
1,0,5.1e-10,5.43117183762,9566.2747128962
1,0,5.4e-10,0.68459749075,187.6962327724
1,0,5.2e-10,0.06129028276,8727.3054251458
1,0,5.7e-10,0.63863230611,1061.829610744
1,0,5e-10,5.56308110598,296.1574488526
1,0,4.5e-10,5.52086086974,10263.2821681152
1,0,4.5e-10,3.97302517763,10163.2889243068
1,0,4.9e-10,1.65627933457,9794.3611473104
1,0,4.9e-10,1.55442140562,10632.2099451116
1,0,5.4e-10,1.47632908603,57375.8019008462
1,0,4.7e-10,0.24841658475,1279.794572628
1,0,5.8e-10,6.19295972616,1861.202861313
1,0,4.7e-10,1.5091728049,20142.7117735568
1,0,5.6e-10,1.90382257572,64460.6986819614
1,0,4.2e-10,2.81747931977,25132.3033999656
1,0,4.6e-10,5.3858459418,2349.3430354228
1,0,4.1e-10,4.51930257295,128.9562693151
1,0,4.6e-10,4.70373951682,2356.3892721208
1,0,4.4e-10,2.04804189558,30632.74309163219
1,0,4.4e-10,3.19618376464,27461.7108480654
1,0,4.1e-10,0.12857964444,12850.011018848
1,0,5.6e-10,5.4545826458,1057.8974574809
1,0,5.3e-10,1.93518633525,601.7642506762
1,0,4.5e-10,5.4939412292,3178.1457905676
1,0,4.2e-10,5.08305246551,77802.37299326819
1,0,4.7e-10,5.03443210464,679.2541622292
1,0,5e-10,3.02284234315,36301.18868778519
1,0,4.4e-10,0.04275677189,9367.2027114598
1,0,5.4e-10,4.48267339963,207.1487562837
1,0,4e-10,4.11879245377,1059.430114299
1,0,4.4e-10,4.46864162759,79379.716535716
1,0,4.2e-10,3.87088947499,220.364458329
1,0,4.6e-10,4.69192941021,10.2949407385
1,0,5.1e-10,5.74770428324,344.7030453079
1,0,5.4e-10,4.54758275119,66038.04222440919
1,0,4e-10,1.1648847308,31022.7531708562
1,0,5.2e-10,2.92722662671,90394.82301305079
1,0,5.4e-10,1.04857075083,188.9200730498
1,0,4e-10,0.23497278107,38519.945791972
1,0,4.1e-10,2.70677059989,67.6680515665
1,0,3.9e-10,3.44427209717,28631.29909947399
1,0,5.2e-10,5.20963747195,38631.285550247
1,0,4.4e-10,0.29252718625,179.3588454942
1,0,4.3e-10,6.14192019965,11180.2564236466
1,0,3.8e-10,1.29716058654,47938.0389659592
1,0,4.4e-10,1.83547130154,289.5651667136
1,0,4e-10,4.83551999164,149.45132255
1,0,4e-10,0.02735864866,436.1594184316
1,0,3.9e-10,0.47445767706,54981.3849560896
1,0,4.7e-10,2.80270200743,1038.0412891868
1,0,4.4e-10,1.17091466926,10168.1443265744
1,0,4.4e-10,2.03978607093,10258.4267658476
1,0,3.7e-10,3.31019033964,1788.1448967202
1,0,4.7e-10,4.89732365161,187.9251477626
1,0,4.5e-10,2.39073394193,358.9301393095
1,0,4.7e-10,1.00325671943,523.5406259403
1,0,4.3e-10,5.12210246822,22030.2129546696
1,0,5.1e-10,5.89313829453,104538.3182554814
1,0,5.1e-10,6.27593798552,16250.529749973
1,0,3.6e-10,2.92998162283,68.1893164283
1,0,3.7e-10,4.48691474448,29160.9900645686
1,0,4.3e-10,4.92338640427,10362.8487433456
1,0,3.8e-10,4.13589617678,47917.2635704668
1,0,3.6e-10,4.28412749882,2751.5475996916
1,0,3.7e-10,4.41298184434,6256.7775301916
1,0,3.6e-10,2.97028388691,8673.969676399
1,0,4e-10,0.92098132614,1059.3337460794
1,0,4.9e-10,1.963360223,491.6632924588
1,0,3.5e-10,4.23887120976,55798.4583583984
1,0,3.5e-10,2.75316618128,12546.481939083
1,0,3.8e-10,5.64242804993,212.0270710508
1,0,4.9e-10,0.68713949784,32243.4985008806
1,0,3.7e-10,5.53010012107,214.5711198252
1,0,3.9e-10,2.30481475888,1514.2912967165
1,0,4e-10,0.87236752974,497.4476361802
1,0,3.5e-10,1.54030603995,80482.46652890938
1,0,4.4e-10,4.30648713686,9697.821675118
1,0,4.4e-10,5.18739891051,10728.749417304
1,0,3.6e-10,2.23669262946,69941.95360082899
1,0,3.5e-10,4.30307025009,672.1406152284
1,0,4.7e-10,2.48361583884,50.4025761791
1,0,3.7e-10,3.25220014102,35191.8101356918
1,0,4e-10,2.23416725118,28418.000004036
1,0,3.5e-10,4.65523345776,89.7594520943
1,0,3.5e-10,5.32328344021,69.1525242748
1,0,3.5e-10,4.70173672118,10415.5389413851
1,0,3.5e-10,4.79214932619,10011.0321510369
1,0,3.4e-10,5.41644307615,48733.23133818299
1,0,4.3e-10,2.91924315729,312.4597163935
1,0,4e-10,1.58760278423,149.6750717192
1,0,3.3e-10,5.38015255564,49477.35483577119
1,0,4.2e-10,3.3315928375,535.8413042489
1,0,3.6e-10,3.18170063426,144.1465711632
1,0,3.3e-10,2.37919979646,54.1746707478
1,0,3.3e-10,3.7488973079,10117.3063189932
1,0,3.3e-10,5.74498873947,10309.2647734288
1,0,3.4e-10,4.93633143876,7461.7379465194
1,0,4.4e-10,3.78834210571,237.6781178262
1,0,3.5e-10,1.74685819003,529.9515975255
1,0,3.5e-10,2.59415719377,529.4303326637
1,0,3.2e-10,4.82073066675,100909.03762133139
1,0,3.2e-10,4.15757729853,206.1373643274
1,0,4e-10,4.91765336511,1593.0050485469
1,0,4.2e-10,2.02575996826,36173.7081971002
1,0,3.2e-10,0.69603648293,522.529233984
1,0,4.4e-10,0.60569420427,1512.8068240082
1,0,3.4e-10,3.91727152081,522.6256022036
1,0,3.2e-10,4.94879963135,81.3738807063
1,0,3.6e-10,3.21789957686,143.6253063014
1,0,3.8e-10,2.89788933077,115674.27666460119
1,0,3.1e-10,3.4478832364,30103.05212653759
1,0,3.4e-10,5.20057828474,1361.5467058442
1,0,3.2e-10,4.93095676351,767.3690829208
1,0,3.6e-10,3.05228952146,106.9767433719
1,0,3.2e-10,3.76438941047,21977.61631507
1,0,3.6e-10,1.2286762382,20430.50324568509
1,0,3.1e-10,1.35404435495,35.212274331
1,0,3.3e-10,1.35404998174,1060.3451380357
1,0,3.1e-10,1.46724432126,50290.905119731
1,0,3.2e-10,0.22257491587,81732.5826894878
1,0,4.2e-10,2.48755696559,14169.7935622304
1,0,3.4e-10,4.16441980838,58946.51688439399
1,0,3e-10,0.22687369463,51640.7725293898
1,0,3.3e-10,5.88115236046,83309.92623193559
1,0,2.9e-10,0.24041707519,11752.601416023
1,0,2.9e-10,5.51688017902,9800.9144493366
1,0,2.9e-10,3.97700586835,10625.6566430854
1,0,3.6e-10,1.23021540997,181.0557665236
1,0,2.9e-10,1.24410667204,1585.1407420207
1,0,3e-10,3.62180540908,20432.0940167294
1,0,2.9e-10,4.40925784627,9889.7801295536
1,0,3e-10,5.47125895037,458.8415197904
1,0,3e-10,1.04324019127,206.233732547
1,0,3.9e-10,5.97000692581,69968.2519206288
1,0,2.8e-10,0.27335698936,10098.84625752579
1,0,2.8e-10,2.93734375083,10327.72483489621
1,0,3.1e-10,3.65358279415,63498.47038145279
1,0,3.4e-10,4.23088120025,1539.315869812
1,0,2.8e-10,5.43510977873,1179.1945390396
1,0,3.3e-10,3.71848916507,245.5424243524
1,0,3.9e-10,5.18936615352,30563.5905673574
1,0,3.9e-10,1.33255333737,5791.4125575326
1,0,3.7e-10,0.0142001286,47964.337285759
1,0,3.4e-10,3.47970683246,37703.9780242558
1,0,3.1e-10,5.46651444566,39786.646707654
1,0,2.8e-10,3.65950618561,73872.1632970486
1,0,3.4e-10,3.84184270652,92.0470739547
1,0,2.9e-10,4.5447525039,426.0769260142
1,0,2.8e-10,1.94950811352,28528.2063252554
1,0,3.7e-10,3.33141664712,68390.90837818099
1,0,2.8e-10,0.41915165036,15694.5404650786
1,0,3.4e-10,3.67871414535,40213.24489853
1,0,2.7e-10,2.00149954913,643.0786800517
1,0,3.1e-10,4.76909835895,106570.36967048359
1,0,2.9e-10,0.41759634551,536.7563279856
1,0,2.7e-10,4.36788488657,113.3877149571
1,0,3.1e-10,0.95396015997,27682.1407441564
1,0,2.6e-10,3.63270001708,536.8526962052
1,0,3.7e-10,2.638895938,13859.6359235654
1,0,3e-10,4.55790675044,247.2393453818
1,0,2.8e-10,1.92419873752,7886.717712239
1,0,3.1e-10,2.95281812365,567.8240007324
1,1,0.0003515871,3.14159265359,0.0
1,1,0.0001723495,0.92721124604,20426.571092422
1,1,6.5104e-05,2.19289888883,10213.285546211
1,1,8.96886e-06,1.12825521507,426.598190876
1,1,7.7682e-06,2.70601709408,206.1855484372
1,1,7.5354e-06,2.19131801801,220.4126424388
1,1,6.00909e-06,3.25727135452,1059.3819301892
1,1,5.7195e-06,5.56997288971,522.5774180938
1,1,5.60873e-06,5.05742420267,536.8045120954
1,1,1.75153e-06,1.80662375856,30639.856638633
1,1,9.7244e-07,3.47387164112,7.1135470008
1,1,7.2601e-07,0.36313560559,639.897286314
1,1,8.753e-07,1.66279295561,419.4846438752
1,1,6.0308e-07,4.92818504243,8635.9420037632
1,1,5.3691e-07,1.32771189808,433.7117378768
1,1,5.7444e-07,4.24894038266,213.299095438
1,1,6.2875e-07,2.09139376733,10186.9872264112
1,1,6.2673e-07,1.11931770829,10239.5838660108
1,1,4.9288e-07,4.57672399872,11790.6290886588
1,1,4.298e-07,3.60320031727,1589.0728952838
1,1,3.6778e-07,2.06851242251,775.522611324
1,1,3.0995e-07,4.8846531583,1052.2683831884
1,1,3.008e-07,5.32711374724,10021.8372800994
1,1,3.2246e-07,0.9872406182,529.6909650946
1,1,2.9274e-07,4.16540644255,10404.7338123226
1,1,2.9956e-07,5.4809444384,1066.49547719
1,1,3.2092e-07,2.84692417916,149.5631971346
1,1,2.1371e-07,0.56918433581,316.3918696566
1,1,1.9967e-07,1.16604774963,9437.762934887
1,1,1.899e-07,2.06104675595,227.5261894396
1,1,1.7823e-07,2.078365426,10988.808157535
1,1,1.3962e-07,4.17631168541,110.2063212194
1,1,1.3944e-07,3.690803028,9683.5945811164
1,1,1.3302e-07,1.34684482109,191.4482661116
1,1,1.3514e-07,5.77326513156,10742.9765113056
1,1,1.5885e-07,5.78017661291,76.2660712756
1,1,1.4023e-07,3.49827896956,4705.7323075436
1,1,1.3305e-07,1.15252179423,19651.048481098
1,1,1.2374e-07,5.70562636316,515.463871093
1,1,1.3243e-07,5.16075891864,36.6485629295
1,1,1.1847e-07,3.05476901979,632.7837393132
1,1,1.2487e-07,2.32002507803,39.6175083461
1,1,1.0223e-07,2.19747174258,73.297125859
1,1,9.014e-08,2.8687275429,199.0720014364
1,1,8.667e-08,4.924197114,543.9180590962
1,1,7.754e-08,3.01431732345,949.1756089698
1,1,7.535e-08,2.70484475866,103.0927742186
1,1,6.878e-08,4.83643789894,9103.9069941176
1,1,7.314e-08,6.00715030461,15720.8387848784
1,1,5.893e-08,4.65079788415,11322.6640983044
1,1,5.966e-08,2.10338851243,10206.1719992102
1,1,5.966e-08,1.10731222776,10220.3990932118
1,1,5.483e-08,6.01106223961,853.196381752
1,1,5.158e-08,1.94900517603,209.3669421749
1,1,5.079e-08,2.96229494906,217.2312487011
1,1,4.653e-08,1.72782369127,216.4804891757
1,1,5.146e-08,2.49797078266,3154.6870848956
1,1,4.541e-08,3.17727011849,210.1177017003
1,1,4.456e-08,0.76977956324,323.5054166574
1,1,4.57e-08,4.59128591402,20618.0193585336
1,1,4.253e-08,6.04441888042,9999.986450773
1,1,4.233e-08,3.49063898076,63.7358983034
1,1,4.157e-08,3.43980473612,10426.584641649
1,1,4.095e-08,0.51793431422,647.0108333148
1,1,4.649e-08,2.86570782502,9830.3890139878
1,1,4.989e-08,3.32377727482,14.2270940016
1,1,4.32e-08,4.2884518892,735.8765135318
1,1,4.457e-08,0.35149067415,10596.1820784342
1,1,3.445e-08,4.34972240938,85.8272988312
1,1,3.338e-08,2.34738225115,11.0457002639
1,1,3.244e-08,6.04240714038,526.5095713569
1,1,3.181e-08,4.57837074085,532.8723588323
1,1,3.22e-08,2.31596557655,7860.4193924392
1,1,2.903e-08,4.79566936964,525.7588118315
1,1,2.864e-08,5.82538312855,533.6231183577
1,1,2.876e-08,2.6926572353,117.3198682202
1,1,2.833e-08,2.05576755359,202.2533951741
1,1,2.79e-08,3.91140503058,19367.1891622328
1,1,2.701e-08,0.65622385382,7058.5984613154
1,1,2.426e-08,5.6370711142,8624.2126509272
1,1,2.514e-08,0.74093420826,95.9792272178
1,1,2.055e-08,5.42893438245,138.5174968707
1,1,2.228e-08,3.80476415463,11015.1064773348
1,1,1.996e-08,3.76028525032,742.9900605326
1,1,2.742e-08,4.97112619529,801.8209311238
1,1,2.701e-08,3.93865719128,2118.7638603784
1,1,2.539e-08,5.96953643859,9411.4646150872
1,1,1.91e-08,1.96850101416,956.2891559706
1,1,1.768e-08,5.91092694669,1596.1864422846
1,1,1.733e-08,3.35882285196,1109.3785520934
1,1,1.668e-08,3.43481125656,70.8494453042
1,1,1.82e-08,2.53309413889,13367.9726311066
1,1,1.586e-08,2.69305924778,40853.142184844
1,1,1.57e-08,4.37765395011,78.7137518304
1,1,2.007e-08,2.52717557705,26.2983197998
1,1,1.74e-08,2.26366858618,4551.9534970588
1,1,1.695e-08,4.86384593057,3930.2096962196
1,1,1.491e-08,1.26055544534,440.8252848776
1,1,1.809e-08,5.0071933945,1581.959348283
1,1,1.561e-08,4.53702050944,1045.1548361876
1,1,1.447e-08,1.95238298727,74.7815985673
1,1,1.401e-08,0.72534820656,12566.1516999828
1,1,1.645e-08,3.97870726126,224.3447957019
1,1,1.4e-08,6.24739539057,11272.6674764002
1,1,1.282e-08,4.66310117053,10218.8084705184
1,1,1.282e-08,4.83078487684,10207.7626219036
1,1,1.424e-08,3.84877764517,7084.8967811152
1,1,1.48e-08,5.68175195919,3128.3887650958
1,1,1.352e-08,2.86394052328,20419.45754542119
1,1,1.331e-08,5.67740813364,23581.2581773176
1,1,1.165e-08,1.86912148528,1577.3435424478
1,1,1.217e-08,3.13914848069,9153.9036160218
1,1,1.283e-08,3.88489184697,382.8965322232
1,1,1.161e-08,4.49256510074,625.6701923124
1,1,1.133e-08,0.06024843139,35.1640902212
1,1,9.99e-09,5.674434652,1265.5674786264
1,1,1.084e-08,4.35524384671,10198.033075026
1,1,1.084e-08,5.13864220066,10228.538017396
1,1,9.35e-09,2.69155510108,2352.8661537718
1,1,1.204e-08,4.96311045584,16496.3613962024
1,1,9.27e-09,0.95159471682,15874.6175953632
1,1,8.82e-09,1.12105057835,41.1019810544
1,1,9.38e-09,4.56608679745,1169.5882514086
1,1,9.43e-09,1.78153635749,151.0476698429
1,1,9.65e-09,1.55576378944,412.3710968744
1,1,7.69e-09,3.16951506066,942.062061969
1,1,7.45e-09,2.15244210116,3149.1641605882
1,1,7.27e-09,0.71047310572,28286.9904848612
1,1,7.68e-09,4.99147918103,1155.361157407
1,1,7.11e-09,3.39057215594,71.8126531507
1,1,6.3e-09,4.1020561647,6283.0758499914
1,1,7.19e-09,4.52061983489,77.7505439839
1,1,6.25e-09,3.18531726606,20400.2727726222
1,1,6.13e-09,0.22192928894,21535.9496445154
1,1,8.44e-09,1.91525540918,21228.3920235458
1,1,6.73e-09,5.27601179416,8094.5216858326
1,1,6.32e-09,0.25150164023,18849.2275499742
1,1,5.72e-09,2.30412060804,309.2783226558
1,1,6.59e-09,3.8507482365,17298.1823273262
1,1,5.58e-09,2.17212279619,5661.3320491522
1,1,7.24e-09,3.25902076369,1162.4747044078
1,1,5.04e-09,0.50752256282,20452.8694122218
1,1,5.1e-09,3.90147691268,277.0349937414
1,1,4.71e-09,5.08849959119,32217.2001810808
1,1,4.86e-09,0.82245463791,422.6660376129
1,1,4.56e-09,2.7585372989,1692.1656695024
1,1,4.49e-09,3.23050669378,9161.0171630226
1,1,4.06e-09,5.47199309176,24356.7807886416
1,1,4.21e-09,2.57695843451,29050.7837433492
1,1,3.91e-09,5.30832534377,1073.6090241908
1,1,3.74e-09,1.92168872074,234.6397364404
1,1,4.33e-09,3.74326536161,9146.790069021
1,1,4.32e-09,0.83861429466,20809.4676246452
1,1,3.68e-09,0.50948592294,9786.687355335
1,1,3.64e-09,2.71580018519,10639.883737087
1,1,3.84e-09,0.93539249733,330.6189636582
1,1,3.71e-09,5.54353838421,415.5524906121
1,1,3.53e-09,1.18721605495,846.0828347512
1,1,4.4e-09,0.73691128332,10735.8629643048
1,1,4.42e-09,2.47960767723,9690.7081281172
1,1,3.35e-09,6.0540115814,860.3099287528
1,1,3.72e-09,0.50265145827,10251.3132188468
1,1,3.72e-09,2.70804928192,10175.2578735752
1,1,3.37e-09,4.75525977824,71.6002048296
1,1,3.24e-09,2.28921417158,423.4167971383
1,1,4.17e-09,5.95567969898,22003.9146348698
1,1,3.19e-09,1.05799141125,17277.4069318338
1,1,4.3e-09,2.94467829658,18837.49819713819
1,1,3.24e-09,3.05393333292,77.962992305
1,1,3.84e-09,3.06685995823,1478.8665740644
1,1,3.16e-09,0.91375113764,429.7795846137
1,1,3.61e-09,2.21089537404,2.9689454166
1,1,3.05e-09,5.5579164932,145.6310438715
1,1,3.05e-09,1.077056085,14765.2390432698
1,1,3.74e-09,4.41343415577,728.762966531
1,1,2.99e-09,1.1704932721,9573.388259897
1,1,3.51e-09,2.50782509682,6489.776587288
1,1,3.83e-09,6.13188528401,210.8514148832
1,1,3.8e-09,5.05058792236,215.7467759928
1,1,2.97e-09,1.06831804424,10232.95530711079
1,1,2.97e-09,2.14238269595,10193.61578531121
1,1,2.83e-09,1.43375599031,9676.4810341156
1,1,2.82e-09,2.3546908312,3442.5749449654
1,1,2.62e-09,3.22424298845,21202.093703746
1,1,2.8e-09,4.5490934315,13745.3462390224
1,1,3.03e-09,0.76647154703,27511.4678735372
1,1,2.65e-09,5.63411986393,22779.4372461938
1,1,2.89e-09,5.7861248874,20235.1228263104
1,1,3.38e-09,5.87862918623,148.0787244263
1,1,2.55e-09,2.25536828287,437.6438911399
1,1,2.8e-09,5.08975182162,14919.0178537546
1,1,2.62e-09,1.80492967584,10750.0900583064
1,1,3.11e-09,5.13228886176,838.9692877504
1,1,2.56e-09,4.41502652709,10234.0609417034
1,1,2.56e-09,5.07885952028,10192.5101507186
1,1,2.37e-09,2.28726007142,3.9321532631
1,1,2.81e-09,6.24023878472,4732.0306273434
1,1,2.73e-09,4.38798616028,19999.97290154599
1,1,2.31e-09,4.24584068448,3723.508958923
1,1,2.85e-09,5.52678721077,20956.2620575166
1,1,2.66e-09,5.06649873732,38.1330356378
1,1,2.34e-09,1.6039581886,223.5940361765
1,1,2.48e-09,0.80860047227,13936.794505134
1,1,2.21e-09,5.85413979591,508.3503240922
1,1,3.03e-09,0.16166252665,14945.3161735544
1,1,2.34e-09,4.87225306441,1272.6810256272
1,1,2.29e-09,2.00393082027,18307.8072320436
1,1,2.43e-09,4.78651508733,6681.2248533996
1,1,2.32e-09,1.29928665498,19889.76658032659
1,1,1.99e-09,0.3311659446,9638.9407478762
1,1,2.18e-09,0.81835340957,19903.99367432819
1,1,2e-09,6.03453757404,1375.7737998458
1,1,2.36e-09,3.29779198483,1551.045222648
1,1,1.82e-09,4.19683782346,6872.6731195112
1,1,1.79e-09,0.13299783559,30110.1656735384
1,1,1.83e-09,2.86361582264,10787.6303445458
1,1,2.08e-09,5.61842788521,10007.0999977738
1,1,2.08e-09,3.87545816216,10419.4710946482
1,1,1.99e-09,2.97222353917,430.5303441391
1,1,1.88e-09,1.83168099087,124.433415221
1,1,1.84e-09,1.66108291395,9967.4538999816
1,1,1.73e-09,0.50653444879,1368.660252845
1,1,1.66e-09,4.99522557947,1062.5633239269
1,1,1.81e-09,4.29985084119,2648.454825473
1,1,1.57e-09,4.86147676477,5507.5532386674
1,1,1.63e-09,4.95974146969,10225.014899047
1,1,1.63e-09,4.53414457768,10201.556193375
1,1,1.56e-09,6.06699266861,10316.3783204296
1,1,1.56e-09,3.42689337876,10110.1927719924
1,1,1.78e-09,1.54946213545,10459.1171924404
1,1,1.64e-09,2.91444613296,3.1813937377
1,1,1.63e-09,3.33666234638,8617.0991039264
1,1,1.74e-09,1.61176269489,65.2203710117
1,1,1.63e-09,0.77052245905,88.865680217
1,1,1.57e-09,5.15568499427,13553.8979729108
1,1,1.53e-09,0.79359507111,160.6088973985
1,1,1.53e-09,4.56991285435,7064.1213856228
1,1,1.54e-09,6.16274455061,519.3960243561
1,1,1.4e-09,3.74168278014,8631.326197928
1,1,1.4e-09,5.84592048082,1258.4539316256
1,1,1.38e-09,5.2213941063,1055.4497769261
1,1,1.62e-09,1.41066050496,18875.525869774
1,1,1.32e-09,0.46806671232,654.1243803156
1,1,1.34e-09,3.33556330332,203.0041546995
1,1,1.77e-09,4.60803620012,5481.2549188676
1,1,1.28e-09,5.46982761491,10632.7701900862
1,1,1.2e-09,0.17691589754,1063.3140834523
1,1,1.22e-09,3.52963783211,22805.7355659936
1,1,1.18e-09,4.77280443966,551.031606097
1,1,1.31e-09,2.25810592292,31441.6775697568
1,1,1.51e-09,2.51506129756,29864.334027309
1,1,1.2e-09,4.45697558744,539.9859058331
1,1,1.43e-09,4.89084173973,7994.5284420242
1,1,1.4e-09,5.86589845886,1056.2005364515
1,1,1.11e-09,5.69390808885,222.8603229936
1,1,1.11e-09,0.03988488946,2125.8774073792
1,1,1.33e-09,4.62837772547,22.0914005278
1,1,1.28e-09,4.83324965266,14143.4952424306
1,1,1.44e-09,1.47900802038,299.1263942692
1,1,1.19e-09,2.18817672539,28521.0927782546
1,1,1.34e-09,3.16966777445,21.3406410024
1,1,1.33e-09,4.66569043351,12432.0426503978
1,1,1.26e-09,4.47692677637,9793.8009023358
1,1,9.9e-10,2.30761648841,20.7753954924
1,1,1.39e-09,2.94662252756,1485.9801210652
1,1,1.04e-09,6.17531547106,36147.4098773004
1,1,9.7e-10,5.41467539027,18.1592472647
1,1,9.6e-10,3.0817040236,191.9584544356
1,1,1.2e-09,4.77545420807,1574.8458012822
1,1,9.4e-10,3.3173974237,87.3117715395
1,1,1.01e-09,1.27086316315,33.6796175129
1,1,9.3e-10,0.14711850987,574.3447983348
1,1,1.29e-09,4.90463216286,7564.830720738
1,1,9.2e-10,1.92693800199,9360.089164459
1,1,1.05e-09,0.69367524807,16983.9961474566
1,1,1.22e-09,0.24302263595,84.3428261229
1,1,9.5e-10,3.66782801204,10433.6981886498
1,1,9.5e-10,5.82605803532,9992.8729037722
1,1,9.6e-10,5.16231260208,2111.6503133776
1,1,9.7e-10,5.87982327909,217.964961884
1,1,8.7e-10,3.32576161903,231.4583427027
1,1,9.7e-10,1.64179644592,72.3339180125
1,1,8.9e-10,5.45720829907,628.8515860501
1,1,8.8e-10,5.00348782624,1699.2792165032
1,1,8.1e-10,0.17273168667,19896.8801273274
1,1,1.1e-09,0.30263518591,11802.3584414948
1,1,1.08e-09,5.13400660338,29580.4747084438
1,1,8.1e-10,1.26377078095,12.5301729722
1,1,9.3e-10,5.89270070063,2957.7158944766
1,1,8.6e-10,3.03921945697,127.4717966068
1,1,9.4e-10,1.4797876383,20433.6846394228
1,1,8.5e-10,5.30523639998,208.633228992
1,1,8.4e-10,3.01528050439,25158.6017197654
1,1,8e-10,4.03019573108,1471.7530270636
1,1,7.6e-10,5.75771357218,288.0806940053
1,1,7.7e-10,4.50520624769,10177.2576795336
1,1,7.7e-10,4.98867979968,10249.3134128884
1,1,8.8e-10,1.1595689447,2379.1644735716
1,1,9.6e-10,6.22255663987,203.7378678824
1,1,7.6e-10,0.40948960322,362.8622925726
1,1,7.2e-10,3.81559276845,302.164775655
1,1,7.1e-10,1.17266418386,24150.080051345
1,1,7.5e-10,1.95113506965,525.0250986486
1,1,6.9e-10,4.21368560293,114.3991069134
1,1,6.8e-10,0.64071253014,153.4953503977
1,1,6.8e-10,0.16388050208,9.5612275556
1,1,6.8e-10,0.99582401938,73.8183907208
1,1,7.1e-10,0.26608127921,29043.67019634839
1,1,9.1e-10,0.45051499731,19360.07561523199
1,1,7.1e-10,2.38708525663,534.3568315406
1,1,6.8e-10,3.96046123295,10383.9584168302
1,1,6.8e-10,5.53342481442,10042.6126755918
1,1,7.7e-10,0.65927841966,29573.361161443
1,1,6.9e-10,4.86964064866,26735.9452622132
1,1,7.3e-10,0.21800067624,29587.5882554446
1,1,6.5e-10,5.46497273946,39302.096962196
1,1,6.4e-10,0.53528518109,75.7448064138
1,1,6.6e-10,3.87839547247,3532.0606928114
1,1,6.6e-10,6.177864772,42.5864537627
1,1,6.1e-10,2.88776849923,207.8824694666
1,1,6.1e-10,0.66096812913,29057.89729034999
1,1,8.1e-10,4.74585575332,11764.330768859
1,1,6e-10,2.02282855033,218.7157214094
1,1,7e-10,0.83559773197,52.6901980395
1,1,5.9e-10,1.24623136375,408.4389436113
1,1,6.7e-10,1.15918883443,40077.61957352
1,1,7.7e-10,0.71010883429,20213.271996984
1,1,6.7e-10,0.58534149028,152.5321425512
1,1,7.7e-10,3.31402395838,7834.1210726394
1,1,7.6e-10,0.10784891475,77.2292791221
1,1,6.4e-10,3.30054842989,79.2350166922
1,1,6.1e-10,0.45486168004,56.6223513026
1,1,6.7e-10,1.57099488677,17778.11626694899
1,1,6e-10,6.21424049877,30831.3049047446
1,1,5.5e-10,3.57207397234,340.7708920448
1,1,6.3e-10,0.10245962772,9779.5738083342
1,1,5.5e-10,1.1043942342,6770.7106012456
1,1,5.5e-10,3.08168513239,200.7689224658
1,1,7.6e-10,2.25541605095,146.594251718
1,1,6e-10,5.32793915897,831.8557407496
1,1,5.4e-10,2.83216128661,1.4844727083
1,1,5.4e-10,4.90109549879,19317.1925403286
1,1,6.6e-10,5.83578469159,618.5566453116
1,1,5.5e-10,1.55888979134,27490.6924780448
1,1,5.8e-10,0.97037460116,4.4534181249
1,1,5.1e-10,3.56752380688,225.8292684102
1,1,5.8e-10,3.10263152972,2221.856634597
1,1,5.1e-10,4.54732927101,62.2514255951
1,1,5.9e-10,3.60960317836,35371.8872659764
1,1,6.4e-10,5.43530311047,1685.0521225016
1,1,5e-10,4.84629478021,195.1398481733
1,1,5e-10,1.75539922827,10103.0792249916
1,1,5e-10,1.45530151192,10323.4918674304
1,1,5e-10,6.20989838059,39793.7602546548
1,1,4.9e-10,2.64059175393,2008.557539159
1,1,5.2e-10,4.61821041475,70.3281804424
1,1,4.9e-10,4.31351627712,350.3321196004
1,1,5.2e-10,0.61784659161,26709.6469424134
1,1,5e-10,3.88430063812,16522.6597160022
1,1,5.1e-10,1.79926614465,210.3783341312
1,1,5.1e-10,3.07938265367,216.2198567448
1,1,4.8e-10,3.0397844569,27197.2816936676
1,1,4.9e-10,5.92307582908,963.4027029714
1,1,5.3e-10,1.27341801656,142.4496501338
1,1,4.7e-10,3.62423252693,20639.87018786
1,1,4.6e-10,4.317189405,19786.67380610799
1,1,4.5e-10,4.3758312159,29999.959352319
1,1,4.7e-10,2.61829720304,57837.1383323006
1,1,4.5e-10,0.64539022706,43232.3066584156
1,1,5.5e-10,3.28045715106,2218.7571041868
1,1,4.5e-10,4.8076021519,37.611770776
1,1,5e-10,4.51633294079,1038.0412891868
1,1,4.4e-10,5.63991949724,524.2743391232
1,1,4.4e-10,2.6744027939,38.6543004996
1,1,4.3e-10,5.13872092014,29786.660256881
1,1,4.6e-10,4.36312032216,29088.811415985
1,1,4.4e-10,4.98395147244,535.107591066
1,1,5.1e-10,2.50513032627,44007.8292697396
1,1,4.5e-10,0.0221597597,30666.1549584328
1,1,5.8e-10,5.77065508757,1795.258443721
1,1,4.3e-10,4.16006907854,74.6697239827
1,1,4.3e-10,3.66062507509,74.8934731519
1,1,5.6e-10,3.87309891223,17468.8551979454
1,1,5.4e-10,0.93200345594,25934.1243310894
1,1,4.9e-10,5.77857770467,207.6700211455
1,1,5.1e-10,1.29476626427,13341.6743113068
1,1,4.9e-10,1.81278199589,131.4039498699
1,1,5.1e-10,1.12825933915,13655.8604911764
1,1,4.7e-10,2.28831256912,109.9456887885
1,1,3.9e-10,1.67338261788,1382.8873468466
1,1,3.9e-10,5.77845089286,20447.3464879144
1,1,4.1e-10,2.93602685311,10.2949407385
1,1,3.8e-10,4.40087475081,703.6331846174
1,1,4.6e-10,5.36914408518,218.9281697305
1,1,3.8e-10,3.46632011895,21000.9158907568
1,1,3.8e-10,5.73479924178,33019.0211122046
1,1,3.7e-10,4.39032344034,511.5317178299
1,1,4.2e-10,0.50159500441,3914.9572250346
1,1,4.2e-10,4.77757016347,38204.687359371
1,1,4.1e-10,0.07265138638,18830.38465013739
1,1,3.6e-10,5.95301096335,10077.660221201
1,1,3.6e-10,3.54087508402,10348.910871221
1,1,4.7e-10,6.22385797527,8662.240323563
1,1,4e-10,5.87480727345,18844.61174413899
1,1,3.5e-10,5.85809750059,565.1156877467
1,1,3.5e-10,6.22608295766,547.8502123593
1,1,3.8e-10,3.93290315553,490.3340891794
1,1,3.4e-10,5.54907603693,750.1036075334
1,1,3.7e-10,6.26293750649,635.9651330509
1,1,3.8e-10,5.99103573925,483.2205421786
1,1,3.5e-10,4.68155089578,526.7702037878
1,1,4e-10,3.88666957401,47938.0389659592
1,1,3.6e-10,1.01249884206,33794.5437235286
1,1,3.5e-10,5.94254789616,532.6117264014
1,1,3.2e-10,5.49940747482,16894.5103996106
1,1,3.4e-10,0.08271536061,19374.3027092336
1,1,3.2e-10,1.98563978946,47162.5163546352
1,1,4.2e-10,0.37006972783,55798.4583583984
1,1,3.1e-10,3.51648880247,20043.6745601988
1,1,3.3e-10,1.44340083609,48417.97290558199
1,1,3.1e-10,1.18565768932,447.9388318784
1,1,3.4e-10,5.27191255343,54247.4131357504
1,1,3.2e-10,2.12080485438,10191.4347168846
1,1,3.2e-10,1.08989588582,10235.1363755374
1,1,3.8e-10,0.78775617354,7255.5696517344
1,1,3.1e-10,2.88646250826,8087.4081388318
1,1,3e-10,0.44298905817,209.106309744
1,1,3e-10,1.59264152747,92.940845832
1,1,3e-10,1.9666196176,10853.182832525
1,1,3e-10,4.44526322933,217.491881132
1,1,3e-10,0.79959461257,36949.2308084242
1,1,3.5e-10,1.72609608211,265.9892934775
1,1,3.3e-10,1.13583992722,12592.4500197826
1,1,2.9e-10,5.21162982204,10290.959316639
1,1,2.9e-10,4.28225622533,10135.611775783
1,1,2.8e-10,5.74069736147,104351.61256629678
1,1,2.8e-10,3.34466525843,80.1982245387
1,1,3.2e-10,4.165825918,20206.15844998319
1,1,2.9e-10,1.47368482939,34596.3646546524
1,1,2.7e-10,4.35707854664,1279.794572628
1,1,3.1e-10,5.18940920282,424.1505103212
1,1,3.2e-10,5.37255836333,9835.9119382952
1,1,3.2e-10,4.12132768404,10590.6591541268
1,1,2.7e-10,6.25293404514,6298.3283211764
1,1,3.3e-10,0.34449594524,269.9214467406
1,1,3.5e-10,5.35069959846,9985.809413422
1,1,3.5e-10,4.14318644891,10440.761679
1,1,2.8e-10,4.67032066017,55022.9357470744
1,1,2.7e-10,4.81466818286,1802.3719907218
1,1,3.3e-10,1.09348944613,27461.7108480654
1,1,2.6e-10,4.77604676579,34363.365597556
1,1,3.2e-10,1.06669637529,11265.5539293994
1,1,2.7e-10,5.82028492837,1898.3512179396
1,1,2.9e-10,3.31180384238,30206.14490075619
1,1,3.2e-10,5.28519921901,51868.2486621788
1,1,3.3e-10,1.79088538074,59728.668054618
1,1,2.9e-10,3.70229059266,20220.3855439848
1,1,2.4e-10,5.85539151209,8734.4189721466
1,1,2.4e-10,1.21351947969,36173.7081971002
1,1,2.4e-10,4.42282986398,31022.7531708562
1,1,2.4e-10,2.16102096842,40879.4405046438
1,1,2.7e-10,2.40070719103,37724.7534197482
1,1,2.7e-10,2.82758334354,30220.3719947578
1,1,2.3e-10,0.26922480404,24383.0791084414
1,1,2.3e-10,3.40993702222,51092.7260508548
1,1,2.3e-10,1.56475852877,650.9429865779
1,1,2.3e-10,2.71148449796,10367.0643566958
1,1,2.3e-10,0.49921624223,10059.5067357262
1,1,2.9e-10,2.93595097785,26087.9031415742
1,1,2.6e-10,2.79749713332,39271.182836561
1,1,2.6e-10,3.27997889051,39256.95574255939
1,1,2.3e-10,4.85605613315,35.685355083
1,1,2.5e-10,5.61288176999,46386.9937433112
1,1,2.3e-10,3.93905950844,49515.382508407
1,1,2.3e-10,4.85338065767,28.5718080822
1,1,2.2e-10,0.71803323367,337.732510659
1,1,2.6e-10,3.68291120913,8101.6352328334
1,1,2.2e-10,2.92851543538,24978.5245894808
1,1,2.3e-10,0.11555144192,643.0786800517
1,1,3e-10,4.35689646676,17248.4253018544
1,1,2.3e-10,4.51155345742,284.1485407422
1,1,2.2e-10,0.61619120317,22645.32819660879
1,1,2.2e-10,1.75420132293,30426.557543195
1,1,2.3e-10,6.2229490093,191.2076949102
1,1,2.1e-10,0.34726135597,137.0330241624
1,1,2.2e-10,2.56035448587,66813.5648357332
1,1,2.1e-10,2.62420739411,40.5807161926
1,1,2.2e-10,0.93565021177,9566.2747128962
1,1,2.1e-10,3.37519693925,934.9485149682
1,1,2.3e-10,2.47790916174,6309.3741697912
1,1,2.1e-10,2.93989832001,525.4981794006
1,1,2.1e-10,2.05775290145,10949.1620597428
1,1,2.1e-10,1.15294783874,9477.4090326792
1,1,2.8e-10,0.54837105379,9580.5018068978
1,1,2.4e-10,0.56697771725,10288.0671447783
1,1,2.4e-10,2.64372302294,10138.5039476437
1,1,2e-10,2.21258610934,11279.781023401
1,1,2.3e-10,4.92629143648,540.7366653585
1,1,2.3e-10,0.59531277141,1361.5467058442
1,1,2e-10,3.68816505309,18073.7049386502
1,1,2.5e-10,0.38304523465,96.8729990951
1,1,2.1e-10,6.08866841317,58953.145443294
1,1,2.3e-10,5.2435902721,45585.1728121874
1,1,2.7e-10,6.21242304915,1905.4647649404
1,1,2e-10,5.5473492439,251.4321310758
1,1,2.4e-10,4.91328411886,219.4494345923
1,1,2.3e-10,2.67526294292,10263.0425716828
1,1,2.3e-10,0.53543779727,10163.5285207392
1,1,2.7e-10,3.93215204936,24341.5283174566
1,1,2.1e-10,5.90887195268,18300.69368504279
1,1,2.6e-10,3.21325564576,63658.8777508376
1,1,1.9e-10,1.80883011026,20316.36477120259
1,1,2e-10,2.9091026931,38526.574350872
1,1,1.9e-10,3.53288056554,44809.6502008634
1,1,2e-10,0.92201968088,62081.5342083898
1,1,2e-10,3.55117744188,81.8951455681
1,1,2e-10,4.23941240591,42456.7840470916
1,1,2e-10,2.7081909108,49477.35483577119
1,1,1.9e-10,6.01601338494,28513.97923125379
1,1,2.1e-10,1.17914689008,344.7030453079
1,1,1.8e-10,5.40437078778,9050.8108418032
1,1,1.9e-10,0.08422406558,47623.8527860896
1,1,1.7e-10,1.99727427214,479.2883889155
1,1,1.8e-10,2.62651922515,47.6942631934
1,1,1.7e-10,4.46941749243,10497.1448650762
1,1,1.7e-10,5.02446855494,9929.4262273458
1,1,1.8e-10,2.61349776359,113.3877149571
1,1,1.7e-10,1.63590437693,28313.288804661
1,1,1.8e-10,4.34354168525,27682.1407441564
1,1,1.7e-10,4.48959133859,235.3904959658
1,1,1.8e-10,0.65002779822,66.70484372
1,1,1.7e-10,0.77261247444,19624.7501612982
1,1,2e-10,1.53858484384,43071.8992890308
1,1,1.7e-10,6.13245058546,18314.9207790444
1,1,1.8e-10,0.82070318043,436.8931316145
1,1,1.8e-10,0.75283830224,50317.2034395308
1,1,1.6e-10,5.70285177091,1603.2999892854
1,1,1.8e-10,0.02898286217,42430.4857272918
1,1,1.7e-10,0.76245918828,909.8187330546
1,1,1.8e-10,0.68490378171,358.9301393095
1,1,1.6e-10,5.43519924864,9745.3205558566
1,1,1.6e-10,4.05868679873,10681.2505365654
1,1,1.7e-10,1.44060402818,533.8837507886
1,1,1.9e-10,0.01647605955,207.1487562837
1,1,1.7e-10,1.09605096689,417.0369633204
1,1,1.6e-10,5.18072747317,1788.1448967202
1,1,1.7e-10,5.41405900055,497.4476361802
1,1,1.6e-10,4.40841499018,41654.9631159678
1,1,1.5e-10,5.40287159543,10199.0584522094
1,1,1.5e-10,4.09101445194,10227.5126402126
1,1,1.7e-10,0.5932047931,2.4476805548
1,1,1.7e-10,3.98136429313,70743.77453195279
1,1,1.6e-10,5.49478140063,175.1660598002
1,1,1.5e-10,4.91286509923,48739.859897083
1,1,1.5e-10,4.83495777746,38734.3783244656
1,1,1.6e-10,4.29457970004,67.6680515665
1,1,1.5e-10,1.22362311631,62883.3551395136
1,1,1.5e-10,2.70406994167,53285.1848352418
1,1,1.5e-10,2.34568905276,66011.7439046094
1,1,1.5e-10,5.15304621208,220.4608265486
1,1,1.5e-10,2.83729246953,38727.2647774648
1,1,1.5e-10,1.5187335904,46360.6954235114
1,1,1.5e-10,4.99636225149,518.6452648307
1,1,1.5e-10,0.95581113217,146.3818033969
1,1,1.9e-10,4.60380196538,67589.08744705719
1,1,1.4e-10,0.3744098213,39999.945803092
1,1,1.4e-10,1.52734358006,11026.8358301708
1,1,1.4e-10,1.68335716013,9399.7352622512
1,1,1.4e-10,2.27264864715,416.3032501375
1,1,1.9e-10,3.55838458417,554.0699874828
1,1,1.4e-10,5.18725769632,1049.0869894507
1,1,1.4e-10,0.04043838791,28528.2063252554
1,1,1.4e-10,1.39515112241,37895.4262903674
1,1,1.4e-10,5.07734306466,351.8165923087
1,1,1.4e-10,1.44889652645,37410.5672398786
1,1,1.4e-10,2.77974606905,14128.2427712456
1,1,1.4e-10,2.94217443085,50290.905119731
1,1,1.4e-10,4.66254689609,429.0458714308
1,1,1.5e-10,6.22361957178,21485.95302261119
1,1,1.3e-10,6.14132798035,52670.0695933026
1,1,1.5e-10,0.8790432663,4.665866446
1,1,1.5e-10,5.80214824265,181.0557665236
1,1,1.5e-10,3.18753797236,27991.40181316
1,2,7.04792e-06,5.09874399916,20426.571092422
1,2,6.24474e-06,3.86836508673,10213.285546211
1,2,6.04225e-06,3.14159265359,0.0
1,2,1.60293e-06,4.40406062613,206.1855484372
1,2,1.55633e-06,0.48183983171,220.4126424388
1,2,1.18222e-06,0.99338493688,522.5774180938
1,2,1.15842e-06,3.35337160144,536.8045120954
1,2,9.6063e-07,5.5670757102,213.299095438
1,2,6.5107e-07,5.63089478188,426.598190876
1,2,7.4211e-07,2.15619420586,529.6909650946
1,2,3.9494e-07,1.9859856081,1059.3819301892
1,2,1.4232e-07,5.82837756444,433.7117378768
1,2,1.1644e-07,5.5098281499,30639.856638633
1,2,1.3989e-07,1.76434060619,7.1135470008
1,2,1.2711e-07,3.4914979877,419.4846438752
1,2,9.321e-08,4.71464865506,639.897286314
1,2,8.62e-08,2.6998872302,10186.9872264112
1,2,8.59e-08,0.50870967404,10239.5838660108
1,2,7.707e-08,0.35647823047,227.5261894396
1,2,6.797e-08,3.87383015136,1066.49547719
1,2,5.452e-08,0.48898137631,1052.2683831884
1,2,5.027e-08,1.12572622612,515.463871093
1,2,3.854e-08,2.44255859575,1589.0728952838
1,2,3.667e-08,4.56283602529,199.0720014364
1,2,3.523e-08,3.22103209546,543.9180590962
1,2,3.815e-08,0.77119888833,9437.762934887
1,2,2.806e-08,3.22770970899,8635.9420037632
1,2,3.408e-08,2.43107046634,10988.808157535
1,2,2.198e-08,3.74762936451,10021.8372800994
1,2,2.279e-08,6.27047209584,11790.6290886588
1,2,2.142e-08,5.74529785137,10404.7338123226
1,2,1.697e-08,0.37726443109,775.522611324
1,2,1.347e-08,2.19024470415,316.3918696566
1,2,1.405e-08,6.22622304401,216.4804891757
1,2,1.32e-08,4.96541286159,647.0108333148
1,2,1.365e-08,4.95810524231,210.1177017003
1,2,1.687e-08,1.62553064962,14.2270940016
1,2,1.093e-08,4.21067890946,103.0927742186
1,2,9.73e-09,4.02172041169,853.196381752
1,2,9.38e-09,4.4067926558,632.7837393132
1,2,8.48e-09,1.52469724284,526.5095713569
1,2,8.26e-09,2.8142597521,532.8723588323
1,2,7.58e-09,0.02371551403,209.3669421749
1,2,7.33e-09,4.88186040762,217.2312487011
1,2,6.88e-09,5.79109380413,440.8252848776
1,2,7.16e-09,1.35432613135,9830.3890139878
1,2,6.45e-09,1.80158579035,4705.7323075436
1,2,6.82e-09,1.85637661737,10596.1820784342
1,2,6.03e-09,5.14215709084,323.5054166574
1,2,6.24e-09,0.96146126905,117.3198682202
1,2,5.94e-09,2.81614157236,19651.048481098
1,2,5.49e-09,4.81966003612,949.1756089698
1,2,7.02e-09,0.69460527884,74.7815985673
1,2,5.27e-09,4.51723747327,10742.9765113056
1,2,5.27e-09,4.96386147132,9683.5945811164
1,2,5.46e-09,0.01597529774,1045.1548361876
1,2,5.32e-09,2.93260463288,191.4482661116
1,2,4.99e-09,2.9539499814,110.2063212194
1,2,5.1e-09,2.48615954177,95.9792272178
1,2,6.04e-09,6.00696167862,735.8765135318
1,2,4.9e-09,2.828895357,525.7588118315
1,2,4.88e-09,1.51375734651,533.6231183577
1,2,4.38e-09,4.38613869498,1596.1864422846
1,2,5.7e-09,5.05711649193,801.8209311238
1,2,5.19e-09,6.10806295653,149.5631971346
1,2,5.26e-09,1.01160968834,7058.5984613154
1,2,3.29e-09,1.41548628066,15720.8387848784
1,2,3.17e-09,2.85849486793,2118.7638603784
1,2,2.86e-09,3.25503239085,9103.9069941176
1,2,3.62e-09,5.91786685439,9411.4646150872
1,2,3.01e-09,2.27011866705,26.2983197998
1,2,3.53e-09,5.67450059858,63.7358983034
1,2,3.59e-09,2.19075630034,13367.9726311066
1,2,2.5e-09,6.23903308413,11322.6640983044
1,2,2.67e-09,6.09793545646,625.6701923124
1,2,2.7e-09,0.56801609869,1581.959348283
1,2,3.35e-09,3.28599535784,412.3710968744
1,2,2.3e-09,1.62446688541,70.8494453042
1,2,2.98e-09,3.54353073631,11015.1064773348
1,2,2.26e-09,0.21648774887,234.6397364404
1,2,2.39e-09,4.19538799331,3154.6870848956
1,2,2.57e-09,0.5514183771,956.2891559706
1,2,3.02e-09,5.83564279638,3128.3887650958
1,2,2.18e-09,6.1873288825,78.7137518304
1,2,2.16e-09,0.69406612425,11.0457002639
1,2,2.83e-09,2.17198423111,85.8272988312
1,2,2.1e-09,4.87169565788,942.062061969
1,2,2.27e-09,5.26494518266,73.297125859
1,2,1.9e-09,1.78329501671,10426.584641649
1,2,1.9e-09,1.42740572348,9999.986450773
1,2,2.35e-09,1.88541486477,36.6485629295
1,2,1.87e-09,0.38219508219,1577.3435424478
1,2,1.92e-09,6.19395381253,20618.0193585336
1,2,2.24e-09,5.59487510601,39.6175083461
1,2,2.28e-09,4.22772621951,202.2533951741
1,2,1.87e-09,2.8627940246,1169.5882514086
1,2,1.67e-09,3.64468986986,1073.6090241908
1,2,1.95e-09,0.93545523133,224.3447957019
1,2,1.58e-09,0.41813276311,1155.361157407
1,2,1.46e-09,4.4142561395,2352.8661537718
1,2,1.41e-09,2.05881354566,742.9900605326
1,2,1.79e-09,1.99989531828,21228.3920235458
1,2,1.35e-09,0.93601004324,138.5174968707
1,2,1.49e-09,3.11048959872,76.2660712756
1,2,1.33e-09,1.27948900541,508.3503240922
1,2,1.56e-09,6.20080955726,40853.142184844
1,2,1.45e-09,4.08945624026,309.2783226558
1,2,1.58e-09,5.43294450699,382.8965322232
1,2,1.26e-09,5.33539657707,330.6189636582
1,2,1.26e-09,4.18511285279,860.3099287528
1,2,1.61e-09,4.51005276896,7860.4193924392
1,2,1.25e-09,2.64197102629,18849.2275499742
1,2,1.32e-09,0.16898152725,3930.2096962196
1,2,1.6e-09,3.7640972839,38.1330356378
1,2,1.1e-09,0.5924591044,8624.2126509272
1,2,1.15e-09,6.09545736763,223.5940361765
1,2,1.1e-09,0.21868987814,71.6002048296
1,2,1.15e-09,5.33896891891,429.7795846137
1,2,1.05e-09,1.31705960331,77.962992305
1,2,1.34e-09,3.64312166787,17298.1823273262
1,2,1.27e-09,6.1227713124,728.762966531
1,2,1.06e-09,1.49565452639,1162.4747044078
1,2,1.02e-09,5.20836098548,422.6660376129
1,2,8.4e-10,0.06183751259,124.433415221
1,2,1.07e-09,5.82966879256,20452.8694122218
1,2,7.4e-10,1.07138930276,1265.5674786264
1,2,7.6e-10,4.22098650571,423.4167971383
1,2,7.1e-10,3.05925118734,551.031606097
1,2,8.2e-10,1.68324374227,519.3960243561
1,2,6.8e-10,4.9651084623,654.1243803156
1,2,6.8e-10,5.84598202962,19367.1891622328
1,2,7.2e-10,1.10778150127,23581.2581773176
1,2,7e-10,5.63299061783,7084.8967811152
1,2,6.6e-10,2.46864705656,88.865680217
1,2,7.4e-10,3.16178470541,16496.3613962024
1,2,7.3e-10,1.49901280909,21.3406410024
1,2,5.8e-10,4.77256654994,191.9584544356
1,2,6.4e-10,0.59210224706,838.9692877504
1,2,5.7e-10,4.96237460299,1109.3785520934
1,2,6.4e-10,2.62531230776,539.9859058331
1,2,6.4e-10,5.15957430521,203.0041546995
1,2,5.3e-10,2.36605837917,22003.9146348698
1,2,4.8e-10,4.93562349382,18073.7049386502
1,2,4.5e-10,4.29961594202,846.0828347512
1,2,4.6e-10,3.88547191366,145.6310438715
1,2,5.4e-10,2.36466233604,20809.4676246452
1,2,4.3e-10,3.78706374371,29050.7837433492
1,2,5.5e-10,0.22978754207,4732.0306273434
1,2,4.7e-10,3.3181830883,1062.5633239269
1,2,4.3e-10,0.15185271,8094.5216858326
1,2,4.4e-10,4.38854627107,10787.6303445458
1,2,4.4e-10,5.10533977629,9638.9407478762
1,2,3.8e-10,1.25489937051,1258.4539316256
1,2,4e-10,5.32074711484,6283.0758499914
1,2,3.5e-10,1.55855229745,1692.1656695024
1,2,3.6e-10,5.46623211848,302.164775655
1,2,3.4e-10,5.64744481308,277.0349937414
1,2,3e-10,4.86335561218,2125.8774073792
1,2,3.5e-10,1.25631519996,1056.2005364515
1,2,3.3e-10,1.04174898368,14919.0178537546
1,2,3.9e-10,0.20293002946,1574.8458012822
1,2,2.8e-10,3.85390317672,20235.1228263104
1,2,3.6e-10,0.12982829645,437.6438911399
1,2,3.8e-10,5.08548479688,12566.1516999828
1,2,3.1e-10,3.39518273216,1272.6810256272
1,2,3.3e-10,0.99530602494,6489.776587288
1,2,3.7e-10,5.11045310809,9153.9036160218
1,2,2.7e-10,3.47340764254,1055.4497769261
1,2,2.7e-10,0.81625295039,10639.883737087
1,2,2.7e-10,2.3944477898,9786.687355335
1,2,2.9e-10,4.87032618379,28286.9904848612
1,2,3e-10,3.37471697119,24356.7807886416
1,2,2.9e-10,1.32325847141,618.5566453116
1,2,2.8e-10,6.2463721969,1038.0412891868
1,2,2.7e-10,0.8256708548,415.5524906121
1,2,2.6e-10,0.63216688286,3149.1641605882
1,2,2.7e-10,5.00859316582,14143.4952424306
1,2,2.8e-10,1.64332966541,1485.9801210652
1,2,3.1e-10,0.82947045576,5507.5532386674
1,2,3e-10,3.88005298578,20400.2727726222
1,2,2.6e-10,0.4669887454,18875.525869774
1,2,2.4e-10,5.30704569197,11272.6674764002
1,2,2.6e-10,5.05893496491,430.5303441391
1,2,2.6e-10,2.47001707887,27511.4678735372
1,2,2.4e-10,3.54369543262,18.1592472647
1,2,2.4e-10,1.86048219684,21535.9496445154
1,2,2.4e-10,0.77717557683,831.8557407496
1,2,2.3e-10,1.45497436681,231.4583427027
1,2,2.2e-10,0.00126624686,18307.8072320436
1,2,2.5e-10,2.24207971146,1368.660252845
1,2,2.4e-10,3.24916661957,2648.454825473
1,2,2.1e-10,5.72791145125,447.9388318784
1,2,2e-10,0.71402000433,3.1813937377
1,2,2.2e-10,5.3349073995,151.0476698429
1,2,1.9e-10,1.7452825684,1063.3140834523
1,2,2e-10,3.40302634906,1699.2792165032
1,2,2e-10,2.53484218621,35.1640902212
1,2,2.3e-10,2.21622723743,13936.794505134
1,2,1.8e-10,1.08092680576,10.2949407385
1,2,2.1e-10,0.0494867586,72.3339180125
1,2,1.8e-10,3.36089889556,28521.0927782546
1,2,1.8e-10,4.11934903377,3.9321532631
1,2,1.8e-10,5.63577174804,1471.7530270636
1,2,1.6e-10,2.13005908431,22.0914005278
1,2,1.6e-10,5.22446000797,1478.8665740644
1,2,1.7e-10,2.07219008042,77.7505439839
1,2,1.5e-10,2.23535668841,8662.240323563
1,2,1.6e-10,2.19972601182,14945.3161735544
1,2,1.5e-10,4.85349684848,1375.7737998458
1,2,1.6e-10,4.95896524219,41.1019810544
1,2,1.5e-10,5.03114029381,160.6088973985
1,2,1.4e-10,3.19729711687,21202.093703746
1,2,1.4e-10,2.58068667661,17277.4069318338
1,2,1.4e-10,0.47915039682,195.1398481733
1,2,1.6e-10,2.16860864742,56.6223513026
1,2,1.7e-10,1.59080059391,77.2292791221
1,2,1.4e-10,5.26463032742,11764.330768859
1,2,1.4e-10,5.69583373076,71.8126531507
1,2,1.5e-10,3.19537134319,65.2203710117
1,2,1.6e-10,2.92030002382,32217.2001810808
1,2,1.3e-10,1.93488220322,34570.0663348526
1,2,1.2e-10,5.1703330367,337.732510659
1,2,1.3e-10,3.64691089977,131.4039498699
1,2,1.3e-10,3.14880532464,408.4389436113
1,2,1.3e-10,0.68541371817,22779.4372461938
1,2,1.2e-10,3.8974296177,31441.6775697568
1,2,1.5e-10,3.60443851725,29580.4747084438
1,2,1.2e-10,4.22650218163,963.4027029714
1,2,1.3e-10,3.99248913141,25934.1243310894
1,2,1.1e-10,0.02603069623,511.5317178299
1,2,1e-10,4.31465510142,547.8502123593
1,2,1.2e-10,3.50566249225,25158.6017197654
1,2,1.3e-10,0.73737685844,2111.6503133776
1,2,1e-10,4.67908297368,362.8622925726
1,2,1e-10,5.60218831936,127.4717966068
1,2,1.2e-10,0.78764611551,1685.0521225016
1,2,1.3e-10,4.91836873304,84.3428261229
1,2,1e-10,5.07263788261,934.9485149682
1,2,1.2e-10,2.66109784913,148.0787244263
1,2,9e-11,2.44042399381,153.4953503977
1,2,9e-11,0.14966079482,1382.8873468466
1,2,9e-11,3.35947600276,38500.2760310722
1,2,1.1e-10,3.37804748354,222.8603229936
1,2,8e-11,6.02198121081,92.940845832
1,2,9e-11,2.18518124277,269.9214467406
1,2,9e-11,3.55537703082,750.1036075334
1,2,1e-10,5.30797415249,436.8931316145
1,2,1e-10,1.54068644361,203.7378678824
1,2,1e-10,4.52809483758,643.0786800517
1,2,1e-10,4.26753045931,635.9651330509
1,2,9e-11,4.96082633163,29088.811415985
1,2,8e-11,3.5097026663,52.6901980395
1,2,8e-11,5.86771297817,131.5469622218
1,2,7e-11,4.10108572333,1603.2999892854
1,2,7e-11,1.94868342879,43232.3066584156
1,2,7e-11,1.87956392812,22805.7355659936
1,2,7e-11,6.01401596195,29999.959352319
1,2,7e-11,5.94489646128,9573.388259897
1,2,7e-11,0.40212847913,6681.2248533996
1,2,9e-11,2.22913614898,1279.794572628
1,2,7e-11,3.40501345577,30110.1656735384
1,2,7e-11,1.45088892995,483.2205421786
1,2,9e-11,1.10868456658,87.3117715395
1,2,8e-11,6.28154480422,721.6494195302
1,2,7e-11,4.14213787767,867.4234757536
1,2,8e-11,2.28858892249,1361.5467058442
1,3,7.5614e-07,0.0,0.0
1,3,2.2035e-07,6.11822426048,206.1855484372
1,3,2.1482e-07,5.03368299703,220.4126424388
1,3,1.9386e-07,5.23038243202,10213.285546211
1,3,2.4718e-07,3.25340548805,20426.571092422
1,3,1.6291e-07,2.71940457791,522.5774180938
1,3,1.5934e-07,1.63320186413,536.8045120954
1,3,3.063e-08,3.8020122552,426.598190876
1,3,2.563e-08,4.04702837579,433.7117378768
1,3,2.101e-08,4.9278699675,227.5261894396
1,3,1.706e-08,0.42316599671,1059.3819301892
1,3,1.375e-08,2.83821817426,515.463871093
1,3,1.266e-08,5.3750910608,419.4846438752
1,3,1.038e-08,2.26994057258,1066.49547719
1,3,1e-08,6.26567671131,199.0720014364
1,3,9.64e-09,1.50782014667,543.9180590962
1,3,1.275e-08,0.02482955002,7.1135470008
1,3,8.45e-09,2.83708264275,639.897286314
1,3,6.78e-09,2.36507413871,1052.2683831884
1,3,6.23e-09,3.24709806895,30639.856638633
1,3,3.44e-09,1.24961127281,213.299095438
1,3,3.82e-09,6.20559320688,14.2270940016
1,3,2.91e-09,3.14472957178,647.0108333148
1,3,2.49e-09,1.14107482666,1589.0728952838
1,3,2.14e-09,4.03956747124,440.8252848776
1,3,2.3e-09,4.42377888159,216.4804891757
1,3,2.19e-09,0.47150010549,210.1177017003
1,3,1.29e-09,1.79919042809,1045.1548361876
1,3,1.23e-09,2.08253199617,853.196381752
1,3,9.2e-10,4.79503944157,234.6397364404
1,3,8.6e-10,6.10758245301,103.0927742186
1,3,9.1e-10,5.48002372488,117.3198682202
1,3,9.3e-10,5.08172811528,529.6909650946
1,3,7.5e-10,2.87101566525,1596.1864422846
1,3,6.9e-10,4.27897139677,95.9792272178
1,3,7.3e-10,6.0290546595,632.7837393132
1,3,7.7e-10,5.0314221715,412.3710968744
1,3,6.4e-10,3.9499332579,316.3918696566
1,3,5.6e-10,2.99558443348,508.3503240922
1,3,5.5e-10,3.29709092103,323.5054166574
1,3,4.8e-10,1.97191764285,1073.6090241908
1,3,5.6e-10,1.48325794833,735.8765135318
1,3,4.2e-10,1.41375480258,625.6701923124
1,3,3.9e-10,0.30611138474,942.062061969
1,3,3.6e-10,4.59308117276,209.3669421749
1,3,3.1e-10,2.46171091539,1581.959348283
1,3,3.1e-10,1.3207237303,551.031606097
1,3,3.2e-10,0.26519734656,217.2312487011
1,3,3.3e-10,2.32289510783,860.3099287528
1,3,2.8e-10,3.48885797103,330.6189636582
1,3,2.7e-10,3.92096513265,149.5631971346
1,3,2.9e-10,6.05526972992,70.8494453042
1,3,2.7e-10,1.63715408955,2118.7638603784
1,3,2.8e-10,1.74838965252,78.7137518304
1,3,2.9e-10,0.48147029137,949.1756089698
1,3,2.5e-10,4.58797131637,124.433415221
1,3,3.3e-10,4.30649710462,223.5940361765
1,3,3.2e-10,1.93089098387,110.2063212194
1,3,2.7e-10,6.0224395444,21.3406410024
1,3,2.5e-10,1.161079001,1169.5882514086
1,3,2.4e-10,1.53395713354,63.7358983034
1,3,2.8e-10,1.56238914694,728.762966531
1,3,2.4e-10,3.16134826622,654.1243803156
1,3,2.3e-10,0.20728622886,191.9584544356
1,3,2.2e-10,2.15937343363,1155.361157407
1,3,1.9e-10,0.03186061495,85.8272988312
1,3,1.9e-10,0.95260076413,73.297125859
1,3,2.2e-10,5.27304712373,956.2891559706
1,3,2.4e-10,5.89117970906,309.2783226558
1,3,2.5e-10,3.51115533622,429.7795846137
1,3,2.4e-10,3.5302702369,519.3960243561
1,3,2e-10,1.86650914141,71.6002048296
1,3,1.7e-10,4.13765972175,88.865680217
1,3,1.9e-10,5.95485140431,77.962992305
1,3,1.6e-10,0.00550329231,202.2533951741
1,3,2e-10,0.77024887951,539.9859058331
1,3,1.5e-10,5.02720184968,224.3447957019
1,3,1.3e-10,0.64071359315,76.2660712756
1,3,1.6e-10,0.70623098744,203.0041546995
1,3,1.2e-10,0.84507236712,302.164775655
1,3,1e-10,5.28489326618,11.0457002639
1,3,1e-10,3.98008913039,36.6485629295
1,3,1.2e-10,3.35651610375,422.6660376129
1,3,9e-11,3.50226842635,39.6175083461
1,3,9e-11,3.7236792311,40853.142184844
1,3,9e-11,1.66650203128,1038.0412891868
1,3,9e-11,3.97946790815,447.9388318784
1,3,9e-11,3.09433206743,618.5566453116
1,3,8e-11,2.36406802666,838.9692877504
1,3,8e-11,0.38739265309,423.4167971383
1,3,9e-11,1.90795498674,1574.8458012822
1,3,7e-11,2.999832737,1258.4539316256
1,3,7e-11,2.49966387854,831.8557407496
1,3,8e-11,3.95391486424,74.7815985673
1,3,6e-11,2.58853517839,138.5174968707
1,3,7e-11,0.08989351607,742.9900605326
1,3,6e-11,3.39896707822,2125.8774073792
1,3,5e-11,2.18119549382,145.6310438715
1,3,7e-11,0.58812910406,38.1330356378
1,3,5e-11,2.24425105188,195.1398481733
1,3,4e-11,2.85162994822,1265.5674786264
1,3,4e-11,3.42359216874,337.732510659
1,3,4e-11,2.02888732685,18.1592472647
1,3,5e-11,6.19237785082,3.9321532631
1,3,4e-11,0.27398248033,1485.9801210652
1,3,4e-11,4.28076500111,437.6438911399
1,4,2.272e-08,1.5636483818,206.1855484372
1,4,2.236e-08,3.28143366276,220.4126424388
1,4,1.682e-08,4.46996330708,522.5774180938
1,4,1.638e-08,6.17513895178,536.8045120954
1,4,9.46e-09,0.3907634476,10213.285546211
1,4,6.36e-09,3.14159265359,0.0
1,4,4.3e-09,3.20713267334,227.5261894396
1,4,3.48e-09,2.26681787351,433.7117378768
1,4,2.91e-09,4.56956279775,515.463871093
1,4,2.89e-09,0.95993858755,20426.571092422
1,4,2.06e-09,6.05364860885,543.9180590962
1,4,2.02e-09,1.69320982304,199.0720014364
1,4,1.23e-09,0.67135155073,1066.49547719
1,4,9.9e-10,0.99265774704,419.4846438752
1,4,1.13e-09,1.85695441801,426.598190876
1,4,8e-10,4.55016686641,7.1135470008
1,4,6.2e-10,4.48609878362,14.2270940016
1,4,5.3e-10,4.951039756,1059.3819301892
1,4,6.6e-10,4.20375595982,1052.2683831884
1,4,5e-10,2.28699829686,440.8252848776
1,4,6e-10,0.97558287548,639.897286314
1,4,4.9e-10,1.31593641965,647.0108333148
1,4,3.1e-10,6.26226050601,213.299095438
1,4,3e-10,0.98741714872,30639.856638633
1,4,2.4e-10,3.05754167589,234.6397364404
1,4,2.3e-10,3.61004405073,1045.1548361876
1,4,1.4e-10,4.76472781912,508.3503240922
1,4,1.3e-10,6.04976474685,1589.0728952838
1,4,1.1e-10,0.54626079593,412.3710968744
1,4,1.2e-10,0.15818608564,853.196381752
1,4,1e-10,0.31907502124,1073.6090241908
1,4,1e-10,1.35560891851,1596.1864422846
1,4,9e-11,4.24672231397,21.3406410024
1,4,1.1e-10,3.71353247018,117.3198682202
1,4,8e-11,1.50012562224,103.0927742186
1,4,7e-11,6.08752157484,95.9792272178
1,4,7e-11,6.27374846424,529.6909650946
1,4,7e-11,5.71854398962,551.031606097
1,4,6e-11,1.40413206867,654.1243803156
1,4,5e-11,2.81686507397,124.433415221
1,4,5e-11,3.21271191075,625.6701923124
1,4,6e-11,0.43509868093,860.3099287528
1,4,4e-11,1.552134841,632.7837393132
1,4,5e-11,3.17881881452,728.762966531
1,4,4e-11,1.76651819729,330.6189636582
1,4,5e-11,2.10225977593,942.062061969
1,4,4e-11,5.76705671645,88.865680217
1,4,4e-11,3.27648798915,735.8765135318
1,4,3e-11,4.78415680549,618.5566453116
1,4,3e-11,0.90449193126,110.2063212194
1,4,3e-11,2.1739521456,447.9388318784
1,4,3e-11,4.27605231904,1581.959348283
1,4,3e-11,1.69135933489,323.5054166574
1,4,2e-11,5.71553727369,1169.5882514086
1,4,3e-11,2.34507379864,191.9584544356
1,4,2e-11,3.94362184472,1155.361157407
1,4,2e-11,1.55420041399,429.7795846137
1,4,3e-11,2.59535343316,302.164775655
1,4,2e-11,5.59314231958,316.3918696566
1,4,2e-11,3.65310721758,831.8557407496
1,4,2e-11,1.87311938884,309.2783226558
1,5,1.68e-09,3.28069809842,206.1855484372
1,5,1.67e-09,1.52399958265,220.4126424388
1,5,1.26e-09,0.07122523863,522.5774180938
1,5,1.21e-09,4.30466267493,536.8045120954
1,5,6.4e-10,1.46493444949,227.5261894396
1,5,6.3e-10,3.14159265359,0.0
1,5,4.7e-10,0.05687052745,515.463871093
1,5,3.7e-10,0.48304760543,433.7117378768
1,5,3.2e-10,4.26961178617,543.9180590962
1,5,2.8e-10,3.41370273509,199.0720014364
1,5,2.9e-10,1.94730457757,10213.285546211
1,5,2.2e-10,0.34341584207,20426.571092422
1,5,1.1e-10,2.75798781903,14.2270940016
1,5,1.1e-10,5.3349988396,1066.49547719
1,5,1e-10,0.51443337467,440.8252848776
1,5,7e-11,5.80467663011,647.0108333148
1,5,4e-11,0.20088280204,1052.2683831884
1,5,4e-11,3.59221465704,419.4846438752
1,5,3e-11,5.43212710597,639.897286314
1,5,3e-11,1.37528056638,234.6397364404
1,5,2e-11,0.38337547624,191.9584544356
1,5,2e-11,5.49829989028,426.598190876
1,5,2e-11,4.89397151114,1073.6090241908
1,5,2e-11,6.21263006019,1045.1548361876
1,5,1e-11,1.31653362066,88.865680217
1,5,1e-11,5.40855784676,405.2575498736
1,5,1e-11,5.9067081684,654.1243803156
1,5,1e-11,3.71891583567,302.164775655
1,5,1e-11,4.55685868846,853.196381752
1,5,1e-11,3.69401301909,213.299095438
1,5,1e-11,5.15663977426,7.1135470008
1,5,1e-11,0.75807081859,124.433415221
2,0,0.72324643689,1.60573808356,10213.285546211
2,0,0.00515636737,3.14159265359,0.0
2,0,0.00494765697,2.17048019743,529.6909650946
2,0,0.0024488419,2.48564953999,20426.571092422
2,0,0.00272138024,2.44443638845,213.299095438
2,0,0.00155443844,0.59927014146,38.1330356378
2,0,0.00083754576,0.76880143132,74.7815985673
2,0,0.00011913202,2.51387064934,1059.3819301892
2,0,7.588666e-05,1.66926320091,426.598190876
2,0,2.789807e-05,5.04214523606,2352.8661537718
2,0,1.963479e-05,5.7077024922,206.1855484372
2,0,1.891167e-05,2.32097062559,220.4126424388
2,0,1.940366e-05,3.22701063208,149.5631971346
2,0,1.933868e-05,5.80597990261,1577.3435424478
2,0,1.434763e-05,2.30169867665,522.5774180938
2,0,1.403769e-05,5.18861278314,536.8045120954
2,0,1.18543e-05,5.48948269493,76.2660712756
2,0,1.243658e-05,3.36573697344,30639.856638633
2,0,1.16448e-05,1.30970620277,18073.7049386502
2,0,8.13077e-06,1.68393442622,36.6485629295
2,0,7.67125e-06,2.65620459324,39.6175083461
2,0,7.3786e-06,0.18072791294,6283.0758499914
2,0,6.70527e-06,6.17032430376,14143.4952424306
2,0,6.57675e-06,5.21360427049,8635.9420037632
2,0,6.28788e-06,4.99295631526,73.297125859
2,0,4.77182e-06,4.27309387857,10186.9872264112
2,0,4.7569e-06,2.08026660779,10239.5838660108
2,0,4.27334e-06,2.84919088443,1589.0728952838
2,0,5.59632e-06,5.87842445808,22003.9146348698
2,0,5.42381e-06,1.15040078193,11790.6290886588
2,0,3.63333e-06,3.56904503253,7.1135470008
2,0,3.67778e-06,2.17623939625,9437.762934887
2,0,4.07052e-06,2.35411923107,775.522611324
2,0,3.17467e-06,4.53507429606,419.4846438752
2,0,3.09795e-06,0.92057667546,639.897286314
2,0,2.87191e-06,3.36143652299,110.2063212194
2,0,2.75646e-06,1.23968348521,9683.5945811164
2,0,2.68898e-06,5.13218653673,10742.9765113056
2,0,3.02219e-06,0.94310085463,5507.5532386674
2,0,2.67816e-06,0.29070003895,103.0927742186
2,0,2.14308e-06,5.46213453424,10021.8372800994
2,0,2.41591e-06,4.23657289457,10988.808157535
2,0,2.07456e-06,0.88354754907,10404.7338123226
2,0,2.74181e-06,0.42777141449,9153.9036160218
2,0,2.71427e-06,1.0537672066,19896.8801273274
2,0,2.13406e-06,4.22098458474,316.3918696566
2,0,1.75993e-06,1.40721119359,191.4482661116
2,0,1.5408e-06,3.78432893453,4705.7323075436
2,0,1.46618e-06,3.98848869231,19651.048481098
2,0,1.38629e-06,0.43043658246,1.4844727083
2,0,1.1237e-06,0.85361972526,632.7837393132
2,0,1.05561e-06,1.55141487704,433.7117378768
2,0,9.7825e-07,1.45604337842,1052.2683831884
2,0,1.08349e-06,1.58713111946,1162.4747044078
2,0,6.9607e-07,4.80578213159,9103.9069941176
2,0,6.903e-07,5.52848982683,1066.49547719
2,0,6.2765e-07,1.56960357113,11322.6640983044
2,0,8.0946e-07,2.57565274435,15720.8387848784
2,0,5.8886e-07,1.48624205515,20618.0193585336
2,0,5.6409e-07,6.03069527264,949.1756089698
2,0,6.9363e-07,3.69964170363,13367.9726311066
2,0,6.088e-07,2.21481236691,4551.9534970588
2,0,6.5869e-07,4.98944094696,846.0828347512
2,0,6.3109e-07,4.22325583135,148.0787244263
2,0,4.6449e-07,5.23328801608,10192.5101507186
2,0,4.6324e-07,1.11900673339,10234.0609417034
2,0,6.3123e-07,5.44446058384,224.3447957019
2,0,6.2214e-07,1.01972067969,25934.1243310894
2,0,5.0886e-07,0.0457766093,8624.2126509272
2,0,4.5635e-07,0.06422916339,19367.1891622328
2,0,5.7305e-07,2.21379435263,3154.6870848956
2,0,4.3008e-07,4.77406484115,11015.1064773348
2,0,4.0191e-07,1.64117305351,9411.4646150872
2,0,3.9695e-07,3.2121942357,801.8209311238
2,0,4.5195e-07,0.4810191028,29580.4747084438
2,0,3.6983e-07,2.82425916202,7058.5984613154
2,0,3.4784e-07,3.0311366542,35.1640902212
2,0,2.8623e-07,3.35612170637,1109.3785520934
2,0,3.0361e-07,2.65126296125,11.0457002639
2,0,3.2033e-07,4.14384371647,15874.6175953632
2,0,3.657e-07,2.34542445828,9999.986450773
2,0,3.7215e-07,1.48907281159,3340.6124266998
2,0,3.5385e-07,4.01098677439,10426.584641649
2,0,2.6683e-07,4.05505010621,7860.4193924392
2,0,2.8582e-07,1.27599593473,41.1019810544
2,0,3.1203e-07,5.14153242529,17298.1823273262
2,0,2.8733e-07,2.14315245629,151.0476698429
2,0,2.7688e-07,5.44433605847,63.7358983034
2,0,2.3815e-07,2.19051967809,227.5261894396
2,0,2.0281e-07,1.13139072441,10220.3990932118
2,0,2.0203e-07,5.21881955034,10206.1719992102
2,0,2.3457e-07,0.09576335036,71.8126531507
2,0,2.3256e-07,5.18050538435,85.8272988312
2,0,2.1268e-07,1.37799999997,3128.3887650958
2,0,1.8029e-07,3.17523041625,2118.7638603784
2,0,1.8884e-07,0.61668932816,26.2983197998
2,0,2.2104e-07,2.36649230999,2.9689454166
2,0,2.1981e-07,4.82484958838,77.7505439839
2,0,2.0052e-07,2.45637769313,209.3669421749
2,0,1.9691e-07,5.58713076986,217.2312487011
2,0,1.5682e-07,3.70800811377,742.9900605326
2,0,1.8552e-07,4.31061638297,202.2533951741
2,0,1.8318e-07,1.49471267476,323.5054166574
2,0,1.9675e-07,1.34966583849,3930.2096962196
2,0,1.7492e-07,1.45131471586,138.5174968707
2,0,1.5554e-07,1.06805925164,735.8765135318
2,0,1.5545e-07,2.44244738845,515.463871093
2,0,1.6441e-07,0.25514103996,853.196381752
2,0,1.7677e-07,1.74739410911,3532.0606928114
2,0,1.5237e-07,2.81371933371,9830.3890139878
2,0,1.7691e-07,3.60800987998,7084.8967811152
2,0,1.3327e-07,5.53453199388,5661.3320491522
2,0,1.4371e-07,3.5259833807,10596.1820784342
2,0,1.609e-07,0.78654424919,20213.271996984
2,0,1.1121e-07,2.20216490389,28286.9904848612
2,0,1.4763e-07,2.49676145619,29864.334027309
2,0,1.4712e-07,2.29133684995,23581.2581773176
2,0,1.1595e-07,5.83451477433,199.0720014364
2,0,1.0833e-07,5.05422968004,543.9180590962
2,0,1.1585e-07,5.32336141881,525.7588118315
2,0,9.394e-08,5.33533491552,11272.6674764002
2,0,1.1435e-07,2.15573411853,533.6231183577
2,0,1.0763e-07,5.94541303751,9929.4262273458
2,0,8.797e-08,2.17920528527,12566.1516999828
2,0,7.83e-08,0.86240453613,1478.8665740644
2,0,8.761e-08,0.11029927382,29050.7837433492
2,0,1.0378e-07,0.40689057274,10497.1448650762
2,0,7.445e-08,3.28642860734,21535.9496445154
2,0,7.498e-08,4.24533507981,40853.142184844
2,0,7.389e-08,5.51255095771,16496.3613962024
2,0,8.792e-08,5.18118052529,10207.7626219036
2,0,8.786e-08,1.17109977659,10218.8084705184
2,0,7.196e-08,1.94802350337,216.4804891757
2,0,8.154e-08,1.9412286344,1692.1656695024
2,0,9.913e-08,6.14997101823,9786.687355335
2,0,7.036e-08,6.09743344991,210.1177017003
2,0,7.148e-08,0.89057242152,415.5524906121
2,0,6.899e-08,2.82570489004,117.3198682202
2,0,7.423e-08,2.59067946967,10175.2578735752
2,0,7.386e-08,3.76162101633,10251.3132188468
2,0,7.206e-08,2.4810718097,1265.5674786264
2,0,6.884e-08,1.29204559424,956.2891559706
2,0,8.148e-08,3.12774143805,18837.49819713819
2,0,6.728e-08,5.9568407492,8094.5216858326
2,0,7.393e-08,3.42626457157,14.2270940016
2,0,6.531e-08,5.88279509445,20419.45754542119
2,0,5.882e-08,0.45870719779,32217.2001810808
2,0,6.604e-08,0.80525786731,647.0108333148
2,0,5.728e-08,0.74065551442,24356.7807886416
2,0,7.293e-08,1.69359367608,1581.959348283
2,0,7.04e-08,0.48482036852,95.9792272178
2,0,6.33e-08,3.87859376833,70.8494453042
2,0,5.078e-08,2.67641304277,526.5095713569
2,0,4.977e-08,4.80328860665,532.8723588323
2,0,4.944e-08,2.08956957827,3149.1641605882
2,0,5.879e-08,0.79782511263,78.7137518304
2,0,5.64e-08,3.95018415563,382.8965322232
2,0,4.593e-08,1.06358355759,14765.2390432698
2,0,6.103e-08,4.10884733063,111.4301614968
2,0,4.701e-08,4.97985542466,18849.2275499742
2,0,5.507e-08,1.80406867812,25158.6017197654
2,0,5.495e-08,1.72074788403,17085.9586657222
2,0,4.361e-08,5.32253972289,1375.7737998458
2,0,5.326e-08,3.83237566744,33794.5437235286
2,0,5.089e-08,0.10337236315,14945.3161735544
2,0,4.423e-08,6.24070525621,277.0349937414
2,0,4.713e-08,3.21489250017,114.3991069134
2,0,3.978e-08,1.32528412563,13745.3462390224
2,0,5.182e-08,0.28726404719,222.8603229936
2,0,3.686e-08,5.86108668094,1596.1864422846
2,0,4.659e-08,1.22404458937,20452.8694122218
2,0,3.694e-08,5.09796980483,6681.2248533996
2,0,4.577e-08,5.47618219772,146.594251718
2,0,3.998e-08,4.65648271949,4732.0306273434
2,0,4.33e-08,1.83563721109,23958.6317852334
2,0,3.477e-08,5.05468526636,1551.045222648
2,0,2.83e-08,5.36742188515,309.2783226558
2,0,3.761e-08,5.75801604585,490.3340891794
2,0,2.949e-08,1.25283495999,10198.033075026
2,0,2.944e-08,5.09946217029,10228.538017396
2,0,3.221e-08,5.14877320147,20400.2727726222
2,0,2.82e-08,1.86334392833,299.1263942692
2,0,3.317e-08,1.49275898018,18875.525869774
2,0,2.888e-08,2.65887654829,18307.8072320436
2,0,3.425e-08,0.95244785238,351.8165923087
2,0,2.743e-08,0.21013076684,5481.2549188676
2,0,3.422e-08,3.20260172773,29088.811415985
2,0,3.167e-08,3.72833942933,27511.4678735372
2,0,2.922e-08,5.30505468617,109.9456887885
2,0,2.431e-08,2.28525105333,30110.1656735384
2,0,2.308e-08,1.1939979472,6872.6731195112
2,0,2.471e-08,1.29713026645,625.6701923124
2,0,2.306e-08,2.32729148663,3442.5749449654
2,0,2.424e-08,5.68140954809,20956.2620575166
2,0,2.371e-08,5.8025059879,3.9321532631
2,0,2.376e-08,5.99390031067,8662.240323563
2,0,2.431e-08,2.10516277403,21228.3920235458
2,0,2.601e-08,2.22431686363,9580.5018068978
2,0,1.984e-08,4.1115516107,17277.4069318338
2,0,2.044e-08,5.75289655241,19999.97290154599
2,0,2.547e-08,4.75277405496,1169.5882514086
2,0,2.1e-08,5.81905329229,28521.0927782546
2,0,2.01e-08,5.27974132127,21202.093703746
2,0,2.471e-08,4.17663285501,10846.0692855242
2,0,1.988e-08,4.08614647864,20809.4676246452
2,0,2.285e-08,1.22344285748,1045.1548361876
2,0,2.188e-08,4.41129276996,9967.4538999816
2,0,2.278e-08,3.53119029368,10316.3783204296
2,0,2.278e-08,2.8211031001,10110.1927719924
2,0,1.804e-08,2.4320609997,22779.4372461938
2,0,2.118e-08,1.94080328198,10459.1171924404
2,0,2.26e-08,0.5980272174,9573.388259897
2,0,1.753e-08,5.10951080278,13553.8979729108
2,0,1.766e-08,4.70160896115,7064.1213856228
2,0,2.093e-08,2.69264168456,9690.7081281172
2,0,1.913e-08,1.75777087654,1155.361157407
2,0,1.82e-08,4.24734832675,33.6796175129
2,0,1.649e-08,1.44498561983,440.8252848776
2,0,1.844e-08,1.12596393242,4.4534181249
2,0,1.962e-08,3.66416649367,10735.8629643048
2,0,1.483e-08,4.31350753488,3723.508958923
2,0,2.074e-08,4.62137633405,33019.0211122046
2,0,1.48e-08,4.20172565416,16983.9961474566
2,0,1.976e-08,5.25155661903,37724.7534197482
2,0,1.439e-08,6.16071128287,942.062061969
2,0,1.487e-08,4.35858219478,412.3710968744
2,0,1.472e-08,5.58089341541,6770.7106012456
2,0,1.659e-08,0.00230055843,20235.1228263104
2,0,1.873e-08,6.21486910777,30213.258447757
2,0,1.542e-08,2.45181007185,6489.776587288
2,0,1.36e-08,4.22919267004,10232.95530711079
2,0,1.36e-08,2.12310072374,10193.61578531121
2,0,1.428e-08,4.17962469716,65.2203710117
2,0,1.567e-08,3.66460689276,9146.790069021
2,0,1.592e-08,0.91871579673,10288.0671447783
2,0,1.592e-08,5.43357759705,10138.5039476437
2,0,1.257e-08,3.93598172725,9793.8009023358
2,0,1.413e-08,0.07531190902,42.5864537627
2,0,1.232e-08,5.36389077993,20.7753954924
2,0,1.56e-08,1.27586109556,10529.6774158676
2,0,1.56e-08,5.07643229822,9896.8936765544
2,0,1.178e-08,4.45247045018,14919.0178537546
2,0,1.158e-08,2.28822825043,10632.7701900862
2,0,1.485e-08,6.11611294959,210.8514148832
2,0,1.473e-08,1.91659379347,215.7467759928
2,0,1.422e-08,4.41813139873,225.8292684102
2,0,1.254e-08,5.80795879481,2379.1644735716
2,0,1.237e-08,1.11516406327,12592.4500197826
2,0,1.091e-08,1.25744389434,422.6660376129
2,0,1.402e-08,3.43281150113,10639.883737087
2,0,1.435e-08,0.39193883021,9161.0171630226
2,0,1.368e-08,3.5574035986,79.2350166922
2,0,1.019e-08,5.67612773072,145.6310438715
2,0,1.421e-08,0.83890525684,152.5321425512
2,0,1.188e-08,1.28708061167,70.3281804424
2,0,1.031e-08,1.65365925948,1795.258443721
2,0,9.77e-09,0.76357046359,84.3428261229
2,0,9.64e-09,4.63043034198,1272.6810256272
2,0,1.076e-08,5.29118995114,212.3358875915
2,0,1.071e-08,2.73962355675,214.2623032845
2,0,1.192e-08,2.9560157423,39264.0692895602
2,0,1.01e-08,5.80804230901,10007.0999977738
2,0,1.008e-08,0.55046820997,10419.4710946482
2,0,1.243e-08,1.3034374492,184.7272873558
2,0,1.269e-08,6.03842899487,36949.2308084242
2,0,1.187e-08,5.04350394974,31441.6775697568
2,0,8.91e-09,2.41639607024,213.2509113282
2,0,8.9e-09,5.61419511254,213.3472795478
2,0,9.95e-09,2.96746942556,13341.6743113068
2,0,1.041e-08,4.2368554784,137.0330241624
2,0,1.12e-08,0.26190073863,245.8316462294
2,0,9.68e-09,2.96119647882,437.6438911399
2,0,8.12e-09,0.69907573293,288.0806940053
2,0,8.19e-09,5.28403120371,529.6427809848
2,0,8.19e-09,2.19867289777,529.7391492044
2,0,9.23e-09,5.72786765148,26087.9031415742
2,0,8.26e-09,3.4840147465,2648.454825473
2,0,1.037e-08,2.70514798372,527.2432845398
2,0,1.029e-08,4.77626567802,532.1386456494
2,0,8.59e-09,0.82190799976,74.6697239827
2,0,8.58e-09,3.85737061744,74.8934731519
2,0,7.61e-09,5.59004416449,7564.830720738
2,0,7.76e-09,2.50668810243,203.7378678824
2,0,7.86e-09,0.51228624161,11764.330768859
2,0,7.34e-09,3.78800004602,112.9146342051
2,0,7.95e-09,1.85352659217,10750.0900583064
2,0,7.69e-09,5.39709006967,7834.1210726394
2,0,7.84e-09,4.4866617406,9676.4810341156
2,0,7.11e-09,0.35309558162,628.8515860501
2,0,6.95e-09,1.82001334483,36147.4098773004
2,0,8.45e-09,3.1638968566,22805.7355659936
2,0,9.25e-09,1.39948133634,160.6088973985
2,0,6.63e-09,3.47906442185,1368.660252845
2,0,7.87e-09,4.31922872731,19889.76658032659
2,0,7.98e-09,3.51175121692,13936.794505134
2,0,7.42e-09,1.23961445295,9.5612275556
2,0,6.47e-09,1.38461879483,2008.557539159
2,0,7.89e-09,4.8937701935,7994.5284420242
2,0,6.24e-09,1.27677428473,39793.7602546548
2,0,8.75e-09,3.776475304,380.12776796
2,0,5.99e-09,1.67376937095,2111.6503133776
2,0,8.08e-09,0.37657594142,41654.9631159678
2,0,6.19e-09,5.21680002932,430.5303441391
2,0,7.44e-09,0.94447044889,19903.99367432819
2,0,6.61e-09,2.90920830849,1063.3140834523
2,0,6.63e-09,2.1281881267,838.9692877504
2,0,7.83e-09,1.17537914975,40879.4405046438
2,0,5.98e-09,5.09026310864,423.4167971383
2,0,6.33e-09,1.58661078881,12.5301729722
2,0,6.47e-09,1.86412144751,528.7277572481
2,0,6.46e-09,5.61853780158,530.6541729411
2,0,5.47e-09,2.31713581375,2221.856634597
2,0,5.41e-09,5.63219919123,1055.4497769261
2,0,6.86e-09,1.54143807247,12432.0426503978
2,0,6.72e-09,1.51129840313,221.3758502853
2,0,4.9e-09,1.40385202337,71.6002048296
2,0,6.47e-09,4.49596793914,26735.9452622132
2,0,6.05e-09,3.06366110276,10059.5067357262
2,0,5.03e-09,2.26978085577,17778.11626694899
2,0,6.76e-09,3.63142919749,20529.66386664059
2,0,4.73e-09,3.26277772078,77.962992305
2,0,5.93e-09,3.28870942824,10367.0643566958
2,0,6.48e-09,6.03788509546,22.0914005278
2,0,6.24e-09,1.28974618222,330.6189636582
2,0,6.53e-09,1.15486761496,388.4651552382
2,0,4.68e-09,5.41054107443,1073.6090241908
2,0,4.64e-09,0.8411841379,8631.326197928
2,0,4.54e-09,5.50480758535,10042.6126755918
2,0,5.32e-09,1.20297674206,728.762966531
2,0,5.74e-09,4.09850700417,87.3117715395
2,0,4.44e-09,0.84748587084,10383.9584168302
2,0,4.39e-09,4.57010937002,24150.080051345
2,0,6.04e-09,0.41299096165,984.6003316219
2,0,5.82e-09,1.01106657087,8521.1198767086
2,0,5.41e-09,1.50869067477,72.3339180125
2,0,4.6e-09,5.40297168283,11802.3584414948
2,0,4.68e-09,3.76982493207,212.7778305762
2,0,4.66e-09,4.26202338577,213.8203602998
2,0,4.98e-09,2.61301324745,16522.6597160022
2,0,4.19e-09,1.18672277137,429.7795846137
2,0,4.36e-09,0.28613813561,9638.9407478762
2,0,4.23e-09,5.23795043183,340.7708920448
2,0,4.16e-09,0.15526058452,10225.014899047
2,0,4.16e-09,6.19703280926,10201.556193375
2,0,4.62e-09,0.09066955654,860.3099287528
2,0,4.39e-09,5.33807558951,27991.40181316
2,0,4.31e-09,3.30244061049,8617.0991039264
2,0,4.72e-09,3.26622622976,2218.7571041868
2,0,3.79e-09,4.94184026058,19317.1925403286
2,0,5.11e-09,3.34354440535,77.2292791221
2,0,3.91e-09,6.01609758586,10787.6303445458
2,0,4.91e-09,3.39044076994,3.1813937377
2,0,3.55e-09,2.6857312723,30831.3049047446
2,0,3.54e-09,5.08002534847,10103.0792249916
2,0,3.54e-09,1.27226804531,10323.4918674304
2,0,4.2e-09,1.77275125703,9050.8108418032
2,0,4.78e-09,0.19721186884,35371.8872659764
2,0,4.9e-09,2.59601400341,44809.6502008634
2,0,4.29e-09,1.10169709405,13655.8604911764
2,0,4.13e-09,0.42041417925,145.1097790097
2,0,3.36e-09,5.60932577353,127.4717966068
2,0,4.09e-09,0.70233676711,350.3321196004
2,0,4.04e-09,5.98015684299,30666.1549584328
2,0,3.83e-09,4.56297720194,909.8187330546
2,0,3.31e-09,4.69331165984,27490.6924780448
2,0,3.15e-09,4.73109393582,20639.87018786
2,0,3.28e-09,1.01438027476,19786.67380610799
2,0,3.75e-09,0.23620758788,108.4612160802
2,0,3.92e-09,0.71173908582,29999.959352319
2,0,3.99e-09,2.67833209975,10211.8010735027
2,0,3.99e-09,3.67396129403,10214.7700189193
2,0,3.13e-09,2.04966851954,234.6397364404
2,0,3.82e-09,0.24418522119,186.2117600641
2,0,3.98e-09,2.077570691,9835.9119382952
2,0,4.04e-09,2.41513448299,20351.7894938547
2,0,3.85e-09,6.0810682532,20180.7394461926
2,0,2.88e-09,5.63178266285,1905.4647649404
2,0,3.79e-09,4.27472283876,10590.6591541268
2,0,3.18e-09,0.94946325025,6309.3741697912
2,0,3.65e-09,6.13706743141,10348.910871221
2,0,3.65e-09,0.21522596237,10077.660221201
2,0,3.08e-09,1.11858229845,362.8622925726
2,0,2.83e-09,3.96316373805,3903.9113764198
2,0,2.69e-09,4.01599389913,26709.6469424134
2,0,2.71e-09,2.28569001687,9745.3205558566
2,0,3.11e-09,2.87485251647,297.6419215609
2,0,3.27e-09,1.40630049713,9360.089164459
2,0,2.89e-09,0.35271915498,529.1697002328
2,0,2.64e-09,2.24237848599,1485.9801210652
2,0,2.89e-09,0.84527308658,530.2122299564
2,0,3.66e-09,1.3541242166,604.4725636619
2,0,2.82e-09,0.0683283499,62.2514255951
2,0,2.63e-09,4.77643040513,52.6901980395
2,0,3.14e-09,6.11319497702,20405.7956969296
2,0,2.57e-09,2.63966270921,1258.4539316256
2,0,3.06e-09,5.83870523892,2957.7158944766
2,0,3.29e-09,1.76365842835,45585.1728121874
2,0,2.54e-09,4.06665627806,10681.2505365654
2,0,3.24e-09,5.37496427957,200.7689224658
2,0,3.43e-09,3.07216304543,8106.2510386686
2,0,2.75e-09,6.25194576299,565.1156877467
2,0,2.69e-09,4.90534085198,140.001969579
2,0,3.21e-09,5.03461670419,703.6331846174
2,0,2.49e-09,4.80534758404,210.3783341312
2,0,2.48e-09,3.22187918056,216.2198567448
2,0,2.43e-09,5.15609899738,1062.5633239269
2,0,3.36e-09,6.10975677385,454.9093665273
2,0,2.4e-09,1.67381717935,37.611770776
2,0,2.37e-09,2.15132956903,212.5483359126
2,0,2.55e-09,3.33122871209,153.4953503977
2,0,2.94e-09,3.40944983272,19360.07561523199
2,0,2.36e-09,5.87788994285,214.0498549634
2,0,2.34e-09,2.24935611965,19624.7501612982
2,0,2.36e-09,2.66792286959,38.6543004996
2,0,2.52e-09,3.0398888356,209.106309744
2,0,2.81e-09,5.49571066653,9399.7352622512
2,0,2.48e-09,4.9851301617,217.491881132
2,0,2.29e-09,0.20430029596,574.3447983348
2,0,2.8e-09,2.60576987045,38734.3783244656
2,0,2.25e-09,1.81041528541,223.5940361765
2,0,2.24e-09,3.9482441124,38.084851528
2,0,2.23e-09,0.39234241482,38.1812197476
2,0,3.09e-09,4.01568679365,48739.859897083
2,0,2.22e-09,2.8178928585,8734.4189721466
2,0,2.92e-09,3.65814608665,27197.2816936676
2,0,2.16e-09,6.22908327759,2125.8774073792
2,0,2.67e-09,2.3039473696,31749.2351907264
2,0,2.29e-09,2.85216297633,9264.1099372412
2,0,2.44e-09,2.64604748092,173.9422195228
2,0,2.55e-09,2.46385009073,9992.8729037722
2,0,2.55e-09,3.88844330305,10433.6981886498
2,0,2.34e-09,5.26336192114,74.2603337055
2,0,2.33e-09,5.70130722395,75.3028634291
2,0,2.59e-09,3.73915077229,29573.361161443
2,0,2.11e-09,4.89515362389,10249.3134128884
2,0,2.11e-09,1.45713976989,10177.2576795336
2,0,2.55e-09,0.85666245088,11026.8358301708
2,0,2.47e-09,5.27605423414,252.6559713532
2,0,2.75e-09,1.03976284586,34596.3646546524
2,0,2.2e-09,2.13242742555,38.0276726358
2,0,2.47e-09,0.33731775967,29587.5882554446
2,0,2.03e-09,5.54978754111,18.1592472647
2,0,2.06e-09,1.80396539478,30426.557543195
2,0,2.82e-09,6.12964546434,563.6312150384
2,0,2.63e-09,1.59050643196,20433.6846394228
2,0,2.12e-09,1.58965720399,10206.65698731099
2,0,2.12e-09,4.76263618979,10219.91410511101
2,0,2.02e-09,5.53771508607,16894.5103996106
2,0,2.24e-09,0.66388865647,88.865680217
2,0,1.97e-09,3.20271468078,40077.61957352
2,0,2.54e-09,2.17517906027,37410.5672398786
2,0,2.72e-09,3.28012791525,12320.3200537534
2,0,2.05e-09,4.98750840184,417.0369633204
2,0,2.11e-09,3.54449702303,11162.4611551808
2,0,2.11e-09,3.56508711838,37.1698277913
2,0,2.15e-09,5.07155551847,1699.2792165032
2,0,1.92e-09,2.70968461449,66.70484372
2,0,2.66e-09,2.7282919188,377.3736079158
2,0,1.86e-09,2.96624941532,10251.4185818488
2,0,1.86e-09,3.38604397846,10175.1525105732
2,0,2.04e-09,2.47411750627,207.6700211455
2,0,2.58e-09,0.95259827692,9864.361125763
2,0,2.28e-09,3.58367417249,207.8824694666
2,0,2.03e-09,0.77682463263,39.0962434843
2,0,1.86e-09,3.29302251278,17271.8840075264
2,0,1.86e-09,2.34538148826,1898.3512179396
2,0,2.2e-09,4.46432405157,218.7157214094
2,0,2.57e-09,3.20894861459,10063.7223490764
2,0,2.54e-09,1.58851548099,19264.0963880142
2,0,1.86e-09,2.59788381829,508.3503240922
2,0,1.95e-09,5.53819155539,218.9281697305
2,0,2.46e-09,5.39979365811,10562.209966659
2,0,2.11e-09,4.59175138406,11375.7602506188
2,0,2.33e-09,1.59229597312,39302.096962196
2,0,1.78e-09,5.22149503543,10949.1620597428
2,0,1.78e-09,1.13079835835,9477.4090326792
2,0,1.78e-09,4.08297672654,211.8146227297
2,0,1.77e-09,4.83529684993,20316.36477120259
2,0,2.24e-09,2.49436555659,1056.2005364515
2,0,1.95e-09,0.90841744066,28.5718080822
2,0,1.9e-09,4.35107066119,142.4496501338
2,0,1.71e-09,1.38853028989,526.7702037878
2,0,1.86e-09,5.42678326989,554.0699874828
2,0,1.69e-09,6.09402587013,532.6117264014
2,0,2.17e-09,2.01707572818,124.433415221
2,0,1.75e-09,5.92248308601,525.4981794006
2,0,1.87e-09,1.52481751621,1574.8458012822
2,0,1.58e-09,5.04734034343,528.9402055692
2,0,1.69e-09,0.93171590629,1471.7530270636
2,0,1.57e-09,2.43465536306,530.44172462
2,0,1.88e-09,1.87050370857,569.0478410098
2,0,1.54e-09,5.43597579906,10199.0584522094
2,0,1.54e-09,0.91631759472,10227.5126402126
2,0,1.94e-09,2.5516685558,183.2428146475
2,0,1.99e-09,2.28730999946,1685.0521225016
2,0,1.78e-09,6.20228633181,5.9378908332
2,0,1.52e-09,4.19364670284,283.8593188652
2,0,2.07e-09,0.24572465192,73.8183907208
2,0,1.85e-09,3.34815986923,265.9892934775
2,0,1.75e-09,5.99371438486,217.964961884
2,0,1.66e-09,2.18082507791,10263.0425716828
2,0,1.66e-09,4.17146831587,10163.5285207392
2,0,1.48e-09,2.8310165378,519.3960243561
2,0,1.68e-09,0.62501827359,7991.428911614
2,0,1.46e-09,2.06659470489,82.8583534146
2,0,1.92e-09,4.39395898967,425.1137181677
2,0,1.82e-09,2.27073026813,9256.9963902404
2,0,1.49e-09,1.961573921,414.0680179038
2,0,1.65e-09,3.65136085639,231.4583427027
2,0,2.01e-09,4.11002299299,453.424893819
2,0,2e-09,4.96476307548,1439.5096981492
2,0,1.69e-09,4.14838568997,11265.5539293994
2,0,1.52e-09,4.81054163957,9367.2027114598
2,0,1.95e-09,3.84051863538,8837.5117463652
2,0,1.4e-09,4.10887314023,408.4389436113
2,0,1.4e-09,5.04268037408,10191.4347168846
2,0,1.4e-09,1.3096130197,10235.1363755374
2,0,1.96e-09,3.84517606319,1293.4842235826
2,0,1.91e-09,4.47590456732,75.7448064138
2,0,1.91e-09,5.43460705034,52670.0695933026
2,0,1.83e-09,2.47363849671,38526.574350872
2,0,1.49e-09,1.58541955295,533.8837507886
2,0,1.58e-09,2.03821572977,208.633228992
2,0,1.38e-09,5.09734035169,10217.2176994741
2,0,1.38e-09,1.25495304209,10209.3533929479
2,0,1.53e-09,3.42669369028,47.6942631934
2,0,1.31e-09,6.22770537067,203.0041546995
2,0,1.48e-09,0.77105069393,19374.3027092336
2,0,1.83e-09,0.59231255504,1021.2488945514
2,0,1.39e-09,4.27354999851,373.9079928365
2,0,1.39e-09,4.04425486837,214.7835681463
2,0,1.43e-09,6.11571774821,20447.3464879144
2,0,1.56e-09,6.26097721339,9779.5738083342
2,0,1.26e-09,2.24994178665,20277.0078952874
2,0,1.66e-09,1.38695682715,305.3461693927
2,0,1.3e-09,0.69748880175,654.1243803156
2,0,1.44e-09,6.2638142156,4.192785694
2,0,1.39e-09,5.93780077355,251.4321310758
2,0,1.21e-09,3.73123340759,479.2883889155
2,0,1.19e-09,5.90821338773,114.1384744825
2,0,1.49e-09,0.61484998961,10135.611775783
2,0,1.49e-09,5.73744340417,10290.959316639
2,0,1.51e-09,5.5548063321,10245.8180970024
2,0,1.51e-09,0.79748706168,10180.7529954196
2,0,1.19e-09,1.19706827555,7255.5696517344
2,0,1.15e-09,4.65379442884,539.9859058331
2,0,1.44e-09,2.25615309488,9985.809413422
2,0,1.44e-09,4.0961402989,10440.761679
2,0,1.3e-09,4.00092308815,10236.0607476618
2,0,1.3e-09,2.35137030563,10190.5103447602
2,0,1.56e-09,2.62001496108,20388.4380567842
2,0,1.55e-09,5.57179123583,8237.793000355
2,0,1.14e-09,3.22069040111,213.4109700226
2,0,1.14e-09,4.81084790265,213.1872208534
2,0,1.29e-09,6.17361043988,302.164775655
2,0,1.34e-09,3.09738168989,49515.382508407
2,0,1.3e-09,2.02381333844,38204.687359371
2,0,1.06e-09,6.19602488368,17468.8551979454
2,0,1.16e-09,5.36019004356,524.0618908021
2,0,1.15e-09,2.12419003336,535.3200393871
2,0,1.31e-09,0.68489685701,8101.6352328334
2,0,1.03e-09,2.80780479569,24978.5245894808
2,0,1.26e-09,5.34406107671,540.7366653585
2,0,1.19e-09,4.95824095217,983.1158589136
2,0,1.15e-09,0.35603129387,98.8999885246
2,0,1.18e-09,4.91950265277,525.0250986486
2,0,1.02e-09,1.89629804705,56.6223513026
2,0,1e-09,2.14566059864,529.851023789
2,0,1e-09,5.33661471676,529.5309064002
2,0,9.9e-10,0.29530316101,198.321241911
2,0,1.02e-09,6.02433300674,963.4027029714
2,0,1.22e-09,2.34109232351,19793.7873531088
2,0,1.01e-09,3.69358080572,20043.6745601988
2,0,1.09e-09,2.17221801259,175.1660598002
2,0,1.11e-09,6.01414242152,80.1982245387
2,0,1.35e-09,4.5055323247,5999.2165311262
2,0,9.6e-10,5.43048994495,213.0866471169
2,0,9.6e-10,2.6010483588,213.5115437591
2,0,9.9e-10,4.90758830995,551.031606097
2,0,1.13e-09,1.88238867485,2324.9494088156
2,0,1.23e-09,2.99027576045,43232.3066584156
2,0,1.11e-09,2.56844286864,534.3568315406
2,0,1.17e-09,0.19396627342,524.2743391232
2,0,1.09e-09,4.5901878612,43071.8992890308
2,0,9.5e-10,3.70643398698,327.4375699205
2,0,1.3e-09,1.64611266829,4176.041342449
2,0,1.04e-09,5.47404374073,32.1951448046
2,0,1.22e-09,5.60169381159,24383.0791084414
2,0,1.27e-09,3.26672162678,21.3406410024
2,0,9.7e-10,5.88286380267,32858.61374281979
2,0,1.15e-09,1.00365590687,535.107591066
2,0,1.12e-09,0.89977181729,20206.15844998319
2,0,9.3e-10,1.8049398362,8204.728007052
2,0,9.6e-10,4.77567549605,35.685355083
2,0,9.8e-10,1.55452229557,11059.3683809622
2,0,1.21e-09,3.89536747733,42456.7840470916
2,0,1.03e-09,2.84917048342,219.891377577
2,0,9.1e-10,2.4575413855,18844.61174413899
2,0,9.1e-10,4.79589087629,1802.3719907218
2,0,1.03e-09,3.58160703323,10244.199671846
2,0,1.03e-09,2.77068636055,10182.371420576
2,0,9e-10,1.60104298475,1382.8873468466
2,0,1.25e-09,0.78050551092,12188.778092067
2,0,9.3e-10,4.2056530957,99.1606209555
2,0,9.7e-10,2.34874466786,2333.196392872
2,0,1.22e-09,0.57162307533,56600.2792895222
2,0,8.8e-10,2.76213355426,20350.3050211464
2,0,8.7e-10,1.28166497839,228.276948965
2,0,1.22e-09,3.86087135261,2636.725472637
2,0,8.7e-10,2.93241416282,8087.4081388318
2,0,8.6e-10,5.21923091634,7035.1397556434
2,0,1e-09,1.82319423846,96.8729990951
2,0,8.6e-10,0.89639333663,29057.89729034999
2,0,8.5e-10,3.6368910479,74.8297826771
2,0,8.5e-10,1.04303023325,74.7334144575
2,0,9.5e-10,0.46006492106,10202.2398459471
2,0,9.5e-10,5.89222847272,10224.3312464749
2,0,8.4e-10,5.03945503208,27461.7108480654
2,0,8.4e-10,5.94038512576,10401.2106939736
2,0,8.4e-10,0.41190826802,10025.3603984484
2,0,1.13e-09,5.85548952542,177.8743727859
2,0,8.5e-10,3.46647958947,19477.39548345219
2,0,8.5e-10,5.99437376237,191.9584544356
2,0,8.7e-10,5.84639583938,40.5807161926
2,0,1.02e-09,4.67254721576,131.4039498699
2,0,9.3e-10,5.7797706969,74.5209661364
2,0,9.3e-10,5.18093640996,75.0422309982
2,0,8e-10,2.87647086515,278.5194664497
2,0,8.9e-10,1.46011729281,191.2076949102
2,0,7.9e-10,2.74811848231,38.0211610532
2,0,7.9e-10,1.59253269036,38.2449102224
2,0,9.8e-10,3.80111874017,20220.3855439848
2,0,8.3e-10,0.78518936484,300.6108669775
2,0,9.1e-10,3.84142883929,14169.7935622304
2,0,7.8e-10,5.64618149774,30.0562807905
2,0,9.7e-10,3.75597837361,259.5088859231
2,0,9.5e-10,1.78055741695,29477.3819342252
2,0,9.6e-10,0.05074222339,30206.14490075619
2,0,1.01e-09,2.8642252933,38500.2760310722
2,0,9.5e-10,2.94691545874,30220.3719947578
2,0,7.7e-10,2.01507273057,10853.182832525
2,0,1.07e-09,3.08276575514,2069.0068349066
2,0,8.5e-10,5.14758347117,44.070926471
2,0,7.6e-10,3.30386469943,10243.1069843598
2,0,7.6e-10,3.04842869435,10183.4641080622
2,0,7.6e-10,4.53950259247,44007.8292697396
2,0,8.9e-10,2.2559220229,835.0371344873
2,0,7.6e-10,3.13724740029,106.2741679563
2,0,7.8e-10,5.37998455046,7880.08915333899
2,0,9.1e-10,2.31009109472,80.7194894005
2,0,7.5e-10,0.9328404081,205.2223405907
2,0,7.9e-10,1.02058994543,74.6215398729
2,0,7.8e-10,3.65920759701,74.9416572617
2,0,1e-09,1.06747118471,28947.6909691306
2,0,7.2e-10,1.9002954875,17248.4253018544
2,0,8.2e-10,5.95948324562,5.5229243074
2,0,7.7e-10,1.39895481144,195.1398481733
2,0,7.2e-10,4.78502700351,213.0384630071
2,0,7.2e-10,3.24651089369,213.5597278689
2,0,9.6e-10,2.6780115053,483.2205421786
2,0,7.8e-10,3.37272107675,29043.67019634839
2,0,8.6e-10,2.7373583377,2.4476805548
2,0,7.5e-10,0.44027902661,21000.9158907568
2,0,7.1e-10,2.52223847071,22645.32819660879
2,0,7.4e-10,0.35341011835,8827.3902698748
2,0,8.5e-10,0.56779936902,3914.9572250346
2,0,7e-10,6.20393956561,6298.3283211764
2,0,7.2e-10,2.38867048672,34171.9173314444
2,0,7.9e-10,1.08839441675,10018.3141617504
2,0,7.9e-10,5.26389897703,10408.2569306716
2,0,9.5e-10,2.11170756015,248.7238180901
2,0,7.5e-10,0.64877739613,18734.4054229196
2,0,6.9e-10,1.88886878891,529.4785167735
2,0,6.9e-10,5.59340951305,529.9034134157
2,0,7.6e-10,1.98904461594,518.6452648307
2,0,6.9e-10,5.61697903331,41044.5904509556
2,0,6.6e-10,0.44946982323,635.9651330509
2,0,6.9e-10,0.68347421356,9644.4636721836
2,0,6.9e-10,5.66881918022,10782.1074202384
2,0,6.6e-10,1.92154628038,2214.7430875962
2,0,7.4e-10,2.48641792134,68.8437077341
2,0,8.3e-10,4.22258770909,9721.6222537522
2,0,8.3e-10,2.12970568469,10704.9488386698
2,0,7.2e-10,0.13848852336,18830.38465013739
2,0,9e-10,3.61691095667,20049.1974845062
2,0,7.6e-10,5.76440532006,21485.95302261119
2,0,8.4e-10,5.41269775901,424.1505103212
2,0,7.1e-10,1.03137133715,275.5505210331
2,0,6.6e-10,4.46930207827,33.9402499438
2,0,7.2e-10,2.56964528099,19573.37471066999
2,0,6.3e-10,1.6576700461,20.6069278195
2,0,6.3e-10,3.18646450612,18314.9207790444
2,0,7e-10,1.43478197258,1573.8204240988
2,0,8.3e-10,5.34151461839,46386.9937433112
2,0,8.3e-10,5.09775374255,404.5067903482
2,0,6.3e-10,2.94014383007,8.0767548473
2,0,6.8e-10,2.22365421702,831.8557407496
2,0,8.2e-10,5.88510225867,154.0166152595
2,0,6.7e-10,2.05862077241,3956.5080160194
2,0,7e-10,0.75267806535,1580.8666607968
2,0,8.1e-10,2.12955581519,37.8724032069
2,0,8.7e-10,3.9082781852,29264.0828387872
2,0,7.3e-10,5.6015084428,115.8835796217
2,0,8e-10,2.2110840408,38.3936680687
2,0,6.4e-10,4.44827566878,284.1485407422
2,0,7.1e-10,0.66382087848,28418.000004036
2,0,6.1e-10,1.55846256298,27682.1407441564
2,0,7e-10,0.48885804664,107.0249274817
2,0,6e-10,6.06109901775,20421.0481681146
2,0,6.9e-10,0.944671641,511.5317178299
2,0,7.6e-10,2.36906364898,29683.56748266239
2,0,6.4e-10,5.87747392917,18300.69368504279
2,0,6.2e-10,5.99888400949,11599.1808225472
2,0,7.9e-10,0.78455831236,28313.288804661
2,0,5.8e-10,1.51132246914,7576.560073574
2,0,5.8e-10,4.95419870669,46.2097904851
2,0,5.7e-10,2.10835504837,11279.781023401
2,0,7.9e-10,1.99170433665,60530.4889857418
2,0,7.9e-10,4.15336422499,531.1754378029
2,0,6.7e-10,5.81376296368,643.8294395771
2,0,5.9e-10,5.97279707503,10254.8363371958
2,0,5.9e-10,0.37949631875,10171.7347552262
2,0,5.7e-10,2.49183550585,20464.5987650578
2,0,7.9e-10,3.55016127148,10137.0194749354
2,0,5.6e-10,6.15449621937,842.1506814881
2,0,6.5e-10,0.26869494906,547.8502123593
2,0,6.2e-10,1.89895196585,31022.7531708562
2,0,7.4e-10,3.35112731202,53285.1848352418
2,0,6.9e-10,3.21235031019,269.9214467406
2,0,7.5e-10,3.14349504273,227.3137411185
2,0,6.1e-10,4.72931440223,121.2520214833
2,0,6.4e-10,4.00074980257,30007.0728993198
2,0,6.1e-10,1.41008037643,429.0458714308
2,0,6.4e-10,2.72423324964,159.1244246902
2,0,6.1e-10,2.23944425679,650.9429865779
2,0,5.8e-10,1.48653338098,75449.50683949639
2,0,7.3e-10,2.27987119168,51449.3242632782
2,0,7.4e-10,3.91369739911,21720.0553160046
2,0,6.9e-10,4.29368361875,18093.37469954999
2,0,7.2e-10,2.90060146744,100608.10855926179
2,0,7.3e-10,3.31073272937,528.2064923863
2,0,5.7e-10,1.89137287758,92.940845832
2,0,6.1e-10,5.2709693281,18100.00325845
2,0,6.8e-10,5.14472869299,219.4494345923
2,0,5.2e-10,0.52182858466,40426.543993968
2,0,5.1e-10,3.53345258541,1048.3362299253
2,0,6.2e-10,4.52301275304,425.6349830295
2,0,6.5e-10,1.1717484077,14.977853527
2,0,5.8e-10,6.02426265881,20412.34399842039
2,0,6.5e-10,2.1422959021,32243.4985008806
2,0,5.9e-10,4.7393122018,47162.5163546352
2,0,5.8e-10,4.32481237367,72.0732855816
2,0,5e-10,6.18510990638,960.2213092337
2,0,5.5e-10,0.04281344157,42.3258213318
2,0,5.6e-10,4.39886775705,53445.5922046266
2,0,5e-10,4.83446941002,426.6463749858
2,0,4.9e-10,3.21271029936,514.7131115676
2,0,6.5e-10,2.4133735888,494.2662424425
2,0,6.7e-10,2.57317423197,618.5566453116
2,0,5.7e-10,3.46964286996,8307.8207812706
2,0,5.2e-10,1.85871885411,2641.3412784722
2,0,5e-10,6.27092935627,8418.02710249
2,0,6.2e-10,6.11167050077,750.1036075334
2,0,5.3e-10,0.86945819735,2428.0421830342
2,0,6.6e-10,3.34109931244,78604.19392439199
2,0,5e-10,1.63663518288,426.5500067662
2,0,6.6e-10,4.48087077585,19580.4882576708
2,0,4.7e-10,4.26489760399,544.6688186216
2,0,4.7e-10,3.24772372978,38741.4918714664
2,0,4.7e-10,4.45256678947,387.2413149608
2,0,5.5e-10,3.70101890767,81.8951455681
2,0,6e-10,0.53980789709,488.8496164711
2,0,6.4e-10,2.60081517768,1364.7280995819
2,0,5e-10,6.05227901906,59160.9494168876
2,0,5.5e-10,5.4141698622,48947.6638706766
2,0,5.2e-10,2.81764658144,210.5907824523
2,0,4.6e-10,5.77895747608,194.9713844606
2,0,5.6e-10,5.79105836654,9936.5397743466
2,0,5.6e-10,0.56123502724,10490.0313180754
2,0,5.3e-10,2.05896623723,427.5613987225
2,0,5.1e-10,5.21356444643,216.0074084237
2,0,5e-10,3.05458837611,1056.9342496344
2,0,4.9e-10,6.03922030861,501.3797894433
2,0,5.4e-10,2.92585194345,9922.312680345
2,0,5.4e-10,3.42644145033,10504.258412077
2,0,5.9e-10,3.59330170983,18204.71445782499
2,0,4.4e-10,1.83359720481,2538.2485042536
2,0,4.4e-10,3.59534331356,74.0308390419
2,0,4.8e-10,5.93972997403,38727.2647774648
2,0,6.1e-10,1.93644248401,10286.58267207
2,0,6.1e-10,4.41585090977,10139.988420352
2,0,6.1e-10,5.28413978764,6566.9351688566
2,0,5e-10,5.77173682772,355.7487455718
2,0,4.4e-10,1.08481523531,75.5323580927
2,0,4.3e-10,5.70834575414,213.4591541324
2,0,4.3e-10,2.32287306604,213.1390367436
2,0,4.3e-10,5.47593276555,220.4608265486
2,0,5.6e-10,1.59993474661,491.8185618877
2,0,6e-10,6.18401612782,86464.6133168312
2,0,4.8e-10,1.78116870506,9246.3146687754
2,0,6e-10,4.34226209904,3684.3780499902
2,0,6e-10,1.84622268138,14427.3545612958
2,0,5.1e-10,0.7192866461,9566.2747128962
2,0,5.4e-10,5.39695767554,187.6962327724
2,0,5.2e-10,1.63253830755,8727.3054251458
2,0,5e-10,3.9926048364,296.1574488526
2,0,5.7e-10,5.35044527046,1061.829610744
2,0,5.4e-10,3.78910232599,47623.8527860896
2,0,4.3e-10,3.24179066608,128.9562693151
2,0,4.5e-10,3.95006454295,10263.2821681152
2,0,4.5e-10,2.40222885083,10163.2889243068
2,0,4.7e-10,4.95696645233,1279.794572628
2,0,4.9e-10,0.08548300777,9794.3611473104
2,0,4.9e-10,6.26681038601,10632.2099451116
2,0,5.8e-10,1.48165013529,1861.202861313
2,0,4.7e-10,6.22156178529,20142.7117735568
2,0,5.4e-10,2.89069416534,207.1487562837
2,0,4.4e-10,0.47724556879,30632.74309163219
2,0,4.1e-10,4.84097099797,12850.011018848
2,0,4.8e-10,1.44348407688,106.9767433719
2,0,4.5e-10,3.81128625757,2349.3430354228
2,0,4.5e-10,3.12918282665,2356.3892721208
2,0,5.6e-10,3.88391523095,1057.8974574809
2,0,4.7e-10,3.45990384746,679.2541622292
2,0,5.3e-10,0.36365795711,601.7642506762
2,0,4.5e-10,3.92464674406,3178.1457905676
2,0,4.2e-10,3.51224472308,77802.37299326819
2,0,4.6e-10,1.42734790968,115674.27666460119
2,0,4e-10,2.54799612698,1059.430114299
2,0,4.5e-10,3.08256873858,10.2949407385
2,0,4.4e-10,2.89783366184,79379.716535716
2,0,5.1e-10,4.18413102003,344.7030453079
2,0,4.2e-10,2.3000953406,220.364458329
2,0,4.1e-10,1.23522586481,25132.3033999656
2,0,5.5e-10,5.75395220831,188.9200730498
2,0,5.3e-10,0.70077978084,67.6680515665
2,0,3.9e-10,1.93706467599,1788.1448967202
2,0,3.9e-10,1.87346435474,28631.29909947399
2,0,5.2e-10,3.63882972952,38631.285550247
2,0,4.3e-10,4.57112464191,11180.2564236466
2,0,4.4e-10,4.99425187685,179.3588454942
2,0,4.4e-10,0.26434468297,289.5651667136
2,0,4e-10,4.73960650797,436.1594184316
2,0,4.7e-10,0.17782919736,187.9251477626
2,0,4e-10,3.26413558741,149.45132255
2,0,3.9e-10,5.18683524181,54981.3849560896
2,0,4.4e-10,5.88330364964,10168.1443265744
2,0,4.4e-10,0.46898974414,10258.4267658476
2,0,4.1e-10,1.16123981348,24341.5283174566
2,0,4.7e-10,1.2406737145,1038.0412891868
2,0,5.1e-10,3.41164207102,64460.6986819614
2,0,4.3e-10,0.40869970249,22030.2129546696
2,0,4.1e-10,0.99171071955,47358.5909753928
2,0,4.4e-10,0.8233284778,358.9301393095
2,0,5.1e-10,4.3223305521,104538.3182554814
2,0,5.1e-10,4.70514482859,16250.529749973
2,0,3.7e-10,2.91616393795,29160.9900645686
2,0,3.6e-10,1.35884346175,68.1893164283
2,0,4.3e-10,3.35259007747,10362.8487433456
2,0,3.9e-10,1.62990239695,37674.9963942764
2,0,3.8e-10,2.56508843435,47917.2635704668
2,0,3.6e-10,2.69669701623,2751.5475996916
2,0,3.7e-10,2.84218380221,6256.7775301916
2,0,4.7e-10,5.73121342219,523.5406259403
2,0,3.6e-10,1.39948651785,8673.969676399
2,0,5e-10,1.83789408271,54247.4131357504
2,0,4.4e-10,0.56832443467,50317.2034395308
2,0,3.6e-10,1.89385828446,59.8037450403
2,0,4e-10,5.63337030653,1059.3337460794
2,0,4.9e-10,0.39141584772,491.6632924588
2,0,3.5e-10,1.18237243551,12546.481939083
2,0,3.8e-10,4.07163115574,212.0270710508
2,0,3.7e-10,3.9593041423,214.5711198252
2,0,4.7e-10,0.89434277888,50.4025761791
2,0,3.9e-10,0.73367000632,1514.2912967165
2,0,4e-10,5.57904418434,497.4476361802
2,0,3.5e-10,2.73744180385,672.1406152284
2,0,4.4e-10,2.73569081007,9697.821675118
2,0,4.4e-10,3.61660258371,10728.749417304
2,0,3.6e-10,0.66587329374,69941.95360082899
2,0,3.7e-10,1.68139239859,35191.8101356918
2,0,4e-10,1.63699678518,143.6253063014
2,0,3.5e-10,0.76656495982,48733.23133818299
2,0,3.5e-10,3.13094039439,10415.5389413851
2,0,3.5e-10,3.22135299939,10011.0321510369
2,0,3.6e-10,3.56130087049,1361.5467058442
2,0,3.5e-10,3.08830623607,89.7594520943
2,0,3.6e-10,3.40125641272,100909.03762133139
2,0,4e-10,0.01680612963,149.6750717192
2,0,4.4e-10,1.20989531942,36301.18868778519
2,0,4.7e-10,2.53044739139,88041.956859279
2,0,3.4e-10,5.96407611411,47938.0389659592
2,0,4.3e-10,1.35224903493,312.4597163935
2,0,3.3e-10,3.80922491688,49477.35483577119
2,0,4.5e-10,6.15174229277,66038.04222440919
2,0,4e-10,5.33231345721,28513.97923125379
2,0,3.3e-10,1.28829842226,34363.365597556
2,0,3.3e-10,2.72260069006,55798.4583583984
2,0,4.2e-10,1.76079418628,535.8413042489
2,0,3.3e-10,3.4069223377,54394.56338733519
2,0,3.4e-10,4.57649322994,31214.2014369678
2,0,3.3e-10,4.17419241267,10309.2647734288
2,0,3.3e-10,2.17810098111,10117.3063189932
2,0,3.4e-10,0.22515043919,7461.7379465194
2,0,3.5e-10,0.176067182,529.9515975255
2,0,3.5e-10,1.02336134569,529.4303326637
2,0,3.2e-10,2.5447655298,206.1373643274
2,0,4.5e-10,5.30626896435,1512.8068240082
2,0,3.7e-10,5.80408586611,58946.51688439399
2,0,4.3e-10,2.21665582542,237.6781178262
2,0,4e-10,3.35479050773,1593.0050485469
2,0,3.3e-10,2.42762603478,2001.4439921582
2,0,4.4e-10,1.32352355619,90394.82301305079
2,0,3.4e-10,2.34445071844,522.6256022036
2,0,3.1e-10,3.37478583123,81.3738807063
2,0,3.1e-10,5.4292059213,522.529233984
2,0,3.8e-10,1.18845657835,74821.13447975718
2,0,3.1e-10,1.87707549397,30103.05212653759
2,0,3.2e-10,0.98619416724,34570.0663348526
2,0,3.2e-10,3.35243256009,767.3690829208
2,0,3.2e-10,1.81438986358,29786.660256881
2,0,3.8e-10,5.10282384073,92.0470739547
2,0,3.2e-10,2.19359308367,21977.61631507
2,0,3.1e-10,6.06589927522,35.212274331
2,0,3.6e-10,5.94106521859,20430.50324568509
2,0,3.3e-10,6.06643896212,1060.3451380357
2,0,3.2e-10,4.93495248062,81732.5826894878
2,0,4.3e-10,3.24614367572,58177.62283197
2,0,3.5e-10,6.20793918435,51092.7260508548
2,0,3.3e-10,4.63488708885,5.4166259714
2,0,3.3e-10,1.38971011469,55022.9357470744
2,0,3.6e-10,5.94088407657,181.0557665236
2,0,3.3e-10,4.31034440765,83309.92623193559
2,0,2.9e-10,4.95280733068,11752.601416023
2,0,2.9e-10,3.94608385223,9800.9144493366
2,0,2.9e-10,2.40620954155,10625.6566430854
2,0,3.1e-10,5.71228872293,206.233732547
2,0,3e-10,2.05100908229,20432.0940167294
2,0,2.9e-10,5.95807433561,1585.1407420207
2,0,2.9e-10,5.98297157212,9889.7801295536
2,0,3.8e-10,1.57699576377,47964.337285759
2,0,3.9e-10,5.95942234005,47888.2819404874
2,0,3.9e-10,5.51640686424,14128.2427712456
2,0,2.9e-10,1.67115577064,85034.42002596818
2,0,3.9e-10,5.81881044351,73898.46161684839
2,0,4e-10,2.84352268392,80181.53746683979
2,0,2.8e-10,4.98574596975,10098.84625752579
2,0,2.8e-10,1.36654742403,10327.72483489621
2,0,3.9e-10,2.90361169612,5791.4125575326
2,0,3.9e-10,3.61855841109,30563.5905673574
2,0,3.4e-10,2.65806280363,1539.315869812
2,0,2.8e-10,0.72550860398,1179.1945390396
2,0,3.1e-10,3.89570695535,39786.646707654
2,0,2.8e-10,2.08868760692,73872.1632970486
2,0,2.9e-10,2.97395589358,426.0769260142
2,0,2.8e-10,5.13152921511,15694.5404650786
2,0,3.4e-10,2.10761573799,40213.24489853
2,0,2.7e-10,0.43069996566,643.0786800517
2,0,3.4e-10,2.04440145216,245.5424243524
2,0,3e-10,4.24679619338,62883.3551395136
2,0,2.9e-10,3.97759672159,458.8415197904
2,0,2.7e-10,2.79321900732,113.3877149571
2,0,2.9e-10,5.12998256913,536.7563279856
2,0,2.9e-10,5.8482379415,110012.94461544899
2,0,2.6e-10,2.06190087041,536.8526962052
2,0,3.4e-10,1.33501180136,42430.4857272918
2,0,3.7e-10,4.74983943559,82534.40362061159
2,0,3.7e-10,1.06810341965,13859.6359235654
2,0,3e-10,2.98025809633,247.2393453818
2,0,3.7e-10,2.06942308542,37703.9780242558
2,0,3.1e-10,1.84196344987,25960.4226508892
2,0,2.8e-10,3.49625376754,7886.717712239
2,1,0.00039237546,0.0,0.0
2,1,0.00017282284,5.638247359,20426.571092422
2,1,5.968061e-05,3.60854941167,10213.285546211
2,1,8.98218e-06,5.83996118482,426.598190876
2,1,7.81308e-06,1.12962566094,206.1855484372
2,1,7.54802e-06,0.61969529688,220.4126424388
2,1,6.00351e-06,1.68664617318,1059.3819301892
2,1,5.72669e-06,4.00093192089,522.5774180938
2,1,5.60655e-06,3.48676353022,536.8045120954
2,1,1.75529e-06,0.23554665359,30639.856638633
2,1,9.8812e-07,1.87383067719,7.1135470008
2,1,7.2713e-07,5.07512093664,639.897286314
2,1,8.732e-07,0.0906528032,419.4846438752
2,1,6.0346e-07,3.35752563808,8635.9420037632
2,1,5.3759e-07,6.03942421773,433.7117378768
2,1,6.3046e-07,0.52083190822,10186.9872264112
2,1,6.2777e-07,5.83131036994,10239.5838660108
2,1,4.9333e-07,3.00159177408,11790.6290886588
2,1,4.7382e-07,2.15007843045,213.299095438
2,1,4.4926e-07,5.05155033853,529.6909650946
2,1,4.2965e-07,2.03245335079,1589.0728952838
2,1,3.6923e-07,0.5025560113,775.522611324
2,1,3.0992e-07,3.31452429738,1052.2683831884
2,1,3.0098e-07,3.75634285091,10021.8372800994
2,1,2.9363e-07,2.59481166718,10404.7338123226
2,1,2.9951e-07,3.91019546176,1066.49547719
2,1,3.2071e-07,1.27581809571,149.5631971346
2,1,2.1415e-07,5.30131509744,316.3918696566
2,1,1.9871e-07,5.85591903319,9437.762934887
2,1,1.9019e-07,0.48946385175,227.5261894396
2,1,1.7907e-07,0.50709742814,10988.808157535
2,1,1.6079e-07,2.44810994983,110.2063212194
2,1,1.4387e-07,2.14852937659,9683.5945811164
2,1,1.3498e-07,2.90084412618,191.4482661116
2,1,1.3527e-07,4.2018554144,10742.9765113056
2,1,1.5875e-07,4.20914007335,76.2660712756
2,1,1.4059e-07,1.92999301659,4705.7323075436
2,1,1.3447e-07,5.86031739106,19651.048481098
2,1,1.2413e-07,4.14057132118,515.463871093
2,1,1.3252e-07,3.5892518546,36.6485629295
2,1,1.1814e-07,1.50628561093,632.7837393132
2,1,1.2488e-07,0.74887488462,39.6175083461
2,1,1.0164e-07,0.6299231039,73.297125859
2,1,9.222e-08,1.25927718333,199.0720014364
2,1,8.663e-08,3.35360012494,543.9180590962
2,1,7.755e-08,1.44764390538,949.1756089698
2,1,7.691e-08,1.12047989646,103.0927742186
2,1,6.877e-08,3.26548847716,9103.9069941176
2,1,7.454e-08,4.42301263508,15720.8387848784
2,1,6.04e-08,3.09328817274,11322.6640983044
2,1,5.966e-08,0.53259218563,10206.1719992102
2,1,5.966e-08,5.81970120815,10220.3990932118
2,1,5.487e-08,4.43944248381,853.196381752
2,1,5.17e-08,0.37516758388,209.3669421749
2,1,5.081e-08,1.3905945573,217.2312487011
2,1,4.66e-08,0.15626149972,216.4804891757
2,1,5.176e-08,4.06410179125,3154.6870848956
2,1,4.553e-08,1.60431626596,210.1177017003
2,1,4.564e-08,3.01891927717,20618.0193585336
2,1,4.447e-08,5.48065037241,323.5054166574
2,1,4.24e-08,4.49316795437,9999.986450773
2,1,4.157e-08,1.86903191118,10426.584641649
2,1,4.151e-08,1.93098926861,63.7358983034
2,1,4.099e-08,5.22964063969,647.0108333148
2,1,4.649e-08,1.29491122903,9830.3890139878
2,1,5.058e-08,1.73136117173,14.2270940016
2,1,4.293e-08,2.71452907477,735.8765135318
2,1,4.405e-08,5.05081380319,10596.1820784342
2,1,3.443e-08,2.77873462243,85.8272988312
2,1,3.59e-08,0.89608249763,7860.4193924392
2,1,3.302e-08,0.78944659795,11.0457002639
2,1,3.246e-08,4.47251198694,526.5095713569
2,1,3.18e-08,3.00772018402,532.8723588323
2,1,2.903e-08,3.22514351914,525.7588118315
2,1,2.896e-08,1.12069020939,117.3198682202
2,1,2.863e-08,4.25448918131,533.6231183577
2,1,2.838e-08,0.45959307618,202.2533951741
2,1,2.625e-08,0.95628165683,8624.2126509272
2,1,2.726e-08,2.33981418835,19367.1891622328
2,1,2.696e-08,5.3694111165,7058.5984613154
2,1,2.863e-08,2.16989496338,95.9792272178
2,1,2.546e-08,1.70280413881,11015.1064773348
2,1,2.044e-08,3.86812530423,138.5174968707
2,1,2.707e-08,0.24920171339,801.8209311238
2,1,1.977e-08,2.19636388255,742.9900605326
2,1,2.701e-08,2.36778194506,2118.7638603784
2,1,2.539e-08,4.39873959203,9411.4646150872
2,1,1.912e-08,4.86762627934,1109.3785520934
2,1,1.909e-08,0.39529260174,956.2891559706
2,1,1.768e-08,4.34051785227,1596.1864422846
2,1,1.933e-08,3.28230569196,3930.2096962196
2,1,1.699e-08,1.87566644469,70.8494453042
2,1,1.833e-08,0.97295205973,13367.9726311066
2,1,1.586e-08,1.12226291756,40853.142184844
2,1,1.57e-08,2.80724611689,78.7137518304
2,1,1.758e-08,0.69532491254,4551.9534970588
2,1,1.992e-08,4.09610698677,26.2983197998
2,1,1.694e-08,0.76426907626,1577.3435424478
2,1,1.493e-08,5.97213767442,440.8252848776
2,1,1.81e-08,3.43597556192,1581.959348283
2,1,1.465e-08,1.19009717807,74.7815985673
2,1,1.484e-08,5.54999908988,7084.8967811152
2,1,1.559e-08,2.97028792257,1045.1548361876
2,1,1.426e-08,5.44329745197,12566.1516999828
2,1,1.646e-08,2.40413866073,224.3447957019
2,1,1.4e-08,4.67642362946,11272.6674764002
2,1,1.282e-08,3.09230484373,10218.8084705184
2,1,1.282e-08,3.25998855005,10207.7626219036
2,1,1.352e-08,1.29314419649,20419.45754542119
2,1,1.469e-08,4.11460578747,3128.3887650958
2,1,1.241e-08,4.14143822683,23581.2581773176
2,1,1.284e-08,5.45408487651,382.8965322232
2,1,1.307e-08,1.82500475732,9153.9036160218
2,1,1.133e-08,4.77291959539,35.1640902212
2,1,1.191e-08,3.69515282095,2352.8661537718
2,1,1.057e-08,0.79522639484,309.2783226558
2,1,1.112e-08,2.89652371372,625.6701923124
2,1,1e-08,4.09863557302,1265.5674786264
2,1,1.084e-08,2.78444751991,10198.033075026
2,1,1.084e-08,3.56784587387,10228.538017396
2,1,1.192e-08,3.38577049275,16496.3613962024
2,1,9.89e-09,6.14826697847,412.3710968744
2,1,9.17e-09,5.67300034485,15874.6175953632
2,1,8.82e-09,5.83304308882,41.1019810544
2,1,9.36e-09,2.99521995909,1169.5882514086
2,1,9.43e-09,0.21048093986,151.0476698429
2,1,7.71e-09,1.58200018736,942.062061969
2,1,7.6e-09,5.36638189114,28286.9904848612
2,1,7.47e-09,0.58426038651,3149.1641605882
2,1,7.62e-09,3.4341834437,1155.361157407
2,1,7.12e-09,1.82235727085,71.8126531507
2,1,7.18e-09,2.94974266304,77.7505439839
2,1,6.17e-09,4.936031963,21535.9496445154
2,1,6.25e-09,1.61452093926,20400.2727726222
2,1,6.13e-09,0.59191874324,5661.3320491522
2,1,8.2e-09,0.36295378777,21228.3920235458
2,1,6.74e-09,0.56550938814,8094.5216858326
2,1,6.33e-09,4.96985222859,18849.2275499742
2,1,7.18e-09,1.70498371588,1162.4747044078
2,1,6.57e-09,2.20985602421,17298.1823273262
2,1,5.04e-09,2.36012441072,277.0349937414
2,1,5.1e-09,5.30981933415,20452.8694122218
2,1,4.86e-09,5.53252452947,422.6660376129
2,1,4.55e-09,1.18907814059,1692.1656695024
2,1,4.32e-09,3.6013555046,32217.2001810808
2,1,4.57e-09,1.01447998087,29050.7837433492
2,1,4.14e-09,3.8959827158,24356.7807886416
2,1,4.72e-09,5.35027481275,9146.790069021
2,1,3.91e-09,3.73837604066,1073.6090241908
2,1,3.75e-09,0.35041804232,234.6397364404
2,1,3.94e-09,2.90954841406,5507.5532386674
2,1,3.73e-09,3.98254461376,415.5524906121
2,1,3.64e-09,1.1450038584,10639.883737087
2,1,3.61e-09,5.90601998518,846.0828347512
2,1,3.84e-09,5.6497651674,330.6189636582
2,1,3.6e-09,5.19238212137,9786.687355335
2,1,3.61e-09,2.31869873474,14945.3161735544
2,1,4.22e-09,4.94394431892,9161.0171630226
2,1,4.39e-09,0.8971464025,9690.7081281172
2,1,4.25e-09,5.51224263435,20809.4676246452
2,1,4.4e-09,5.44930026371,10735.8629643048
2,1,3.35e-09,4.48297896956,860.3099287528
2,1,3.72e-09,5.21504043865,10251.3132188468
2,1,3.72e-09,1.13725295513,10175.2578735752
2,1,3.37e-09,3.18444650009,71.6002048296
2,1,3.24e-09,0.71684229879,423.4167971383
2,1,4.33e-09,1.36147512776,3.9321532631
2,1,3.19e-09,5.77038311559,17277.4069318338
2,1,3.26e-09,1.48465704932,77.962992305
2,1,3.84e-09,1.50030220266,1478.8665740644
2,1,3.89e-09,4.76446577072,6283.0758499914
2,1,3.16e-09,5.62533566974,429.7795846137
2,1,4.12e-09,4.35484091112,22003.9146348698
2,1,4.23e-09,1.39634467087,18837.49819713819
2,1,3.04e-09,3.9876164825,145.6310438715
2,1,3.01e-09,5.78050751122,14765.2390432698
2,1,3.52e-09,0.64575728139,2.9689454166
2,1,3.51e-09,0.93761476307,6489.776587288
2,1,3.84e-09,4.55881127062,210.8514148832
2,1,3.8e-09,3.47993786173,215.7467759928
2,1,2.97e-09,5.78070702462,10232.95530711079
2,1,2.97e-09,0.57158636916,10193.61578531121
2,1,3.6e-09,2.88459167183,728.762966531
2,1,2.91e-09,3.33683517922,18073.7049386502
2,1,2.87e-09,0.79492340372,3442.5749449654
2,1,2.9e-09,3.01296539996,13745.3462390224
2,1,2.62e-09,1.65344723077,21202.093703746
2,1,3.38e-09,4.31589716519,148.0787244263
2,1,2.89e-09,4.21532853378,20235.1228263104
2,1,2.69e-09,6.12924784861,9676.4810341156
2,1,2.55e-09,0.6871636125,437.6438911399
2,1,2.61e-09,4.05709707087,22779.4372461938
2,1,2.81e-09,3.530328058,14919.0178537546
2,1,2.62e-09,0.23413334905,10750.0900583064
2,1,2.84e-09,3.67849455855,838.9692877504
2,1,2.56e-09,2.84423020029,10234.0609417034
2,1,2.56e-09,3.50806319349,10192.5101507186
2,1,2.38e-09,2.72262438861,9573.388259897
2,1,2.84e-09,1.52451893915,4732.0306273434
2,1,2.33e-09,3.8529450385,18875.525869774
2,1,2.32e-09,5.81292836693,3723.508958923
2,1,2.85e-09,3.95599055369,20956.2620575166
2,1,2.7e-09,2.83438706731,19999.97290154599
2,1,2.34e-09,0.03317726903,223.5940361765
2,1,2.22e-09,4.29914928209,508.3503240922
2,1,2.25e-09,2.53611507701,14143.4952424306
2,1,2.34e-09,5.59143946418,27511.4678735372
2,1,2.33e-09,3.30440847719,1272.6810256272
2,1,2.45e-09,3.22919068877,6681.2248533996
2,1,2.65e-09,1.64615612331,3.1813937377
2,1,2.32e-09,6.01167605637,19889.76658032659
2,1,1.99e-09,5.04355453043,9638.9407478762
2,1,2.18e-09,5.53074283644,19903.99367432819
2,1,2.03e-09,2.88548150239,6872.6731195112
2,1,2.01e-09,4.46138168832,1375.7737998458
2,1,2.34e-09,1.73310379947,1551.045222648
2,1,1.88e-09,1.32418537499,10787.6303445458
2,1,1.79e-09,4.8453269462,30110.1656735384
2,1,2.11e-09,2.96248499763,8662.240323563
2,1,2.07e-09,1.05108863363,29864.334027309
2,1,1.81e-09,2.37018594067,88.865680217
2,1,2.08e-09,4.04763155841,10007.0999977738
2,1,2.08e-09,2.30466183537,10419.4710946482
2,1,1.99e-09,1.40110998613,430.5303441391
2,1,1.77e-09,0.78176584307,6770.7106012456
2,1,1.89e-09,0.25718944825,124.433415221
2,1,1.74e-09,5.22081710422,1368.660252845
2,1,1.84e-09,0.0902864027,9967.4538999816
2,1,1.67e-09,3.42353804022,1062.5633239269
2,1,1.8e-09,2.72835603995,2648.454825473
2,1,1.63e-09,3.38894514289,10225.014899047
2,1,1.63e-09,2.96334825089,10201.556193375
2,1,1.57e-09,2.10855674162,9793.8009023358
2,1,1.56e-09,4.49619634182,10316.3783204296
2,1,1.56e-09,1.85609705196,10110.1927719924
2,1,1.6e-09,5.6714468621,16983.9961474566
2,1,1.78e-09,6.26185130623,10459.1171924404
2,1,2.04e-09,5.28633538343,13936.794505134
2,1,1.63e-09,4.9088162678,8617.0991039264
2,1,1.57e-09,3.58488866748,13553.8979729108
2,1,1.52e-09,5.50666765279,160.6088973985
2,1,1.72e-09,0.02323350795,65.2203710117
2,1,1.54e-09,4.59717983879,519.3960243561
2,1,1.4e-09,5.3163425715,8631.326197928
2,1,1.45e-09,6.19538998481,7064.1213856228
2,1,1.39e-09,3.64890818066,1055.4497769261
2,1,1.38e-09,4.30414447043,1258.4539316256
2,1,1.32e-09,5.18037129096,654.1243803156
2,1,1.36e-09,1.73632400099,203.0041546995
2,1,1.28e-09,3.89903128812,10632.7701900862
2,1,1.76e-09,3.03968242278,5481.2549188676
2,1,1.21e-09,4.88476463619,1063.3140834523
2,1,1.18e-09,3.20236689438,551.031606097
2,1,1.2e-09,2.88381733148,539.9859058331
2,1,1.43e-09,3.32004421353,7994.5284420242
2,1,1.4e-09,4.29359662977,1056.2005364515
2,1,1.11e-09,4.11806246187,222.8603229936
2,1,1.11e-09,4.75059162228,2125.8774073792
2,1,1.33e-09,3.06193509061,22.0914005278
2,1,1.06e-09,3.32721912157,18307.8072320436
2,1,1.36e-09,1.56582531149,21.3406410024
2,1,1.44e-09,6.19128577365,299.1263942692
2,1,1.08e-09,1.67634660643,302.164775655
2,1,1.22e-09,0.6661881802,28521.0927782546
2,1,1.01e-09,1.41448120448,191.9584544356
2,1,1.39e-09,1.37682327925,1485.9801210652
2,1,9.8e-10,3.86407649478,20.7753954924
2,1,1.04e-09,4.60450548155,36147.4098773004
2,1,1.14e-09,4.33617309197,12592.4500197826
2,1,1.12e-09,5.96644557875,25934.1243310894
2,1,9.5e-10,3.83184038977,18.1592472647
2,1,9.4e-10,1.7480159064,87.3117715395
2,1,1.29e-09,0.19360167861,7564.830720738
2,1,9.3e-10,1.72016321457,574.3447983348
2,1,1.19e-09,3.20779882655,1574.8458012822
2,1,9.2e-10,3.49830258795,9360.089164459
2,1,1.22e-09,4.9562733274,84.3428261229
2,1,9.5e-10,2.09703168525,10433.6981886498
2,1,9.5e-10,4.25526170853,9992.8729037722
2,1,1.17e-09,3.09675047102,12432.0426503978
2,1,9.7e-10,4.30891602532,217.964961884
2,1,9.6e-10,3.5950151272,2111.6503133776
2,1,9.3e-10,6.00441441624,33.6796175129
2,1,8.7e-10,1.75505290273,231.4583427027
2,1,9.7e-10,0.07381843439,72.3339180125
2,1,9e-10,3.89285886336,628.8515860501
2,1,8.9e-10,3.43002043997,1699.2792165032
2,1,1.1e-09,5.01502416629,11802.3584414948
2,1,1.08e-09,3.56320379623,29580.4747084438
2,1,9.3e-10,4.32292624028,2957.7158944766
2,1,8e-10,5.99267916099,12.5301729722
2,1,9.4e-10,6.19217661869,20433.6846394228
2,1,8.6e-10,3.72646183478,208.633228992
2,1,9.7e-10,4.70823534788,22805.7355659936
2,1,7.6e-10,4.8873316164,9.5612275556
2,1,7.7e-10,4.73669756226,38.1330356378
2,1,7.6e-10,4.1894702217,288.0806940053
2,1,7.7e-10,2.93440992089,10177.2576795336
2,1,7.7e-10,3.41788347289,10249.3134128884
2,1,8.7e-10,2.72065485079,2379.1644735716
2,1,8e-10,4.52003698796,19896.8801273274
2,1,9.6e-10,4.64169775712,203.7378678824
2,1,7.6e-10,5.1245373061,362.8622925726
2,1,7.6e-10,2.48257518078,1471.7530270636
2,1,7.1e-10,5.8850465052,24150.080051345
2,1,7.5e-10,0.38132378506,525.0250986486
2,1,6.9e-10,2.64295754993,114.3991069134
2,1,6.8e-10,5.35287430069,153.4953503977
2,1,6.8e-10,5.70841220182,73.8183907208
2,1,7.1e-10,4.97845884396,29043.67019634839
2,1,7.1e-10,0.81628722181,534.3568315406
2,1,6.8e-10,2.38966490616,10383.9584168302
2,1,6.8e-10,3.96262848762,10042.6126755918
2,1,7.7e-10,5.37170501434,29573.361161443
2,1,7.3e-10,4.93041743859,29587.5882554446
2,1,6.4e-10,5.24500232218,75.7448064138
2,1,6.7e-10,0.87827389481,31441.6775697568
2,1,6.6e-10,4.6069910944,42.5864537627
2,1,6.1e-10,1.32159131349,207.8824694666
2,1,6.1e-10,5.37334569388,29057.89729034999
2,1,8.1e-10,3.1750611636,11764.330768859
2,1,5.9e-10,0.45173742414,218.7157214094
2,1,8.1e-10,5.09723714696,19360.07561523199
2,1,5.9e-10,5.95742231142,408.4389436113
2,1,6.7e-10,5.87155987351,40077.61957352
2,1,7.7e-10,5.42249781467,20213.271996984
2,1,7.7e-10,1.74322642947,7834.1210726394
2,1,6.7e-10,5.29778871808,152.5321425512
2,1,7.6e-10,4.82056450443,77.2292791221
2,1,6.3e-10,1.72943225747,79.2350166922
2,1,6e-10,4.64344417198,30831.3049047446
2,1,6.7e-10,3.14528019429,17778.11626694899
2,1,6.2e-10,0.02038792256,26735.9452622132
2,1,5.5e-10,1.48510731583,200.7689224658
2,1,6.2e-10,1.67372745688,9779.5738083342
2,1,5.5e-10,2.03729558857,340.7708920448
2,1,7.6e-10,0.68351123517,146.594251718
2,1,5.4e-10,3.33030021242,19317.1925403286
2,1,7.2e-10,1.86379528122,127.4717966068
2,1,5.5e-10,3.89290884441,831.8557407496
2,1,5.1e-10,1.99163070525,225.8292684102
2,1,5.8e-10,1.52964509339,2221.856634597
2,1,5.1e-10,2.54206679415,29088.811415985
2,1,5.7e-10,5.68632410752,4.4534181249
2,1,5.1e-10,6.18969950383,27490.6924780448
2,1,5.9e-10,4.32589692662,618.5566453116
2,1,6.4e-10,3.86347940489,1685.0521225016
2,1,5.3e-10,3.04286367857,70.3281804424
2,1,5e-10,0.18460290148,10103.0792249916
2,1,5e-10,6.1676904923,10323.4918674304
2,1,5e-10,4.63967914172,39793.7602546548
2,1,4.9e-10,1.07108765064,2008.557539159
2,1,4.8e-10,2.75851599881,350.3321196004
2,1,5.1e-10,0.22846885309,210.3783341312
2,1,5.1e-10,1.50810894489,216.2198567448
2,1,5.9e-10,4.81241059013,2218.7571041868
2,1,4.9e-10,4.34430964617,963.4027029714
2,1,4.7e-10,2.05343620014,20639.87018786
2,1,4.6e-10,2.74639399772,19786.67380610799
2,1,4.7e-10,4.18910494546,57837.1383323006
2,1,5.2e-10,5.9753200218,142.4496501338
2,1,4.5e-10,3.23715580244,37.611770776
2,1,4.9e-10,5.28696888326,26709.6469424134
2,1,4.4e-10,2.82427089648,29999.959352319
2,1,4.4e-10,2.92943406327,62.2514255951
2,1,5e-10,2.96247842378,1038.0412891868
2,1,4.4e-10,3.8398851483,33019.0211122046
2,1,4.4e-10,5.38579680438,16522.6597160022
2,1,4.4e-10,4.06912509984,524.2743391232
2,1,4.4e-10,1.10360628,38.6543004996
2,1,4.3e-10,3.56791317771,29786.660256881
2,1,4.4e-10,3.4131531898,535.107591066
2,1,5.1e-10,0.9343146765,44007.8292697396
2,1,5.9e-10,4.20691421118,1795.258443721
2,1,4.2e-10,3.2699949263,195.1398481733
2,1,4.3e-10,2.09042966596,74.8934731519
2,1,4.3e-10,2.58927275174,74.6697239827
2,1,5e-10,0.24741236723,131.4039498699
2,1,4.9e-10,4.20329151784,207.6700211455
2,1,5.1e-10,6.00716095198,13341.6743113068
2,1,4.8e-10,0.71033320787,109.9456887885
2,1,5.1e-10,5.84065348173,13655.8604911764
2,1,3.9e-10,0.11315588432,1382.8873468466
2,1,3.9e-10,4.20765456607,20447.3464879144
2,1,3.8e-10,2.82768070464,703.6331846174
2,1,4e-10,1.29300189092,10.2949407385
2,1,4.6e-10,3.79813773531,218.9281697305
2,1,4.9e-10,1.86400601956,25158.6017197654
2,1,3.7e-10,2.83593964107,511.5317178299
2,1,4.2e-10,3.20675553761,38204.687359371
2,1,4.1e-10,2.0785966622,3914.9572250346
2,1,3.5e-10,5.19408052685,36949.2308084242
2,1,3.6e-10,4.38221463656,10077.660221201
2,1,3.6e-10,1.97007875722,10348.910871221
2,1,3.5e-10,4.28290669029,565.1156877467
2,1,4.1e-10,0.04248316951,27991.40181316
2,1,3.9e-10,1.66722657698,18830.38465013739
2,1,3.9e-10,1.44095509312,30666.1549584328
2,1,3.5e-10,4.65527976927,547.8502123593
2,1,3.9e-10,1.17630403927,18844.61174413899
2,1,3.9e-10,2.38629347866,490.3340891794
2,1,4.2e-10,3.87683640837,56.6223513026
2,1,3.3e-10,3.96639362427,750.1036075334
2,1,3.7e-10,4.69414299267,635.9651330509
2,1,3.7e-10,4.90257598448,19374.3027092336
2,1,3.8e-10,4.43072611572,483.2205421786
2,1,3.5e-10,3.11075553675,526.7702037878
2,1,3.2e-10,1.54363874459,17468.8551979454
2,1,3.7e-10,5.13021678677,49515.382508407
2,1,4e-10,2.31585340283,47938.0389659592
2,1,3.5e-10,4.37175047624,532.6117264014
2,1,3.2e-10,3.92861114802,16894.5103996106
2,1,4.2e-10,5.08244679686,55798.4583583984
2,1,3.1e-10,1.66877830319,21000.9158907568
2,1,3.1e-10,1.94569247568,20043.6745601988
2,1,3.3e-10,6.15577840084,48417.97290558199
2,1,3.7e-10,0.1374321041,265.9892934775
2,1,3.1e-10,5.89336305342,447.9388318784
2,1,3.4e-10,0.55952854816,54247.4131357504
2,1,3.2e-10,0.55000852758,10191.4347168846
2,1,3.2e-10,5.8022848662,10235.1363755374
2,1,3.1e-10,4.45837229281,8087.4081388318
2,1,3e-10,5.1524535306,209.106309744
2,1,3e-10,2.87235713038,217.491881132
2,1,3e-10,0.02207663615,92.940845832
2,1,3e-10,0.3958232908,10853.182832525
2,1,3.9e-10,5.08202984393,1.4844727083
2,1,3.3e-10,2.51511900155,7255.5696517344
2,1,3.8e-10,0.97224853307,52.6901980395
2,1,2.9e-10,3.64083349524,10290.959316639
2,1,2.9e-10,2.71145989854,10135.611775783
2,1,2.8e-10,1.77462370325,80.1982245387
2,1,2.8e-10,4.16989490843,104351.61256629678
2,1,2.8e-10,0.27992982935,40879.4405046438
2,1,3.2e-10,2.5950295912,20206.15844998319
2,1,3.2e-10,0.89449566883,66813.5648357332
2,1,3.4e-10,5.07299879866,269.9214467406
2,1,2.8e-10,2.45238897056,107.0249274817
2,1,2.8e-10,1.18666538399,106.2741679563
2,1,3.1e-10,3.61860838672,424.1505103212
2,1,2.7e-10,2.79364979031,1279.794572628
2,1,3.2e-10,3.80176203654,9835.9119382952
2,1,3.2e-10,2.55053135724,10590.6591541268
2,1,2.7e-10,4.68213586027,6298.3283211764
2,1,3.5e-10,3.77990327166,9985.809413422
2,1,3.5e-10,2.57239012212,10440.761679
2,1,2.7e-10,3.23525952036,1802.3719907218
2,1,2.6e-10,3.20523902336,34363.365597556
2,1,3.2e-10,5.77908535567,11265.5539293994
2,1,2.7e-10,4.24057714278,1898.3512179396
2,1,2.9e-10,1.74099609995,30206.14490075619
2,1,3.2e-10,3.71438295524,51868.2486621788
2,1,2.5e-10,2.53077774895,3532.0606928114
2,1,3.3e-10,0.22007720629,59728.668054618
2,1,2.9e-10,2.13149426586,20220.3855439848
2,1,2.4e-10,1.14570150294,8734.4189721466
2,1,2.8e-10,5.75151342282,62883.3551395136
2,1,2.4e-10,2.78432068759,36173.7081971002
2,1,2.4e-10,2.85202212155,31022.7531708562
2,1,2.4e-10,1.83048948732,24383.0791084414
2,1,2.7e-10,1.25677560111,30220.3719947578
2,1,2.3e-10,1.14068817117,10367.0643566958
2,1,2.3e-10,5.21160522261,10059.5067357262
2,1,2.6e-10,1.22668255838,39271.182836561
2,1,2.3e-10,6.2808209037,650.9429865779
2,1,2.6e-10,1.70916432914,39256.95574255939
2,1,2.3e-10,4.99790910102,137.0330241624
2,1,2.3e-10,3.28519702781,35.685355083
2,1,2.3e-10,1.65963740543,44809.6502008634
2,1,2.4e-10,1.93436586234,14128.2427712456
2,1,2.3e-10,3.28897425519,28.5718080822
2,1,2.2e-10,5.433328627,337.732510659
2,1,2.6e-10,5.25543048954,8101.6352328334
2,1,2.2e-10,1.35770769295,24978.5245894808
2,1,2.3e-10,5.16035150168,2.4476805548
2,1,2.3e-10,4.82793901796,643.0786800517
2,1,3e-10,5.92769775641,17248.4253018544
2,1,2.2e-10,2.6335074166,43071.8992890308
2,1,2.4e-10,2.87771905446,34596.3646546524
2,1,2.4e-10,5.25759177705,1361.5467058442
2,1,2.2e-10,0.1833935805,30426.557543195
2,1,2.2e-10,1.70327289493,934.9485149682
2,1,2.3e-10,2.98215154259,284.1485407422
2,1,2.4e-10,5.00394819251,47623.8527860896
2,1,2.3e-10,2.48673782346,27461.7108480654
2,1,2.4e-10,2.31573395875,70743.77453195279
2,1,2.4e-10,4.50083076815,191.2076949102
2,1,2.1e-10,1.05341004601,40.5807161926
2,1,2.2e-10,2.50653771933,9566.2747128962
2,1,2.3e-10,4.03659045702,6309.3741697912
2,1,2.1e-10,0.48695657465,10949.1620597428
2,1,2.1e-10,5.86533681913,9477.4090326792
2,1,2.4e-10,5.27936669763,10288.0671447783
2,1,2.4e-10,1.07292669615,10138.5039476437
2,1,2.7e-10,2.11906192246,9580.5018068978
2,1,2e-10,0.64178978255,11279.781023401
2,1,2.1e-10,1.35819574535,525.4981794006
2,1,2.4e-10,3.3780906115,540.7366653585
2,1,2.5e-10,5.09676204562,96.8729990951
2,1,2e-10,3.97670500643,251.4321310758
2,1,2.7e-10,4.6354848521,1905.4647649404
2,1,2.4e-10,3.34248986355,219.4494345923
2,1,2.3e-10,1.10446661612,10263.0425716828
2,1,2.3e-10,5.24782677766,10163.5285207392
2,1,2.2e-10,0.8149246759,46386.9937433112
2,1,2e-10,1.20516011145,18300.69368504279
2,1,2.6e-10,1.64244752119,63658.8777508376
2,1,1.9e-10,0.23803378346,20316.36477120259
2,1,2e-10,5.63439724563,62081.5342083898
2,1,1.9e-10,1.29742572058,99.1606209555
2,1,2e-10,1.96622391594,81.8951455681
2,1,2e-10,1.13738100407,49477.35483577119
2,1,2.2e-10,2.04754590576,114.1384744825
2,1,1.8e-10,3.04721004004,48739.859897083
2,1,2.1e-10,5.89651875201,344.7030453079
2,1,1.8e-10,0.4131292737,479.2883889155
2,1,1.8e-10,0.69437828159,9050.8108418032
2,1,1.7e-10,3.19845935674,28313.288804661
2,1,1.8e-10,1.05659266627,47.6942631934
2,1,1.7e-10,2.89862116564,10497.1448650762
2,1,1.7e-10,3.45367222814,9929.4262273458
2,1,1.9e-10,1.03948249798,113.3877149571
2,1,1.7e-10,1.80554865966,24341.5283174566
2,1,1.8e-10,5.36139144851,66.70484372
2,1,1.7e-10,2.91822171111,235.3904959658
2,1,1.7e-10,3.41082764288,38734.3783244656
2,1,1.7e-10,5.48500145482,19624.7501612982
2,1,1.8e-10,5.53310135976,436.8931316145
2,1,1.7e-10,1.42397530088,18314.9207790444
2,1,1.6e-10,4.1320556387,1603.2999892854
2,1,1.7e-10,5.48950262612,909.8187330546
2,1,1.8e-10,4.74133155662,42430.4857272918
2,1,1.8e-10,5.3968156082,358.9301393095
2,1,1.6e-10,3.86440292184,9745.3205558566
2,1,1.6e-10,2.48789047194,10681.2505365654
2,1,1.7e-10,6.15299165414,533.8837507886
2,1,1.6e-10,3.68087340604,1788.1448967202
2,1,1.9e-10,4.72886285917,207.1487562837
2,1,1.8e-10,2.57871349196,67.6680515665
2,1,1.7e-10,3.83900403821,497.4476361802
2,1,1.5e-10,3.83207526863,10199.0584522094
2,1,1.5e-10,2.52021812515,10227.5126402126
2,1,1.7e-10,5.84159114613,417.0369633204
2,1,1.9e-10,5.68038426151,55022.9357470744
2,1,1.5e-10,5.6470099339,27197.2816936676
2,1,1.4e-10,5.96767163228,41654.9631159678
2,1,1.5e-10,1.13326219925,53285.1848352418
2,1,1.4e-10,4.20789843971,175.1660598002
2,1,1.5e-10,0.77488131034,66011.7439046094
2,1,1.5e-10,3.58225207772,220.4608265486
2,1,1.5e-10,1.2664847271,38727.2647774648
2,1,1.4e-10,0.57687637914,416.3032501375
2,1,1.5e-10,6.23108278461,46360.6954235114
2,1,1.6e-10,5.66380096786,42456.7840470916
2,1,1.5e-10,5.66819746086,146.3818033969
2,1,1.9e-10,3.03299422296,67589.08744705719
2,1,1.4e-10,5.08678738606,39999.945803092
2,1,1.9e-10,1.98725402688,554.0699874828
2,1,1.4e-10,6.23973256044,11026.8358301708
2,1,1.4e-10,0.11256083334,9399.7352622512
2,1,1.5e-10,4.29556829645,38526.574350872
2,1,1.4e-10,2.61946078132,99.9113804809
2,1,1.4e-10,3.4383659576,518.6452648307
2,1,1.6e-10,2.23316987672,50317.2034395308
2,1,1.4e-10,6.10752868717,37895.4262903674
2,1,1.4e-10,3.65383778432,1049.0869894507
2,1,1.4e-10,6.16126093965,37410.5672398786
2,1,1.4e-10,3.58473930386,351.8165923087
2,1,1.4e-10,1.37134390822,50290.905119731
2,1,1.4e-10,3.09174780856,429.0458714308
2,1,1.5e-10,4.65282324499,21485.95302261119
2,1,1.3e-10,4.57052023792,52670.0695933026
2,1,1.3e-10,4.57568246165,32243.4985008806
2,1,1.6e-10,1.89603210492,404.5067903482
2,2,2.062969e-05,3.14159265359,0.0
2,2,7.0205e-06,3.52724964753,20426.571092422
2,2,2.65708e-06,4.68092693055,10213.285546211
2,2,1.60849e-06,2.83104666823,206.1855484372
2,2,1.55973e-06,5.19309730583,220.4126424388
2,2,1.18316e-06,5.70681506981,522.5774180938
2,2,1.15781e-06,1.78259431361,536.8045120954
2,2,1.03374e-06,4.03691274682,213.299095438
2,2,6.5392e-07,4.05826871786,426.598190876
2,2,7.3065e-07,0.61752643976,529.6909650946
2,2,3.9437e-07,0.41578903342,1059.3819301892
2,2,1.4254e-07,4.25680464915,433.7117378768
2,2,1.1646e-07,3.93744761819,30639.856638633
2,2,1.4479e-07,0.14336346755,7.1135470008
2,2,1.2723e-07,1.91903810105,419.4846438752
2,2,9.344e-08,3.14385567645,639.897286314
2,2,8.639e-08,1.1313582362,10186.9872264112
2,2,8.604e-08,5.22297159997,10239.5838660108
2,2,7.72e-08,5.06798604557,227.5261894396
2,2,6.795e-08,2.30303656447,1066.49547719
2,2,5.452e-08,5.20193437243,1052.2683831884
2,2,5.04e-08,5.84239832938,515.463871093
2,2,3.852e-08,0.87182418595,1589.0728952838
2,2,3.729e-08,2.96611895542,199.0720014364
2,2,3.521e-08,1.65043749771,543.9180590962
2,2,3.811e-08,5.48798160948,9437.762934887
2,2,2.807e-08,1.65676292385,8635.9420037632
2,2,3.369e-08,0.86189885486,10988.808157535
2,2,2.198e-08,2.17683619702,10021.8372800994
2,2,2.289e-08,4.69814874247,11790.6290886588
2,2,2.148e-08,4.17521761989,10404.7338123226
2,2,1.696e-08,5.08313144954,775.522611324
2,2,1.351e-08,0.59351678849,316.3918696566
2,2,1.409e-08,4.65471130275,216.4804891757
2,2,1.321e-08,3.39383854482,647.0108333148
2,2,1.368e-08,3.38543777835,210.1177017003
2,2,1.717e-08,0.02861328541,14.2270940016
2,2,9.74e-09,2.45036377276,853.196381752
2,2,9.5e-09,2.81842708673,632.7837393132
2,2,8.48e-09,6.23917434526,526.5095713569
2,2,8.06e-09,2.96434145307,103.0927742186
2,2,8.25e-09,1.24361863355,532.8723588323
2,2,7.61e-09,4.73161044526,209.3669421749
2,2,7.33e-09,3.30972792259,217.2312487011
2,2,8.85e-09,0.58376168802,110.2063212194
2,2,6.89e-09,4.2195539578,440.8252848776
2,2,7.16e-09,6.06671484212,9830.3890139878
2,2,6.44e-09,0.22734493457,4705.7323075436
2,2,6.82e-09,0.28558057356,10596.1820784342
2,2,6.31e-09,5.6730897127,117.3198682202
2,2,6e-09,3.56706010534,323.5054166574
2,2,5.94e-09,1.23861380027,19651.048481098
2,2,5.49e-09,3.2449557523,949.1756089698
2,2,6.06e-09,3.86357846284,95.9792272178
2,2,5.54e-09,4.44452698973,191.4482661116
2,2,7.26e-09,5.43722942949,74.7815985673
2,2,5.28e-09,3.41861650599,9683.5945811164
2,2,5.27e-09,2.94644114647,10742.9765113056
2,2,5.45e-09,4.73162468373,1045.1548361876
2,2,5.99e-09,4.43359462367,735.8765135318
2,2,4.9e-09,1.25898273127,525.7588118315
2,2,4.88e-09,6.22654201321,533.6231183577
2,2,4.37e-09,2.81553406247,1596.1864422846
2,2,5.66e-09,0.35292137179,801.8209311238
2,2,5.19e-09,4.53503189245,149.5631971346
2,2,5.25e-09,5.72227596543,7058.5984613154
2,2,3.28e-09,6.11646091965,15720.8387848784
2,2,3.17e-09,1.2884621746,2118.7638603784
2,2,3.58e-09,2.02954020915,11015.1064773348
2,2,2.86e-09,1.68423535567,9103.9069941176
2,2,3.62e-09,4.34706999662,9411.4646150872
2,2,2.99e-09,3.84462203798,26.2983197998
2,2,3.49e-09,4.12933332026,63.7358983034
2,2,3.59e-09,0.61996179973,13367.9726311066
2,2,3.37e-09,1.63942541135,412.3710968744
2,2,2.5e-09,4.66823756637,11322.6640983044
2,2,2.7e-09,5.28007746957,1581.959348283
2,2,2.6e-09,4.50952770985,625.6701923124
2,2,2.37e-09,0.07292901465,70.8494453042
2,2,2.27e-09,4.92862031663,234.6397364404
2,2,2.39e-09,5.77307549832,3154.6870848956
2,2,2.19e-09,5.43349299793,11.0457002639
2,2,2.56e-09,5.25900695618,956.2891559706
2,2,3.01e-09,4.25962414255,3128.3887650958
2,2,2.18e-09,4.61617873387,78.7137518304
2,2,2.83e-09,0.60090092021,85.8272988312
2,2,2.11e-09,3.29348428114,942.062061969
2,2,2.26e-09,3.69462756239,73.297125859
2,2,1.9e-09,0.21249868991,10426.584641649
2,2,1.9e-09,6.13979470387,9999.986450773
2,2,2.35e-09,0.31453942563,36.6485629295
2,2,2.13e-09,2.54349021425,309.2783226558
2,2,1.92e-09,4.6231572324,20618.0193585336
2,2,2.24e-09,4.02383631251,39.6175083461
2,2,2.31e-09,2.66318410477,202.2533951741
2,2,1.87e-09,1.2911565383,1169.5882514086
2,2,1.67e-09,2.07259165182,1073.6090241908
2,2,1.96e-09,5.64541899687,224.3447957019
2,2,1.58e-09,5.13689612572,1155.361157407
2,2,1.79e-09,0.42909787895,21228.3920235458
2,2,1.37e-09,0.50600690701,742.9900605326
2,2,1.35e-09,5.63458486706,138.5174968707
2,2,1.48e-09,1.53909219281,76.2660712756
2,2,1.33e-09,6.00639174435,508.3503240922
2,2,1.56e-09,4.63001323046,40853.142184844
2,2,1.62e-09,0.68333343155,382.8965322232
2,2,1.26e-09,3.76226961231,330.6189636582
2,2,1.26e-09,2.61435997717,860.3099287528
2,2,1.25e-09,1.07117378709,18849.2275499742
2,2,1.42e-09,5.97606134065,1577.3435424478
2,2,1.58e-09,2.17797348306,38.1330356378
2,2,1.1e-09,2.14128325211,8624.2126509272
2,2,1.41e-09,2.93513683988,7860.4193924392
2,2,1.09e-09,4.55956211819,2352.8661537718
2,2,1.15e-09,4.52412782775,223.5940361765
2,2,1.1e-09,4.93056089704,71.6002048296
2,2,1.15e-09,3.7675461565,429.7795846137
2,2,1.06e-09,6.02834271847,77.962992305
2,2,1.34e-09,2.07232763439,17298.1823273262
2,2,1.23e-09,4.57966985938,728.762966531
2,2,1.15e-09,4.27710770643,20452.8694122218
2,2,1.05e-09,6.21526366678,1162.4747044078
2,2,1.02e-09,3.63292130858,422.6660376129
2,2,8.4e-10,4.77208861984,124.433415221
2,2,7.4e-10,4.08123538694,88.865680217
2,2,7.6e-10,2.6343235702,423.4167971383
2,2,7.3e-10,5.78330657332,1265.5674786264
2,2,7.6e-10,0.89056324144,7084.8967811152
2,2,7.1e-10,1.48891806144,551.031606097
2,2,8.1e-10,0.1337158219,519.3960243561
2,2,7.1e-10,5.87255690826,23581.2581773176
2,2,6.8e-10,3.39472444791,654.1243803156
2,2,6.4e-10,4.23014249947,19367.1891622328
2,2,6.3e-10,0.19465269649,1109.3785520934
2,2,7.4e-10,1.59098773305,16496.3613962024
2,2,7.2e-10,6.15951862716,21.3406410024
2,2,6e-10,3.13717737901,191.9584544356
2,2,6.1e-10,2.45374361751,9153.9036160218
2,2,6.3e-10,2.58253929093,18073.7049386502
2,2,6.5e-10,3.55971117777,203.0041546995
2,2,6.4e-10,1.05451249819,539.9859058331
2,2,6.1e-10,5.33630384952,838.9692877504
2,2,6.1e-10,0.00617004446,3.1813937377
2,2,4.7e-10,3.46367064388,302.164775655
2,2,4.5e-10,2.73683504159,846.0828347512
2,2,5.4e-10,0.79386600924,20809.4676246452
2,2,4.5e-10,2.31642282675,145.6310438715
2,2,4.3e-10,2.21625350053,29050.7837433492
2,2,5.5e-10,1.81114570337,4732.0306273434
2,2,4.3e-10,1.72253634885,8094.5216858326
2,2,4.7e-10,1.7473863533,1062.5633239269
2,2,4.9e-10,4.77430806005,3930.2096962196
2,2,4.4e-10,2.81774994428,10787.6303445458
2,2,4.4e-10,3.5345434495,9638.9407478762
2,2,4.6e-10,3.14760491945,3.9321532631
2,2,4.6e-10,0.97289096935,22003.9146348698
2,2,3.8e-10,5.98916947033,1258.4539316256
2,2,4e-10,0.56664961294,6283.0758499914
2,2,3.5e-10,6.26763450664,1692.1656695024
2,2,3.3e-10,4.03936498647,277.0349937414
2,2,3e-10,3.29256356524,2125.8774073792
2,2,3.3e-10,5.75412898458,14919.0178537546
2,2,3.5e-10,5.96755475967,1056.2005364515
2,2,3.9e-10,4.91039224856,1574.8458012822
2,2,3.7e-10,3.04751770033,8662.240323563
2,2,2.8e-10,2.28310684992,20235.1228263104
2,2,3.6e-10,4.84158532799,437.6438911399
2,2,3.8e-10,3.51477120338,12566.1516999828
2,2,2.8e-10,1.90040914464,1055.4497769261
2,2,3.3e-10,5.70769321932,6489.776587288
2,2,3.1e-10,1.8250253891,1272.6810256272
2,2,2.7e-10,5.52864193077,10639.883737087
2,2,2.7e-10,0.82365146301,9786.687355335
2,2,2.9e-10,3.29953382621,28286.9904848612
2,2,3e-10,1.80392203545,24356.7807886416
2,2,2.7e-10,4.68673408301,1038.0412891868
2,2,2.6e-10,5.34455326161,3149.1641605882
2,2,2.7e-10,0.29620716954,14143.4952424306
2,2,2.9e-10,0.0837558359,1485.9801210652
2,2,2.7e-10,6.07872663556,618.5566453116
2,2,2.6e-10,5.523800002,415.5524906121
2,2,3e-10,2.30925665899,20400.2727726222
2,2,2.6e-10,2.0377895904,18875.525869774
2,2,2.4e-10,3.73809869847,11272.6674764002
2,2,2.6e-10,3.49078871449,430.5303441391
2,2,2.4e-10,1.0526616276,27511.4678735372
2,2,2.4e-10,0.28968474189,21535.9496445154
2,2,2.4e-10,1.9982061405,18.1592472647
2,2,2.3e-10,6.16563076611,231.4583427027
2,2,2.3e-10,5.58098323545,831.8557407496
2,2,2.2e-10,1.57206710017,18307.8072320436
2,2,2.5e-10,1.6739624839,2648.454825473
2,2,2.1e-10,4.15712645283,447.9388318784
2,2,2.4e-10,0.66675947895,1368.660252845
2,2,2e-10,5.70175704295,10.2949407385
2,2,2.5e-10,4.18795706116,5507.5532386674
2,2,2.2e-10,3.76535003503,151.0476698429
2,2,2e-10,1.82615991897,1699.2792165032
2,2,1.9e-10,0.17448576187,1063.3140834523
2,2,2e-10,0.96756200367,35.1640902212
2,2,2.3e-10,0.64543351157,13936.794505134
2,2,2.1e-10,4.76218572464,72.3339180125
2,2,1.8e-10,1.79009115313,28521.0927782546
2,2,1.8e-10,4.04819585578,1471.7530270636
2,2,1.6e-10,3.64206691792,1478.8665740644
2,2,1.6e-10,0.58395212576,22.0914005278
2,2,1.7e-10,0.49891545478,77.7505439839
2,2,1.6e-10,3.38818988576,41.1019810544
2,2,1.4e-10,3.27141245862,1375.7737998458
2,2,1.5e-10,3.4606724683,160.6088973985
2,2,1.4e-10,1.62650115265,21202.093703746
2,2,1.4e-10,1.00989513563,17277.4069318338
2,2,1.7e-10,0.0199994273,77.2292791221
2,2,1.4e-10,3.69383400063,11764.330768859
2,2,1.4e-10,4.11314424872,71.8126531507
2,2,1.5e-10,1.62123638185,65.2203710117
2,2,1.6e-10,1.34949765828,32217.2001810808
2,2,1.3e-10,2.10315959516,131.4039498699
2,2,1.3e-10,0.36409212654,34570.0663348526
2,2,1.2e-10,3.60070147194,337.732510659
2,2,1.2e-10,5.16899217088,195.1398481733
2,2,1.3e-10,1.57968548593,408.4389436113
2,2,1.3e-10,5.39780269855,22779.4372461938
2,2,1.1e-10,3.20491922374,25934.1243310894
2,2,1.2e-10,2.3266161346,31441.6775697568
2,2,1.5e-10,2.03363077483,29580.4747084438
2,2,1.4e-10,5.41918866932,2111.6503133776
2,2,1.1e-10,4.73842604358,511.5317178299
2,2,1.2e-10,2.63845374146,963.4027029714
2,2,1e-10,2.74385211018,547.8502123593
2,2,1.2e-10,1.93485474982,25158.6017197654
2,2,1e-10,4.24006763767,127.4717966068
2,2,1e-10,3.10795031986,362.8622925726
2,2,1.2e-10,5.5029107736,1685.0521225016
2,2,1e-10,3.38695373136,934.9485149682
2,2,1e-10,3.93946468852,14945.3161735544
2,2,1.3e-10,3.34698985021,84.3428261229
2,2,9e-11,4.89802068656,1382.8873468466
2,2,1.2e-10,1.08976567704,148.0787244263
2,2,9e-11,0.86970882362,153.4953503977
2,2,1e-10,5.98112560726,56.6223513026
2,2,9e-11,1.78868782927,38500.2760310722
2,2,1.1e-10,1.80725352207,222.8603229936
2,2,8e-11,4.44940554836,92.940845832
2,2,1.1e-10,2.71165214295,635.9651330509
2,2,1.1e-10,6.25031686,203.7378678824
2,2,8e-11,1.97062836873,750.1036075334
2,2,1e-10,3.73718799858,436.8931316145
2,2,8e-11,0.62172049419,269.9214467406
2,2,1e-10,2.95730289498,643.0786800517
2,2,9e-11,3.39001858921,29088.811415985
2,2,8e-11,4.28675667624,131.5469622218
2,2,7e-11,2.53028727253,1603.2999892854
2,2,7e-11,3.45037167055,22805.7355659936
2,2,7e-11,0.37787568636,43232.3066584156
2,2,7e-11,1.23251889653,9573.388259897
2,2,7e-11,4.44320821952,29999.959352319
2,2,7e-11,5.10450860305,6681.2248533996
2,2,7e-11,1.83420571334,30110.1656735384
2,2,9e-11,0.64587598578,1279.794572628
2,2,7e-11,6.160538097,483.2205421786
2,2,9e-11,5.81958505267,87.3117715395
2,2,7e-11,2.57134529838,867.4234757536
2,2,8e-11,0.6969674739,1361.5467058442
2,3,2.2088e-07,4.54598360855,206.1855484372
2,3,2.1546e-07,3.46116671016,220.4126424388
2,3,2.2966e-07,0.38709241285,10213.285546211
2,3,2.486e-07,1.68572825734,20426.571092422
2,3,1.63e-07,1.14934178921,522.5774180938
2,3,1.5923e-07,0.06221071687,536.8045120954
2,3,3.093e-08,2.22514436528,426.598190876
2,3,2.568e-08,2.47493921494,433.7117378768
2,3,2.105e-08,3.35595521974,227.5261894396
2,3,1.7e-08,5.13510489936,1059.3819301892
2,3,1.378e-08,1.27086042787,515.463871093
2,3,1.266e-08,3.80209162712,419.4846438752
2,3,1.363e-08,4.63636570705,7.1135470008
2,3,1.013e-08,4.67704889552,199.0720014364
2,3,1.037e-08,0.69915801725,1066.49547719
2,3,9.64e-09,6.2204514585,543.9180590962
2,3,1.104e-08,3.14159265359,0.0
2,3,8.49e-09,1.26670686968,639.897286314
2,3,6.78e-09,0.7955478313,1052.2683831884
2,3,6.23e-09,1.67630174215,30639.856638633
2,3,3.92e-09,4.59101411052,14.2270940016
2,3,2.91e-09,1.57357745396,647.0108333148
2,3,2.48e-09,5.85725743749,1589.0728952838
2,3,2.14e-09,2.46865385667,440.8252848776
2,3,2.31e-09,2.85226310193,216.4804891757
2,3,2.2e-09,5.18394074276,210.1177017003
2,3,1.29e-09,0.22762324749,1045.1548361876
2,3,1.23e-09,0.51351773704,853.196381752
2,3,1.37e-09,2.1543586326,529.6909650946
2,3,9.2e-10,3.22442461302,234.6397364404
2,3,8.7e-10,4.52965482365,103.0927742186
2,3,9.2e-10,3.90819414656,117.3198682202
2,3,8.5e-10,5.57189606315,95.9792272178
2,3,9.4e-10,2.25901632919,213.299095438
2,3,7.5e-10,1.30082808866,1596.1864422846
2,3,7.8e-10,4.96547279129,110.2063212194
2,3,7.1e-10,4.48281367743,632.7837393132
2,3,7.6e-10,3.40988387446,412.3710968744
2,3,6.4e-10,2.39566214965,316.3918696566
2,3,5.6e-10,1.44254805098,508.3503240922
2,3,5.5e-10,1.71252125469,323.5054166574
2,3,4.8e-10,0.40111970766,1073.6090241908
2,3,5.6e-10,6.19540120033,735.8765135318
2,3,4.2e-10,6.13276553266,625.6701923124
2,3,3.9e-10,5.02961841371,942.062061969
2,3,3.6e-10,3.01279484364,209.3669421749
2,3,3.1e-10,0.883562469,1581.959348283
2,3,3.1e-10,6.0331046314,551.031606097
2,3,3.2e-10,4.98300318004,217.2312487011
2,3,3.3e-10,0.75212348383,860.3099287528
2,3,3e-10,4.51763020093,70.8494453042
2,3,2.7e-10,2.35184788494,149.5631971346
2,3,2.8e-10,1.91930691377,330.6189636582
2,3,2.7e-10,0.05305218851,2118.7638603784
2,3,2.8e-10,0.17790568355,78.7137518304
2,3,2.7e-10,4.37487614145,21.3406410024
2,3,2.9e-10,5.17540731322,949.1756089698
2,3,2.5e-10,3.02081007506,124.433415221
2,3,3.3e-10,2.73570572399,223.5940361765
2,3,2.5e-10,5.88306502494,1169.5882514086
2,3,2.4e-10,6.25389986741,63.7358983034
2,3,2.4e-10,4.81432332838,191.9584544356
2,3,2.8e-10,0.01012773075,728.762966531
2,3,2.4e-10,1.59054971444,654.1243803156
2,3,3e-10,4.35202882411,309.2783226558
2,3,2.2e-10,0.58430377684,1155.361157407
2,3,2e-10,5.79574932921,88.865680217
2,3,2.3e-10,3.64404039148,956.2891559706
2,3,1.9e-10,4.74503190924,85.8272988312
2,3,1.9e-10,5.66498805054,73.297125859
2,3,2.5e-10,1.94036276937,429.7795846137
2,3,2.4e-10,1.95947716237,519.3960243561
2,3,2e-10,0.29570924626,71.6002048296
2,3,1.8e-10,4.38365354248,77.962992305
2,3,1.6e-10,4.70914310164,202.2533951741
2,3,2e-10,5.48263393467,539.9859058331
2,3,1.6e-10,3.45867068386,224.3447957019
2,3,1.5e-10,5.26771574252,302.164775655
2,3,1.4e-10,5.35318240788,76.2660712756
2,3,1.7e-10,5.40518600219,203.0041546995
2,3,1.1e-10,3.8720682463,11.0457002639
2,3,1e-10,2.40929335654,36.6485629295
2,3,1.2e-10,1.79980409055,422.6660376129
2,3,9e-11,1.93147151515,39.6175083461
2,3,9e-11,0.16500567398,1038.0412891868
2,3,9e-11,2.15288290431,40853.142184844
2,3,9e-11,0.79081879948,838.9692877504
2,3,9e-11,2.4086838046,447.9388318784
2,3,8e-11,1.59402806626,618.5566453116
2,3,9e-11,2.51756026677,74.7815985673
2,3,8e-11,5.09979031312,423.4167971383
2,3,9e-11,0.33848481291,1574.8458012822
2,3,7e-11,1.37888755215,1258.4539316256
2,3,6e-11,1.09195739886,831.8557407496
2,3,6e-11,1.00867247429,138.5174968707
2,3,6e-11,4.91543048225,742.9900605326
2,3,6e-11,1.82818120946,2125.8774073792
2,3,5e-11,0.60506372351,145.6310438715
2,3,7e-11,5.32328426995,38.1330356378
2,3,5e-11,0.66965342943,195.1398481733
2,3,4e-11,0.41274254704,18.1592472647
2,3,4e-11,1.83690246048,337.732510659
2,3,4e-11,1.32611242407,1265.5674786264
2,3,4e-11,2.71001820282,437.6438911399
2,3,3e-11,5.02306065714,1485.9801210652
2,3,4e-11,4.61647130206,3.9321532631
2,4,2.278e-08,6.2738890301,206.1855484372
2,4,2.245e-08,1.70782913671,220.4126424388
2,4,1.682e-08,2.8998895537,522.5774180938
2,4,1.636e-08,4.60365551069,536.8045120954
2,4,8.01e-09,2.03074942043,10213.285546211
2,4,7.55e-09,0.0,0.0
2,4,4.31e-09,1.63508563664,227.5261894396
2,4,3.49e-09,0.69586528581,433.7117378768
2,4,2.91e-09,3.00165310731,515.463871093
2,4,2.86e-09,5.64884337944,20426.571092422
2,4,2.06e-09,4.48461122025,543.9180590962
2,4,2.04e-09,0.11049991144,199.0720014364
2,4,1.23e-09,5.38340390628,1066.49547719
2,4,9.9e-10,5.70623543947,419.4846438752
2,4,1.17e-09,0.28020890432,426.598190876
2,4,9.6e-10,2.80306869168,7.1135470008
2,4,6.1e-10,2.82818345895,14.2270940016
2,4,5.2e-10,3.37268534533,1059.3819301892
2,4,6.6e-10,2.63263056615,1052.2683831884
2,4,5e-10,0.71576934216,440.8252848776
2,4,5.9e-10,5.6953289291,639.897286314
2,4,4.9e-10,6.02940323662,647.0108333148
2,4,3e-10,5.6998061291,30639.856638633
2,4,2.8e-10,0.2606415733,213.299095438
2,4,2.4e-10,1.48209397973,234.6397364404
2,4,2.3e-10,2.06131193005,1045.1548361876
2,4,1.4e-10,3.25423631036,508.3503240922
2,4,1.3e-10,4.48491117264,1589.0728952838
2,4,1.1e-10,5.24080280774,412.3710968744
2,4,1.2e-10,4.87116288717,853.196381752
2,4,1e-10,5.03146150255,1073.6090241908
2,4,1e-10,1.05727005468,95.9792272178
2,4,1e-10,6.0679955502,1596.1864422846
2,4,1e-10,5.7109180202,529.6909650946
2,4,9e-11,2.7638405123,21.3406410024
2,4,8e-11,6.23072779166,103.0927742186
2,4,1e-10,2.05522879011,117.3198682202
2,4,7e-11,3.08813888762,110.2063212194
2,4,7e-11,4.1477376535,551.031606097
2,4,6e-11,6.11652071967,654.1243803156
2,4,5e-11,1.24583749139,124.433415221
2,4,5e-11,0.40108066581,942.062061969
2,4,6e-11,5.14748397921,860.3099287528
2,4,5e-11,1.40699621378,88.865680217
2,4,4e-11,6.24919197648,632.7837393132
2,4,5e-11,1.37080964211,625.6701923124
2,4,4e-11,0.18776272435,330.6189636582
2,4,4e-11,1.88093591443,728.762966531
2,4,4e-11,0.1420477662,309.2783226558
2,4,3e-11,0.28739337099,191.9584544356
2,4,4e-11,1.69042467345,735.8765135318
2,4,3e-11,0.60316005015,447.9388318784
2,4,3e-11,0.87226207854,302.164775655
2,4,3e-11,2.70524481937,1581.959348283
2,4,2e-11,4.14482411178,1169.5882514086
2,4,3e-11,0.15041780827,323.5054166574
2,4,2e-11,2.35344419082,1155.361157407
2,4,2e-11,6.26658939437,429.7795846137
2,4,3e-11,4.51313719193,316.3918696566
2,5,1.68e-09,1.70751121627,206.1855484372
2,5,1.68e-09,6.23113008656,220.4126424388
2,5,1.26e-09,4.78360062168,522.5774180938
2,5,1.21e-09,2.73213408225,536.8045120954
2,5,6.5e-10,6.17991345652,227.5261894396
2,5,4.7e-10,4.76645839063,515.463871093
2,5,3.8e-10,5.19126826175,433.7117378768
2,5,3.2e-10,2.69880941648,543.9180590962
2,5,2.9e-10,3.51424873779,10213.285546211
2,5,2.7e-10,1.88223142168,199.0720014364
2,5,2.2e-10,5.05580482246,20426.571092422
2,5,1.8e-10,0.0,0.0
2,5,1.1e-10,1.18187733048,14.2270940016
2,5,1.1e-10,3.7642025128,1066.49547719
2,5,1e-10,5.22684912304,440.8252848776
2,5,7e-11,4.23388483049,647.0108333148
2,5,4e-11,4.91327178242,1052.2683831884
2,5,4e-11,2.02140363828,419.4846438752
2,5,3e-11,3.88823715659,639.897286314
2,5,3e-11,6.08770400766,234.6397364404
2,5,2e-11,5.07541839899,191.9584544356
2,5,2e-11,4.00021439308,426.598190876
2,5,2e-11,3.32317518434,1073.6090241908
2,5,2e-11,4.64180795349,1045.1548361876
2,5,1e-11,3.09946039705,88.865680217
2,5,1e-11,0.32868254087,7.1135470008
2,5,1e-11,3.90945727398,405.2575498736
2,5,1e-11,5.35212670493,213.299095438
2,5,1e-11,4.3359118416,654.1243803156
2,5,1e-11,2.98586613188,853.196381752
2,5,1e-11,5.47044078046,124.433415221
3,0,0.04282979819,0.26703856471,10213.285546211
3,0,0.00036740999,3.14159265359,0.0
3,0,0.00014501844,1.1469691139,20426.571092422
3,0,0.00011808377,0.46064367724,213.299095438
3,0,0.00011238047,0.41541669438,529.6909650946
3,0,4.802048e-05,4.5826472337,38.1330356378
3,0,1.130978e-05,5.75878690645,74.7815985673
3,0,3.30051e-06,5.97815122863,426.598190876
3,0,2.69953e-06,0.74639629873,1059.3819301892
3,0,1.40675e-06,0.85984113219,1577.3435424478
3,0,1.34921e-06,3.70465787853,2352.8661537718
3,0,9.575e-07,3.66962547073,9437.762934887
3,0,9.4247e-07,3.71017552866,206.1855484372
3,0,8.1859e-07,0.33908959552,220.4126424388
3,0,7.291e-07,1.5575027824,9153.9036160218
3,0,7.3654e-07,2.0277843478,30639.856638633
3,0,5.9714e-07,6.25390371649,18073.7049386502
3,0,4.5307e-07,2.28075620268,5507.5532386674
3,0,3.7415e-07,4.53900359933,22003.9146348698
3,0,4.0676e-07,0.45442087272,522.5774180938
3,0,3.2943e-07,0.72316171903,10239.5838660108
3,0,3.157e-07,3.44472935941,536.8045120954
3,0,2.8156e-07,2.93415727239,10186.9872264112
3,0,3.2447e-07,3.8619625233,8635.9420037632
3,0,2.4534e-07,5.66491831903,36.6485629295
3,0,2.7853e-07,6.12790511758,11790.6290886588
3,0,2.6057e-07,1.93178628731,149.5631971346
3,0,2.3291e-07,0.36646817056,39.6175083461
3,0,2.3013e-07,0.98699428893,775.522611324
3,0,1.973e-07,3.16782731236,76.2660712756
3,0,1.9425e-07,5.12759462747,6283.0758499914
3,0,2.0947e-07,1.50959578031,7.1135470008
3,0,1.6289e-07,2.90852685195,10988.808157535
3,0,1.4512e-07,1.58375269275,110.2063212194
3,0,1.3631e-07,5.23796257375,639.897286314
3,0,1.5382e-07,5.98588709813,19896.8801273274
3,0,1.5507e-07,2.00401259454,13367.9726311066
3,0,1.2412e-07,4.13644030917,10021.8372800994
3,0,1.3004e-07,4.8319549247,14143.4952424306
3,0,1.073e-07,5.61235409382,10404.7338123226
3,0,1.0504e-07,2.26694979515,316.3918696566
3,0,1.0498e-07,2.71149033603,419.4846438752
3,0,1.0336e-07,2.75167531541,191.4482661116
3,0,9.656e-08,1.05402126149,1589.0728952838
3,0,1.0848e-07,3.29419910254,11015.1064773348
3,0,9.775e-08,1.21418881204,8624.2126509272
3,0,1.0158e-07,5.71954183827,9683.5945811164
3,0,8.08e-08,2.69831049093,19651.048481098
3,0,8.04e-08,3.7701074117,73.297125859
3,0,8.209e-08,3.5537102189,10742.9765113056
3,0,6.416e-08,0.46264840234,9786.687355335
3,0,6.722e-08,2.41848486045,4705.7323075436
3,0,5.903e-08,5.96215831403,25934.1243310894
3,0,5.337e-08,2.42617024681,103.0927742186
3,0,5.647e-08,3.57594715836,3154.6870848956
3,0,4.61e-08,5.85854264972,433.7117378768
3,0,4.044e-08,6.24650537722,11322.6640983044
3,0,4.033e-08,3.42887820794,9103.9069941176
3,0,4.21e-08,4.99232132925,7084.8967811152
3,0,4.135e-08,3.43782832503,17298.1823273262
3,0,3.747e-08,1.30318722019,15720.8387848784
3,0,3.417e-08,3.95474989164,7860.4193924392
3,0,3.44e-08,0.7714027351,4551.9534970588
3,0,3.948e-08,0.33532528162,1.4844727083
3,0,3.488e-08,0.14633368219,20618.0193585336
3,0,2.851e-08,5.68591706153,10206.1719992102
3,0,2.75e-08,3.89497095361,10192.5101507186
3,0,2.734e-08,5.62996472233,12566.1516999828
3,0,2.682e-08,4.58018033496,801.8209311238
3,0,2.743e-08,6.06387494803,10234.0609417034
3,0,2.756e-08,5.43236957664,29580.4747084438
3,0,2.61e-08,5.41057398526,632.7837393132
3,0,2.155e-08,0.29731467355,9411.4646150872
3,0,2.403e-08,4.90533210845,19367.1891622328
3,0,2.454e-08,6.12024070891,1162.4747044078
3,0,2.375e-08,6.05534556046,1052.2683831884
3,0,2.103e-08,1.12514771936,29864.334027309
3,0,1.632e-08,4.67123397256,1109.3785520934
3,0,1.783e-08,3.1460820881,846.0828347512
3,0,1.594e-08,3.78244334906,1066.49547719
3,0,1.787e-08,2.52506338741,15874.6175953632
3,0,1.613e-08,1.47525165805,7058.5984613154
3,0,1.566e-08,1.99768150464,202.2533951741
3,0,1.598e-08,2.2175738925,10426.584641649
3,0,1.473e-08,0.17358194104,35.1640902212
3,0,1.332e-08,4.33184702387,949.1756089698
3,0,1.154e-08,1.98818396175,26.2983197998
3,0,1.137e-08,6.15183461939,2.9689454166
3,0,1.076e-08,0.86222140421,3340.6124266998
3,0,1.468e-08,0.75541488791,9999.986450773
3,0,1.028e-08,0.21025596115,227.5261894396
3,0,1.118e-08,0.96571599573,23581.2581773176
3,0,1.21e-08,3.17717646354,3532.0606928114
3,0,9.65e-09,0.01161931809,3128.3887650958
3,0,1.027e-08,2.515926918,33794.5437235286
3,0,8.82e-09,0.48413591726,209.3669421749
3,0,8.62e-09,5.26762490934,41.1019810544
3,0,8.47e-09,1.2488870695,9573.388259897
3,0,8.89e-09,1.48214942791,9830.3890139878
3,0,9.53e-09,5.73118460251,20213.271996984
3,0,9.87e-09,4.70495944427,14945.3161735544
3,0,1.03e-08,0.84929643011,8094.5216858326
3,0,7.7e-09,4.54196353475,21228.3920235458
3,0,8.64e-09,2.92013522974,148.0787244263
3,0,8.46e-09,3.60649450344,217.2312487011
3,0,7.78e-09,1.16378510983,8662.240323563
3,0,8.6e-09,5.74281955136,5661.3320491522
3,0,7.79e-09,3.77257775192,63.7358983034
3,0,8.31e-09,6.2001643149,323.5054166574
3,0,6.93e-09,4.54324890551,853.196381752
3,0,7.4e-09,1.97614280765,10596.1820784342
3,0,6.87e-09,2.88181717922,71.8126531507
3,0,6.06e-09,6.22070159607,25158.6017197654
3,0,5.33e-09,0.73765107493,28286.9904848612
3,0,5.47e-09,5.06653964506,29050.7837433492
3,0,5.91e-09,4.62374022159,9929.4262273458
3,0,5.37e-09,6.00327539255,4732.0306273434
3,0,5.59e-09,1.77674120898,742.9900605326
3,0,5.69e-09,5.37276655331,10497.1448650762
3,0,5.2e-09,6.11596800207,10218.8084705184
3,0,5.42e-09,3.94171539558,37724.7534197482
3,0,4.59e-09,3.95268976842,77.7505439839
3,0,5.75e-09,2.29073875885,21535.9496445154
3,0,5.75e-09,3.85836565065,199.0720014364
3,0,4.37e-09,2.4233039112,10251.3132188468
3,0,4.21e-09,5.42036909165,11.0457002639
3,0,4.39e-09,2.90237828484,40853.142184844
3,0,4.21e-09,3.41138490065,224.3447957019
3,0,4.59e-09,1.69153061401,3930.2096962196
3,0,4.05e-09,1.42927875873,9161.0171630226
3,0,4.18e-09,5.48110803243,32217.2001810808
3,0,4.08e-09,1.3222665553,2118.7638603784
3,0,5.21e-09,3.84286345199,10207.7626219036
3,0,5.34e-09,0.54255389653,515.463871093
3,0,4.57e-09,6.16974742379,10220.3990932118
3,0,3.85e-09,0.88914902748,151.0476698429
3,0,4.29e-09,1.40544578224,14.2270940016
3,0,4.4e-09,1.25236241968,10175.2578735752
3,0,3.94e-09,4.81650684498,9146.790069021
3,0,3.62e-09,0.02259543121,14765.2390432698
3,0,3.96e-09,4.56209231282,10063.7223490764
3,0,4.07e-09,6.15731262846,18875.525869774
3,0,3.49e-09,5.78507522549,12592.4500197826
3,0,3.79e-09,4.56511543982,20419.45754542119
3,0,3.19e-09,1.05944718196,117.3198682202
3,0,3.14e-09,5.0825905042,18837.49819713819
3,0,3.43e-09,2.36516734231,27511.4678735372
3,0,3.12e-09,6.24838646568,216.4804891757
3,0,2.89e-09,3.59841384736,11272.6674764002
3,0,2.9e-09,5.11770361174,647.0108333148
3,0,3.01e-09,4.24971815099,14919.0178537546
3,0,3.22e-09,1.36846420067,29088.811415985
3,0,2.92e-09,0.7499751157,3149.1641605882
3,0,3.14e-09,4.10256974515,210.1177017003
3,0,2.96e-09,1.59458223926,309.2783226558
3,0,3.06e-09,0.47092243462,23958.6317852334
3,0,2.54e-09,4.3402657449,10137.0194749354
3,0,2.98e-09,5.25958947836,415.5524906121
3,0,3.04e-09,5.33181632059,41654.9631159678
3,0,2.76e-09,3.54425558449,525.7588118315
3,0,2.64e-09,0.01153452145,20452.8694122218
3,0,3.34e-09,5.28920083729,382.8965322232
3,0,3.17e-09,3.85456671343,85.8272988312
3,0,2.36e-09,1.03442196051,22779.4372461938
3,0,2.77e-09,0.31958662741,138.5174968707
3,0,2.5e-09,5.05395469123,24356.7807886416
3,0,2.41e-09,3.32660302434,543.9180590962
3,0,2.24e-09,3.6565813024,6681.2248533996
3,0,2.78e-09,0.10022232617,16496.3613962024
3,0,2.32e-09,0.48064662619,17085.9586657222
3,0,2.05e-09,6.19639409918,7064.1213856228
3,0,1.98e-09,2.49240240273,95.9792272178
3,0,1.97e-09,3.7138037724,1551.045222648
3,0,2e-09,4.0651677951,18849.2275499742
3,0,1.86e-09,4.39437140248,277.0349937414
3,0,1.88e-09,0.20392851067,1692.1656695024
3,0,1.75e-09,5.39840733123,1478.8665740644
3,0,2.42e-09,0.43270824867,533.6231183577
3,0,1.79e-09,5.79528713551,956.2891559706
3,0,1.7e-09,5.96522395118,10198.033075026
3,0,1.7e-09,3.52866583267,10228.538017396
3,0,1.61e-09,3.79231132145,490.3340891794
3,0,1.8e-09,0.48168923159,45585.1728121874
3,0,1.51e-09,5.2573471842,26087.9031415742
3,0,1.46e-09,0.92939894424,114.3991069134
3,0,1.44e-09,2.81280885697,17277.4069318338
3,0,1.77e-09,3.58248029244,20400.2727726222
3,0,1.7e-09,6.26857937202,1581.959348283
3,0,1.7e-09,3.72282190488,31441.6775697568
3,0,1.57e-09,0.79065950021,1265.5674786264
3,0,1.66e-09,0.0356976875,13745.3462390224
3,0,1.54e-09,0.00941929392,735.8765135318
3,0,1.27e-09,5.14389302386,5481.2549188676
3,0,1.29e-09,5.30043284887,351.8165923087
3,0,1.38e-09,1.19253977825,22805.7355659936
3,0,1.17e-09,4.81725910872,625.6701923124
3,0,1.26e-09,4.21594185374,20956.2620575166
3,0,1.18e-09,1.71706550416,13341.6743113068
3,0,1.31e-09,0.92317994329,3442.5749449654
3,0,1.13e-09,3.04973288935,532.8723588323
3,0,1.16e-09,0.92093201468,526.5095713569
3,0,1.37e-09,2.89407950366,33019.0211122046
3,0,1.29e-09,1.1107906312,33.6796175129
3,0,1.07e-09,3.52070197299,1375.7737998458
3,0,1.04e-09,2.47347358674,26709.6469424134
3,0,1.26e-09,2.84049662693,9967.4538999816
3,0,1.07e-09,4.19045394315,19999.97290154599
3,0,1.1e-09,0.73944778374,30110.1656735384
3,0,1.38e-09,4.01403107693,21202.093703746
3,0,1.22e-09,0.37000676558,10459.1171924404
3,0,9.5e-10,5.25435135477,30213.258447757
3,0,9.9e-10,5.61149803116,10529.6774158676
3,0,9.5e-10,4.92440852569,4.4534181249
3,0,1.06e-09,2.42064996718,20809.4676246452
3,0,1.06e-09,2.29924580245,111.4301614968
3,0,1.03e-09,3.99294762314,70.3281804424
3,0,9.5e-10,3.11317801589,9896.8936765544
3,0,8.5e-10,5.8824806255,3723.508958923
3,0,8.5e-10,4.12867184796,1596.1864422846
3,0,9.9e-10,1.93329637732,49515.382508407
3,0,8.6e-10,0.8575522396,2379.1644735716
3,0,1.1e-09,1.44699918003,43232.3066584156
3,0,8.8e-10,1.59017183044,10110.1927719924
3,0,8.5e-10,6.03717451925,127.4717966068
3,0,8.6e-10,0.87055324194,16522.6597160022
3,0,8.9e-10,2.33714216061,10316.3783204296
3,0,9.8e-10,4.66807552803,20235.1228263104
3,0,1.04e-09,5.02724740402,35371.8872659764
3,0,9.3e-10,4.2135614446,36301.18868778519
3,0,8.9e-10,0.88060757437,6489.776587288
3,0,8.1e-10,5.75718254218,78.7137518304
3,0,8.3e-10,2.07543775594,31749.2351907264
3,0,9.6e-10,2.90682399304,9793.8009023358
3,0,7.6e-10,4.3786802151,146.594251718
3,0,7.8e-10,2.65839634325,10232.95530711079
3,0,7.8e-10,0.55230439694,10193.61578531121
3,0,7.3e-10,5.74180456867,440.8252848776
3,0,9.2e-10,5.63110477712,10288.0671447783
3,0,9.2e-10,3.86278127025,10138.5039476437
3,0,9e-10,4.34324193073,36949.2308084242
3,0,7.3e-10,2.56775245907,13936.794505134
3,0,7.1e-10,0.64943236639,20.7753954924
3,0,9.4e-10,2.55599744292,70.8494453042
3,0,9e-10,0.07319663423,6872.6731195112
3,0,6.9e-10,1.52914774412,9690.7081281172
3,0,8.6e-10,1.02476175384,65236.2212932854
3,0,7.9e-10,1.65446145032,39264.0692895602
3,0,7.1e-10,0.70714638996,36147.4098773004
3,0,7.1e-10,2.52879760001,26735.9452622132
3,0,7.4e-10,6.17414394369,137.0330241624
3,0,6.5e-10,4.13140277621,210.8514148832
3,0,6.1e-10,5.47943297658,11764.330768859
3,0,8e-10,2.87220602049,47162.5163546352
3,0,6.5e-10,2.53312656681,10735.8629643048
3,0,6.8e-10,2.28501865578,8521.1198767086
3,0,6.4e-10,6.2165761175,215.7467759928
3,0,6.5e-10,2.12423586627,28313.288804661
3,0,6.2e-10,2.28587915309,3903.9113764198
3,0,6.9e-10,0.42270579845,9580.5018068978
3,0,6.3e-10,3.35690006984,53445.5922046266
3,0,5.3e-10,2.14583523296,8631.326197928
3,0,6.6e-10,4.12244312057,28521.0927782546
3,0,5.8e-10,5.25045057985,10419.4710946482
3,0,5.8e-10,4.23724598221,10007.0999977738
3,0,5.3e-10,3.02375632858,19317.1925403286
3,0,6.6e-10,4.90503958113,222.8603229936
3,0,6.2e-10,2.4623906921,10846.0692855242
3,0,6.1e-10,3.77333230443,51868.2486621788
3,0,5e-10,0.8109362549,3.9321532631
3,0,5.5e-10,2.9664231455,1169.5882514086
3,0,4.6e-10,0.75603425226,214.2623032845
3,0,4.7e-10,5.59856718264,422.6660376129
3,0,4.3e-10,0.99886063885,437.6438911399
3,0,4.2e-10,4.06841238442,42.5864537627
3,0,4.7e-10,3.95753360395,109.9456887885
3,0,5.5e-10,5.81384971899,1045.1548361876
3,0,3.9e-10,4.38780950886,942.062061969
3,0,4.7e-10,3.30738241951,212.3358875915
3,0,3.9e-10,3.63042667673,213.3472795478
3,0,3.8e-10,0.54320017724,299.1263942692
3,0,3.9e-10,5.79384191199,380.12776796
3,0,3.9e-10,0.43264760342,213.2509113282
3,0,3e-10,2.75112354254,838.9692877504
3,0,3e-10,3.04343823849,200.7689224658
3,0,4e-10,6.23354889167,1155.361157407
3,0,3.2e-10,4.71988612983,628.8515860501
3,0,3.1e-10,0.58732919927,9.5612275556
3,0,2.8e-10,5.43761306842,388.4651552382
3,1,0.00208095894,1.88967278742,10213.285546211
3,1,1.264986e-05,3.71037501321,20426.571092422
3,1,1.497542e-05,0.0,0.0
3,1,5.44259e-06,1.80363829989,213.299095438
3,1,3.8948e-06,4.67283251553,529.6909650946
3,1,3.7294e-07,5.40133589632,206.1855484372
3,1,2.8944e-07,4.9324571056,220.4126424388
3,1,2.8635e-07,3.15447649004,74.7815985673
3,1,2.4982e-07,3.65569053585,426.598190876
3,1,1.9184e-07,5.75026102661,1059.3819301892
3,1,1.371e-07,1.7124376167,536.8045120954
3,1,1.2132e-07,2.31169793598,522.5774180938
3,1,1.1139e-07,4.85437878205,30639.856638633
3,1,9.557e-08,2.27891093355,9437.762934887
3,1,7.822e-08,5.54315419538,1577.3435424478
3,1,8.01e-08,5.28413417446,38.1330356378
3,1,4.978e-08,4.29826949554,419.4846438752
3,1,5.39e-08,5.37203588853,2352.8661537718
3,1,5.76e-08,0.27988422334,9153.9036160218
3,1,4.254e-08,6.12140673022,7.1135470008
3,1,4.681e-08,5.23427572089,10186.9872264112
3,1,3.589e-08,1.59383779306,11790.6290886588
3,1,3.297e-08,0.73050419137,5507.5532386674
3,1,3.681e-08,4.17406921354,10239.5838660108
3,1,2.586e-08,3.01944725018,639.897286314
3,1,2.395e-08,1.34531028758,10404.7338123226
3,1,2.557e-08,1.61905357827,18073.7049386502
3,1,2.131e-08,4.06053382034,433.7117378768
3,1,1.893e-08,5.04556374323,10988.808157535
3,1,1.957e-08,6.14586118921,22003.9146348698
3,1,1.749e-08,1.72876483551,8635.9420037632
3,1,1.56e-08,3.28261094599,316.3918696566
3,1,1.361e-08,0.40192228967,13367.9726311066
3,1,1.159e-08,2.31994412916,10021.8372800994
3,1,1.06e-08,4.40549998074,19651.048481098
3,1,1.173e-08,0.00063234885,1589.0728952838
3,1,1.026e-08,5.0544960385,775.522611324
3,1,1.029e-08,5.86675536556,149.5631971346
3,1,7.75e-09,4.79688880139,227.5261894396
3,1,8.94e-09,6.18769608247,7860.4193924392
3,1,7.39e-09,2.1260045766,1066.49547719
3,1,6.86e-09,1.37692807485,19896.8801273274
3,1,6.45e-09,1.62570263847,1052.2683831884
3,1,5.59e-09,0.63256033185,8624.2126509272
3,1,5.42e-09,1.44488755125,110.2063212194
3,1,5.31e-09,1.77610826151,11322.6640983044
3,1,5.33e-09,2.3457917694,76.2660712756
3,1,4.15e-09,3.00153763564,15720.8387848784
3,1,4.03e-09,1.25691345472,36.6485629295
3,1,3.9e-09,5.10646391319,9786.687355335
3,1,4.4e-09,1.71617898465,20618.0193585336
3,1,4.26e-09,2.83056359378,14143.4952424306
3,1,3.82e-09,0.29076532255,4705.7323075436
3,1,3.52e-09,4.79823464785,39.6175083461
3,1,4.46e-09,5.55248874462,199.0720014364
3,1,3.72e-09,1.8054199335,17298.1823273262
3,1,3.69e-09,1.2593166364,25934.1243310894
3,1,3.68e-09,5.32358181908,103.0927742186
3,1,3.02e-09,5.15335876647,632.7837393132
3,1,3.43e-09,2.32388226037,515.463871093
3,1,2.78e-09,4.22437893192,191.4482661116
3,1,2.96e-09,0.68834496754,19367.1891622328
3,1,3.25e-09,0.20788633679,11015.1064773348
3,1,3.16e-09,2.29565820718,10742.9765113056
3,1,2.58e-09,5.99544147559,14.2270940016
3,1,2.31e-09,6.23978632212,9830.3890139878
3,1,3.05e-09,3.73514346008,10596.1820784342
3,1,2.66e-09,0.4946802772,73.297125859
3,1,2.3e-09,4.9292449163,3930.2096962196
3,1,2.33e-09,2.14466305631,801.8209311238
3,1,2.51e-09,5.58497774438,217.2312487011
3,1,2.1e-09,5.87638250776,210.1177017003
3,1,2.07e-09,1.90716961392,9103.9069941176
3,1,2e-09,1.60953815793,543.9180590962
3,1,2.05e-09,2.38357660053,853.196381752
3,1,2.53e-09,2.27887468784,9999.986450773
3,1,1.93e-09,2.68584410734,23581.2581773176
3,1,1.86e-09,4.63128120913,209.3669421749
3,1,1.98e-09,2.61036398872,9411.4646150872
3,1,1.66e-09,3.25384215179,647.0108333148
3,1,1.92e-09,1.96688749719,6283.0758499914
3,1,1.88e-09,4.4560144698,216.4804891757
3,1,1.73e-09,3.75026764989,7058.5984613154
3,1,1.99e-09,4.79364893479,10206.1719992102
3,1,1.53e-09,5.90450931307,3154.6870848956
3,1,1.47e-09,4.91154015633,202.2533951741
3,1,1.8e-09,3.65160439089,21228.3920235458
3,1,1.48e-09,6.00943832296,949.1756089698
3,1,1.43e-09,3.70203142149,323.5054166574
3,1,1.61e-09,3.21958303712,12566.1516999828
3,1,1.4e-09,0.83132381305,735.8765135318
3,1,1.38e-09,6.13843515618,9161.0171630226
3,1,1.47e-09,4.40417469081,10220.3990932118
3,1,1.48e-09,1.39050905939,10234.0609417034
3,1,1.27e-09,6.11794706117,10426.584641649
3,1,1.39e-09,2.69109384056,29864.334027309
3,1,1.2e-09,5.56979067201,10192.5101507186
3,1,1.22e-09,5.67146512225,117.3198682202
3,1,1.32e-09,0.65236823857,29580.4747084438
3,1,1.48e-09,5.78273623919,26.2983197998
3,1,1.1e-09,1.54178765941,9683.5945811164
3,1,1.47e-09,4.38575949385,15874.6175953632
3,1,1e-09,2.78745027781,1.4844727083
3,1,9.9e-10,1.18053788195,7084.8967811152
3,1,9.7e-10,5.83350659322,40853.142184844
3,1,1.03e-09,2.3797661557,3128.3887650958
3,1,1.07e-09,2.90868508133,3340.6124266998
3,1,9.7e-10,4.64659904732,25158.6017197654
3,1,8.4e-10,4.30248448955,1162.4747044078
3,1,9.2e-10,0.17084455774,9146.790069021
3,1,7.7e-10,4.22942639128,95.9792272178
3,1,7.9e-10,0.36636125409,11.0457002639
3,1,7.7e-10,1.6020610226,10207.7626219036
3,1,7.7e-10,1.60857575234,10218.8084705184
3,1,7.5e-10,1.47982807612,525.7588118315
3,1,7.8e-10,5.16888914284,8662.240323563
3,1,8.6e-10,5.48266928025,37724.7534197482
3,1,7.6e-10,1.24245643745,532.8723588323
3,1,9.6e-10,0.86129378681,63.7358983034
3,1,7.1e-10,2.75365102566,526.5095713569
3,1,7.2e-10,2.49760315888,4551.9534970588
3,1,7.9e-10,6.07206626858,20419.45754542119
3,1,7.1e-10,0.43437193243,2118.7638603784
3,1,7e-10,5.55011021099,5661.3320491522
3,1,6.3e-10,3.9886854671,440.8252848776
3,1,7.4e-10,0.74329919338,382.8965322232
3,1,7.5e-10,4.01698827629,33794.5437235286
3,1,6.1e-10,2.62473045895,533.6231183577
3,1,7.4e-10,6.21974610833,18837.49819713819
3,1,6.2e-10,1.21365119312,10198.033075026
3,1,6.2e-10,1.99704954707,10228.538017396
3,1,5.4e-10,1.42941204449,85.8272988312
3,1,5.6e-10,0.16985541402,14919.0178537546
3,1,5.7e-10,3.98493436395,309.2783226558
3,1,5.1e-10,0.39392917326,742.9900605326
3,1,4.9e-10,4.84482792493,956.2891559706
3,1,5.7e-10,0.62155717729,41654.9631159678
3,1,4.9e-10,3.44789037675,28286.9904848612
3,1,4.8e-10,2.58976541849,22779.4372461938
3,1,4.3e-10,2.55616001516,1596.1864422846
3,1,4.3e-10,5.29403475475,3149.1641605882
3,1,4.4e-10,3.3491742954,11272.6674764002
3,1,5.3e-10,1.80084365566,45585.1728121874
3,1,3.7e-10,4.19631930368,27511.4678735372
3,1,4.9e-10,1.74739410911,3532.0606928114
3,1,3.6e-10,0.04372461247,20400.2727726222
3,1,3.6e-10,0.55224025396,625.6701923124
3,1,3.3e-10,2.6315268825,16496.3613962024
3,1,3.5e-10,3.59004163922,21535.9496445154
3,1,4.4e-10,0.78654424919,20213.271996984
3,1,3.3e-10,6.02490547159,21202.093703746
3,1,3.8e-10,6.19285352338,29088.811415985
3,1,3.9e-10,2.77790342477,35.1640902212
3,1,3e-10,4.35442775962,412.3710968744
3,1,3.1e-10,1.57491569709,32217.2001810808
3,1,3.8e-10,5.38040433295,224.3447957019
3,1,2.9e-10,3.64911521641,20452.8694122218
3,1,3.5e-10,1.26816443678,1045.1548361876
3,1,3.1e-10,0.64597904023,70.8494453042
3,1,2.7e-10,1.46263510852,8094.5216858326
3,1,3.4e-10,4.19685270992,13341.6743113068
3,1,2.8e-10,0.28339069792,29050.7837433492
3,1,3.1e-10,1.20392434392,12592.4500197826
3,1,3.1e-10,1.27304383227,33019.0211122046
3,1,3.6e-10,3.22618486892,49515.382508407
3,1,2.8e-10,3.70748385631,4732.0306273434
3,1,3.6e-10,1.74852565178,1581.959348283
3,1,2.6e-10,3.58372397053,41.1019810544
3,1,3e-10,3.31574729193,138.5174968707
3,1,2.4e-10,1.14783906654,71.8126531507
3,1,2.2e-10,1.56359401952,78.7137518304
3,1,2.2e-10,1.22800274368,1169.5882514086
3,1,2.4e-10,0.09566124749,277.0349937414
3,1,1.9e-10,1.46315634551,215.7467759928
3,1,1.8e-10,6.15872883408,942.062061969
3,1,2.1e-10,4.93349279148,151.0476698429
3,1,1.8e-10,0.76975485466,26087.9031415742
3,1,1.7e-10,0.45299038457,148.0787244263
3,1,1.7e-10,1.01231551874,415.5524906121
3,1,1.7e-10,2.42309662009,1265.5674786264
3,1,1.6e-10,4.65513429214,234.6397364404
3,1,1.9e-10,3.54990981323,422.6660376129
3,1,1.5e-10,4.05286495428,330.6189636582
3,1,1.7e-10,1.4729144686,77.7505439839
3,1,1.5e-10,4.99910482431,423.4167971383
3,1,1.4e-10,2.62615297219,210.8514148832
3,2,9.148022e-05,3.34791005272,10213.285546211
3,2,1.62299e-06,0.0,0.0
3,2,3.7478e-07,3.23028568613,213.299095438
3,2,2.7386e-07,6.15738229214,529.6909650946
3,2,1.3554e-07,5.33914310904,20426.571092422
3,2,8.616e-08,0.7720923931,206.1855484372
3,2,5.511e-08,3.23377546695,220.4126424388
3,2,2.969e-08,6.27419756063,536.8045120954
3,2,2.272e-08,4.09618627765,522.5774180938
3,2,1.982e-08,2.34242027589,426.598190876
3,2,1.25e-08,5.19399610895,1059.3819301892
3,2,7.43e-09,6.08844686068,419.4846438752
3,2,6.83e-09,0.01279354578,10186.9872264112
3,2,6.41e-09,4.8931748395,74.7815985673
3,2,5.27e-09,2.28325191846,433.7117378768
3,2,5.19e-09,4.43200328483,7.1135470008
3,2,5.4e-09,4.13666778984,10239.5838660108
3,2,4.71e-09,1.7679679211,30639.856638633
3,2,3e-09,3.09602587558,227.5261894396
3,2,3.04e-09,6.04133491762,10988.808157535
3,2,2.75e-09,3.26254603491,11790.6290886588
3,2,3.03e-09,0.54544143559,2352.8661537718
3,2,2.41e-09,6.17158812425,9437.762934887
3,2,2.82e-09,4.03266493057,1577.3435424478
3,2,2.38e-09,2.83008439932,10404.7338123226
3,2,2.94e-09,1.18226869992,639.897286314
3,2,2.59e-09,5.13154893421,9153.9036160218
3,2,1.73e-09,0.49687224658,1066.49547719
3,2,1.84e-09,0.95286916137,199.0720014364
3,2,1.49e-09,4.90906266305,316.3918696566
3,2,1.19e-09,4.09508225076,515.463871093
3,2,1.06e-09,3.65846401642,1052.2683831884
3,2,1.11e-09,5.37256662943,1589.0728952838
3,2,1.17e-09,5.42784121915,5507.5532386674
3,2,9.1e-10,6.04946077734,19651.048481098
3,2,8.5e-10,6.16812793384,543.9180590962
3,2,9.4e-10,3.15707903458,18073.7049386502
3,2,7.9e-10,4.29766380692,14.2270940016
3,2,7.1e-10,0.79640279433,10021.8372800994
3,2,8.7e-10,5.24030699307,13367.9726311066
3,2,6.8e-10,1.33776656115,210.1177017003
3,2,7.5e-10,0.23631944253,8635.9420037632
3,2,6.5e-10,5.05560764351,38.1330356378
3,2,5.8e-10,1.55728577024,103.0927742186
3,2,6.9e-10,1.12472727399,22003.9146348698
3,2,5e-10,4.62591678818,15720.8387848784
3,2,4.8e-10,2.40223184288,6283.0758499914
3,2,6.2e-10,2.52935211512,9683.5945811164
3,2,5e-10,1.42158496561,647.0108333148
3,2,4.2e-10,1.14028846687,217.2312487011
3,2,3.9e-10,3.30445248741,11322.6640983044
3,2,5.3e-10,5.25641571023,10596.1820784342
3,2,4.8e-10,3.80682230141,775.522611324
3,2,5.3e-10,2.6757041376,216.4804891757
3,2,4.1e-10,4.1928534128,14143.4952424306
3,2,3.8e-10,4.71787306716,7058.5984613154
3,2,3.1e-10,4.21025720942,110.2063212194
3,2,2.9e-10,4.7318389553,9830.3890139878
3,2,2.9e-10,6.18539185721,632.7837393132
3,2,3.8e-10,1.87932224242,801.8209311238
3,2,2.8e-10,2.23145809257,440.8252848776
3,2,3.3e-10,0.42157783312,853.196381752
3,2,3.4e-10,2.62408666722,19896.8801273274
3,2,2.5e-10,3.95236444346,117.3198682202
3,2,2.5e-10,2.784604304,209.3669421749
3,2,2.5e-10,2.85904964714,9411.4646150872
3,2,2.2e-10,2.31119555973,18849.2275499742
3,2,2.1e-10,5.74317740279,532.8723588323
3,2,1.8e-10,1.8706086822,323.5054166574
3,2,1.7e-10,4.5861573718,526.5095713569
3,2,1.8e-10,4.95998579326,4705.7323075436
3,2,1.7e-10,6.02623550832,95.9792272178
3,2,1.9e-10,3.25100262086,20618.0193585336
3,2,1.6e-10,0.53259218563,10206.1719992102
3,2,1.6e-10,5.81970120815,10220.3990932118
3,2,1.7e-10,5.41171132064,26.2983197998
3,2,1.6e-10,6.02211293999,412.3710968744
3,2,1.5e-10,4.61555386478,9999.986450773
3,2,1.5e-10,4.8806405423,10426.584641649
3,2,2.1e-10,0.3182780797,11015.1064773348
3,2,1.5e-10,0.007673945,202.2533951741
3,2,1.5e-10,6.18636933791,191.4482661116
3,2,1.6e-10,3.94104051711,10742.9765113056
3,2,1.7e-10,2.69405014279,3128.3887650958
3,2,1.2e-10,2.50603952514,149.5631971346
3,2,1.3e-10,5.75707842894,525.7588118315
3,2,1.1e-10,2.77607629936,73.297125859
3,2,1.1e-10,0.99969948118,1596.1864422846
3,2,1.2e-10,3.07376705363,1045.1548361876
3,2,1.1e-10,0.0187943847,309.2783226558
3,2,1e-10,4.70919553736,533.6231183577
3,2,9e-11,2.95298668799,234.6397364404
3,2,8e-11,5.32804606956,1162.4747044078
3,2,1e-10,2.94983110269,735.8765135318
3,2,9e-11,5.72498770637,2118.7638603784
3,2,8e-11,2.26838540542,625.6701923124
3,2,9e-11,2.32555299082,949.1756089698
3,2,7e-11,4.26888098753,36.6485629295
3,2,7e-11,3.4660115148,956.2891559706
3,2,7e-11,1.63081873969,39.6175083461
3,3,2.72005e-06,4.8764811614,10213.285546211
3,3,1.4894e-07,3.14159265359,0.0
3,3,1.743e-08,0.42985032723,20426.571092422
3,3,1.302e-08,4.8480613686,213.299095438
3,3,1.364e-08,2.43564490971,206.1855484372
3,3,9.2e-09,1.65069146673,529.6909650946
3,3,7.16e-09,1.50799790954,220.4126424388
3,3,4.23e-09,4.54129218357,536.8045120954
3,3,2.82e-09,5.95440671732,522.5774180938
3,3,9e-10,0.51819099535,433.7117378768
3,3,9.4e-10,1.55249614896,419.4846438752
3,3,7.9e-10,1.38892285542,227.5261894396
3,3,9.4e-10,0.17438010106,426.598190876
3,3,4.8e-10,3.11903200545,1059.3819301892
3,3,5e-10,2.64433369691,199.0720014364
3,3,4.2e-10,2.65785543548,7.1135470008
3,3,3.3e-10,1.54914240166,10186.9872264112
3,3,2.8e-10,5.8939451804,515.463871093
3,3,2.7e-10,5.17159300173,1066.49547719
3,3,2.4e-10,4.43334493389,543.9180590962
3,3,2.6e-10,5.61220088462,639.897286314
3,3,1.8e-10,0.02154769101,74.7815985673
3,3,2.5e-10,5.78743368814,10239.5838660108
3,3,1.7e-10,2.57902262762,14.2270940016
3,3,1.3e-10,3.07320748125,210.1177017003
3,3,1.5e-10,0.26812223508,30639.856638633
3,3,1.2e-10,5.68952008926,1052.2683831884
3,3,1.1e-10,0.06567554803,316.3918696566
3,3,1.1e-10,5.88691938543,647.0108333148
3,3,1e-10,5.48827753353,9437.762934887
3,3,8e-11,4.60069153442,11790.6290886588
3,3,9e-11,0.49541679064,440.8252848776
3,3,1e-10,1.90027732701,2352.8661537718
3,3,7e-11,4.01090297903,1589.0728952838
3,3,9e-11,0.86239699726,10988.808157535
3,3,8e-11,0.88032790118,216.4804891757
3,3,6e-11,6.21088176821,38.1330356378
3,3,7e-11,3.28974856542,103.0927742186
3,3,4e-11,4.75446574078,853.196381752
3,3,4e-11,1.59186789207,632.7837393132
3,3,4e-11,1.52800084237,412.3710968744
3,3,3e-11,2.72859893423,217.2312487011
3,4,6.175e-08,0.17121460361,10213.285546211
3,4,1.64e-09,4.10546661445,206.1855484372
3,4,1.15e-09,3.14159265359,0.0
3,4,7.2e-10,6.04348211714,220.4126424388
3,4,7e-10,6.10651561968,213.299095438
3,4,4.4e-10,2.79536133222,536.8045120954
3,4,4.1e-10,2.50364136928,20426.571092422
3,4,2.6e-10,1.66128176108,522.5774180938
3,4,1.6e-10,5.95724279756,227.5261894396
3,4,1.1e-10,4.33140895473,199.0720014364
3,4,1.2e-10,5.02489197754,433.7117378768
3,4,8e-11,3.36029048603,419.4846438752
3,4,6e-11,1.39462759175,515.463871093
3,4,5e-11,2.67511593664,543.9180590962
3,4,4e-11,4.65054077397,529.6909650946
3,4,5e-11,4.82245392155,426.598190876
3,4,3e-11,0.96348403857,7.1135470008
3,4,3e-11,0.80949781331,14.2270940016
3,4,3e-11,3.63118822382,1066.49547719
3,4,2e-11,3.7645289249,639.897286314
3,5,1.08e-09,1.67439739641,10213.285546211
3,5,2.8e-10,0.0,0.0
3,5,1.5e-10,5.7556312675,206.1855484372
3,5,5e-11,4.29978807671,220.4126424388
3,5,3e-11,0.96254361103,536.8045120954
3,5,3e-11,3.66751123903,20426.571092422
3,5,2e-11,3.9677392908,522.5774180938
3,5,2e-11,4.22112932205,227.5261894396
3,5,2e-11,6.02426931559,199.0720014364
3,5,1e-11,3.19657723128,515.463871093
3,5,1e-11,3.2585046304,433.7117378768
